Feature,Total_Effect (ST),First_Order (S1)
QAgNO3(%),0.5116091150874573,0.3956222618073855
Qpva(%),0.03551563959816019,0.0006638925367865037
Qtsc(%),0.2647404844907894,0.1469025858568505
Qseed(%),0.3174053655490876,0.20463805873679233
Qtot(uL/min),0.15673005073171997,0.04853185787913283
