Feature,Mean_Abs_SHAP
QAgNO3(%),0.11109205673708923
Qpva(%),0.012462010907873659
Qtsc(%),0.06655461413018086
Qseed(%),0.10746361672186451
Qtot(uL/min),0.02780139100841003
