Feature,Total_Effect (ST),First_Order (S1)
QAgNO3(%),0.4986112672237777,0.3696835867113969
Qpva(%),0.03480962540898716,0.0063042092067011266
Qtsc(%),0.2504851935376844,0.15258089646941733
Qseed(%),0.3193336907936662,0.19807305778052617
Qtot(uL/min),0.15655754686831425,0.06702068648507312
