S1_QAgNO3(%),S1_Qpva(%),S1_Qtsc(%),S1_Qseed(%),S1_Qtot(uL/min),ST_QAgNO3(%),ST_Qpva(%),ST_Qtsc(%),ST_Qseed(%),ST_Qtot(uL/min)
0.31079409276171327,0.037810790234589796,0.4756908820592031,0.350877849234393,0.3688877937494775,0.5461677157379755,0.9388990397418518,0.46935716992884746,0.6028732533121106,0.5604936722042533
0.4712908833444448,0.061418084362033054,0.4281413619694582,0.4568882827399384,0.34728453433178275,0.6169419051228457,0.9540713261056166,0.5415870290903637,0.6769436329866895,0.6536888728640191
0.46882737035807964,0.03681464439758482,0.43619340894026853,0.45018754706454545,0.3563068073260327,0.6170935515591147,0.968287127380485,0.5003628756053201,0.6572938758646372,0.6748202605548412
0.4544999048476038,-0.011259537331008183,0.4422742777229935,0.30018908152782164,0.28515935009888027,0.5967547334144414,0.9992574165385372,0.5914247985501211,0.5858726940021226,0.7009750144337046
0.3523461900283373,0.07921554096024819,0.4554707085763198,0.3563674178245377,0.38663569025966904,0.5288843359291562,0.9189157743789598,0.5156298973988307,0.5897659754656515,0.6535054546702841
0.38502492523962606,0.04537364671994533,0.4854700288299918,0.43170244834139193,0.3582014131674286,0.6294969404066852,0.9309597503527312,0.5376700881645289,0.6525186955569136,0.6196975266945478
0.45857086726616386,0.07546117867244133,0.5140638838937205,0.39458428125576384,0.36665992386771495,0.6260834070927621,0.9274591273741564,0.5420921833175477,0.6292179601364714,0.5803514400111855
0.502382638761001,0.036321083500160396,0.4847834457965256,0.320781501310332,0.35271087550522545,0.6438902567518253,0.9669928254172387,0.5547332328739285,0.6034223349103559,0.6576579224875941
0.37581689852328015,0.08787238248002172,0.42889502102623306,0.45522002030110215,0.4288643890359426,0.5824618315305454,0.8933587329082554,0.47239174138216455,0.6592020790670952,0.6073640376758029
0.5339077908752227,0.03422911841666734,0.5039951706237439,0.3675256807431138,0.41466606871162565,0.6713462816223837,0.9568726590330934,0.5343609483144481,0.6067763678367519,0.6735709889164629
0.41413480372262007,0.03856946422611265,0.5039583514790188,0.4532994516574058,0.34766554205312056,0.6181599362521348,0.9543425487661091,0.5980962006687666,0.698117581195074,0.6852259895021555
0.34344929266725777,0.008267479703763916,0.4544591956301101,0.43511659461556423,0.40213967543098306,0.5773366811997329,0.9745823957872375,0.4927264056764471,0.6644247202465425,0.6515256537807037
0.4158123937333455,0.024065196264481326,0.4315375538944401,0.3026438203910383,0.3076352729639734,0.5926524843800753,0.989457604927493,0.5152004051619512,0.5565276001642212,0.6534785613503487
0.4247841056003789,0.0740108844275005,0.47467023551680176,0.3331807250080348,0.3915801560859607,0.6712407369202943,0.9369279946889144,0.5203184864878627,0.5590967607036168,0.6402318066089046
0.4476134341952083,0.04622802190539628,0.457555237981196,0.4679448212652749,0.36072151487966553,0.5746621054555814,0.967998088101949,0.5091610866267305,0.683612454087271,0.6461662744840715
0.4280889333877092,0.02596297979949964,0.5071665176392498,0.43056963414954447,0.2915053021629794,0.6230876477787699,0.9671732688072605,0.5771777748350846,0.6562399628920914,0.670317237646985
0.3971254388158368,0.017843125212167972,0.3958232923470502,0.34980400695046443,0.2914316494985978,0.5538592069797003,0.9563144904933681,0.5863261196695831,0.5687766278024328,0.6890147813966263
0.36296566231937033,0.044837358769092506,0.48953008929204467,0.4187996149026505,0.39630225366057237,0.587944611068195,0.9325052198609052,0.5192187177449947,0.6858717815267901,0.644890882586362
0.3605373513002402,0.005479808836201848,0.42333638774719334,0.35248642563040733,0.3384529581128206,0.5571358025021462,0.960882685441393,0.48980687366429765,0.5960334074333883,0.6592969165593379
0.3013271720331918,0.002313728071607353,0.3906888026227647,0.28103564774961226,0.3449573854518652,0.5855853129854056,0.952480385170812,0.4922223908084321,0.6154003836898252,0.6707623859260428
0.4022840259975561,0.06625236270099773,0.4547735034231089,0.24111303571189246,0.37643153480599995,0.6495380812865659,0.9252747892098312,0.512998190350864,0.491888206923495,0.6013163198208069
0.32234013483524765,-0.012730484945176786,0.4093323578373973,0.292926996867722,0.31760538827032864,0.5624195740630753,1.010146293447569,0.5418153583208418,0.5379332367528409,0.6821616232359822
0.4060891379237423,0.05142401851036602,0.4697322594362531,0.5048839903999113,0.3767778728330094,0.5441503223138928,0.9300104327675318,0.5691383376561825,0.7029392809253934,0.6034004751877586
0.34562845755665056,0.059219929897909446,0.41545680040970084,0.334767206403596,0.3788385651640489,0.5660814792524462,0.9590534630421071,0.48690858740695364,0.5502847683170277,0.667058902729072
0.2914006448168998,0.009319127988129424,0.3902633268734139,0.4766635201229451,0.3386443178406451,0.5188903396755185,0.9514834453313447,0.5410177322056178,0.727195265394084,0.688138980489897
0.4455638984530525,0.05203226896641615,0.48463888554711526,0.33847554973819804,0.3482159099304338,0.604283711865681,0.952490802129825,0.5691074186567764,0.5476711314319587,0.6438646264671805
0.2793883739274843,0.05310523791842428,0.44492774627607923,0.5202577404448259,0.3838000590916332,0.4534894338142096,0.9488358131574918,0.4458385827391016,0.7001944219265452,0.6446170010492166
0.40744794337125545,0.046205927415169705,0.47256633939845955,0.3701792333034202,0.35010427652497644,0.5565599614484595,0.9395667451431923,0.5298252124288725,0.5968784065876382,0.6564396002922492
0.28173474660914855,0.03948280372962936,0.426991571255239,0.3254635112646015,0.3331593443526975,0.5274298904914296,0.966667819309944,0.5507701698279668,0.5589826673059679,0.6313235473897609
0.43955490993825774,0.06899603481732038,0.4698703195731575,0.2965147992026575,0.3493311635666567,0.6094082095013812,0.932834394089878,0.5528545006985189,0.4747243182717704,0.6242996375562135
0.5231077305716723,0.05520452282990682,0.5918998040686813,0.3260797718245745,0.368074325431547,0.6814044276181273,0.9422695120745753,0.5520492497337223,0.6228280899395267,0.5665397245737169
0.5035433119703983,0.03966119992170409,0.50889290398367,0.3385765760063656,0.380116688980367,0.6995445101495751,0.9527759937093119,0.5594834549163914,0.5732618975435593,0.6293313354671852
0.5249021495176424,0.049338209686406564,0.44485709616764835,0.32931163079057507,0.4089164995949827,0.651283335404047,0.9885607674132334,0.5390231717535658,0.61946177930851,0.6634882228931964
0.35491510907700513,0.03019162368123908,0.461018435171323,0.30873913720441226,0.3556970101711509,0.5097482445613066,0.9900408899293702,0.5593094752042287,0.5957599411030379,0.6499188512579384
0.4826642208952437,0.0616931657944389,0.41532810837019,0.4185175815980203,0.35301621532151833,0.6683941576306321,0.979625363543423,0.5662954607070463,0.6953265182898031,0.6717394592765411
0.4829993761086596,0.023991194989033553,0.40890033476443877,0.43083989843498793,0.3597047188124978,0.7068650236235401,0.9719122405745427,0.5134272427327744,0.7309917389081049,0.6650454732598556
0.4011016617835923,0.039055731510798934,0.45053698088827276,0.5050047819766502,0.3063428453646911,0.5671844477553153,0.9708253979034934,0.585071250378838,0.6983983531431888,0.6789044719456137
0.44804012587674574,0.05685579761483234,0.44964178069344307,0.4911051225389228,0.32419250362776614,0.598906784582372,0.9529531685535401,0.5923390886487356,0.6942107002824411,0.6855794221091844
0.3223899828109933,0.07243348997584581,0.4782809758999006,0.3581796203798434,0.3577933667183941,0.4857127609688674,0.9630755122691376,0.5309494108787326,0.5828608569669855,0.6279692702393805
0.41005653689686156,0.07890056595836946,0.487988593506641,0.3728949393905087,0.3744751618442873,0.5999891881420922,0.9179025412494475,0.5214303421527908,0.652992205915609,0.6239421569508694
0.41727770414269844,0.027601641596265068,0.44097004369095577,0.3867730014236592,0.3738114245610906,0.6587278397627303,0.9494921306592328,0.555488083813337,0.6103561620647521,0.6911606783077525
0.3598059593214567,0.034669093963697065,0.33893955640093687,0.4464867970173945,0.35688359011182486,0.551663109375423,0.957544000967524,0.5505823578860697,0.6923843654123364,0.6733249163408028
0.29349517147444937,0.05152889600122226,0.5218001445472029,0.3962397560790419,0.36617077170966883,0.4873547989194361,0.9434574598286665,0.571752863957687,0.6124298069424844,0.6184785175802952
0.5077301569458531,0.06261747624025411,0.46894974089725994,0.44581721691276893,0.39965185279964194,0.6483722547837786,0.9275571352252583,0.5450213601079705,0.7196668374750487,0.6540713108384124
0.3842828379262012,0.01748812037706413,0.3917177680735656,0.35105304451929586,0.3203305762215408,0.629169833902802,0.9636164933393435,0.5328604550337925,0.6728118686058047,0.6913387365891499
0.32813737619267536,0.01107411285249576,0.36521985782821803,0.3938814513953434,0.3427047637289968,0.5635139545626658,0.9515978038490714,0.5252979765236414,0.6889452556614916,0.665822977910953
0.4520319051251829,0.037764000480383704,0.4426783860169619,0.4014073809715393,0.36823385921335483,0.6559721679564047,0.930214834718543,0.5207095001364286,0.6740183217972663,0.6863487482189086
0.3651180310664474,0.025012455886243866,0.41411378317220454,0.4445601860243789,0.3519311358626175,0.5536052407859727,0.982846792320779,0.5443718325877398,0.682335591035327,0.6673711414291426
0.3837939770034893,0.02902094347167431,0.40034456173192556,0.3471450217678791,0.32776347003152073,0.5988961558481347,0.9755866936331596,0.5259876652601048,0.6145624379413144,0.6765805775382638
0.3602431862416532,0.038359499190935085,0.4780138969658159,0.39462654506582434,0.32641362519273326,0.5362765151406739,0.982076856581221,0.5885352166912208,0.6434015678557488,0.647534678961788
0.4751147203782718,0.07337088493384818,0.5598861555133454,0.3924801021351717,0.3885514004646121,0.6890241980041789,0.9393485374471633,0.5799694184421413,0.6635540029522751,0.63971107905278
0.40769679488407395,0.06404303266651952,0.4937006318015138,0.3521332612384776,0.39740837968445986,0.6356923584239498,0.9522217539328874,0.5054453239535629,0.6190648752988033,0.5739630829848474
0.3620832318802063,0.05370587111859348,0.42394217243193416,0.37339565660962193,0.34584444695918365,0.5625800154566658,0.9597682785864461,0.5586556776960432,0.657544910505697,0.6768934984289219
0.3856717228724256,0.02467825729496112,0.44696754014956386,0.35037697377319926,0.34417737470711,0.5604560802178268,0.9683780580033291,0.5303962988011778,0.6200498539411068,0.6570392749024724
0.3723355358414979,0.042758247560965794,0.5031458195385502,0.4535445475569015,0.36448051759720057,0.6445724261755028,0.8999366161423755,0.5577194949603725,0.5938919826734396,0.5911770135844552
0.39889480396321786,0.04554617000908872,0.4556218563070311,0.4226777754090923,0.38201772313269095,0.648098465400581,0.9570138473786055,0.4880941792455369,0.6802331775255652,0.6891532487991245
0.41709696529777784,0.09126067366421312,0.4660112211633315,0.4240775366006974,0.39151606667998523,0.6381973842837758,0.9409453337864103,0.5027211529322101,0.6779567834606384,0.6303408453016466
0.35151428390733286,0.04445806270428632,0.4764976912188963,0.43826919646400203,0.3672198835706507,0.5241311416142918,0.9474181074398216,0.5314434376259349,0.6511595612752306,0.6629447522362425
0.4313876902110221,0.028192405284618006,0.46367723845847353,0.3645999998561827,0.35161818113634635,0.6147802156086426,0.9482754300337025,0.5850415430174647,0.6580904582439449,0.6512180883527722
0.3589793715163456,0.032617262810981665,0.3935738987723052,0.3379951349203331,0.385827611425901,0.48840063885498997,0.9523574285080625,0.5407835710550218,0.5504121634680272,0.6685706806819063
0.41420536538890645,0.048988857300052584,0.47406262261952914,0.39876954892186695,0.3706711290790913,0.6512617450499691,0.9598896360768099,0.5716043122832997,0.6863681618567099,0.6473497916031642
0.36582201650656204,0.03452399569842103,0.4625483646834468,0.26537934078254577,0.35260099663705724,0.5996865580578985,0.9621235989837622,0.5164028822409055,0.5171191924987084,0.6107563444820354
0.3790606652567526,0.024299594336024816,0.487521001925257,0.4073290189125734,0.3003623532486219,0.5980720733526292,0.9767419935045435,0.5631689463145613,0.6942712479683233,0.6358726475243444
0.4070494197754853,0.027733303599112077,0.46230355658016087,0.34235393504648387,0.3500241221234415,0.5663809429312683,0.9630855992749787,0.5306580016388438,0.6191854690136567,0.6752697156666648
0.532891553274195,0.0482955325147566,0.46912207026106273,0.3871927852410012,0.378039419565584,0.6938815931257731,0.936041259837591,0.5208848560089954,0.6204737953189331,0.6911271947368636
0.3716042091993813,0.061324626179178235,0.48621214931579704,0.503765962082802,0.38006210588838324,0.5866210559284705,0.9249072038721606,0.5681987516564935,0.6608112431552878,0.6199110689118386
0.4281850840453917,0.06078496494444266,0.43368235663126325,0.36925995002087864,0.420165078279667,0.6490967849054623,0.9603285710205641,0.5314158721683198,0.5756290758352969,0.6178938881712189
0.4507142063125259,0.039138620917732396,0.5450873704263806,0.4190533996681991,0.39848920604923077,0.6066357514602396,0.9488369458708689,0.5262743189038044,0.661581371599788,0.5983174395363104
0.3757486678099337,0.03968941696658731,0.44197781781322587,0.3688970094568621,0.3692997506866841,0.5175850984399135,0.9503901208628301,0.5140122435737817,0.6211112186504824,0.6369929574903714
0.4572314963719603,0.03391253249073366,0.46905709956121955,0.3736739325491786,0.3538846286475022,0.6508534816423404,0.9681304388450533,0.5882690591678531,0.5765319482823388,0.6682476633772925
0.42559117300091054,0.030845795171627027,0.4492478271262219,0.3122137547821354,0.36598199816068094,0.5529876101330932,0.9766948900255561,0.4985547045434323,0.5472355436083154,0.6495339754596943
0.4046070341655545,0.005691154548045994,0.4648061759054893,0.36737535299625795,0.33488690221696465,0.6748943021417674,0.9992927281894511,0.6094534166259098,0.648732087419557,0.6154060996858611
0.39150433047982464,0.03845708620310443,0.46693052677978947,0.3849805197983017,0.37048805088134573,0.49222693132990825,0.950346721942079,0.5065540997994713,0.6656486107786057,0.6136856933494366
0.3969376855280066,0.05176369332923114,0.522873735691709,0.32495147427043053,0.3278034212223661,0.5673675805435052,0.9368968645945215,0.5693705808808083,0.5892446398666384,0.633528067217382
0.550931934223077,0.08232683107827804,0.4704865348777997,0.3447851762009526,0.35909461470329573,0.6432942163869404,0.9246107755750776,0.529155037618807,0.5487626777351399,0.6297686702230016
0.35892326885343423,0.06479998964899769,0.3744208240662172,0.3227933478376674,0.36506222986176134,0.6337286166968529,0.961970640636594,0.5455286669681179,0.6063236302312278,0.6989216129060929
0.4623338008671441,0.010995472938202978,0.4372930645879877,0.3567164766471146,0.31680534557106205,0.692012827153468,0.9712298120803171,0.6342797041059112,0.6248750893145798,0.6446776062782745
0.43636935993960274,0.07063241697520696,0.4559974496228776,0.39751380499000977,0.38407493705765844,0.6148452238614679,0.9119649568501517,0.5069731451386174,0.5956096038879091,0.6121744017159564
0.31661432927380345,0.00981343137993679,0.375384082964287,0.3066997714296779,0.3141211601477588,0.5769281054249882,0.9862480247968329,0.5280671248871693,0.5568947538984466,0.6551860242701917
0.41847554756238037,0.05215258295425618,0.46621153370309043,0.4736916218810021,0.3466160644341899,0.5610608234627898,0.9671100707318071,0.5671107133859532,0.7342141412603724,0.628242151310896
0.5495898227050576,0.04625973521223878,0.4617213548474759,0.398636458232655,0.384033782386829,0.6605485248692984,0.9089258368713343,0.5832977558999684,0.6277226669668998,0.6355974143850591
0.3749688651732348,0.07573223070913312,0.5243066792153238,0.43230124799054076,0.35554718065098145,0.5131905192667172,0.9715547375771065,0.6100837714541295,0.6125848762530559,0.6456883830185861
0.3809674419017985,0.060124727488377,0.4550941577801258,0.4507239881718654,0.3541248140915052,0.6181281942230465,0.952851377233537,0.5664454736263445,0.6538666517772198,0.6514071937789996
0.4192111901770677,0.0630628666765615,0.4437987879001846,0.40532734743480764,0.40974271081282204,0.6013261256487518,0.9318983434394219,0.5264597097876422,0.5816694612456094,0.6332192311781505
0.3368323561562407,0.059410162834994715,0.4248240979428305,0.4032220590644493,0.31865395573823974,0.5431249523725208,0.9430284170243464,0.512094484453326,0.6138119327626861,0.6465218650501614
0.31167782518884557,0.0446653554992995,0.4553115523540631,0.44374133363257573,0.34985084803470856,0.45359824337621313,0.9823772089185996,0.5211754767882164,0.6429774641819954,0.6777242937502368
0.3784295247145343,0.0583240784302087,0.49203769584371393,0.39095442791057133,0.33351978215313477,0.5618802655580604,0.9685050757262759,0.5852287514620225,0.59525443337756,0.6233427624348307
0.4970311403106313,0.046340745507999555,0.4800567304352979,0.4303026548017188,0.35723531622203547,0.6399705914319775,0.9284345171466944,0.5727418687533241,0.6237747862340091,0.6099977547120354
0.43494539822029427,0.04661609561387278,0.4744765040964399,0.42171563981908966,0.37831905784452796,0.6535582309390258,0.9441324616331921,0.5690958143692277,0.6456907326569605,0.669750126121933
0.548802874146987,0.07058604046401515,0.43821168348830614,0.3683156091208625,0.38070217385404004,0.7055315797589428,0.9470137526103133,0.519167500157317,0.5474507431392153,0.6308907825859719
0.3709360111523928,0.10539055741621238,0.5126119087827106,0.33606155257228404,0.41062856260045055,0.5804728789076441,0.9211984464406378,0.5132938919356348,0.5104967849520499,0.5818946260638829
0.4152383633312291,0.0249516012748794,0.4592593360429352,0.4404640907063499,0.36972322396735896,0.610636717868883,0.9643426161117236,0.574061224764229,0.6356419183851247,0.6986296738060904
0.4393304370162649,0.06885740089162172,0.45023213437707477,0.3170134321325724,0.36871472577662706,0.6329049582186179,0.9300815771123729,0.5262998134266064,0.5320742588292133,0.6144619834662227
0.35513390271038553,0.0640314090746247,0.43547352114126636,0.43272731751422344,0.3817718123442992,0.6242073781902706,0.9392360370391044,0.5030519592091725,0.6950242737673391,0.631126987523501
0.3300335198636922,0.03732056307225474,0.44431854213096666,0.36209419399279363,0.3466230639434793,0.44257091946749827,0.9683307767252592,0.5338376197885002,0.5911209917008609,0.6145494514223147
0.4055780940638656,0.04580281575302321,0.47731041822298154,0.4605359259046371,0.3857039977507015,0.6311884725806175,0.959992553931327,0.5037801333130925,0.6354326542970039,0.6361680448238571
0.3028968296837527,0.050122086015613736,0.440952960697732,0.38504565454438494,0.371143158371443,0.5348095127306456,0.9685412044191913,0.4904673960240501,0.6317430024363591,0.6561268184436871
0.48137100136453836,0.052127457949311555,0.47098910775520053,0.33901979364697815,0.3135966176002983,0.6114112591208404,0.9599617778188555,0.5619381234768184,0.6186168015846502,0.6488635386880854
0.41773573868520675,0.025902658511672394,0.4204812891853081,0.4163099454821814,0.34880459112819917,0.5674386899710571,0.9898407341585742,0.5566383909562211,0.6330196394373464,0.6738203019608688
0.42612295615109086,0.07038628049709159,0.4968176541356315,0.4027143690397213,0.3994109102649079,0.6503054005752814,0.9168402753542282,0.4837639262514579,0.6431874039802344,0.6060459084175798
0.5010609953685061,0.03958348613541599,0.4429150808414289,0.42396862063009877,0.3043673476408306,0.7012255816989028,0.9606667114844333,0.6069109765462436,0.6477024439172382,0.6928055188281681
0.4129253140012422,0.01200912207192412,0.4552742859494757,0.3134301514798632,0.3069317892261641,0.6430259018820663,0.9966863566920172,0.5674771075400891,0.6010176879205801,0.6612380662395008
0.4017774424873598,0.031579370278432765,0.42759142130362554,0.38636994349849046,0.41260916688928734,0.6073460367668317,0.9520166899117668,0.5003175819997279,0.6372626671380763,0.6420682123532175
0.32419271260389493,0.058638155466121916,0.4570579201610882,0.3310406124588925,0.356471157965764,0.493657834422094,0.9299350473880298,0.5013900932772574,0.520918264616241,0.6292124279901901
0.4172998936096911,0.05898951025141851,0.4420594308488478,0.3550656947174619,0.37857099113587334,0.6089015630978751,0.9388729387837463,0.4811808773894193,0.6415390097794657,0.6107209674035492
0.4406191678581455,0.032822964225354585,0.44554629384715383,0.3951390168634972,0.3142579211069817,0.670099005048982,0.9867523462969571,0.5830782475489258,0.6702224549925324,0.6501469973366739
0.5009723067111952,0.02207804266940089,0.4617456020886166,0.4162630547490884,0.34808551778957975,0.6966679405884191,0.9696082136726873,0.5700302518034701,0.6812877963687952,0.660150584719656
0.3596934955095963,0.02453175874824651,0.47297124065463003,0.3247780390526624,0.3141782166468973,0.5973972018319216,0.9661288305447432,0.5485501305938294,0.591624250297941,0.642067440214227
0.3384449263299541,0.05542540413340605,0.4442071489095974,0.3771214489723193,0.3796149186538625,0.5465306890935094,0.9368962026369904,0.5389378317067357,0.6086383046769919,0.6167759890036736
0.3593228718406187,-0.005202058730125364,0.4293639891474523,0.3867551587162813,0.3008980517097981,0.5880582090389797,1.0002886453956754,0.5472460369796219,0.5992878954297912,0.6613281812774321
0.3398878374386536,0.06153754230385108,0.492339346708743,0.35877705407686084,0.4187152774626241,0.5842118009223819,0.9195094611130715,0.5174601582186553,0.672719302319162,0.6015789943597718
0.42944679531799224,0.0281500084929289,0.47314521023863626,0.3926395496339987,0.3922530178226995,0.6780319459076963,0.9769522173327715,0.5398664280719485,0.6571963766895674,0.6360578033824849
0.45009192092782735,-0.005116846442805358,0.4273530393106226,0.3298926648591514,0.30451139640260333,0.6675727455742094,0.9858726184847102,0.5948697262984597,0.5218212193218461,0.6453927971803071
0.3826896742931626,0.031108704939134906,0.46843211343690916,0.4172104841740645,0.36271488870252827,0.5466161701867516,0.9815963406420094,0.49744285627350726,0.6399098880541285,0.6429112054294577
0.37204131354776604,0.1023842701975723,0.5082450654369554,0.348339610898066,0.396698430010933,0.46487310501486867,0.9049610025471113,0.5034918168102023,0.5614554002065809,0.5807671825919378
0.3842090961222985,0.04481481543312253,0.451207414090356,0.37633493894893816,0.35969092617467824,0.5702832630519219,0.9833476252138602,0.5400950213640681,0.6698496272104596,0.6518833560658508
0.4494681211962197,0.0542590311229326,0.43070624293291054,0.426350912185402,0.3455056389621968,0.6150990381688193,0.9447229093839549,0.5115939066605522,0.6312394215441062,0.6222763995038307
0.49273069443951933,0.08816299705401363,0.49073607853547424,0.38999772767570623,0.4145223464006089,0.5986717751366988,0.9251895203840889,0.5497979232842851,0.6005079856110803,0.612945761688642
0.43976983710311823,0.04936455804238664,0.46438967883797505,0.36500893675109786,0.3502574547100239,0.6257927980173241,0.9572948407151969,0.5751905318086274,0.56835892756463,0.675218357998733
0.3803461679785774,0.06421244657302311,0.48029464308325776,0.4330477006595319,0.3951579800220789,0.5300965386309222,0.9385177895122827,0.45976478456189795,0.622347266898206,0.5952225803456191
0.4191601883629152,0.06972366319081605,0.45770885491453295,0.4591727391569616,0.3476340248826318,0.5298492624816529,0.9594414063663489,0.547396913219696,0.6628304275787397,0.6049905956703504
0.37206563035416484,0.0753283133905148,0.4295194655491264,0.45838631886308095,0.3475125288254221,0.48001672760661196,0.9026582000053679,0.5412150596497909,0.677499550790641,0.6388086624965592
0.3756090047318338,0.032568688489237524,0.4540246900332875,0.3533321055863105,0.36294441012383033,0.528444750321349,0.9623939255705888,0.5266438781887058,0.5900176299770161,0.6381342983701117
0.47115078722344894,0.04473259004132164,0.4661628501744633,0.29963155085728216,0.3286458833577712,0.5907560875789034,0.9610975045949477,0.5111426357556361,0.5286246804602044,0.6386144962787618
0.37462683501325567,0.03597769403959455,0.4635877761764825,0.2929505959199779,0.37042366383876857,0.505566137951725,0.977694471968232,0.5367693482811655,0.5678719761190073,0.6577934035598317
0.47058269382392837,-0.010251006036084889,0.3694818433037254,0.4119629807570307,0.32599437892768585,0.5856854858885944,1.0062562581287908,0.5673489871054094,0.6984073105718779,0.7373913611312227
0.41502301392230606,0.05172528995980135,0.44438806730919206,0.31354802367819146,0.3513618163830108,0.6309707962609865,0.9424653114894466,0.5197917989929071,0.5867458552034533,0.6571448046429533
0.43875093728090087,0.06137717477631737,0.4779455219470021,0.41568596272613995,0.3886192541861188,0.6063045810884594,0.9397974957026476,0.4963289781215463,0.6759963331673926,0.6680054621558633
0.4042468361800746,0.050091482432101944,0.4576264329144065,0.4056563723447033,0.41979136893575375,0.6086645754161997,0.9410745728243891,0.47527164602712113,0.667099622469939,0.6397202886661386
0.3061851854860644,0.03178706812652264,0.4442907858675795,0.3696671718183376,0.308826224668484,0.5312915385701009,0.9983213812650671,0.559617711189484,0.6191068569984172,0.6462902704117713
0.416891537099388,0.03529958696986218,0.47134125081321115,0.40148906657852274,0.37557634344832513,0.5893730180482144,0.9299754304946904,0.5322559200831158,0.5929978901158268,0.6164832059476961
0.4239059661140991,0.060887571877461695,0.5166333298111918,0.4883341011214428,0.33895611920254254,0.6124180159889341,0.944558518213417,0.6004289263739483,0.7108319891347277,0.6281290170537244
0.41910589986492686,0.06051405610027663,0.5207023382050292,0.4481896093981868,0.3778110442517859,0.621661008116261,0.9444086747341246,0.54821473088005,0.6469625853031609,0.6109218015602793
0.3875456813381106,0.03647687513232183,0.5000494976259282,0.30312948239600024,0.3369379018620625,0.5765998497172908,0.9674105625524297,0.5491406965742958,0.561463891248708,0.6239213321461163
0.5596636689783054,0.04654903978721328,0.5269393336386299,0.36928365333536045,0.36506884675150025,0.7362879849116429,0.9469280740180887,0.5795692716672346,0.5731290321573513,0.6472929748181943
0.3981632379003423,0.050539351928135134,0.49257828071492593,0.37092550053101925,0.3336349046613517,0.5456912536164952,0.9713951560323242,0.6680535086961423,0.6008896721613699,0.6616977819680845
0.45349970299560327,0.03892219949510638,0.4079402858398864,0.38609167775389575,0.32814041582219566,0.6569732518465592,0.9767858219573715,0.540679618589849,0.63337978950316,0.667131159210483
0.4124471606012601,0.06147657732637398,0.40277003765720865,0.3511212607848995,0.37572911310309987,0.5769223985160998,0.938630512055585,0.5005295946193915,0.6022773752777337,0.6520772110158624
0.4272041749198743,0.04018665120308137,0.5479974200221207,0.34131156280120445,0.38117445306934766,0.5846623953310153,0.9409368791294135,0.578236372582198,0.6117366415231338,0.6018377651378435
0.45803838871238683,0.030444040389982024,0.41559065309257825,0.43515999484790113,0.3571967123029695,0.6013506743000384,0.9374573030674986,0.5548674433398322,0.676521396922869,0.7101601826416839
0.4854438149525411,0.025483175839484555,0.44342367876164407,0.38399664471710815,0.3488315699631545,0.6994299284269119,0.9721979942404974,0.5228987541826533,0.607449062527173,0.6498337339463807
0.45599381774364045,0.02341003395759187,0.4122852719654006,0.34703674092002124,0.3663964868440026,0.6755337192222285,0.9852828313965292,0.5420338447533054,0.6322618448384063,0.7202195234985886
0.41033601917817303,0.046823965251940596,0.4466640557022917,0.36260766988224197,0.3353793598110044,0.6065625991174703,0.925472891083277,0.5371322912108345,0.5573384261001602,0.6339050033601529
0.39492297751043975,0.024533706771141715,0.387385470531509,0.4358013328343614,0.35321588509424523,0.6526346873781406,0.9625452448046462,0.5318253223151268,0.7245198283136163,0.6759885111176911
0.38377658789722835,0.05899643403975494,0.40387194896331136,0.299617696767866,0.3693815869745248,0.5513100601425267,0.9237339745623123,0.5100625783632596,0.531792765291547,0.6269154561239645
0.3952254524965846,0.08979848763593125,0.46500155590862796,0.4616197602563005,0.38487087451015745,0.5794038919374687,0.9018228633307027,0.47743985809672596,0.6871907764555473,0.586076316426569
0.4089250539424673,0.004002842003483001,0.41121284780084877,0.3758296730653076,0.3112495991950868,0.6013489113945727,0.9698915700105515,0.5450327317233128,0.6018034189693566,0.6454212407076017
0.39133595779145436,0.05179756760070825,0.40153964155047434,0.28630358363297803,0.38788375346109544,0.5304319760011986,0.9651254392234417,0.5040873045225249,0.4822385769333828,0.6724275181270232
0.37921074711895897,0.02176046413935211,0.4522116993554078,0.31797319965304166,0.3675517956001561,0.5595507934562394,0.9615452489764323,0.5057999633480181,0.5937140837768635,0.6893535536195486
0.44188952661942715,0.050863892343297766,0.48360731110095284,0.316454226085657,0.321497322829262,0.6154475336454144,0.9701929174889851,0.5945294660022377,0.582817866228382,0.6737400992554796
0.3885045567033579,0.03412293800274728,0.4304308753822388,0.34819651966993687,0.3803902408725986,0.5918514719241531,0.9614115563873554,0.5386614282072048,0.603135427881669,0.6886993717555966
0.4533392851146806,0.017761146014693016,0.38986266805308645,0.3762325827541851,0.3423845594725177,0.6001663738799536,0.9533540225638178,0.5350248623906162,0.6177232249220743,0.6475476783310667
0.41643695911776163,0.06740080931744036,0.5299922076677132,0.46924795610087433,0.37472013756719613,0.630363424452954,0.9177441454093648,0.48718088404919657,0.6937897341797297,0.5678452497210325
0.3268880159629312,0.05257987885291875,0.45856567469001674,0.27196472293595914,0.35378683922821746,0.5817268756224521,0.9601357381133122,0.572562292249045,0.4850063571079126,0.6284167169552612
0.4673836347029258,0.07788240701416402,0.5036586133425004,0.42872013925709096,0.3730736286548075,0.7036329313040031,0.9258042573705644,0.5568915830183996,0.6557447746976715,0.6774029590407844
0.48441947908693184,0.04910910893673723,0.44604812797900073,0.32261986920185526,0.37489142048636803,0.6557327438866423,0.973174362397681,0.5398022744638289,0.6071909050690819,0.6630883686337307
0.3651816210376958,0.018081522251791247,0.41740335773536824,0.3972339685739945,0.3668538704550238,0.597974109171274,0.9692918468408094,0.5630190239790003,0.6371990134408041,0.6303037798879547
0.4103918925067888,0.0635838960238396,0.5422452207266124,0.2713845075014692,0.3896094922352245,0.5810770773880303,0.9345807270628496,0.5584612393674522,0.5194348324826868,0.6187551160321191
0.38184367933436814,0.06631190508852383,0.4529327700631598,0.4235519430902643,0.4252912338511455,0.5121598754783803,0.9214244795173793,0.46731346503023774,0.672882374433279,0.651004842480323
0.38626651246255017,0.03089029475324229,0.4487501558515032,0.30272583888394555,0.31928970550380237,0.5649090550384049,1.0002330958388759,0.6279664587192133,0.5290940881677647,0.6888583605012275
0.3816060001144649,-0.008968143575511553,0.41439075185925517,0.3739649823396913,0.33239043103858484,0.5926064492357122,1.0105265510281756,0.5835343135491526,0.6309428035047084,0.6811677799164697
0.3821262338637178,0.07384602415449942,0.4631166110664288,0.490278373569973,0.38599578224340353,0.575351066683728,0.9359354695282517,0.5373573183253464,0.7158743572115014,0.5798383977493884
0.4720294709106161,0.0617466821559073,0.4972134811054818,0.5238455393200872,0.38926971760741674,0.5518457466678188,0.9437718775507102,0.5165929313181765,0.7284931898203051,0.624895744879485
0.38589286576451853,-0.009678870454525172,0.4845046083100518,0.37046810617511694,0.30988310550518794,0.614069617636966,0.9915397408948192,0.6333670179260937,0.6305646716660374,0.6787751503855535
0.42332994110918487,0.05269668315568683,0.4310396288780296,0.3826875237502541,0.3440838087706079,0.5957912911227463,0.9139278832177277,0.52321301893517,0.5445485615771457,0.6248416730091251
0.35737050715366264,0.05282619053963564,0.4123002388536945,0.38028652505389454,0.3674728676162082,0.5809164649481999,0.9460703357582212,0.495079816239128,0.5521911039826618,0.6389964433834423
0.3782145074827627,0.05218941731074644,0.5061258012448031,0.4609478984825222,0.3602248499980465,0.5794695349072773,0.9460670036055913,0.5935534311052912,0.694080701290694,0.6438660856029667
0.3640988745662789,0.04002672854639227,0.4112934807540233,0.4175745066175003,0.3614291752737494,0.5380774302802946,0.9568667415126331,0.5118445507607823,0.6229804647199084,0.6356368328042236
0.3482542081960132,0.046070421714683896,0.4957626866193443,0.3875247304675285,0.332961393276927,0.5943054722631876,0.9709097907259758,0.540435651358903,0.6336394272246082,0.6169082236889534
0.3773678501239267,0.06198091638465499,0.5222683209541302,0.3653472058807659,0.3733253968351893,0.4945006075116398,0.9474137438479933,0.5833225362374979,0.5332847529739849,0.6111598597238641
0.4141318351164551,0.019179499286110454,0.3951953534845025,0.36542138751775916,0.30658776813227956,0.5940956864756393,1.0112437644008565,0.5556467773892787,0.6186920291206922,0.7085799012581457
0.41246602786600617,0.032686796960415675,0.3867617462066979,0.3515305411703915,0.324179693264835,0.5431636296458032,0.9762168448154691,0.475412691436094,0.6995254574132905,0.6279972505411857
0.38414111318355326,0.0208089080873051,0.4089441549891076,0.3122876650919261,0.33875707886680717,0.6664143342801293,0.9677822736967541,0.5491112789275456,0.5931126396304371,0.6441523600170048
0.4012737504290899,0.036572043817680484,0.4552363009388257,0.34523789966042295,0.32703245675721726,0.5644522611806195,0.9836825733852064,0.5625730371418054,0.611113123819311,0.6612961543106823
0.4208439530766352,0.04691793400000722,0.5023048328128193,0.3847078265614269,0.40046211022163897,0.6264730093960267,0.9383141751110093,0.5364218327779002,0.5772255645854165,0.6460808102695627
0.3449540514613685,0.05779335404003394,0.5171294002428136,0.35619508338957684,0.3163246315427085,0.5032926837830303,0.9578635890921868,0.5588388489877261,0.6227092326783861,0.6028849983724194
0.4878273487141911,0.021466454912639286,0.4849719078168865,0.4575535369433956,0.33707276657823276,0.5801773981271958,0.9269485774750601,0.6012976718866478,0.6905374307960632,0.6342096117451648
0.36095175598120044,0.03246375418850899,0.4783580280614642,0.34494639599416627,0.3709615686017671,0.547139363456993,0.946975878922105,0.5378395519350916,0.6068018661439476,0.6373413277931217
0.44489676284030377,0.04560989463629828,0.44378047629787915,0.33837226488295113,0.34716294330057396,0.6543384251910878,0.9604543055399578,0.5816190462103354,0.5807299858792809,0.6491811605448008
0.36502370764711695,0.022803747320157004,0.4044363325773563,0.4545307432149196,0.35096176713631544,0.5325133962975244,0.9638406349135175,0.5293068611710159,0.6188841385730665,0.6798889950399953
0.3127908305197025,0.030016114909634264,0.42972397327960726,0.3659504583116111,0.33354659422470073,0.6054625872220383,0.9450471789735138,0.4973542578006176,0.6067658456430953,0.6356808966745834
0.47711366636903235,0.07217565183674594,0.5213867150473387,0.3976933358390278,0.34154889357775886,0.6579446168947419,0.9240645627131645,0.5439768042817661,0.59849858829319,0.5779506035610574
0.3792679662312079,0.07356146825024239,0.518093131608091,0.27813514512065046,0.37594207187118134,0.5949117023326811,0.9332078480143509,0.5467044618383303,0.5501339998572403,0.5996382695030118
0.46901672398299776,0.05876274202954912,0.44514788205918215,0.4589275436122066,0.39626076185670916,0.7066675432068101,0.9548342413900391,0.5145235423865847,0.6724306461758559,0.7011698122953793
0.381609079930054,0.05326400547085412,0.3915762740114801,0.37056532662079994,0.3686129352189254,0.5548888065501107,0.9717983171996775,0.5665106145510304,0.5920367772232209,0.6646917157785751
0.3706625479288541,0.03130359610840327,0.48720965483515666,0.4107236594175489,0.37346260807629084,0.5405149904801669,0.9596447281333929,0.5296687753679198,0.6696226954856426,0.6345033939514876
0.3850211775791973,0.026021270857754627,0.4337522212895543,0.3399201511204308,0.3956534787424147,0.5949950257545056,0.9614539028138444,0.5395580729877081,0.5751201086861437,0.6698403521099956
0.443482431277974,0.06603091789235598,0.43864755222900276,0.40487514486594883,0.3828840593620119,0.6086198035017969,0.9384461395736785,0.4862726611476611,0.6375783760816339,0.6391865851144483
0.375130064568813,0.010075812317330254,0.4325622769290666,0.17009619872570772,0.3412434523476955,0.5649383206170631,0.9914119326202665,0.5716875283789202,0.5588561696659125,0.673749906540682
0.33019658448436456,0.06607931090999196,0.4813815581351011,0.4067796932729403,0.31519580328087815,0.47264685710966003,0.9401613680843057,0.5876884318152236,0.6310558998555587,0.6442615125712328
0.3493341812682263,0.06307022717926274,0.43127684657557286,0.2902386315329808,0.38826570653689385,0.5160835742428043,0.9462240865919781,0.4648163776713031,0.5522728254704599,0.6738071854137815
0.4100047638583038,0.061770971859524564,0.46812411670547593,0.38299291829339555,0.3806843570508739,0.5943806111920718,0.9425375934417298,0.5130963873317069,0.6812493157686764,0.6537156911419391
0.43966975593521174,0.05140747699733052,0.4308433986927958,0.3009591538994184,0.34115919933147676,0.5645597578980437,0.9579213429420165,0.5095288251780324,0.5352907807676909,0.6393824154216035
0.403823690395729,0.038142126073988834,0.4134832262628139,0.42402000662729794,0.3185288762859883,0.5121587181972991,0.9777551154498273,0.5672602052857125,0.5980321116892742,0.6786907704439671
0.4019051770144902,0.05180512719330416,0.44763025525286243,0.38897366703306024,0.3617218663551433,0.6181025017924979,0.9427782775343431,0.47913556088246856,0.6304407093936377,0.652822888067248
0.45217467129938155,0.03569901902764683,0.43920045726343543,0.3577490354437395,0.3172092477987168,0.6592237996204094,0.9639388545400683,0.5265589070781376,0.639273735917262,0.643312387348312
0.47807774455215146,0.07833134283245424,0.4190067031272548,0.3127542062002095,0.41559584219706874,0.6723556015499104,0.9366629934939175,0.4214272401620742,0.535675347073358,0.6082539091654439
0.4137985192382248,0.011852479163294514,0.4276598878958484,0.4381621753767136,0.3746972339184429,0.5995326430877115,0.9739014335885997,0.5473757172722313,0.6554095872804298,0.6887334634367384
0.42657785582551133,0.027233691420276387,0.49470884024192946,0.35154703227907297,0.3383350211221231,0.6030213332467793,0.9714875341944812,0.5326977380345017,0.5801151996859397,0.6839796087663972
0.37801370813416374,0.013701747518792367,0.49003598107955904,0.380107996521198,0.33602246054396434,0.6481942800191571,0.9797450632530806,0.5940463015633048,0.703308044035645,0.6368250319359048
0.40004986246549207,0.06141944758458839,0.45714916454152804,0.5180714567214973,0.3669951860896116,0.539842943312845,0.9438249805946495,0.45993841565213767,0.668025802696116,0.6564717322609703
0.4288274599710758,0.049173436757301174,0.5041461602386909,0.4109163785948056,0.3915677157902624,0.5647221564162037,0.9282523702462114,0.4959098269572705,0.594781555110432,0.5708661169359126
0.4904063700419812,0.007936735212707668,0.4261826777522471,0.3261204217037314,0.35826552378938403,0.6714484610924195,0.9698923851500638,0.6106843646046258,0.5632928544561417,0.6633969855901587
0.396958549194252,0.033061543691020344,0.4127109404162013,0.45515345385849426,0.3931974709749336,0.603516782814326,0.9716770069819235,0.5465356255366921,0.6564576446190342,0.6832926059196176
0.3745505213231513,0.003543323780322052,0.4647125823748391,0.361629747132752,0.31174666990311045,0.5523500382705753,1.0043078913752386,0.5797452029740224,0.6175025224786788,0.6745275223501487
0.4091023070361786,0.04767985034310841,0.4709862894182121,0.4225104557163993,0.36907674868546814,0.5544641134742732,0.9585513820072081,0.4688146777004286,0.68884615473443,0.6780866447763209
0.4086575937515339,0.05582370282294574,0.4718552196556892,0.31943441599275174,0.3470664515595261,0.6325105161746785,0.9493814166824655,0.5441602186408777,0.5748891887317249,0.6582632732054423
0.45899958171817523,0.0658808928823279,0.44761801343442403,0.40394626122500665,0.3674262560239331,0.5596360412476811,0.9592010829750187,0.5413277008152669,0.6015370726460725,0.6948349164937924
0.399461727989813,0.06451505333136445,0.4921864150720686,0.4333828730557283,0.40949093677309767,0.5315742880682793,0.937518052942507,0.48094326980228175,0.6159252790596184,0.6255141687908792
0.4317981017420659,0.01385683953392273,0.40732789792800506,0.339053524248599,0.40883203933597084,0.714872560903731,0.9935105621702762,0.5228693898412409,0.5729081289711154,0.6258705546287767
0.35606982455418423,0.07857472205067616,0.44928273299040034,0.4007105628041561,0.36309443616575066,0.5615776416708043,0.9201862417508854,0.5384260526899978,0.6022888979468591,0.5907788201260115
0.3892301276882085,0.005088463857788302,0.4480428598493196,0.36560738447256197,0.31988724913609023,0.5558425411348146,0.9908789325383103,0.5889730318031015,0.5773349283733329,0.661361305892459
0.432326410291726,0.05304371967678063,0.5439442372420337,0.2923789760674859,0.3064827946180687,0.5513244063739635,0.9342677632859762,0.6135831036093014,0.4711274376020619,0.6369310543370321
0.3916496161225152,-0.004287123203973879,0.47070843238518784,0.40082158004181073,0.35318631093459935,0.5889884708558821,0.9653747509312522,0.5489070878538285,0.6668451956833163,0.6370323300462825
0.32891525310497993,0.07294191712524048,0.4536400619745946,0.3725837097396709,0.37335775258641857,0.5158295343761807,0.9526687738257891,0.5170569003115333,0.6048883736060883,0.6386102615672757
0.4399915853796298,0.034794275911190914,0.4335123824680611,0.5103594338112076,0.34352838353416254,0.6351790825961225,0.9856668734464613,0.5917437010635409,0.7333825446870083,0.6790405160887356
0.42529801364596487,0.05968419695631297,0.468059507028309,0.4519562758850083,0.4387439284813703,0.5892868608970036,0.923493790547681,0.42039983823941396,0.6991389228319953,0.6338633392380941
0.4884302134400991,0.07039375123269179,0.49239650744495495,0.3642488924402797,0.36374475279948526,0.6598248700973246,0.9494847297605444,0.566585829416898,0.5857691782938881,0.6513521361363431
0.4360261044139957,0.03869907296228614,0.4325814264389903,0.5030141568670589,0.36408050203945813,0.5889806563054445,0.9722998427476217,0.5035229228168014,0.7206913192962849,0.6961915398070869
0.3861072324634882,0.02841507094794407,0.44557290742055733,0.3675213350539867,0.33685467962106475,0.5290520451035602,0.9628666732161126,0.5408904969864599,0.5782858733508688,0.6520341055890467
0.34447475048785653,0.021981844644642715,0.4675690570754266,0.37225114616114363,0.34014214001879545,0.5363019915794758,0.9715598759622509,0.568369095284127,0.6394779761766454,0.6474798081541941
0.5124861732649356,0.024164424653645798,0.39125738656943565,0.33176696765902974,0.3370605354062627,0.6913399689496778,0.9475620095458739,0.506233963637321,0.5645739978741324,0.7023860034427221
0.49523015038229945,0.04276222009767411,0.4336913849218094,0.3949031675025316,0.3480138815820793,0.5931338306602353,0.9515439563543572,0.5435886796585306,0.6267326641694861,0.6747400572006554
0.44831835025393507,0.012794627431841489,0.3457280324309951,0.46952702314716543,0.30165573525712186,0.6389830421098381,0.9997567097103937,0.5253018349038098,0.7655353628455441,0.7202418167241473
0.4169495994138795,0.02210220384136532,0.42233954824142145,0.29633245827422805,0.34152178895064084,0.5319180266824995,0.9777998681475081,0.5298206797802759,0.548717034955422,0.6492142110356742
0.40274272202915096,-0.00416294483512659,0.38571319474368665,0.29334250967193953,0.37859409332574023,0.5494479624652011,0.9967775413280862,0.5232045000606329,0.5181911424548611,0.6491797447354439
0.4143497078695966,0.04552521755198371,0.4358368511389356,0.5026448162781777,0.3607738626477848,0.5745974906054285,0.9361195869397124,0.5661103885232539,0.720817100936436,0.6273995761561724
0.4357921168944529,0.05467319066709883,0.4257099076680352,0.3922746765906133,0.35739534604815437,0.5986185136150175,0.957760012157887,0.5488697387521738,0.6768839279856892,0.609062879422535
0.4677569500509448,0.037668280428582765,0.45575372119783525,0.3946663493167236,0.3333145916657607,0.6525867049564729,0.9624716241961921,0.5360225357630013,0.6253813533832844,0.6496624035784259
0.4384879977991917,0.014477012628672082,0.3457166996501126,0.353288667006192,0.3017567789029043,0.6695068264926761,0.9982361865182179,0.518755846163074,0.6089984077851467,0.6995438899544402
0.5008919394345631,0.06372399313594314,0.5358907936744454,0.5074041008217789,0.39445316925921486,0.6377034516976787,0.9536945825091758,0.5325689533559206,0.7556509968116315,0.6159987840755168
0.3880207908310745,0.05451119608760406,0.4569073913597685,0.39646971634230277,0.3481592826088753,0.6501043517068683,0.9350389093149766,0.44737160775557205,0.621363018342763,0.5722558784131364
0.3640009515928554,0.07296260590890175,0.5219000658733297,0.394103448420302,0.37267337539135337,0.550542055030087,0.9171104236000357,0.5172744040807056,0.576762705339148,0.5854606531173844
0.34215414025594876,0.036322277238482095,0.39186140784591805,0.43580897951590114,0.3765822700221845,0.6050434027883087,0.963798560632733,0.5074405836441155,0.6401992406734411,0.6551883659432535
0.394283773119417,0.07597300274314377,0.45224482180860637,0.33324430701251473,0.37642276011503667,0.5989593855925923,0.9353588855380245,0.47414215614701616,0.6257788615293786,0.6055222894114793
0.4423508758340603,0.02500269864949357,0.4405442392362599,0.33093773575536284,0.30652177161506716,0.6802021668614883,0.9582268389244417,0.5759488608586846,0.569602547686056,0.6892365705772179
0.45978821123525787,0.06456408077119294,0.5205488195854442,0.41065180939033913,0.3368057316682192,0.6322165707603189,0.9636332874268858,0.5889249240217718,0.6157423669539211,0.612208076200605
0.49107225260831866,0.0028370191335623184,0.40249608625218786,0.2889969362147857,0.31575164267178846,0.624780934797865,0.9927586186390384,0.5577903769020367,0.6033967722441311,0.696342058923003
0.3302525578532248,0.06799695449694655,0.47286816298734596,0.4272698972128972,0.38475487343532866,0.6135861178362241,0.9422484136481114,0.48033096338402537,0.6720360091919249,0.6679592732193633
0.3730284027390034,0.06869127797653113,0.457724865772036,0.3722774036458378,0.41185750754408074,0.5969556325715293,0.9417363119541114,0.4329657769698261,0.5827845656296368,0.6331192997052134
0.42519496563967024,0.07306206861421055,0.5246725819943256,0.34383837140268836,0.3435517086646011,0.5877988435211654,0.9224349409664838,0.5925893970223259,0.592401394442069,0.6442543922305399
0.25222781793321175,0.06858569944123842,0.46012052895021927,0.32049909621142575,0.35713924795742846,0.40656299382448025,0.9751202236358961,0.5530151936516976,0.5981927203228521,0.675355546415885
0.40982595306704767,0.022023056711834927,0.43945979662892104,0.4531779639088866,0.3808453667513714,0.6401439584209959,0.9806419143839042,0.5334071622184724,0.6956068889693985,0.6615241988954914
0.33536897064773,0.07153436584303632,0.4470546722866279,0.4417094266914331,0.36200853531258226,0.5658989558968653,0.9526623224929183,0.5173110480296885,0.6577014471851974,0.6145553803603157
0.3976043762855117,0.05336960435035918,0.4611418080959266,0.4090820004014299,0.3816992761565371,0.5596509918946568,0.9627536325646034,0.522220493553105,0.6724158869032777,0.6337137613547352
0.3824395156891446,0.05829776678283494,0.45642294893450375,0.4509327079651986,0.37802614018812813,0.6190871577490914,0.9503981860113498,0.5513287510130686,0.5924603124367692,0.6220468949654596
0.3677783893733329,0.040206345781098544,0.4274633470978048,0.2704877779614823,0.34002940628393225,0.5250093027108851,0.9762550091624699,0.5267208334153515,0.5225290974338748,0.6748197441822121
0.3612464369120654,0.02202476861509041,0.4653070837649266,0.4042069893282298,0.3466346141003385,0.5550559099719157,0.9473145160411364,0.6042737603649946,0.5977689350393399,0.6163550290766528
0.38320519014023513,0.034217792379959734,0.4546158773098466,0.41055539811640807,0.3363455227532347,0.5735800068063162,0.9679882876675027,0.5726204520632114,0.6067961451177674,0.6921451073062421
0.35835004120662706,0.03909645141091855,0.48969896204932695,0.3977063771896407,0.3586801189156974,0.6502412656823133,0.9530721761700334,0.5251739435295513,0.6513357961581986,0.6452626998733759
0.4473150777657661,0.11240602818880828,0.5006471146135589,0.4201355647465173,0.3646900116031105,0.55165592666776,0.9049559658604325,0.5835052752606045,0.5719672058214144,0.6064642716177797
0.44224179811658526,0.049009372905977365,0.48376586453096004,0.46597643855925963,0.35104501765279605,0.616869813723268,0.9491916735617758,0.6353642355538892,0.7187112006470145,0.6702767650453367
0.33306786379753966,0.05132880362255137,0.4719577679378801,0.3958417715033043,0.34882950927060336,0.48903763520732313,0.9198192713308,0.5084597673824356,0.6716136983770518,0.5993358835160194
0.433876708241761,0.04699123108750314,0.42529021281681834,0.3461698273734029,0.3395277534999786,0.6444875444790156,0.9657321571695899,0.5462412895370228,0.6506807049345104,0.6437960792121004
0.4197097979169178,0.06645493481354568,0.480266014624813,0.42266874397927773,0.4017978672651569,0.5426361120391094,0.918195150451404,0.5325468138306637,0.6282498398775547,0.6049519706102924
0.4553350442522154,0.04355530727353187,0.4023586904822636,0.30401732943085846,0.38744395923343666,0.6658535052481811,0.9585372443354904,0.49563113483269683,0.5029034404930279,0.6758407585473518
0.39366281491891625,0.051290968368047515,0.4829483547153491,0.4081702384914804,0.3577430024458417,0.5527608279968995,0.9180199002961302,0.5604959192021459,0.5979749329092293,0.6050256707356069
0.3332060286017237,0.021522338981021474,0.4176938624932558,0.324034515431707,0.3156900228325494,0.5625265444151155,0.9639979540139326,0.5165770952658932,0.5811752572291724,0.6473742999442809
0.4514771744503562,0.043297841531364976,0.44015327582999114,0.4067734494573135,0.38490771255402934,0.6139595937324542,0.9629505501568,0.5781993339887446,0.6178140787273376,0.6505194621180013
0.5004997199213214,0.0540667728799355,0.4451006057227642,0.4278379421621504,0.36398128654977846,0.7065293475507932,0.9347281204103688,0.49397035854263804,0.6912783325389741,0.6527374557341912
0.3817242038107834,0.037232486244665,0.5178528989483692,0.47546133317591266,0.34257049121350286,0.561394251759265,0.9391120013270802,0.5682229570619431,0.5935141320185457,0.6139884385155329
0.5749480089643694,0.05387667822833303,0.466837511691948,0.37868705439986383,0.35738820862529325,0.712355495281739,0.9363629416248008,0.5124116576353259,0.5870936158072966,0.6254810302111885
0.4484135077154272,-0.0005539210503158558,0.417665988614172,0.3698807813218254,0.35686757178211714,0.6244420306968279,0.9740591762076547,0.5427443880220191,0.6536899856113575,0.6912802840809844
0.48996742507600854,0.016659190744293874,0.3965542870424861,0.3348639910577603,0.35936666178503307,0.6498076938060549,0.9956225088612913,0.4726679151683899,0.6442724316559858,0.690373580695943
0.3965458075969854,0.019836597900893205,0.42530373171182156,0.4175109362354369,0.38207098434753617,0.5732048541543305,0.9690067241584573,0.5202392626972416,0.6896006863806734,0.6689269278492129
0.3262100785011712,0.01933217057689054,0.4752472788086713,0.4077753422293773,0.3716869818344721,0.6112569904502836,0.9477225848534883,0.5405415664097107,0.6549039501572422,0.6740149121949011
0.33282077198855764,0.07391912039328719,0.4750388664216498,0.35861660423302677,0.3466132503217387,0.5059238844064765,0.9125334239592597,0.4503066591374666,0.6149571872588477,0.610272236184849
0.3256578854294727,0.030583552652512166,0.4354697629303625,0.3372646134034606,0.33764638835441174,0.5429864662864945,0.9701537782580282,0.5374810598134305,0.6164150276584388,0.650021186952502
0.43668496600334655,0.0345256091342183,0.47713440006783125,0.38491267882707525,0.36050927756509765,0.6058772303246165,0.9844641955718572,0.5239244734180397,0.6073112295420566,0.6501704304747394
0.4435584897719316,0.031405926088530885,0.47043697338553053,0.33752696450428016,0.38424233056925,0.6571472807566594,0.9700112029781697,0.5521550079583639,0.5986904195944498,0.6933061371911058
0.4437689585760238,0.043695098774788554,0.4915378178525234,0.43921521045889816,0.35592263017669545,0.6301653761144625,0.9563248946382974,0.5751572503661632,0.7265801386285622,0.6676462913424455
0.30853278418940416,0.04639017541370459,0.4629979064141381,0.23063721136690707,0.33668199840788177,0.4996284946084292,0.9461034307194233,0.5521137310542537,0.49605899546135634,0.6164320473732807
0.4607139197181796,0.058825533740475965,0.5081385117851575,0.4045380612004693,0.3157181219717031,0.601957072010715,0.9404655863045931,0.6270913801656293,0.6392729603307941,0.6399479306590248
0.49389992685564543,0.08953619072810269,0.5321110171500515,0.31526247512605454,0.40472748323896923,0.728559102449031,0.9300220365554026,0.5345877992942658,0.47514609421965803,0.5953409286602034
0.3403052551831865,0.04893221548618975,0.4894255221103419,0.4004176758010997,0.38375755145162177,0.5125490494858869,0.9662246996498884,0.531971613199127,0.6425522588785203,0.6570594778106453
0.4696532757213207,0.042244360261740554,0.4316299495261624,0.3790293931875878,0.32729351710151056,0.6714212262047973,0.9667693015460097,0.5376636812163351,0.6150639301990801,0.6279510922413153
0.5011666944907115,0.02699189358110668,0.5531905436987599,0.42081448594951393,0.3727842741604105,0.6686535967712297,0.9624986175288313,0.6510718584306436,0.657588331142303,0.6383507397073462
0.36366962053273605,0.006128899228918664,0.39908817792553875,0.30307878984014686,0.28200990831658157,0.5478207251784883,0.9903260223499412,0.540847909099558,0.5661379190889978,0.6890704413240403
0.3812770614636361,0.04636945754550632,0.43868278133585176,0.38803679800318897,0.3752089846535373,0.5894351964669089,0.9525338951838712,0.5268466478325822,0.6418020361676762,0.6377040845143833
0.3780995100460344,0.03735986686786981,0.4281369879156631,0.34471340296167363,0.37630151172267906,0.6243964888754883,0.9383733456490866,0.48315106696825627,0.6498329347326605,0.6516206194082477
0.45257048817805967,0.05703397134521157,0.5263417778354816,0.345658553929634,0.3211167473200646,0.6297506357992955,0.9473214664608741,0.5600914917142943,0.6604957892243176,0.6318857826526278
0.37666572210219623,0.05083246425986795,0.49938803655456465,0.4051298478329585,0.348429989047747,0.5832174953669287,0.9464171918311292,0.5945091212491931,0.6582514264645903,0.6420054906209547
0.31383925404116336,0.07276410519342934,0.5037469211214035,0.34172876567615024,0.38845971892178055,0.4951928420358178,0.9348126818218808,0.4749020008883027,0.5817864064449347,0.5992575632845718
0.43369747322016916,0.01683052178093753,0.44875219861093896,0.4214864883292695,0.2897399684728726,0.5678030409516518,0.9678823329405014,0.5438498046228026,0.673164749335992,0.651804936276935
0.3402531071942277,0.028987246286391107,0.4636339570984231,0.3618284879830808,0.30139738043226394,0.5454880031256896,0.9423031622025361,0.5432555313534364,0.6195703018377656,0.6765516911312904
0.37496811471972674,0.01562078435403226,0.4556778423356489,0.40907214479276305,0.32642916998703275,0.6422937593394697,0.9929387654384657,0.5669824580263406,0.5912753122978125,0.682623832483562
0.3474983109958805,0.03167732924334663,0.3981445742195485,0.3911217714559818,0.34923979403124206,0.5870176205581334,0.9828515974322821,0.5057935803393152,0.6716927279474225,0.6493687879667932
0.3235575028950261,0.06178930748690908,0.5180911691971175,0.4082396540721181,0.38205164679643,0.5693693521805319,0.9374085039375001,0.5278571658461662,0.6420989981572858,0.5886558841489784
0.2895184394399496,0.0216626831089102,0.5174947146907337,0.4234678012117692,0.3252121408004392,0.5413815969450899,0.9674548152279191,0.5788450966726917,0.6700821815244983,0.577614320609197
0.34248173536245224,0.032199047514703115,0.4266682991695986,0.4251649729096311,0.33835033779006907,0.5220300903293245,0.9684219426270868,0.5272489177385289,0.6520818423148248,0.5997600849632501
0.3539231351253657,0.0717875509334609,0.48117046064306557,0.3292382614179579,0.4184908530668104,0.5407738637172876,0.9227944610999692,0.5101418459993488,0.6376575795916973,0.618520672887612
0.40465461232416844,0.08765770381468539,0.4655761941953118,0.41133521840158016,0.36407694057951784,0.6245775170355472,0.9181424600598145,0.5081877230541707,0.6360982586943474,0.6369442087169086
0.46400682106697866,0.07329974231544202,0.4826189533112156,0.3007953555761753,0.38940681734983407,0.6887599290444892,0.9413260745197062,0.4974082575308244,0.5402303203751817,0.5989078814049293
0.45645927138874853,0.08764694390955509,0.5615151329705562,0.43678962043429587,0.4399037313247403,0.6334888333809319,0.9068516787991956,0.5219977458360979,0.6165066570639158,0.6091752817591809
0.3502896957418457,0.05433732984167945,0.41391827698959777,0.4386518488369049,0.38578548186257494,0.5768135868169024,0.9066681499297601,0.5198669586434239,0.6461236419550076,0.5988372601033762
0.44654908568927765,0.027399083901796087,0.4509585099535788,0.30721274857305253,0.32199908205214073,0.6121604797201863,0.9890154220514845,0.5242996366515842,0.5300816088895042,0.654939655898918
0.39811955965515017,0.04985896649662739,0.4254169411954969,0.3600657258423607,0.3572445364101105,0.5970607320242733,0.9467673751337644,0.5697072883056775,0.581681129653902,0.6503058317909747
0.3008786938727763,0.05538468441179205,0.4301883195832496,0.3297781250429361,0.34718276049240054,0.44982556916398264,0.9293776026872904,0.48874008256361123,0.5723546206249268,0.6448377797403604
0.37696412705888394,0.04638793279470243,0.49438928978256175,0.20423624603577734,0.40028900945765417,0.6119737032098198,0.9347191903279152,0.5270032766242017,0.5015119628568525,0.5715626768197575
0.45488267149326694,0.06260866276826524,0.520627851789871,0.45342088692115,0.3431285077184675,0.6420657185025018,0.9255975858260689,0.5387920461201434,0.6328212732802221,0.5732712859048621
0.4777764850612442,0.09497642855346553,0.45759421078861356,0.43928410069337326,0.44417705025293575,0.6814908449279278,0.9441448246503062,0.47192920961103946,0.617953997321322,0.6331543639235946
0.41313999231750487,0.04788652354872948,0.4641612876759187,0.3012068591827036,0.3737511483334561,0.6079561261642117,0.9150119435326197,0.5715855046287595,0.5027346436787652,0.6287508490715203
0.37337075562256905,0.059042637189000935,0.462113787465885,0.44702233858783536,0.360547093368904,0.5465684082257742,0.9773725143920707,0.5381770649029372,0.6026991428629538,0.6573201089797207
0.4216104933820788,0.07293211051671358,0.4364412470695034,0.4901331018624058,0.3630393572434145,0.5887221670954175,0.9432157344472173,0.48359717174505945,0.6939764738614225,0.6484984449846045
0.3838373692302062,0.06028834028765818,0.4519632409387795,0.3566830628715284,0.380229639274914,0.5748198006257697,0.9603151737595901,0.4758532563435961,0.5696368595593884,0.6316184528531688
0.4609723137838666,0.03179811469628967,0.43989241274260044,0.4033348693410182,0.34382163484660333,0.6343517126440705,0.9807266306828933,0.581148431115182,0.7099729367496351,0.6497460127368464
0.38658320096922816,0.07789619551901834,0.4609564716306851,0.33662011929472113,0.36170283895267774,0.5338723456981228,0.9325450418091802,0.5299357720094535,0.5556418824876177,0.6132928299343738
0.4187422062833414,0.03846921189406397,0.4618156931712511,0.3524540423187858,0.4164816646685832,0.6072737953406131,0.9662876408289244,0.5102475205638316,0.5831397469567481,0.6398989394377115
0.5594002148239485,0.06068664611696374,0.4513963122134502,0.41906071283666285,0.4003079619033886,0.6904209793383214,0.9261604412436646,0.5534792552280862,0.6519945463673826,0.6198705905103012
0.3267936023664346,0.02607485021487925,0.44058420906446355,0.3727518969795256,0.35359838421007045,0.6446609738536442,0.968682967582513,0.5039960830857299,0.6718875924964008,0.6909452197725447
0.3626891392875069,0.07558519184771083,0.4451504579774488,0.3282228882434723,0.37570337656240016,0.6528686713158561,0.9436560262858807,0.5479025105057076,0.5650001291109228,0.6686535950008385
0.36157490765977446,0.08132441484606776,0.5352573700811655,0.3620731205155733,0.3955181790532724,0.6098720856009366,0.9368959049752191,0.5463818350643944,0.5948555457846623,0.5698992212271244
0.29436554478549615,0.05529945278137792,0.4907029773130347,0.370445186326361,0.37846185021759354,0.5489343006607963,0.9373449820641484,0.5425834254910822,0.5738277554040526,0.6443142319119781
0.3302030821239709,0.050193615268037714,0.4622040648503226,0.3436357638574392,0.3340123660029791,0.5302845678077686,0.9621826154804702,0.4919122979544672,0.6691558815364617,0.6349909149520188
0.3415513575768174,0.05364155334196008,0.49138299023046467,0.3654359551853888,0.36168285990535826,0.5127341927010267,0.9515365988390665,0.5423786877164698,0.634895105847401,0.6305849968735695
0.43200459594589374,0.06938661011002731,0.4713300851279797,0.4315529038190118,0.3680297302555456,0.5425173945574631,0.927462592345739,0.5466452786492578,0.6310433581700523,0.6447560634417522
0.28985866346986794,0.05217461337998217,0.45424035952428266,0.2763469665897696,0.3784394648597145,0.5436151296304201,0.9164048786021866,0.48887798123935167,0.5885914692222857,0.618870836521983
0.44935803455638856,0.03745332125997531,0.4432072471804258,0.3281613733062952,0.33713382427095995,0.6378097417228411,0.9902375430208633,0.5953917959737542,0.5855297181941201,0.6569178415194743
0.36697886369136956,0.055426330978651184,0.445109202650918,0.37440856780833465,0.30589196227546506,0.5567193223480104,0.9361644443545978,0.5812605234744439,0.6199532124177118,0.6396012912467754
0.3609048998587205,0.04813727625907941,0.4729861397381647,0.33566382707337666,0.3398042320563991,0.6084237328215831,0.9447683686263812,0.5014895044172918,0.6170603779099344,0.6332301831429068
0.41945252413913975,0.044302827049147335,0.46528738226655986,0.45306516749800635,0.38035746079575056,0.531525779079413,0.9381300127302249,0.5984862190239431,0.6742788541730544,0.6232741324458981
0.4678591984204272,0.07433201582672275,0.501100539996607,0.4299607045267465,0.3699020538453528,0.6237788792046123,0.920112638922033,0.5469726550113805,0.6684038582731152,0.6191734405393432
0.4664624450586896,0.025901616562759366,0.47604103862405767,0.46981267321529396,0.31650584988079544,0.7145595244356426,0.983833253058214,0.6480281356945115,0.6622295167648201,0.6800305856831674
0.5307032863261771,0.06232826367785133,0.5024278803141708,0.36040596570401645,0.3927141468414468,0.6925255301258577,0.9530308179271364,0.5202207592530168,0.6031296958063692,0.6165620091670461
0.43944203676912924,0.07083891952405443,0.4354988280388855,0.4496198842370724,0.40353313066184887,0.6475067030190863,0.9381781318793205,0.5374728308775513,0.7029195265780548,0.623734682085919
0.2765095005202926,0.03930068888574222,0.45136722576291965,0.30749911080578274,0.36564214224851727,0.5144866162326749,0.9538183998712032,0.47664467327680304,0.5246329861062307,0.6168308849569298
0.4276036917892263,0.07142276510895439,0.5434783077010449,0.5031845301637227,0.3973907324100767,0.6260627826441907,0.8967259422073395,0.5677433294557774,0.7169611730290427,0.5886473605130662
0.33732066067825356,0.033135476103320266,0.4288743281141094,0.35479058371841005,0.3264455703658991,0.5608656611691993,0.9561835976582973,0.5281731432192429,0.6029402099090516,0.642351863266529
0.3163694199502033,0.03677773858075559,0.49391422037927935,0.2737200998762716,0.3025574252546202,0.4924604486301539,0.9770063211004039,0.5587252783476278,0.5222320530488584,0.631968105073403
0.4880329628534536,0.056710251518589806,0.4280687897607771,0.24831994264127516,0.33270109433461653,0.6498361694199892,0.9580485311174133,0.5365132399941621,0.48359009621866733,0.6498844545747935
0.41028563365790444,0.03752431744157671,0.4570691308455517,0.47542202894844376,0.2929824315853415,0.5512645449557383,0.9769016190418506,0.582098592613502,0.7290937578890282,0.6733518064748637
0.37554451032751085,0.024820818702706936,0.40524608805013673,0.40375146451631194,0.31626584078147363,0.5988884872758864,0.9732879803599351,0.5297598627736282,0.6755896909006986,0.6254478534652164
0.448998565658895,0.0820203629445542,0.5265005859665342,0.3861588590506013,0.4086070404736034,0.6136468668803802,0.9170922221997349,0.548456255502683,0.5499979537800528,0.624410316877609
0.44189104799164997,0.03351243613028531,0.42746005019846184,0.3788750049487169,0.37072874899521496,0.5665169605565248,0.9614248544075653,0.5440402443103776,0.6176160935305324,0.6886136499071478
0.41175451302180865,0.03933703216761246,0.47633411022870437,0.27496328951851406,0.3122624859042928,0.5637802102312021,0.9854245319393707,0.605534712709443,0.5379876908058528,0.6895952487976342
0.39130286949609644,0.051378018196611294,0.5093336809367461,0.40937633646410243,0.38860585824006205,0.6370782323541263,0.9462845101241476,0.5242674622631411,0.6566139429176179,0.5981608732335726
0.2876428576435414,0.06182936981199693,0.48711124671095435,0.43696388751929943,0.37438780925504067,0.5046802916950623,0.9787100496293653,0.5316310568197382,0.6658289850019683,0.6171243687175467
0.43000966408536045,0.09352763077909462,0.4536387507200112,0.45063587810795686,0.36481848478105156,0.5998261975221593,0.9086805032734278,0.4958512793322307,0.6603177448921757,0.6417750969638137
0.339053688663077,0.05002470389136638,0.4042374593210682,0.3507603065122247,0.3561516270289719,0.5424109718151353,0.9758708596471515,0.5127091078850308,0.595318792208866,0.6829189126725769
0.39197117356009237,0.03787276186620533,0.45509079673281716,0.42573812038682907,0.3485092064380981,0.6085223966758839,0.9640441684225982,0.5516535269639449,0.6434678899889386,0.6264516334883331
0.35405377294326346,0.02612348753672863,0.4647806223967636,0.4214696266868814,0.32450067436146646,0.522942397782796,0.9547973093438558,0.58302928828186,0.6734133881943267,0.6377338949546001
0.4509844944456839,0.012645223082766876,0.4195110226904512,0.33050773578970155,0.3499108514702417,0.6218025308466775,0.9653814426427864,0.5261287916861133,0.625600647586421,0.664803622542153
0.5177197295620524,0.05039169812768933,0.5234806153750317,0.4271893963395944,0.35995487295222645,0.6386911935207311,0.9575085194363242,0.6214161615229004,0.5969383436697102,0.6196108410024128
0.37434437570061585,0.04231493253865893,0.5012002631927677,0.3355328919196128,0.3605822264609569,0.5957967107888954,0.9814050011030238,0.5427252551504225,0.5596816060343994,0.6650045161230786
0.43086433051689843,0.07546565052875155,0.4548201741598715,0.4194976817280875,0.46689781209263126,0.6757274802740763,0.9459622908125269,0.5170758327190778,0.6287979556653178,0.6113870433493894
0.5069785137328083,0.03618806913861756,0.39570922203686243,0.42376829685097905,0.3990213931980113,0.6298225098339926,0.9756976490636231,0.5446106037669928,0.6812737920186023,0.6879610951994155
0.3603692077986236,0.05250873834401758,0.46499535464205505,0.31484256188847914,0.3537721133778447,0.5241701678897308,0.9465716366678439,0.5504378421349375,0.6175540206064177,0.5749454886942196
0.4190928713382394,0.07156147189652125,0.4912056673523547,0.4264557226933313,0.3896832206615219,0.5972009578307806,0.9295908230752639,0.5082825568368718,0.6082300857327716,0.6596246793857866
0.4380134108461483,0.07686154611150466,0.5140747955871432,0.42708264551745134,0.3796968520613096,0.6275277983884435,0.9313796964892722,0.49690611308019916,0.642583744772386,0.6004366565227431
0.41835220405580215,0.03829428559536752,0.4808887367159765,0.4429772656318043,0.3357000757341952,0.6389769862485091,0.951792078653934,0.5426127313704998,0.6824286213677286,0.6244949368898226
0.43253003954983726,0.038193813753225475,0.4392960378821429,0.37424870989797177,0.33255355661919617,0.571505590171653,0.9614456932436347,0.5434886231532405,0.6003539422281814,0.6763335608484007
0.3949035526196903,0.04953756252827072,0.5212161481096684,0.42984955790545704,0.3430859349260266,0.6259105025647456,0.9381546548288962,0.5775522121756744,0.73734751963262,0.658115417695569
0.3108685201408628,0.025853877965855275,0.4403089917636458,0.29588229557366075,0.3128511145856264,0.550699584229398,0.9573180864920938,0.4967117262873113,0.5067403848605901,0.6300215328476679
0.34658430610331914,0.09324262768129384,0.5077457896424742,0.28509920060181976,0.40895405147550773,0.5931242188719632,0.9085097593416179,0.49176574922587746,0.5378117140034852,0.5821392611258815
0.39961450705361073,0.05244610942080791,0.48150583500892485,0.411865077531268,0.3820267009193238,0.6548327129692159,0.9602680248089834,0.5398042032525114,0.6338639987276113,0.6455188942765049
0.4296065729403799,0.04261242907036617,0.4715994294986092,0.39864519793353426,0.3586454098455415,0.6419819721777458,0.9401444001128818,0.5019786742750503,0.6763568382352042,0.6565328498251459
0.41086924320491713,0.06924083126319092,0.46777939188954015,0.40768034103323547,0.347101097777879,0.5443669096685297,0.93284904412212,0.5580215100769004,0.6242908156278835,0.6017369625296569
0.49238094434573443,0.022185784647839147,0.4339818066429531,0.3472096651364097,0.3281570182499274,0.6132868648418911,0.9475976914502828,0.5464073730515403,0.5780657289515265,0.673268688148895
0.4311172513474773,0.04366482085397045,0.4906257410396329,0.30752787117767144,0.38868461986484104,0.6642662473410941,0.9629137235760412,0.5332786162381,0.5453290127391832,0.6226698978940667
0.3507233687961401,0.0667368558943356,0.41678602642588086,0.2588891348875848,0.3882379772491771,0.5538463128331091,0.9333888445543331,0.4623285454971615,0.4808527537099315,0.6218068371310279
0.39252185017921815,0.05742222907842366,0.4395420721842372,0.39901747267641935,0.37250267718227986,0.6078962426080825,0.9430817633044581,0.5443247290198174,0.615201938627755,0.6230101358863411
0.34190937354652634,0.037551584813820905,0.43591364936140464,0.41253191710538006,0.3415935429598787,0.6046199516730418,0.9909352419954239,0.5794894787044768,0.6890086546583518,0.6210340899574728
0.4367426270372482,0.03813127195297095,0.4755174639620481,0.40145610252005165,0.419598949606953,0.6218931707930793,0.9722857485781924,0.537132014155195,0.6299077204182952,0.6363530955155139
0.37984837516375397,0.034763518436947416,0.4394509736304787,0.25967929964556274,0.36363318825505947,0.5809398057590576,0.9636854564547205,0.5827166189776617,0.5445597085172038,0.6427333547480416
0.4588583337191085,0.048049788718318144,0.47039897819788123,0.34125432756789903,0.3608371369691376,0.6337876370889122,0.9676283052466101,0.5705350185645746,0.6100039622946223,0.664723393543867
0.33003199438701997,0.0429658972776346,0.45770342917998436,0.26355496722706667,0.3505652771635012,0.4982835077394515,0.9368003038307958,0.5007669977503872,0.5028983147148709,0.6470501284039851
0.36675555560568973,0.04004675534561507,0.505959747448403,0.40760622002898356,0.36574364648206686,0.5651791829109951,0.9694149423639619,0.5337505928447478,0.6849800655158513,0.6525127425273517
0.4391206597027422,0.02861343127902566,0.4570471457532291,0.3612959363630154,0.3680548234867936,0.654507739563538,0.9405171676751158,0.5653562525636953,0.588009793662531,0.6634792718235517
0.44675891047237143,0.06316942236931014,0.4823707540626482,0.2715857409481591,0.3741018566607521,0.6366094640817316,0.9571234533245765,0.5047938081072229,0.48251699869338394,0.6663445757897847
0.39930127507566476,0.035956357167473696,0.41708100490369654,0.3285222262488803,0.3275784718655433,0.6229025526605754,0.948158718199925,0.4983448644721944,0.571635544339308,0.6667372314378062
0.36032191776804084,0.06285048691871628,0.5018943490037726,0.3796521184985928,0.3664540559751867,0.588563167331866,0.935353276613818,0.5387971220919177,0.5784616148992889,0.6105190451263822
0.37052260109273394,0.05316565907783392,0.5618903648153999,0.3923475097487895,0.39153115063246563,0.5850974041821853,0.9549839109002976,0.559594498541004,0.6444921200873549,0.5843162957953001
0.3644946719156707,0.024041111534088597,0.47928495082992184,0.34718100735499874,0.3446580328740271,0.5257479144701653,0.9737126449291406,0.585413148941481,0.5855658651215372,0.665285026504798
0.37827268048327356,0.0894307581170496,0.4487143392504902,0.3605481737904235,0.41771803668778723,0.6051742314008365,0.9504544296951244,0.5060814827857034,0.6051036590748311,0.6036122597023578
0.38279488451064353,0.03778477988466988,0.5231699096513289,0.4405048688436442,0.3805337543616005,0.6034934654261508,0.9398758892869341,0.5883480054758579,0.6718243399276977,0.6218943592938908
0.4540410804124853,0.0012811710801778284,0.41093911815598533,0.33163892044992915,0.3290543199449184,0.6853643598834387,0.9905800846440544,0.5405306447421214,0.595740809900758,0.6704541468857972
0.4155089108723576,0.07703316827722756,0.4347166015952036,0.464908901581604,0.36865586543064005,0.6204233319876105,0.9338480004882161,0.5313822923574897,0.6708835886419705,0.6288056449171759
0.38604242025717184,0.02772377879647497,0.5237549423399283,0.33210778459724094,0.3307729090956603,0.5875949459384908,0.9636286505377033,0.5971589547004406,0.5856075431415712,0.6122169290576975
0.37410230871651595,0.05647193192791838,0.4706229105418259,0.41214644692105656,0.40157567202385985,0.6006708069267086,0.9359931445543563,0.4836840883856046,0.6767630013817699,0.6067979409961022
0.3959829657676272,0.06985714477457114,0.44466275971607466,0.43177882614889035,0.3639124669097821,0.6157516234719373,0.9699041889508575,0.5233555584758258,0.6519486487786439,0.677126635924256
0.37413369152042425,0.03177223186362578,0.4220822003936167,0.3604820853119266,0.34518295495005097,0.59391535739637,0.9921341118972853,0.5667378658741531,0.552465155723337,0.675888655922348
0.42702773416364526,0.0695864678163476,0.49360470810257423,0.5058383308748091,0.32744752230417046,0.6203255310599681,0.948397808224494,0.5206689100824127,0.7472118892973395,0.6063323889883099
0.3836476911479121,0.02422682388227714,0.4843283429826659,0.375448129944582,0.3731175002663303,0.6368112077959089,0.9557965860905006,0.5445763924109648,0.6293964609021474,0.6327264386985683
0.3969007741529667,0.04947511926508184,0.4850713341277658,0.39878982073822156,0.3603519145813888,0.6444764838002237,0.94222759910756,0.5007571429137282,0.6056702254876511,0.6339694622117928
0.36879170058192934,0.03150350342913455,0.4396098859389312,0.4472356692651906,0.35974194816746063,0.5096876460647799,0.9515769303730566,0.5276019901056779,0.6878075946840851,0.6614922115422026
0.3975592193625611,0.00985371017307272,0.4205368705470585,0.42050103702126906,0.33994673143762916,0.6456026242746908,0.9817021936823249,0.5614409076410837,0.694860554727693,0.6777857507762901
0.4224955408614732,0.0903050813170545,0.5207236395317691,0.4580397689703746,0.35234691242930744,0.5823693927270822,0.9301025689828755,0.6071489410330391,0.645803227962155,0.6187322572199516
0.4227587395990842,0.04548911888244917,0.4697306506229888,0.46731500497205847,0.3768278417457163,0.5466795111015428,0.9541300041816507,0.5027981832301995,0.7065846749155201,0.6111701499375097
0.3370020833132181,0.03280031268220276,0.46354028842134404,0.4258511040960274,0.33978408427358747,0.5698712485984578,0.9401380076083978,0.5250260737025392,0.6627082403099036,0.6269309263796632
0.40599369208295094,0.0604952754306008,0.5223019613313142,0.43016180339597765,0.40919433930071003,0.5945476106576809,0.9466649917326572,0.5742782354192362,0.584221249318428,0.5933840774275149
0.44522099743023363,0.05132318190018465,0.4196228793878493,0.3863446089336959,0.36057905707772875,0.6273317292433895,0.95327960924515,0.5335242860697331,0.5946318886371416,0.6692210568687915
0.38301469877260225,0.09385948109723515,0.48725519833953107,0.3886259635008506,0.42259010451359263,0.553792888504111,0.919343999893409,0.4961965507739884,0.553346376568773,0.616608325158349
0.39486323281953134,0.05551480412449516,0.5176321080998811,0.34156515156963435,0.34223799911170977,0.6222837231539642,0.9264962386972565,0.5276561549737739,0.6681701085147039,0.6154893845686056
0.3819456953562572,0.06867942443522988,0.5048039827719109,0.41704711283084306,0.3770505825375545,0.6374584101412409,0.9237106571912386,0.5490244915876021,0.5506382950495272,0.6148955554675106
0.4521909634968724,-0.0032311209787034122,0.41718513214354064,0.39956908890448484,0.3259057534777946,0.6236195371125024,0.983135340928391,0.5997241421822044,0.5930084883985707,0.7033200241906161
0.36722009596889277,0.019912644774782138,0.4583296259330924,0.49163332353084277,0.3250614834330317,0.5988790830698473,0.9691130886186414,0.5666730225031225,0.7278559889108709,0.6482043610005315
0.3175905901324093,0.023689393451076204,0.4305496754070291,0.4101986849754593,0.29526025313807963,0.48530945912306156,0.9667056237275484,0.5634986816734546,0.6444877675518214,0.6474616707369739
0.3315672799441729,0.0025281845042433005,0.39583797924944225,0.36347643095191284,0.3546614072945326,0.5690403370949408,0.9613873544039339,0.5333942466228736,0.5930708916099866,0.6371005075083906
0.40803207884970344,0.05741439783977403,0.5069887486978722,0.33193074891906055,0.372001192070213,0.5996110636199208,0.947581370748631,0.5007558735807613,0.5870467338261938,0.6264048934361598
0.4396501055264189,0.050570909285542885,0.45635099975882176,0.2995572054682014,0.35877544173294973,0.5939568000119912,0.9744202483518559,0.5762233628444682,0.5559892563670819,0.6653350991579037
0.311367301929614,0.03136315505964609,0.499918202036836,0.30650039652988376,0.2990023882413075,0.4986597262504959,0.97582141812946,0.5920575142638599,0.5709827121375657,0.6883924167365334
0.3339103948565821,0.010274861474663497,0.4504506473363994,0.32044049965867083,0.2863533653811243,0.46487570391811295,0.9817205825146792,0.5377910169401465,0.6208476515945041,0.6534896158460013
0.350956439860667,0.08335480981031185,0.5269949665071147,0.36690697888876805,0.40477350238981963,0.5531645366873139,0.9347631776344535,0.45927886268040563,0.6106968897154408,0.5920172031530324
0.4048433921677121,0.05852359873227631,0.44812063129203794,0.3654942208746984,0.3235641103462107,0.5226417002722512,0.9375850924591964,0.5555952223154108,0.6580063694936025,0.6213623585686678
0.40891104287106783,0.02104786296351783,0.46712538825390876,0.34459037194579206,0.3232453186825949,0.5661623502499259,0.9877924931453415,0.5589530834828188,0.5771252220149701,0.6521043141841059
0.47242769787386624,0.022045087470244824,0.469739740144635,0.42494785164969373,0.3171108167068821,0.6536673407532546,0.9430154700064557,0.5591239978951289,0.7057228623390828,0.6676343622134999
0.511695385878167,0.01903994779340439,0.4557324695852105,0.41825125300372495,0.3016181554394854,0.7438858490111526,0.9586311771535099,0.5658687133149336,0.6262696266408593,0.6814985040322933
0.2577104893121199,0.01081993338204839,0.3656851580424545,0.22363121198039157,0.2843098778744452,0.4723716259638825,0.9764840104427931,0.5153653004563241,0.569024429569347,0.6401881570883727
0.35852779302369314,0.053240020952161723,0.46853598351054704,0.347467931360431,0.3773536135227175,0.6100136093159775,0.9367346539972562,0.5230294517603985,0.6063827572711491,0.6292054826540836
0.41267168636633805,0.03926326543671376,0.37541303583999985,0.45384947901556294,0.33588102344141846,0.571087717781891,0.9713121234290145,0.5433559317400096,0.6294965167069475,0.6357075683001092
0.4302030449286583,0.06204304379292664,0.4773917739737699,0.42096821484584646,0.37975972025689236,0.5563936292160045,0.9205157073180688,0.4814359065262773,0.5996686995331182,0.6262788425398151
0.4409158878359309,0.06689376377353527,0.490588612655034,0.3727246008213444,0.37004172105415084,0.6346558773816834,0.9403684433836534,0.5615783019803664,0.6418447117273596,0.6140956331961107
0.3920137847718896,0.03613672188312172,0.44407656657823563,0.45001137801955865,0.34547092998142664,0.5739077174798939,0.9820605909674983,0.5579945004621671,0.6792824692067925,0.6883424406504186
0.4234615655946404,0.03610429004126236,0.455596952661059,0.3536266933861462,0.38489856689694407,0.5644365912013127,0.9657679510831952,0.510996712513627,0.6159758962411576,0.6192182128603579
0.42479428067054686,0.08794579623801302,0.5008073215153209,0.3765235633675953,0.4400517027337266,0.6007565793726171,0.9130285843255764,0.46265112115653617,0.5966867135050962,0.588682397328828
0.4576997051991455,0.04566240832037271,0.45810505350050357,0.3945400984277432,0.37181307093432203,0.5830201665472599,0.9290201759875822,0.4989744217734243,0.6481993355062308,0.6598772583531531
0.5428417331524829,0.01938773920517613,0.4494658695229584,0.331677518030734,0.3389828655161334,0.6927720530290848,0.9863407981886518,0.5725670757274302,0.6375765610769586,0.6828532421512542
0.4501779004168084,0.04336841872188494,0.4895074330003918,0.3988617092694866,0.3569579439321924,0.652544238678225,0.9668415695807456,0.5358913097207798,0.6291102311717118,0.662935409061247
0.3882625898085034,0.03986722665204438,0.39882924298643885,0.48592054899932063,0.3480164017117034,0.5887332121227473,0.9709485247926042,0.5353567764022905,0.6911125174005766,0.6826054422417195
0.3882293003761966,0.018804537875495634,0.4246435682071868,0.42653565378500535,0.3675961917589832,0.6428485123232646,0.9609709788423771,0.5239126587791012,0.63586294936826,0.6593959024437923
0.3820592443928314,0.02306876025910635,0.43381293029312135,0.40089619687658484,0.3045784610419641,0.5476714183361544,0.9580405855682523,0.5541791664643879,0.681389591374825,0.6756801804789598
0.43204695322444464,0.05897310114637204,0.4561818113712533,0.4398022440827261,0.41897336021302156,0.6584127460766496,0.8990408746083728,0.5167578704423734,0.6561547848021609,0.6592157503055204
0.3091630662470698,0.04439964073724794,0.4724507686667995,0.3410948114773636,0.3449318904931614,0.5409871868880787,0.9623571883558351,0.5478520228539066,0.5745671701677277,0.6179211081052005
0.4332526797612033,0.06876069492035423,0.4622125620434674,0.33345349437088245,0.36685632992782097,0.6193420088225923,0.9635537211515696,0.538187405520137,0.566785592749628,0.642786667455697
0.4825448447886626,0.04582454782037533,0.5507177066102859,0.45469167276065336,0.361579115804438,0.6718418435960796,0.9293203158765095,0.518749491709734,0.6523314033527017,0.6152464989115187
0.3096951674063341,0.04904684879746504,0.4355056694096341,0.27282660489643795,0.3536424167723708,0.45509327722746307,0.9465474765852181,0.49624389669599733,0.5770207505909799,0.6412791132114771
0.432323290957174,0.059150476701807606,0.4597889917411549,0.3977381613720216,0.35303417929519854,0.6264859666646891,0.9262854103096507,0.5047690065349392,0.6461586969857573,0.6624368330632654
0.4631205808394493,0.03999305937728723,0.4820570538400536,0.29724662156006093,0.332051241817639,0.6862919600224873,0.9630447024820038,0.6277017306570067,0.5862508350357052,0.6841865597582053
0.42408496427165787,0.08426235136812975,0.5192000750353256,0.46208874728540433,0.3935458489223317,0.5916532299041115,0.913790653001046,0.4936489518064223,0.7186220547972806,0.6242792776110906
0.3730288858370098,0.00841542873192223,0.392144398586992,0.42716302359558217,0.3344787385350851,0.5676327994311902,0.9495911315912094,0.5421804981614109,0.6833612402404478,0.6788843018496016
0.3907584658600434,0.02944758958658573,0.46519839305766925,0.3509361569221348,0.32885469034821035,0.5405701100909519,0.9684196744476197,0.5781523276568721,0.5975675347633973,0.6380629760442573
0.414402468635521,0.05951195862236953,0.46385365634976333,0.36135938778290755,0.39908260106291676,0.6558966305611371,0.9356400533831921,0.5613874577118921,0.5655766179539952,0.6583207305646809
0.4391821051367558,0.027904015369250693,0.43192893907821955,0.3187021625046215,0.31633852526432105,0.5902730490973015,0.9848209798345903,0.5670239901419947,0.5087943081669725,0.6829241929361565
0.361736796807373,0.04942004344047523,0.4731880515318377,0.4017168521820704,0.36790196464612746,0.5811835157945784,0.9443640552945789,0.5699750734631196,0.6364874746529013,0.6218622245218379
0.4607042425335642,0.060657485407380904,0.46738560321454026,0.3222804787927145,0.3713430809238275,0.6778946061093273,0.9493276996577338,0.5304757087275369,0.5276235333211855,0.6635295641108001
0.33653199344680024,0.05436989515602031,0.4439168551533844,0.38793455662828175,0.35860565726669263,0.5302783155717948,0.920436863046777,0.533945541982909,0.5810796192688731,0.5979948729201648
0.47532906707240125,0.06502454356359301,0.45159818749035663,0.28475945253928564,0.3461682035333516,0.6779445658688925,0.9649255911201943,0.5659444266884779,0.5330598307727223,0.6561293882272137
0.3855372490059621,0.06093283323737701,0.4967692285756687,0.3672926183038076,0.35436474881072877,0.6270077879922673,0.9602192969175692,0.5814373874138006,0.6304637537588674,0.6116294790800305
0.47600789944063776,0.03644942355038985,0.4290980690742572,0.3730162768465269,0.3898149892729579,0.6291989248625447,0.9478149217926851,0.5225933634519591,0.5905109957661195,0.639625205729146
0.43826057875350133,0.05120533033340685,0.4325908738557044,0.415952374609057,0.37867297934012945,0.6426925351413346,0.9535914136298576,0.5498326917240591,0.6399256115048886,0.6551266465423744
0.3302672588424894,0.06697372163887637,0.4696510213636036,0.36298382415363784,0.35248408254664376,0.5391667093356448,0.912436361654754,0.48821335617969497,0.6021773837854969,0.607865525627793
0.4430679309881818,0.018007708139497636,0.3634793923790698,0.3550158803807104,0.33405042871184715,0.665763079868251,0.9765262027791886,0.47469688274183797,0.63041939574655,0.6691532162029341
0.3892865043092048,0.05931893125859152,0.4798257113565694,0.40322439199863785,0.3447024874379345,0.5411992432306918,0.9682732351159391,0.5585820902834047,0.6241307658594915,0.6148553193131886
0.4146727826452687,0.050186386126064415,0.406093643795551,0.31917197176673295,0.40940474423186524,0.6197367790115804,0.9681761838000184,0.531939324397615,0.5462720179457056,0.655979491903895
0.36430433814253105,0.06067058973187191,0.4918334367663738,0.34594894689345534,0.3657903026449136,0.5500315700119592,0.9321165549791676,0.5431663057954217,0.6193993012893007,0.6256680027459092
0.36751849075056986,0.04979528082575735,0.4951638156610844,0.38260814561652023,0.33354188582277056,0.5359650704622835,0.9376427288505753,0.6222736814442671,0.5997091039655182,0.5864168786929456
0.415802585968343,0.058384985904628754,0.5117902015128848,0.32238511255492835,0.3535207785845944,0.6132171597849339,0.9379269200832032,0.5261552550910178,0.5724387264957755,0.6141859667135268
0.4225617704524859,0.05892591062532827,0.4613371609803048,0.2564385464928375,0.3531231752796585,0.6329847066198948,0.9417167254857091,0.5197225932472348,0.4916518523801827,0.6225667677564891
0.43419668265107464,0.03073306656434257,0.4444036407925438,0.4585918674571068,0.3207846386592589,0.6058751648908242,0.9637439978190461,0.5830256910564098,0.693453523409406,0.6517993519435048
0.4634098463878587,0.05793677720195278,0.5050040696430335,0.45997502298582854,0.3721572315644386,0.6480496736618215,0.9321810037593622,0.5550796232021936,0.7231214583336603,0.6371108793341714
0.33372371301385306,0.03950965862984391,0.37776161099743155,0.29333786117651917,0.37401363105937413,0.5851362785957999,0.978499679443356,0.4663867999907235,0.5665396103098461,0.6711921077003317
0.38732945565917914,0.04057806650798854,0.42632214400097956,0.41063372563015177,0.3234632459213705,0.5969846968382875,0.9587587424119371,0.5387459895182208,0.5955817827472647,0.6377526491256689
0.45232911666325154,0.11262918236921411,0.4616531747271804,0.3627241450231849,0.41245318110363144,0.6101066529756842,0.9052114045603293,0.49200134627056147,0.5164528459129903,0.6082726270436516
0.30062449144024755,0.06195731337521062,0.454316427319075,0.3667039447577292,0.38768032824033927,0.5497564055828991,0.930164577409584,0.48184408816086954,0.5504603225976287,0.6322330863608328
0.3488265112511072,0.024098780260027482,0.5261775532510751,0.4883544774057725,0.31073820568563787,0.6452309116885024,0.9725047155062596,0.5729346630387566,0.7484295566199124,0.6604449569164377
0.45505486607396367,0.0801534677120245,0.5300862521074388,0.4161160943314691,0.3752744105493623,0.5978677242272825,0.8977694968653551,0.52228043954479,0.5708453834639071,0.593308086726564
0.3770958237640039,0.08131886599250768,0.5066837073605603,0.36473260166938176,0.3396160191516792,0.6022700786415767,0.9406199442073289,0.6533977792240583,0.5555308532701801,0.6445732770658837
0.37853943949137364,0.04772842889328478,0.47567415297615984,0.42666602382225816,0.3731261930277895,0.5322300011535219,0.9361727815206027,0.5588599795967706,0.6170366883175067,0.6325850646561012
0.31154399482062345,0.03580224697114185,0.4516687783872153,0.392215672801172,0.3005788095259964,0.5551488064033236,0.984728683929493,0.6150873584615366,0.6450975521186331,0.6840052190734767
0.4269347955297419,0.021912145918541844,0.42181952980303694,0.2960706529225269,0.37198315639869234,0.5429767563421186,0.9410799192366757,0.5385028690962965,0.5491835107409474,0.6843266874609599
0.4217152171888278,0.03645492952959721,0.4275984686901573,0.3654871284942635,0.3468994210840006,0.5384440027716624,0.9540103168685317,0.499221067025137,0.6413680237926808,0.6732723620986426
0.4503158439058584,0.02343103900887346,0.4181352697433641,0.4225986332626369,0.36133673461942245,0.659916533547612,0.9502128449580124,0.5060638372737242,0.6394318143329957,0.6429832175976031
0.4803197109690656,0.042651944189386976,0.4508372704141906,0.41988341710760146,0.36584181390644227,0.6307045136690036,0.95347724082013,0.5314557202024753,0.6460660717203055,0.6892468837774668
0.3958952610085805,0.03751887200995132,0.41527137650858315,0.34630470327793705,0.3424964673653306,0.5868815954139706,0.9918115264315094,0.5412241780351026,0.5467046851967645,0.699295623206142
0.29931189071744685,0.02854736554397562,0.42241737312729993,0.31325667847438654,0.3600280590067233,0.49945641764033755,0.9634891937593947,0.4827424282118967,0.592944633279628,0.6729234973197982
0.4369568819016975,0.022367517308504083,0.45089126498037646,0.35732909999770096,0.3332816736087113,0.6419034386554417,0.9774742744661931,0.6139897266647447,0.6300437330905226,0.6578402854497734
0.3359394202085218,0.04969873479539437,0.4542916802349494,0.3821508034102479,0.3325804511773173,0.5174970917972115,0.924717647698812,0.5322841210097494,0.6694856347671994,0.6073647988466637
0.41046982296382967,0.039955563558903756,0.48122885122731224,0.34565565004981064,0.33940887796362845,0.6286647729307295,0.9590580863596438,0.5668847098214205,0.5775969535639526,0.6364568070498264
0.25518135930624913,0.042324598377226366,0.5100210204247392,0.3798670636048686,0.3342273123399742,0.438115393976113,0.9455690585991456,0.5218311645075636,0.6351873775658816,0.6278428730581878
0.3083449569081527,0.058376623156692245,0.4448609742776154,0.42726888996206,0.35820142685307704,0.5187240977518023,0.9616420971751973,0.4917282059045097,0.672812065831629,0.6434233819417522
0.38556375060670395,0.07300037473375859,0.4729930448613172,0.3909177426002168,0.3330882166792092,0.5524405581497485,0.9279416856913074,0.5438451675157698,0.6055550709426649,0.6523080786096755
0.5054887414108477,0.07033999995516664,0.4252147726322735,0.3889843966156394,0.3818021968478751,0.6591084834328089,0.9405200039849958,0.5461944322538483,0.618856006487426,0.6557170171061648
0.39044793525288984,0.07719961902601737,0.5235457011768216,0.3759006335481108,0.3927915254621168,0.6019187877224564,0.9472955949878687,0.5418733908335751,0.5850243505231845,0.5931336473060118
0.31359863867310805,0.06060208781062884,0.5235565115364077,0.37221494688810847,0.32660787949802994,0.5295457357816704,0.9619688034530333,0.5590744847918458,0.586654272002972,0.6258086925842357
0.39284517546170283,0.05716308236958561,0.4580150906491465,0.4772364608797662,0.35127943135011386,0.5197699101471469,0.9422815781490593,0.490088714584638,0.6749052579864045,0.6500502878060748
0.3720250634605588,0.04432186787856656,0.45049934078445686,0.3517150970157818,0.3790735014344826,0.5323065709371555,0.9625012109120453,0.48499529809992414,0.6032708637752411,0.6388563257878466
0.36771580938394766,0.027297840618021357,0.4791916263774419,0.422139298665067,0.3276919484786197,0.5779144784970434,0.9541507467575464,0.5639923441187303,0.6643043799794172,0.6290621245407078
0.32638797046946944,0.06764247659842347,0.3630848123134799,0.4433437619411186,0.40522965031328606,0.5672587373899216,0.9353955996066421,0.44323323512839674,0.6175807446047643,0.6446454380975843
0.3875019620194068,0.05064445593986317,0.40845479318913874,0.4015730754241656,0.38444514907869615,0.5602573131344042,0.9458662800610078,0.4608203364063175,0.6232997570565588,0.6235825771567873
0.4281025400992021,0.05004189333726406,0.49751480072342585,0.38944716044765876,0.33507562963146825,0.6025802705986736,0.9410480872392263,0.5373606250902898,0.5906463716608619,0.6508074545727388
0.41049351038363346,0.02935040434504483,0.44180091188382903,0.39100013516967486,0.3352825789720162,0.6288920790366148,0.9743874806269566,0.5860435379497633,0.6509521560328468,0.70225880032062
0.43827391650705466,0.03734927223415427,0.44923490602038113,0.44018406886258715,0.358489061682258,0.5980731353308172,0.9741810443635986,0.5645895271999433,0.6835384603920052,0.656585450568796
0.36277658852843325,0.056866728499362675,0.46626174645518603,0.5122118029678056,0.3637797231343665,0.56911726237761,0.9356868440710615,0.5398543832340377,0.6768372514033263,0.6099274882569625
0.4001287896409567,0.06615593009417409,0.5166097809134422,0.4385885848336222,0.40684597011787027,0.5746980987590355,0.9306623111407102,0.514608910926259,0.6797871334298348,0.6272304242970466
0.40635715988362225,0.03303239412061484,0.4263031188902472,0.42242715690230925,0.35145497650837765,0.6483127427593964,0.9873814646107633,0.45716837274084465,0.7612819154757584,0.6744937453997075
0.3400608194826679,0.017121370206744323,0.4464498854184004,0.2902677580128002,0.3101596642514098,0.5212289848549844,0.9693106674154492,0.5104366993745995,0.5571733741534695,0.611668300299318
0.39164080236620885,0.020138732091941235,0.4436387497930704,0.4073768555898523,0.32859782815154887,0.5637145388104199,0.9652106954255785,0.6049260593558521,0.6609208587201443,0.6322597999861979
0.4606847299544041,0.020547307397521655,0.48124406331066777,0.4159728323490445,0.35273837611518954,0.6225278314065998,0.9559804623487245,0.5564724013561722,0.6380850674110055,0.653699217224788
0.3428602307845254,0.04186789704341737,0.43985225058300814,0.36753625394204575,0.3953640321316159,0.5412646857720651,0.9217546993353904,0.4593252208662052,0.605520240741813,0.6327882178518588
0.35079248886532677,0.08397612067395724,0.44786021455465663,0.4096262804432104,0.3511942800322003,0.564303887858868,0.9217052986398662,0.5033561525890422,0.6628948909172273,0.6014606068777058
0.4190921590451783,0.07218144781415296,0.50707786556195,0.36401406997729113,0.34648527541520263,0.6645283311291807,0.9665715717204246,0.5748675146757911,0.6241877844636909,0.6397846444998081
0.3711681723557437,0.028698898321439067,0.4145517371960794,0.3873750355523851,0.3239772300885946,0.5588718032331595,0.9462234234875451,0.5331735455101654,0.6620871106044104,0.6638717497629956
0.2734688729944723,0.04992713600579426,0.42942619210529304,0.3048828917486051,0.3715662282467587,0.5008355927605206,0.9402600402123655,0.5120794870149954,0.5299417251131713,0.6181947555224591
0.42765834314070583,0.024131795230668,0.47910232719505247,0.35753329555434943,0.29107756271873514,0.6187318166036815,1.002705601306579,0.626823442365459,0.5916820432972412,0.651208281393167
0.37427037713090705,0.045845383794597495,0.49429963243148833,0.40509818527100216,0.38077848404455444,0.5615697654671125,0.9591185029770507,0.5834960798739417,0.6289369119168158,0.6091705359134354
0.3251628726410948,0.04178453728367616,0.4423980217871499,0.3267227064830767,0.3581830787489753,0.527690673907641,0.9712226694339374,0.49200336405878764,0.5891261120198191,0.6330947571093543
0.42797197388195346,0.042373820490638474,0.4394294173236305,0.4093718362024859,0.37433563349394683,0.5669863918065607,0.9529126324873699,0.5099584719888417,0.6172116621830535,0.6401479274021209
0.3171618383926395,-0.017060770790944153,0.3488879773249513,0.309319802942308,0.3273155717653394,0.6154162781640073,0.9776990024055279,0.5187988530041743,0.6553487318596699,0.666494301884397
0.3079115685851608,0.03388422680462554,0.45293175850228534,0.3191114663076678,0.3041388533181127,0.5423794793812906,0.9737416303475238,0.5447689415446073,0.5508299408724703,0.6575485004791141
0.4181508590375985,0.01716910909772351,0.4661796730324072,0.35088600974368267,0.30461556832075515,0.5545915047704028,0.9504478088498316,0.5391660070759241,0.5604422681550476,0.6626336141899274
0.43036913134616883,0.05181457931763926,0.5528970967052828,0.35098655902911396,0.3470818292714289,0.6482602884159752,0.9592784753840371,0.5845630234723933,0.607131029764242,0.6125892983810262
0.43466205736315583,0.03781912075093181,0.436621934950934,0.44105272368915815,0.38446535392873205,0.5747018003420284,0.9326028743489777,0.541537722360186,0.6245534028543541,0.6697040569125206
0.42562686527844457,0.049453244999856864,0.5077886925310586,0.34390364511714483,0.3196627742677615,0.6575512288164542,0.9579325488242137,0.5879961274943415,0.6034103816834842,0.6185158184483766
0.3833799979737499,0.07262724001967773,0.5200111477671051,0.40512166189938875,0.38537492586981276,0.5588058779740441,0.9480882740360161,0.5127000804851076,0.6533656503686509,0.6133244372962858
0.4608389717911381,0.012467668339359085,0.4562714791065832,0.3464738319027295,0.32244413461311955,0.6190129956060625,0.9930267052418734,0.6188019893889539,0.6328409113060138,0.6757967093710582
0.42182787018606704,0.03642187384983521,0.4951153639071519,0.39544195454282216,0.38690447209554907,0.6355350245867608,0.9643693935512173,0.6078949104903801,0.6771838656829912,0.640609185243681
0.3968305568194738,0.05033480016720948,0.4659929075330055,0.36651838154735394,0.3652031852242522,0.6200473846315262,0.9448621303021582,0.5181386743765113,0.6361702894673358,0.6312286587870499
0.39833438816493644,0.07446331548417832,0.4669549940499108,0.3329094959646659,0.33028896231788796,0.514433485001273,0.9390622155674655,0.533880811767194,0.5478440467654443,0.6518347985655479
0.35654394717776283,0.03383651902174238,0.4136515973595737,0.417386031802391,0.3607717831668881,0.6135148729674071,0.9391241705664232,0.5279597322953189,0.6575095297199605,0.6480790054914596
0.49594849567073673,0.06290210438878915,0.5078245252305035,0.32710431189639444,0.337335134873946,0.6217097575959323,0.9451910751463739,0.5925492344854817,0.5559410325585001,0.6519184421465936
0.43848888668530583,0.012213004505704702,0.42959697582184475,0.33363902103162424,0.33688722984487135,0.6352967977852129,0.951722772306663,0.5154481751949291,0.6141767966069994,0.6633601848111805
0.3994978412885301,0.06633541437486543,0.47551277508316125,0.24453902066452007,0.344010261504946,0.5597280160337805,0.9326557633090035,0.5106879194534637,0.480254817093938,0.6188531004115285
0.455667357997115,0.06823168648865935,0.4917182158209563,0.4768495066351432,0.3780950785462455,0.6350500681820578,0.9214062979021862,0.4999826299605279,0.7015621491280806,0.5820644940477009
0.34858726301104603,-0.009256695183774349,0.40767171401078617,0.4118979420831368,0.3284274286975246,0.5527955093632553,1.011508130469237,0.5753764237527934,0.6955471293772639,0.7033778424840311
0.4750857030283127,0.03261589975997437,0.42686544566583384,0.3929754496120088,0.3395526479234663,0.6239957696212022,0.9711899226508375,0.5384390548271338,0.6623106502451681,0.6869342368874224
0.426873465451022,0.049999582442890766,0.44197504495591194,0.3985210913479582,0.35730873282316084,0.6034112914917487,0.9510796385106619,0.552346260828168,0.6492112012897644,0.6404497254692803
0.44581543681720454,0.0637488431959064,0.41268199892140034,0.30071285606436055,0.37915466239531725,0.5309503659193775,0.9473175434930174,0.5479057782373017,0.5257583988226847,0.6885666584572416
0.45603522143847447,0.018991020006020234,0.4498922223457083,0.36767301382628026,0.36527222254174513,0.6346088773344757,0.9577034941196587,0.5837972513160633,0.6488826800866367,0.6922127882705884
0.4635150448202164,0.046799941314390754,0.5257085942669857,0.3850898612769693,0.33520146279533114,0.6245955230133848,0.9909841425005289,0.5592836243275556,0.6293935239171559,0.6642000659960451
0.4402674120389317,0.022214117872505722,0.5019743023006306,0.34767923747711155,0.3523657100517622,0.6114090301922953,0.961863682809376,0.54231946284296,0.6101443915674134,0.6568498566932655
0.380754447534992,0.030948953188485236,0.5177845740814572,0.31205741948894694,0.3488386362247777,0.5569017202294568,0.9486154889173867,0.5574840934206364,0.5157871254346871,0.6409629667550032
0.37223233714897985,0.06799025848611477,0.5101775559142196,0.38035320002137474,0.36227019118579645,0.4416330732756715,0.9217902714566569,0.4979945675036883,0.6148814094867734,0.6210011204662739
0.4086685803402459,0.03397520474775653,0.47120145970743804,0.3782610331720647,0.3425140409672716,0.5331210035509522,0.9673238770449318,0.48270500797661353,0.6274063466720232,0.6676514145191226
0.39833554446274244,0.07481051393712007,0.48593345281180894,0.41990997660918306,0.3900589410872234,0.6394747402729766,0.9252616920699464,0.47321352298611585,0.6487537642814509,0.6301180965178683
0.38795262237476824,0.047825585120303084,0.4988608236217775,0.33832415272657607,0.38135145027548395,0.49894582859961123,0.9316718684320568,0.5106345706353255,0.5456631523683599,0.6333003765278651
0.40390857871960495,0.03491722687121466,0.4748859205106322,0.41067045094799515,0.3807399244448904,0.5436789384087084,0.9455725349467614,0.504077911227813,0.6662559649916613,0.6404515970155824
0.4027107165585398,0.01993609251539611,0.415497851071401,0.3486714065894976,0.32170377470001005,0.6124878814955144,0.9792755077188575,0.5209752138764683,0.5578198040830071,0.6752278580886552
0.4162470688927279,0.04947327465067728,0.47483746629269497,0.45230082165276725,0.3515763978449713,0.5826288785282886,0.9651603850478946,0.6098762546179952,0.6890377729356019,0.6426479163340904
0.45064562328347896,0.053457976250296406,0.4535122350932237,0.363206883139397,0.3934685271957981,0.6355793596631303,0.9598204622154767,0.47425840602168323,0.625292992532398,0.6465796436742524
0.48761337761054957,0.04595630764601273,0.468720566723119,0.41940590076774853,0.33632403272944394,0.6362833068475257,0.9503929289761246,0.5076041171093648,0.6457635313944647,0.6829166429267899
0.4684354738248044,0.07948733530287223,0.4757715092130251,0.40790501440998894,0.401693610005611,0.573601207409486,0.9404487641237517,0.5216149997254682,0.6558998180367546,0.6420965570375132
0.36503800073005166,0.05512837367124595,0.39241245763959703,0.4218416078485586,0.34895307356370053,0.5639420203499155,0.9519534984718898,0.4883603346167409,0.6666549878864267,0.6528987965607447
0.4453131836278528,0.04278543240056256,0.4164002742752606,0.38071579698695457,0.35191636227344264,0.551136523975913,0.9738631498342913,0.5224657835616704,0.5791940555658771,0.6781827852623716
0.44284915494788796,0.03619233444118294,0.422113413724946,0.37762095547391306,0.3760786222630581,0.604753776744128,0.960814915571247,0.5157815430732315,0.6274345050157049,0.6623326633521157
0.4973555894138233,0.026893584155022434,0.4213711887770817,0.3851176971661179,0.31020691467571226,0.6457419989544672,0.9663502579058176,0.5967901051703444,0.5930370301696586,0.6543442962610218
0.411802753543872,0.06492814865459381,0.44953466922897545,0.3918676931842849,0.3886472046899456,0.5904614895817049,0.9439427384861161,0.4910610142635756,0.6245234835632967,0.6809452742498217
0.5077475738189358,0.03136572467616168,0.4549047342693868,0.5136753476540594,0.35684380611827804,0.6584408753409011,0.9308257089178994,0.5286598325651422,0.7216957217938288,0.6780984021961043
0.4570885186782906,0.053004688950560166,0.4211844564858956,0.4045239614360806,0.3314527225114733,0.6063981690161535,0.9651954914839048,0.49744461024696707,0.6487728276626363,0.7001383338424861
0.32216770278238127,0.06823391873463332,0.5513141169897715,0.24023147895064748,0.38819859581055843,0.5556573031107583,0.939257585367545,0.5315089214297519,0.4835454490620301,0.6007721353046793
0.3957652557884684,0.054699665970978494,0.49283883755757424,0.47078791849540363,0.3776862555196185,0.5395353804920814,0.9461685100958879,0.49436488611505314,0.6195496475860625,0.6072451316181279
0.45579484591238895,0.08930596454938752,0.42271944286874025,0.3799601648227488,0.3562540572816098,0.6041729027690163,0.9143897449229821,0.5354694286300905,0.6277646681238472,0.634919828760206
0.3326357408834225,0.027631932928747653,0.4509822884034022,0.26339571568823333,0.38399857081313055,0.560521537227983,0.9623710666183989,0.49239849371455213,0.5848405438624481,0.6273343132343074
0.39457164832323144,0.07407060477514799,0.4905040065497392,0.2964541580198535,0.39816209092899707,0.5766060332811452,0.9491905877922971,0.5241228140849372,0.48595294250052856,0.630614312449226
0.29012251848398035,0.07865417983926942,0.4941229191489119,0.4062780104862293,0.39511746528096986,0.5153320510158654,0.9124512817393063,0.4691652256525469,0.6227995889633733,0.5729570528142343
0.4519441592286125,0.039285621572089736,0.4146044668401983,0.417027519020536,0.35135866374946817,0.6041317842462424,0.9425893039103957,0.5088470703903716,0.6202463273386088,0.689559761212788
0.5031144931733814,0.0630692884915486,0.4569945095929545,0.3820233687534324,0.3905443267633818,0.6376949739194047,0.944920474256858,0.5287298261705036,0.7025757369682344,0.6443043472474264
0.4190347522912258,0.08472798260089523,0.5176835141108161,0.35538662241297925,0.36233551505086736,0.5947866902832737,0.930231672385529,0.5457486335551038,0.5593261039400921,0.643278182732496
0.4423418521697005,0.06947761237032019,0.45024930965715326,0.3119025378909153,0.36076142341138656,0.6844673060082779,0.9619282338859468,0.5531327335127052,0.5262834158317196,0.6483139542762326
0.3154117744752566,0.08109513640844507,0.5113702297568068,0.4425806883697812,0.36604126296683936,0.48473663322659344,0.9472035206483663,0.5351267094181673,0.6279828426739604,0.5796351289475541
0.36442936966892836,0.04288494710264811,0.46441255228663514,0.4596757738091527,0.37564683882186056,0.5940288923356714,0.923803206276681,0.48886339632931275,0.6913511637056697,0.6361195365495238
0.37633954191409835,0.061991167915232,0.4394363225808183,0.39316908059088557,0.374786069990993,0.548299779527553,0.9424764955196385,0.4948036514559824,0.5680212353699311,0.6300269623983696
0.4298370904866905,0.03456736413425116,0.4620109497171599,0.3780829221797355,0.35637036601693173,0.5596201882985755,0.984014392091627,0.5039392930308688,0.5999840326349283,0.6250918997131478
0.5305475598837678,0.03702823095480196,0.4725568432216579,0.3259183498873288,0.3583637435130774,0.6536520101576708,0.991439165073966,0.5836408810752604,0.6302570409907637,0.6600679253973663
0.44732435819057226,0.05474195725761061,0.5281635831314486,0.3596410439497276,0.3466664859738786,0.6127020787979658,0.9553248593315368,0.5759867653284043,0.6020188505817435,0.6334751407044277
0.3287086856698927,0.03545122605466669,0.44176024486415594,0.4010411628774094,0.38594606114103336,0.49554307313128554,0.9671640602201671,0.529386667159294,0.644405627176075,0.6335932008633878
0.4256221374264238,0.04008099795650543,0.486287370819567,0.4118910435910556,0.36109736661729824,0.592357263870356,0.9629181001607076,0.5525216509806113,0.6376003709862234,0.676567661572329
0.5177490173421913,0.04178283013314684,0.5414757900510143,0.39898500149680094,0.3594981027553867,0.7182866874409005,0.9444802408347585,0.5207356232333612,0.5655842251296226,0.6348601378306792
0.4482474509478952,0.05850016504463165,0.5065879960995516,0.36995440328630563,0.36787341663897993,0.6346210448270477,0.9190756354916233,0.5029771818198427,0.64772833539207,0.6210557960375809
0.3486210234934873,0.04270483675745457,0.4177336747860967,0.37978258935088044,0.35105533861340626,0.5344161789565051,0.9722092177270736,0.5655899799965489,0.6319394656264588,0.661759434888317
0.46726728086124486,0.09134970043544795,0.54150696848435,0.4391537332965348,0.3996537221922567,0.6340143626918657,0.9006762623527997,0.5590064910661694,0.6552389976721007,0.576140405389117
0.38900406856769737,0.07119855436756156,0.4604739998500738,0.3899523539842727,0.3477881047446046,0.5455678153073382,0.932770398498416,0.5600024843430103,0.6461710974375855,0.6525037059579661
0.39636577108853066,0.050275687229108225,0.4543669049248922,0.3726228302553933,0.33631697001641464,0.5775671640186663,0.9627251970119477,0.5846933000320264,0.6654899441445796,0.6260916705031134
0.33771784462245086,0.05276345230274315,0.4223971314347121,0.40010791782507543,0.3635534466353382,0.5599342156722973,0.9352078080112596,0.5158566108144235,0.6310768439417581,0.6136253716021567
0.465497460877652,0.015915576537827932,0.4556868170174933,0.4214789045127527,0.34402288967827704,0.6868047458476035,0.9829811995853363,0.5708038491712975,0.7046290438492229,0.6682180639037382
0.39951323228127256,0.04031775769003972,0.5292115601858441,0.38624665199617453,0.3429085464317577,0.5796752721797783,0.97122464295163,0.5899845938843639,0.6172891065405832,0.6301098274902979
0.35049068832408775,0.00581152128366991,0.46294895006399234,0.3147799609662682,0.3250998390445094,0.5864411824092488,0.9785650781322056,0.5813769847935617,0.5891602705750083,0.6637630308417406
0.3436913547793132,0.015682858274044368,0.4428480644945129,0.39337899768020473,0.34966076355558373,0.5999082149641293,0.9451307473404108,0.5395342975470732,0.6342150232032091,0.665382347631638
0.3619828793736831,0.02400977540017266,0.4949633239753256,0.44059824149878624,0.37830285593466956,0.5961886089807149,0.9512565020013428,0.5058115384360629,0.7353160328786024,0.6339335016694865
0.35105167134574417,0.06576458222652706,0.45562268294717856,0.3200727270647339,0.34731497211875867,0.49383962384286184,0.9768861555703093,0.5679786739125032,0.5959553699115322,0.6354536406544701
0.41814794107034825,0.06042427363396841,0.43609914517607706,0.40711484603459036,0.3723163044515771,0.6431352822511298,0.946421464559093,0.5489202391825108,0.6493236777381599,0.6747208264702071
0.38330990461714104,0.034069981515669596,0.3817052223856459,0.42984997433127686,0.391704506686477,0.567896206378848,0.9471279923315462,0.4816393927514431,0.671692861639583,0.6398966390671906
0.3822974117029647,0.04571131642521475,0.405938348334741,0.27429058945689366,0.41608459822312865,0.6289484638689585,0.9431282612795442,0.5410694700250028,0.5219000690477802,0.6967713129681807
0.38295375731687464,0.06210582689133227,0.45860346709727223,0.44016385500780447,0.35754370511658434,0.5667757922718408,0.9415451363796034,0.49027914296330943,0.6759700981173207,0.6229751620292863
0.3973879488816702,0.04573153760298436,0.5333425926625022,0.3778224160595106,0.34258463924192795,0.5661954176197463,0.9439001256517909,0.5705635123992221,0.5652348579931242,0.629707778693362
0.412011420861675,0.026928348451443995,0.3706633510804278,0.2878618518940917,0.35819932404021676,0.5701283209996346,0.9749188457319915,0.49016723793788664,0.5339447518189226,0.6994007295052316
0.40519821252963373,0.031514296046622856,0.411302873578867,0.33623687276500674,0.35890363790433677,0.5729443873454233,0.9687745198570191,0.5254904679310137,0.6064623200449336,0.6725579169221514
0.479761995876764,0.041864526512935006,0.5100521741526243,0.3401046384594236,0.3502440905653676,0.6794258525704651,0.9670188508537869,0.6077154253041064,0.5931706982551015,0.6528991917940699
0.37697703018930123,0.05961017834810122,0.4849189188439824,0.4488720082700245,0.3732565346171942,0.5636399013767144,0.9520680368538594,0.5364861726446333,0.7315519225694227,0.6447134139494886
0.3590531443446995,0.05347364281344117,0.3803538247168063,0.36812901174200896,0.34788634286510695,0.4803614967769032,0.9436448576304994,0.4915217940960809,0.5701087958672979,0.6324035209267661
0.38565512127939583,0.011775222638220941,0.41343280866262905,0.3690233660027222,0.3190834358973321,0.6649029973889726,1.001117597791778,0.6192428862734194,0.5710846902813187,0.6595506154827024
0.42944898117507296,0.00986382571632954,0.407591136867565,0.3755497333861834,0.34158689247918944,0.6125055638830392,0.9854110335993719,0.5432014237047429,0.6598557353669453,0.7195582717304416
0.44898957721206856,0.07782969763947445,0.5058332728739984,0.31409263395492815,0.41085255664842507,0.6419128119235376,0.8834099177135051,0.5108160760432777,0.5312016853929854,0.5505992040798406
0.26181697857464503,0.03971623944383574,0.42648167208421284,0.3140042554080568,0.35199360972032223,0.5545312046889556,0.9663897255476447,0.5513904636557964,0.5593763440085884,0.602661774683442
0.46589359675502856,0.0423768605751684,0.44573077492198254,0.46473777402780864,0.36727016527156314,0.655057455743693,0.9554266942059307,0.5569388212087265,0.676094109848909,0.6406970988325202
0.47270310849716923,0.026252525369556513,0.49307033819607615,0.36553984975656173,0.37090039950654485,0.6072763241078092,0.9460097462621332,0.5505579377388632,0.6102765230699857,0.6279085905440613
0.5179709001551552,0.041602773623493586,0.4593809467642944,0.4037856231925979,0.3651394605753449,0.6937796955945639,0.984232139020605,0.5066112857058482,0.6595107329269054,0.6679224940255523
0.31807358947341535,0.03289453390367972,0.4094824347021291,0.3967685598040103,0.33805551280703217,0.528579051550828,0.9617046097588865,0.5520168883842713,0.6398997843477643,0.6588438665896766
0.5273663789246529,0.021686133726016688,0.42007030151421315,0.3800604923147038,0.2988503596170899,0.6804997623122848,1.002907611832596,0.5472618845908241,0.6535615311450698,0.6295131188889209
0.41583941647789857,0.09108298265985748,0.5175289670401462,0.35049594295556724,0.3985697904324495,0.6508009720846095,0.9444632699562548,0.5734860845551242,0.587210544556487,0.6352254231935874
0.32794112305416223,0.0472174679295453,0.4379846775883227,0.3540940756563768,0.3693442222107436,0.5183933685512887,0.9228173044650331,0.500052330425756,0.6021459436477448,0.6065644049621707
0.41092572912945263,0.07027879543407968,0.5016178828967696,0.4266896487568883,0.39109179279757667,0.6294748524745957,0.9723301305869188,0.5566110433178076,0.6791436501060484,0.6395436118283078
0.5373309242880226,0.06446211722483738,0.5017553198598896,0.33708805663619756,0.3583633981212899,0.6749587377866074,0.9500631565381605,0.6319196649478431,0.5848278686651831,0.6048340860362786
0.4652110768481166,0.04888335562764073,0.44180968715528285,0.4378414955777144,0.3532371740733457,0.6616169287180765,0.9712751307520603,0.571939448867307,0.586050303152394,0.6362281809692848
0.42166243726495944,0.015062582798957107,0.46978347498590733,0.3705316154940187,0.39829480400296524,0.5964969803537798,0.9631047290949821,0.5025416269914053,0.6247099928953423,0.6614208486202724
0.4144791622463819,0.041446285070929206,0.38362289830997115,0.32468497683434355,0.3253375300461795,0.6081980117445347,1.0004636689324464,0.6060132824718854,0.6119260853940514,0.696035072371433
0.38499879344908083,0.042880164444944975,0.4653404325372664,0.38346720762154235,0.35955586098318526,0.5618698365259309,0.9457541028934247,0.5478918117571459,0.5979510071411168,0.629140116898147
0.29621524741124816,0.04854697921414106,0.4591815207024768,0.36768429997557456,0.3644769584121079,0.47324916776167114,0.9275367852040851,0.4841930401383945,0.6006196978664495,0.6280718541034995
0.3954519427699051,0.01047171823616581,0.4571914871315544,0.4054491163214747,0.32041061516093633,0.5916259591260349,0.9759798419554423,0.5863116607400751,0.6091520196091692,0.6722360640087857
0.3854849816874615,0.049412641961225454,0.4752065984448769,0.376182726206318,0.33700427137875744,0.5567554087363416,0.93044257525154,0.563464388222466,0.5823357420878615,0.6426190096535892
0.4049587068455819,0.041286952534662684,0.4581664379241459,0.4197306859630588,0.3460087364728573,0.5091372556318858,0.9602522477404623,0.497456259515072,0.6449293856076044,0.6489621917347754
0.48483940406188175,0.03409815744601766,0.4497402607500082,0.3194623771865011,0.30811861910053456,0.6676979910263459,0.9903051502279707,0.5819556107165029,0.5696434156588245,0.6560872892164471
0.43645186566429445,0.052613805688748,0.4892888980242966,0.4604110619519941,0.3482498229803964,0.6270476638777187,0.9481110672576726,0.5474536111335588,0.6994562897982233,0.6330432607661716
0.3677580400130605,0.04781516545681221,0.4505734055675459,0.42258687649303467,0.3672801601128142,0.597993422568944,0.9306127279948078,0.5054946859384946,0.7012586689062761,0.6096725768526374
0.34905819893759943,0.07449366182149308,0.49844481196139356,0.36547822754738435,0.4270374715435268,0.5517310659714663,0.918826549564548,0.5062820882577252,0.5732510559122456,0.6020651136867687
0.35072399069573806,0.032160579891168245,0.3736511582460985,0.4355770094587572,0.32568837560142644,0.5314091952076674,0.9746037832681875,0.5045542124451402,0.6904695415531461,0.6616917473833661
0.39200601565326587,0.05048173840425722,0.43693373658308543,0.34518183676569913,0.3666050372099308,0.5820079435158978,0.9711523674529686,0.541417022314564,0.5998670330810156,0.6415813441042537
0.4534012968732556,-0.0014548833396327895,0.4179931467962402,0.3519905427013738,0.36588740639522005,0.6310209724230729,1.0040291350446795,0.5508939205652792,0.6591711590679307,0.6944898681028049
0.4141961795540632,0.056809124389035376,0.47364175292884303,0.3568124217795454,0.38159860862043793,0.642297580856346,0.946138224910021,0.5338350042378688,0.5195676502306862,0.6245907667723029
0.3400643557955218,0.06441261661765171,0.49945599605329777,0.4075288601960518,0.3294156556792098,0.5405709750507256,0.928109252507431,0.5772547759096287,0.6523412930008989,0.5913861578029882
0.3479756483842559,0.03471314205434008,0.4483314709475327,0.339899196555381,0.3857198366847323,0.5145007182556213,0.9422083840952645,0.4767867230327403,0.6065215042256372,0.6558976911401723
0.30387033130934626,0.06191363507097063,0.4242937050324009,0.3004208854584394,0.38369890544838925,0.44881687003789217,0.9668207149431409,0.5372837742957819,0.4469652796086322,0.6347654313582439
0.38423133944080445,0.02314388148587479,0.38998833952758,0.39925608546061525,0.36290856408891103,0.632819139086779,0.9651141922599836,0.47585632936236544,0.6561326004186137,0.6718213747861855
0.41899067565461035,0.05017352467109293,0.5117860090412013,0.4478154055297601,0.3496144645666249,0.5876777963778854,0.9850744134902204,0.5608236459811657,0.6950073595476536,0.6300544344065915
0.4490957781423925,-0.0016419187991447049,0.46845584964315623,0.3877152590746583,0.3359419429224067,0.6870466773749626,0.9715933426251427,0.5808093891191863,0.6743270961518725,0.6631888403527102
0.36069597061339137,0.05392323311190884,0.39597072378842796,0.333781163490676,0.3319983249438166,0.5087550707915715,0.9815514471831744,0.5437559216219536,0.6117548281469918,0.6577916263468018
0.3379281109710437,0.02466481914659578,0.4437290295721767,0.34519597624911996,0.3602605914766046,0.5774864132651634,0.9805162578951159,0.5145900271852516,0.6128764206103992,0.6575412550131634
0.40829145069397493,0.040052641056621506,0.4412340631964382,0.5325890319635114,0.40472531126485584,0.6171604799335992,0.9839781937340215,0.5065657692612917,0.7688911976156315,0.6666661689585969
0.29159076073567114,0.016022304342215233,0.4200000958613103,0.33064512013064656,0.34282655266191503,0.6012909035440723,0.9963051683598642,0.5151416370750288,0.6126058419805066,0.6513445749057791
0.4938749779887148,0.0442055412844318,0.437592694859557,0.39593607495844574,0.350786337282802,0.7102611155340954,0.9670022328310515,0.5293733865420135,0.6136379939542539,0.6864537000977463
0.3740328602801796,0.047529812930613834,0.4070115357963052,0.31958966458585797,0.3570006891928334,0.5330051605846837,0.9657932839125963,0.5257393651114433,0.5984352331667377,0.6962636815226868
0.47153960904676556,0.05156856396410305,0.45615722256810387,0.43520528418229376,0.38094616905322437,0.6425632599070616,0.9602511575284585,0.541884439455007,0.6539516594240109,0.6484973903455413
0.30526395159271913,0.03883529782645969,0.3883844534751088,0.3294964174897134,0.36806914067488755,0.46147258747276065,0.9918863148498387,0.4666485609149569,0.5659974053187009,0.6540686307324056
0.3833007196636537,0.06568857241008322,0.43806986849501967,0.36640179581927657,0.3989856382004294,0.5136322528052218,0.9119036309133979,0.5098502073262428,0.5753487537324353,0.6174665626835397
0.31957237302933034,0.03950016447281111,0.5033235031000287,0.5081332854206418,0.33719604390521773,0.5764300224173129,0.9507455095589401,0.5765066798046643,0.735982282744458,0.6072447128430654
0.48128522414037805,0.07922090047192702,0.48657289605733245,0.3760090407461441,0.36332783896417503,0.6282540115593735,0.8967428529406952,0.5452292884726775,0.563480714317524,0.5955708296783658
0.43610951388532243,0.027938645284102614,0.48679041625678016,0.3860691389041671,0.3470693987533854,0.6164656270232909,0.9650395120365447,0.6352925689923781,0.652015362451091,0.6438436254741304
0.2885135596824191,0.07390431725505231,0.4956193090682564,0.44872281248294293,0.4040095986128651,0.6074568448193731,0.9316069342267219,0.5654347254747074,0.7002038903277948,0.5871962967571416
0.3367950958349188,0.04588559127217154,0.46932247230572577,0.40307260126302047,0.3329251862843338,0.52414180192938,0.9462236762156697,0.5446454098220095,0.6433801404724686,0.6028861212722152
0.29035964674806364,0.002801462838512545,0.48680581553675606,0.2766809248280258,0.28808916189104583,0.46748468744107297,0.9911341914426746,0.6076982918946212,0.5273273903760397,0.6256673656359772
0.4446241530083786,0.09797180976663206,0.5107782511656388,0.43629072641153066,0.39959374426904676,0.674911494766149,0.9237858019708972,0.5084284159621235,0.6353569149274165,0.6022508548441006
0.3766162599708173,0.034880496905756536,0.4761841355174401,0.4914969434379575,0.3244183912215889,0.6099569696625422,0.9439590424709545,0.5798379372101427,0.716500729446785,0.6344083881102831
0.40796373295616895,0.014444322529314968,0.4179541374846469,0.3555425732488685,0.30464394433748226,0.6200043485742854,0.9730342111993402,0.5790507116342984,0.6098981216593317,0.6635405856704562
0.4432368268163121,0.07701615893204072,0.4789271761712592,0.38111983826714,0.41248354843226015,0.6160255406921,0.922673016431623,0.5030211414268203,0.6054726920538631,0.6465968762717991
0.4211424048503409,0.07025176372115684,0.5504245910097454,0.359355672668625,0.35144980889464467,0.5647075835932194,0.9192247379124627,0.5262519898557421,0.542778447180637,0.6187425107360979
0.4005987376038234,0.056451929502672055,0.48082413983778316,0.3543912668359417,0.3540981482829786,0.5309641734444006,0.9631096420519565,0.5276320137569386,0.5812485283691415,0.6399593300604796
0.5052203398047014,0.09370219925954319,0.5459772059313336,0.3568694131640729,0.3253681371624589,0.6600619299418289,0.9512077650381432,0.5814905762620193,0.6099390208392934,0.5977109710668449
0.4056163239760012,0.041917071863900576,0.4376028834456842,0.4197636740505887,0.35675308422883156,0.6314225673847149,0.9756389340612465,0.5467267113388572,0.6477006580628235,0.6609031492147732
0.43201281299091915,0.012367830174036754,0.4678354361206592,0.37329722486914213,0.3354339464861529,0.6875755954073342,0.9775887745617142,0.5504476826634153,0.644816266127805,0.654021186090266
0.37465285626161926,0.03586565204392978,0.4564747414042147,0.34302436813144865,0.3784444931580138,0.5564464052332414,0.9439732638272663,0.5003367899664931,0.5993593511811712,0.6381257358067169
0.3850726050035477,0.07779344180887612,0.4879576595194272,0.4046196869126432,0.3517679087347513,0.6430746719368163,0.9598754667194083,0.5375029893859774,0.6702920997506321,0.6229939975438867
0.4346332156804283,0.0431130090703715,0.46145060700439816,0.41256003875518993,0.39219086030074785,0.6238325356383772,0.97144153420348,0.5140246036527902,0.6356833549630225,0.6560949277220383
0.4823397161918743,0.007151856559131337,0.4536749417031668,0.30057769128633655,0.33832742041970976,0.6184327101355914,0.9744622255975891,0.5493381052558379,0.5036635850687573,0.6895853635831359
0.37896286100851856,0.0618412092877453,0.4539617588253919,0.4162705352085701,0.3978657476270538,0.5142889834272537,0.9200625896060799,0.5392387182836539,0.6075928993478903,0.6367211008630583
0.3120316451557255,0.034473908634887605,0.4917131829018883,0.4120024945933492,0.3537256208821276,0.5075892203438814,0.9469415120642837,0.5279831222488208,0.5956384085808666,0.65409121633364
0.4716414522230159,0.06028599524848429,0.460693146373792,0.34030405569384553,0.41095992413395743,0.6370516686224024,0.9279656330260314,0.4978966253167606,0.5776450371881405,0.6728022038902653
0.4161472958060141,0.04319018218963792,0.4882025517810862,0.4043092353973404,0.3610467949257163,0.584220485665236,0.9511207923043808,0.576228716008497,0.64493304855356,0.6599587831477385
0.46726381423212354,0.029413192567247854,0.4591654123503701,0.4443854843099955,0.3285858775526323,0.686422524011133,0.9883097880041902,0.5525820356992484,0.6475354581627335,0.6357467731514941
0.4509623517353728,0.06173630827741452,0.4891101177791029,0.4309749488086829,0.35716161999346213,0.6208507931193521,0.9451381058295671,0.5381042226905277,0.6387760741780333,0.636139901042806
0.3796575420216663,0.07351751439046907,0.4996123115134767,0.4146143744922413,0.39029139002219637,0.5812491609554509,0.9210872983971978,0.5084752399825649,0.6105643358616664,0.6264563768740204
0.36341019735372393,0.056800167053591005,0.5241594318350171,0.37764194520678906,0.33582258088636274,0.5260867584241016,0.9668634047252644,0.5422023461539773,0.5849524861531439,0.6404550050406709
0.35041882055567747,0.05257598448681754,0.48200658181302897,0.38423394645297104,0.37276633948656773,0.6222935490443278,0.9461903160909897,0.48533365852968735,0.6661296772208871,0.624307838191787
0.17990853157282022,0.029496108518783908,0.3792886575373882,0.3416187547734156,0.3153136759420258,0.4094514369419462,0.939768958669875,0.487238179201252,0.6138591290306762,0.6582027520016214
0.39011269496163103,0.03921811778589886,0.4149425804930625,0.3750587324542759,0.34566609150093364,0.5973697490961553,0.9555071117344455,0.5347755532175315,0.6667105145927157,0.660394123084288
0.4805027079793697,0.05301225049943154,0.4841300217384961,0.4474237936256646,0.3673733643780285,0.582221934142536,0.9596626534531731,0.5975673430200552,0.6733506559562121,0.6236721175812762
0.326723512459702,0.07232318549489349,0.4790250963461483,0.3084026874094918,0.3649089923334856,0.5857686125715895,0.9228408869270082,0.5568025354445656,0.5849954387021308,0.5872720916566065
0.46030686720173014,0.04006732701220773,0.4796997838640757,0.3364296819526659,0.366551013667983,0.6341965740439588,0.9402511038490926,0.5831569004170072,0.5902205949528267,0.6494269924080267
0.42952823741063995,0.02071970564569678,0.48396460210525616,0.39415276629610635,0.3827623530685295,0.5977402450453487,0.974929553877325,0.5435181094889494,0.6362632731390463,0.6884561411591044
0.38245544784054547,0.09945162223220282,0.5260026114206803,0.4344564637719265,0.3960454717554379,0.6206383138306468,0.9354636266007326,0.49142791289067167,0.638030476652526,0.5778194251580103
0.4703098033387413,0.05239839576579885,0.43292886127468827,0.35990261096410747,0.3981151505774117,0.6487556218427548,0.9558275312490105,0.502552695344721,0.658051382750216,0.6985011228879902
0.4957020159510981,0.051307811048017626,0.48828693893284925,0.36334991166816333,0.3434189395953632,0.6337858816013853,0.9422623115788563,0.6243956360879057,0.6119903917811736,0.6743267265338234
0.47015116985117006,0.10586041969397154,0.41420692618515487,0.4161864739709057,0.4072876768402807,0.6335750615056333,0.9250052181868551,0.4457145809765568,0.5897056881523908,0.6317997118736716
0.39907357753720685,0.06513149097298687,0.43322645537860754,0.4218741650389854,0.41702704361260007,0.6154833386686025,0.9411976835278836,0.490468864368632,0.664677887594065,0.6750656500893528
0.33996306581087543,-0.006256987753445741,0.43466916796979604,0.3831898503287039,0.30217410230254105,0.5723705810654899,1.0038496571422646,0.5541521940501453,0.6270952701944754,0.6562966492222605
0.38225624981668727,0.07880872719712596,0.46995259560460473,0.3680647018685685,0.3614498271581979,0.6494013557769218,0.9336159134838247,0.5478340321734259,0.6361892597059011,0.5970485531795267
0.2882961559222686,0.0756340057753505,0.47119089351913224,0.40236489701113926,0.36415016697787095,0.5486213689397677,0.9389435607551648,0.516138630764106,0.6525860697564434,0.6115007708720626
0.32858948533789134,0.051569696690453075,0.40310328985043775,0.2785614675930623,0.3444702149338661,0.5200004001535617,0.9767742517765347,0.5526345296175066,0.5533426025505741,0.6674196775186719
0.40949059373282365,0.06291631923442743,0.5272565147968427,0.47088848822353835,0.3528097045929795,0.5989121791679579,0.9569794586981759,0.5878877659325366,0.6588137214391888,0.6120404727254509
0.35354918230780186,0.03413668494365849,0.40369742034271516,0.4948803411299764,0.37804946645513615,0.5824222132500658,0.9585955332828927,0.5261824974140477,0.6942791067608546,0.6875418112117218
0.27839641987375513,0.06774434868015124,0.43481375368789466,0.42186040895191596,0.39498099444615065,0.4405451036977379,0.9324684403947414,0.4753797185810209,0.6295634047892573,0.5824278994768788
0.3257734509593349,0.005761210239365586,0.46514523089018,0.37174979112891643,0.2967395701367769,0.5671569614508127,0.9671980761593058,0.6051855760469419,0.6146746564780707,0.6058441328205164
0.3489005831127537,0.052098866399835755,0.5363066739534235,0.4694943651073934,0.3419674075485038,0.5628613079699893,0.9252993502524541,0.5306606921133307,0.6509733150715253,0.6196827215157417
0.4432253032449741,0.049692388747617125,0.4707519991332657,0.3793291109047273,0.35292044578378123,0.6324362101970713,0.943331775651098,0.5400222273776027,0.6455103751646964,0.6457890460548923
0.3654730457462739,0.04693665120895525,0.45878569321051915,0.31859175541958745,0.3721690630950934,0.6109916259561519,0.9623804456099583,0.49910576812963026,0.5881853401159098,0.6577970491808216
0.48606799141066614,0.01366288745130599,0.40048530019709633,0.39744165614405963,0.352934827732744,0.6864148681182698,0.986420850060411,0.5197492865578934,0.6153290792780297,0.6806689678521582
0.3871976596877456,0.058998879974569325,0.46151342300169085,0.40751986577664645,0.3470512991421039,0.6265087675980034,0.944833465272129,0.5398689707338504,0.6060727393666954,0.6432414547604988
0.3342684538369925,0.03890127572568155,0.40319503857799,0.38264069044688465,0.3293380027242187,0.5455220358684634,0.9853586412003463,0.5466167140102693,0.6171609834322851,0.667937691147255
0.3905714560214292,0.04944356981441708,0.4709000748209784,0.36145829950536923,0.3621630634834775,0.5865755086124218,0.9559719924895805,0.5285627497889129,0.5880348199110799,0.6417645870904642
0.3966204455596404,0.014158512798317438,0.4622510251169032,0.2907101318410203,0.33755271582390434,0.5632254480721183,0.9591526492465082,0.5668605476536053,0.5576373761255873,0.670583050094629
0.5044548806551119,0.1019673603568062,0.46490149935527664,0.3065183735582593,0.378777186881215,0.680232678002422,0.9356621390103149,0.4777113169518825,0.6069289412505106,0.6330553410905349
0.4224374955198676,0.07550091983806158,0.46690597119123545,0.3115221563618896,0.3915130912223187,0.5721908590070697,0.9048167319169748,0.5052892792214366,0.5647008669817026,0.6165715601483137
0.43389100872159514,0.04555672222002999,0.4553355577438881,0.31251909240346004,0.3229419060323063,0.7125930912980596,0.9698255950992767,0.5373369061824738,0.5831471701121673,0.677175676742948
0.31765153768303245,0.07471211996315996,0.5759825067824047,0.2974032946976764,0.38269970623913685,0.4608785241870371,0.9436170310045254,0.5561417782954782,0.4961955974390254,0.5888635444549245
0.3759920626449828,0.0365648195743583,0.4302403774724227,0.3955448203597824,0.3418829701064517,0.5704229194073145,0.96389739347862,0.532938547401359,0.6088584210914273,0.6420337842063639
0.43152306837371396,0.05730524904725876,0.45565719739447297,0.44694481776286915,0.34082651609868597,0.5726284629147849,0.95463353330175,0.5846950894223862,0.6883049629904464,0.6620472036084184
0.4134156026268155,0.038068693292534914,0.45042616255470475,0.3039928496044512,0.34410822961709997,0.623367359768906,0.9562436239535761,0.6304786134904805,0.5332212740328366,0.6494065531331419
0.44414214169566946,0.05316422386874035,0.5266268247729756,0.41106867411142756,0.37573341098107976,0.6355257909837542,0.9216269697777003,0.4772839048413666,0.6846063145203841,0.5782977515304935
0.42160914477508477,0.027679742204625338,0.48875448239393887,0.3727587602165081,0.3242870269997781,0.5650818701927242,0.9677458914530483,0.5486620688571517,0.6225736145272796,0.6699151099259897
0.43196596731310016,0.04185453451246436,0.48519053499970793,0.37479669707868646,0.37166774116918216,0.5844193345102114,0.9328729224275302,0.5316956748576885,0.6238160006447125,0.6174638788778959
0.42160948742956234,0.01847481933729869,0.42507112348358234,0.5001293144229711,0.3485442702786267,0.5869641065529998,0.9669663961682292,0.5397747037368883,0.7340367650655062,0.6578112499656606
0.507380733109112,0.038367613156214814,0.44479978487577526,0.3527816790732335,0.37901542610167477,0.728318164858489,0.9584325538708922,0.5221550953714348,0.6165014776245692,0.6458620920388776
0.3898038539017658,0.03915138157069019,0.4599942047312254,0.34207748743603356,0.35918135515613464,0.6175443132827241,0.9561491672146434,0.5486127201909652,0.586053828462047,0.6501001359972451
0.38395077775080316,0.0722609416970485,0.5006242931626054,0.33011551328541305,0.37637798654054955,0.605608142463884,0.941876670938252,0.5320774580357758,0.5466426879397508,0.6197248908514872
0.35358952537019656,-0.022249107757999,0.3280396619954049,0.38351275829858245,0.3275059483081824,0.5421088854204434,1.0021799183222415,0.5493709247655563,0.6454946783010189,0.7135438142753074
0.366776420506711,0.09101526797332195,0.4365916551564008,0.4272232356360683,0.4138429087619763,0.60059784602096,0.929609002321964,0.4410239257274867,0.6202146288676288,0.608286068112341
0.3061522820883647,0.062430115594555725,0.5391586663521788,0.34934829244409116,0.35146770544280975,0.5534491325353965,0.9565689795756623,0.5306133842598049,0.6109650003510287,0.6048625643215413
0.4594151952010305,0.054012899080145234,0.47461682962286783,0.4955093487334392,0.3420502825919179,0.6112913735810197,0.9449407221125538,0.5509815760748559,0.7249688399908196,0.6549086578425485
0.4558891441751535,-0.006719654162692424,0.41294959427030664,0.3080376580764251,0.33116341022966045,0.7154199586631808,0.9863954022085107,0.6043597874650335,0.5623173300114679,0.6638885911029577
0.46086769091208457,0.05387859349705657,0.4587753452637342,0.45135256170261123,0.3777536805631298,0.6232695884580257,0.9296000036066228,0.5481833763031994,0.6231157904075522,0.600786647604751
0.3886801639792291,0.021504380247614033,0.4321966852928466,0.3149346246254031,0.3313172498346144,0.5946994084243662,0.9709533069064145,0.5208539795994689,0.5922224803880033,0.6559259340727053
0.4375164070129989,0.0767000323449603,0.5458396030683168,0.49948139324111906,0.34114103202917173,0.6410747818029374,0.9275154634705554,0.6053749961339298,0.7076165107296035,0.6081666507532509
0.3694666360383868,0.08744347812496427,0.4975940409250382,0.42511795060214214,0.3635596813004925,0.5852550225964379,0.9023721975914083,0.5615397697959549,0.6534091589944482,0.6203064737425288
0.37045997498064875,0.06611594851166429,0.4872056501789111,0.43914809471203603,0.38317426576262303,0.5989549239821357,0.9500792118849144,0.5339362005375673,0.6523953962158383,0.6025381146959836
0.49495165843580324,0.018745429118973877,0.4388332046416799,0.3711921649621759,0.32617319815663803,0.5822674655371116,0.9664694313115181,0.5819415171265083,0.637905313000712,0.6784575247559116
0.3038308975089257,0.06493305911139723,0.5056076338394995,0.3540340089875099,0.34601477885355086,0.5038702902654791,0.9301116946309372,0.5574228813317377,0.6113814022112694,0.572401092333845
0.3773015479715028,0.035448098969246396,0.39856819906553503,0.35343273567715905,0.3563724458005888,0.569894738460198,0.9533927427370588,0.48780553960698736,0.6114167905792622,0.6790958139603418
0.35837725702459594,0.04744447910664088,0.4126550268377184,0.2919175264618857,0.32826800748329416,0.5949681950041589,0.9885795906899387,0.5646538555459618,0.5380700662199251,0.6876498497911581
0.2848441977683618,0.031554338982277184,0.5262802931884137,0.37944429335562885,0.35296597000574675,0.577203116042182,0.9491481718272131,0.56009152955792,0.6897499650074217,0.6068696889231375
0.36593354058484023,0.07007945455137456,0.42227553561546416,0.40183481769749546,0.3827240565296855,0.5789309265875828,0.9444499325152503,0.5247238396822318,0.6201528758431423,0.6345404527765666
0.3715722658023492,0.07300777012920838,0.5199454076881226,0.34506237276897295,0.36935137881964686,0.5976520694492982,0.9265652247798727,0.5291306165190438,0.548696877836901,0.5844175793918431
0.3845513060201778,0.0388900021686399,0.4728649292572619,0.43891366585980884,0.32454313533858214,0.5681541815217019,0.9654580702343013,0.5625011343832631,0.6694953818298282,0.651129829114205
0.4333863011977727,0.06602266990343364,0.46570409861657674,0.5266925803351081,0.368285234263625,0.6066602272466108,0.9419647557959868,0.5273444935497251,0.7444152504099995,0.6231029268966986
0.42601790839829035,0.0378276350474135,0.5022117931870483,0.4640463200769872,0.33443511848364826,0.6492874519480791,0.9721857250953791,0.584145477249538,0.6804454582402963,0.682045676024477
0.4249711027679818,0.1009091039679522,0.4715979912429376,0.3035090560126481,0.39274672496924773,0.5714493130963514,0.937003237124286,0.5131246506645445,0.5312018395287204,0.6042270230924369
0.4649495556012598,-0.006121541706002329,0.4637288138065773,0.3994711764175265,0.2706057635934076,0.666743824015132,0.9966285716078871,0.6536580924434687,0.624493645355062,0.7097985039695465
0.4239779368627544,0.05831186107377511,0.44365533548852215,0.3681522406392172,0.36061009190780696,0.6464229182777019,0.9618119935694115,0.5254861396214023,0.6238174783342809,0.6551403874718505
0.4431014095809803,0.04120848424249423,0.39012899697141906,0.43823652216667347,0.35677062798154974,0.5438210339754206,0.9492588417387912,0.49154841762255763,0.6678687998641692,0.6742212173841267
0.47393046898495006,0.02240739992103824,0.3767523100972393,0.3532726788101564,0.36539089635600985,0.7023732442171506,0.9882440846149002,0.5340744056732908,0.6418126529957299,0.6799684005142053
0.25771721642582485,0.04316661529832656,0.4323549773556169,0.3014682782324948,0.3701470505957242,0.5178351240201216,0.9510738911085563,0.5736742980757858,0.568712410509419,0.6409366393905638
0.475775342989677,0.01034034307739052,0.476476524976183,0.36187342207128687,0.34674671210671126,0.6547844523962127,0.9928923262257355,0.5473128376634073,0.6250600340758915,0.6394773766593236
0.38590459069442673,0.03970362106372886,0.4589352391844542,0.36896717003023455,0.32352446452068334,0.657861681200393,0.9729057802032038,0.5557917555374768,0.6225117144805974,0.6678527880424265
0.4925360320102536,0.04421064452434747,0.4243813677521513,0.44151973604120504,0.3211803613548543,0.6289406927826526,0.9523860493811449,0.5539994027784396,0.6069301827654987,0.6598521600149894
0.4186534273410004,0.05388880424790492,0.5008596900503733,0.35138935244061315,0.3287697669793264,0.6265392282447071,0.9437772546760517,0.6072968575951193,0.6457224177983162,0.6018177452886408
0.3984075728998852,-0.010963429543129316,0.4837877133130756,0.3440364953621594,0.30586827077669493,0.6089159639992496,0.9800480796988899,0.6378270325580768,0.5719192277482421,0.6916726443702641
0.4248616867011949,0.08941166425224156,0.45624910403897484,0.39512078185419136,0.39584671067330146,0.5782495635308159,0.9146586014965601,0.4783822459641758,0.6851756780821378,0.5971209956948944
0.48653461367047435,0.017473348627294452,0.3784978302602964,0.37679874822871373,0.34383476331811424,0.6142485055398683,0.9886541938127366,0.5809174376204431,0.6322940226135385,0.7233850066901633
0.41414925749459175,0.010996005883922213,0.38063090393267063,0.34406033471281244,0.35982805306667837,0.5859782401833613,0.9821397164667157,0.5353921869424856,0.6088931785442632,0.7097516783816327
0.44526589796258137,0.04922343856668322,0.49990235281613105,0.3242425936589538,0.37746012873373097,0.6784409676229811,0.9756944856205115,0.5660448751619328,0.6355961255059817,0.6279581497354569
0.36477691437027754,0.008926634954494153,0.44625513472011175,0.36209236345755497,0.3889171265457867,0.551142246970248,0.9681764175214166,0.5317242897033738,0.6270252088788982,0.6684043564764918
0.40329491812464535,0.07929981782198593,0.434948663859803,0.44159302327556704,0.39883087532894984,0.597787903170824,0.9538134253365388,0.5247639269846023,0.6412279329750142,0.64638715896286
0.3589802920126242,0.0052163892303880586,0.46452674304358715,0.4268132537723867,0.3048353771858174,0.532686623745138,0.9808087517517179,0.602706087901532,0.6516591689044469,0.6501938151942971
0.45453216988207534,0.06202846225438993,0.47219592682694933,0.35295834341658594,0.3381704866524907,0.5872549951296869,0.9202137312201253,0.5139685543974171,0.5889183970974474,0.6429829259027848
0.4039060155425648,0.031212051481490404,0.4783361802490367,0.4431843316600204,0.3197136280706141,0.599090556634042,0.9893120761147214,0.602415484815662,0.6968732510671711,0.7117428776531596
0.41610496774068223,0.02471125092207056,0.4711293148442692,0.4281975294909653,0.3532018823588102,0.5706265158163274,0.9423183678416274,0.5395954878210343,0.6520417718044491,0.6534379174373963
0.358448055682007,0.023272590119527436,0.488187519962691,0.34614538033645204,0.33400509906646575,0.5706440735288105,0.9827361781146633,0.61859073150989,0.6189899297096662,0.6115831338970141
0.29883424697935673,0.05885779325513338,0.4032593240778522,0.4389631469696745,0.3618067746437482,0.5020508978117663,0.9414408624806226,0.5248034165025466,0.706699706528389,0.6107155996545277
0.4535081552659299,0.06040964882833338,0.4625058485519507,0.33467906113342233,0.3804842713278522,0.6282104744313164,0.9281498679798935,0.4717013849216236,0.584605612177998,0.644583625489745
0.4387110501031738,0.05211852936837638,0.4665538233034433,0.350529331632278,0.3542507912951757,0.656295324037014,0.9540807437425173,0.5711444080025974,0.5844993104102036,0.6399128076438587
0.39880357038386627,0.03776904202081905,0.41739059961466296,0.362314950350869,0.3619216468179007,0.5658727849226108,0.9678097309382651,0.5393826874524941,0.6319690713426809,0.6300565153752604
0.514141569106197,0.04019338782985688,0.43934547274656155,0.4458499111050617,0.36921787724666855,0.7129479603244625,0.9362039888579605,0.5900566793979467,0.7022206423440949,0.6555160940744895
0.384832094314226,0.03923994474694972,0.47959863192503777,0.37031864929113084,0.34345136789978337,0.6790600659946099,0.9483825796260654,0.5519320378690791,0.615510018178242,0.6096368909544683
0.3614938758133641,0.07190355277771496,0.47399616433409425,0.3267224997306936,0.3699456121505907,0.5836638415948014,0.9490403960573595,0.5585140182169522,0.5862505183777837,0.6154614365483377
0.36768527603820145,0.06461626613519454,0.43398090537059825,0.4297017448940922,0.42311181905728357,0.6136529347000073,0.9389369423418901,0.5155672278167875,0.6314469705083907,0.6431638569124942
0.452557972537429,0.039538901228925026,0.46837894672463615,0.34939546132742766,0.3620892179858384,0.5449475464843462,0.9558177722380571,0.5466204749257926,0.6011326042938769,0.6825988905859655
0.3504782164329211,0.0019518833617657963,0.39889842851874285,0.4198877665038964,0.2983063223136021,0.5879059478702204,0.969262152139444,0.5623313474361918,0.6850367164962481,0.7150760234689666
0.31076650089613383,0.06756521061886225,0.4330585160093311,0.3563932981279794,0.44103181270504355,0.6262688780803987,0.9457364825150867,0.4506978941905767,0.6387860951092952,0.6353986870814108
0.37894033795026344,0.06462784302758823,0.47034741813923003,0.35487325982233925,0.37713795456801186,0.5954191626839958,0.9659548204033983,0.5116359369362877,0.5923097431663314,0.6232714839865752
0.4011533551683558,0.011051159154382845,0.5009280548967594,0.39751865534139896,0.32897212559118905,0.6507705231349423,0.9768423395587118,0.5677014479804943,0.6442687943637546,0.6609573614701737
0.4452765334381007,0.03024179140875073,0.45069835346593573,0.2846423849842043,0.3868044337704552,0.6149020037058898,0.9523664591847372,0.544546665531857,0.5698193149734398,0.6633804226938782
0.3835010177727196,0.03064419385490114,0.39796393189580986,0.3256597720077076,0.33706600353459354,0.5959048059378889,0.9634296935940361,0.5576313277444134,0.5470828707288612,0.6526331603322095
0.4866332420176343,0.050352843353130616,0.5086812890104422,0.3789357181682795,0.35394698151880755,0.5991138360860941,0.9858585244054097,0.5625880939449499,0.5712169282138329,0.6476415986467503
0.42360383407928504,0.06185368307383703,0.5218117783902498,0.34212111786376764,0.3583238959171195,0.5706507675518082,0.9435690085434719,0.49845403504730335,0.5484855127179062,0.6352871577258942
0.3394516022890525,0.04727828972937544,0.38284154654354774,0.3935928204672023,0.283416419187727,0.48142440533792663,0.9769282043380076,0.589297707188409,0.6909569258925636,0.660806864526822
0.3365800000988091,0.0510539207334377,0.46347734986940264,0.30472601915102665,0.3595670153669616,0.5208928561999924,0.9668106503298567,0.5193051262272327,0.6064875089038038,0.5736185067710985
0.3693779889910412,0.05694881315248653,0.5065318059675078,0.4174244386627087,0.37296632025342896,0.5183935228050297,0.9586416388534053,0.5446990668471439,0.6451517160579471,0.6535625555472873
0.35079818668623003,0.06032240869319898,0.4721866053083952,0.3572307941828599,0.3546715513734327,0.5326733878373929,0.9359895812321952,0.5051961090178324,0.5593247145319931,0.5823579031784202
0.28000634612971664,0.019319559345042345,0.44326705690363605,0.3533493008422923,0.3963636294180837,0.4885760015761432,0.951315015242528,0.5362218736400648,0.5990733523465082,0.600595511585394
0.42602836152315376,0.07680605364399948,0.4643862876386058,0.4019707336226703,0.3599287178991867,0.6800629383828656,0.928863383376189,0.540302445848641,0.6456861043254101,0.6302897090094681
0.31602820105391466,0.04015282859209845,0.5271805446057602,0.37188879508145545,0.336965837803833,0.6209883799351514,0.9727771683934795,0.5707082763140241,0.6133932571897338,0.6122222248937226
0.46230907172385277,0.04390754753997681,0.45088497376060077,0.3404792162565924,0.3425326414381263,0.6871286110393162,0.9674896950608586,0.5340230409579779,0.5699890451154692,0.6822617264871376
0.35572484147146227,0.025840033583656465,0.427669518046172,0.3596983712876192,0.33270078637857986,0.6210061872069511,0.9736503074963613,0.5324235074356131,0.6074608619078827,0.6862505268809506
0.4172911870991282,0.002932429055049213,0.4061046563367392,0.30237356527753545,0.3065062383837136,0.6598768640141264,0.9913545799983529,0.56931312344961,0.5932467389360175,0.6657257588332498
0.3624774436961483,0.0254446587180826,0.4418254692769013,0.4384897282000754,0.32841954581967325,0.5837411826322656,0.9583015552643804,0.4667887254407129,0.6882289787329092,0.6612233261205669
0.47160768077106957,0.04016458482513313,0.45274163474961165,0.34054288449983877,0.3507974603240818,0.6086497829261417,0.9629559797408159,0.5459266991434306,0.6073045892598874,0.6880636464261991
0.4552787564322768,0.05739691154569142,0.4591343288381746,0.4474588870442293,0.38422436128221493,0.6146579640501733,0.9443771096841951,0.4838588483273627,0.6641856438306,0.6463766026245475
0.4576723855256546,0.002707469382026187,0.42497689480833767,0.39851882837333724,0.36130824310738774,0.6529280025574382,0.9772052819842281,0.5198514803986036,0.6326046116563458,0.661835433319583
0.3314682264825631,0.03563852772854903,0.4907200660587382,0.40982002185404937,0.4123264645937934,0.5732690480844398,0.950327784716015,0.5008634954056423,0.6983169395125255,0.6096535494740918
0.3781422854324547,0.06379254969051693,0.4572997365857935,0.33242086150093875,0.3607304344751815,0.6050861658917874,0.9570087293732621,0.5395069350915194,0.5598577958076087,0.6368024459714527
0.48279876998377746,0.04634530751491021,0.45914112349661385,0.3686873039977931,0.39627466559952224,0.7182998848523856,0.9569823018046313,0.565002036624882,0.6098928648368713,0.6395712720456816
0.43075836769564685,0.07905435022772583,0.5008095978679767,0.435201411874087,0.35834095498611734,0.6477885963765373,0.9390968423030203,0.5160749658630241,0.6431321503824189,0.620011709723428
0.36849279162357823,0.06249127228197195,0.48229666677255284,0.42600730278974297,0.3673883584705513,0.5632485368340808,0.9415401712687917,0.5001716393659872,0.695803904778552,0.5837849464864953
0.48731153230981616,0.05289847233621826,0.47256798488167306,0.3124625441487992,0.3798650620666827,0.6513037536295878,0.9521158576213327,0.5173062936549906,0.5551660985983204,0.649876498345679
0.37086564247428727,0.06670769418460837,0.42119605954914185,0.3500876410402025,0.31500877425160906,0.5498768288067861,0.9774612353515266,0.5122956817769393,0.5451213560017372,0.6684939492471974
0.47329891055059015,0.014019723826610027,0.430558489645706,0.3901924001292309,0.3411034700623788,0.649728023965468,0.991060823801512,0.5831150672649891,0.668194607830773,0.6748762995497946
0.32367562182741916,0.02594939974601711,0.44588222169474384,0.46683257464589895,0.35884376687758307,0.5351650867997446,0.9528374255890708,0.6221328666634629,0.7070166061149741,0.6512756633125409
0.42543958664961284,0.018707887657319254,0.4652161894051213,0.3748070604298622,0.40062908079666687,0.6302392030483994,0.9594528890547694,0.5256806381872887,0.6132988543985505,0.6918652312201647
0.46758722538004543,0.026028355054354826,0.4616471771934956,0.348127129112953,0.3746381722825307,0.6597628112070861,0.9575676955858974,0.5603510713989641,0.6292828976217377,0.6594164250496102
0.3800024931474783,0.06894669482286041,0.47322277736292917,0.3829803476181781,0.3424422880223435,0.4614860766074752,0.9602984593251949,0.5635126609869021,0.5829260611989611,0.6628930982159813
0.46812491358797664,0.0653219312217634,0.36936208138637433,0.3826090931408959,0.3932438878995851,0.6212137669935625,0.9387803657013738,0.5204142935157332,0.5606161563865895,0.646614795283724
0.5435087581988002,0.04994798634961057,0.4397212413764474,0.3723781995377294,0.371706277445244,0.7012993594837715,0.9370443541455096,0.5450069149715797,0.6149827530642362,0.6648096217144345
0.3472431615189569,0.03927992823459863,0.4668594701446427,0.3860302143376429,0.35231466569165437,0.5763048432805394,0.9644834813567484,0.6030509979819932,0.6502392970940809,0.6521966854998398
0.28712805364229876,0.03966684544999783,0.5083865017334791,0.2794773033747872,0.3425555371444648,0.47597439861087687,0.9305602799630968,0.5176238744920107,0.5849459637087582,0.5780295707778886
0.3842299756045579,0.036258710305833226,0.46064307017077744,0.37640846631908137,0.38656294688875054,0.5936977883852318,0.9584291006082202,0.5530882352398883,0.611853738334343,0.6655481552935942
0.5360189057722016,0.032125695046099585,0.4618029283912249,0.3940045762157449,0.3580493400035061,0.6485900506369355,0.9404037041568268,0.577422917114385,0.5973932820275824,0.6639664363474734
0.40757150323050434,0.027689380984955637,0.44739211999749884,0.3673426652853272,0.3835633510660336,0.5484859248215874,0.9745507137990628,0.5645747722898541,0.6118734176839364,0.6849490231412312
0.37544406911115175,0.04776266435277385,0.48609847458701233,0.4124113211281574,0.3562450458415295,0.6167837210593834,0.969253045129911,0.5283880582849646,0.6491604521007623,0.6192919285646638
0.47642288229818475,0.09086855120491766,0.5554426454180383,0.34683032422106175,0.37577979123463984,0.6459902941756479,0.9099298682520875,0.5236557684561822,0.6230314911503199,0.5899951064167499
0.499119330751582,0.0701782191715811,0.5202678858086074,0.3681361200986489,0.35356102777103665,0.6501457713934056,0.9493316874751182,0.5403084175781375,0.5815705242407447,0.6737159033563377
0.3909559819842071,0.03662411341665933,0.4530776800418869,0.3507915082037496,0.3288417831684589,0.5842552442521141,0.963612389938325,0.5696543658577592,0.5696155926757052,0.6488524024022784
0.3770286964954629,0.070676608831197,0.3908338451885602,0.35173112699004877,0.36739670308614164,0.5281704810451238,0.9518794154247434,0.5130771179443463,0.5886442849299869,0.6581112153984674
0.3713318947905886,0.09845971839192323,0.5584948322178238,0.4055092315519241,0.3624790296046569,0.6012225097654635,0.92669450548744,0.5702859466166892,0.593455838321048,0.5881597261519983
0.41830563690219863,0.04958316140647876,0.4779807834924151,0.40577739566991644,0.36935357690074927,0.567645841669344,0.9490899506925826,0.5520867014994364,0.6434702593031829,0.6384773059675097
0.3579414713279418,0.05949324469230094,0.42913897300505766,0.4503683000414385,0.38820425136035713,0.5896228671815691,0.9535262850434565,0.48052519130018667,0.648002568994003,0.6634774781020252
0.33939203415313435,0.05682114249937751,0.5185131471319073,0.30958945656993164,0.3378251878173709,0.574087683409076,0.953146193281768,0.5202295074090864,0.5573014088005852,0.6302574195356319
0.3859497197162117,0.04798883430512869,0.38809458291680743,0.34336799586666295,0.35637803428182724,0.573164280448319,0.9704028093733056,0.4820130786170794,0.5921506909367837,0.6871916588881128
0.44826325746817813,0.04118365249613214,0.43469700092209196,0.3448299173373849,0.3323647225024531,0.6091520522005954,0.9645462288008145,0.5198406186446298,0.5980426688617264,0.6720395995429393
0.31334682168111905,0.08798797059948286,0.4990397774917984,0.3658400730033328,0.3632796138910313,0.5591908054778423,0.9238464650526761,0.48909420490651534,0.5564814878660175,0.6260201222825053
0.3708400210978509,0.07535567592223238,0.42241777391727237,0.38672257767991397,0.37103094534254066,0.5143970330192646,0.9476417099278762,0.54151001746704,0.590306367025146,0.5845925572897236
0.45079400401306435,0.05768641622087292,0.45262934068601685,0.3649879077017633,0.3359342970593997,0.5840496590510035,0.9693529800254671,0.5738039173935531,0.5907458200963599,0.6415772790475519
0.40265013662201843,0.03858408005842997,0.4271127569822813,0.4257679603336983,0.4090425379670789,0.5900725872870497,0.9514443477378978,0.5173799324879197,0.6393281343423316,0.6678995005594692
0.4867014450565705,0.03528227667556976,0.4972570825145394,0.4422465821278492,0.33091660897578784,0.5541662294900058,0.9605991608909797,0.6000209489900261,0.637089093571131,0.6754478921759289
0.4034350612673546,0.05651155776180743,0.42767664156602636,0.36210182106288025,0.3604215056806558,0.6861873011032502,0.939541384338892,0.546827835351957,0.6691994106433528,0.6211799431640661
0.37900488150642725,0.07777348619831669,0.4308516760657805,0.37290447239086916,0.36813070946594667,0.5619618644172988,0.9307466847593785,0.4960148044887067,0.5842639676380014,0.6402816236450428
0.4208873438023531,0.024822353647667276,0.48112921331842745,0.4078577535408921,0.36860675893039585,0.5770067751524373,0.9707576988913647,0.6455130401175639,0.634763691376726,0.6274440698556465
0.4745190702906784,0.0435324825805319,0.45025279105404203,0.5089736467249661,0.38244922585816254,0.6565149095719247,0.964474326989884,0.5708670560609296,0.7003186449572074,0.641275081184165
0.4037586980197242,0.032804188539361116,0.48053434441768017,0.3214561711533217,0.3043909320758103,0.513035746930256,0.9623611680159317,0.6406834440694434,0.5387084174582915,0.655300540131758
0.3403519639758167,0.038475467413634376,0.4836243926317498,0.45928186545375416,0.3894856622645677,0.5575440367409475,0.9538042870944416,0.5610113887936161,0.6860902408721439,0.6755192671764629
0.44295752208992584,0.02396184815343828,0.5219519651386104,0.43423307552392393,0.3628170299554608,0.7105210517346602,0.9629976012582565,0.5266159176792938,0.6499576558297642,0.5943738851637962
0.26981097650001007,-0.006490161436721747,0.42830602158852527,0.42436486470652196,0.36002778992379386,0.5285012517039422,0.9751067476816927,0.5136735214663056,0.7206840457689621,0.7017709777164718
0.32526982133663807,0.05360681095747437,0.4787975260102889,0.4190321064425463,0.37106673775944576,0.5256257157040987,0.9269054575891952,0.5396100337140067,0.6452104674695966,0.6358636495117014
0.3507579922741194,0.01238919670153457,0.42676905325840464,0.4008492241467039,0.3411939632864742,0.5652926969314302,0.9629484004836844,0.5152088578956642,0.6008452664460493,0.6461866096215019
0.45035574415585666,-0.00950907104816953,0.37674926269201137,0.3251064220407861,0.32456660822218747,0.624902921991952,0.9819467650675716,0.49962092902586974,0.5913726884172592,0.6776665673329025
0.32792019532861755,0.05717142403826582,0.48229819961180176,0.3330599645446128,0.3730916591131538,0.5017108123741403,0.9448595358065456,0.5707694597761803,0.5891470793630635,0.6899700342122099
0.34216606506088576,-0.0018430155582744012,0.48895164426577087,0.26091936040659025,0.3149892335468239,0.5641245525384642,1.0259890390804125,0.5986606259468139,0.5218501296059219,0.6728948628312936
0.34050496431433597,0.04389063703707858,0.4365448753008822,0.3281300374847825,0.36037292988826947,0.513172159337149,0.9481427786785922,0.5384113811379958,0.5646094830284789,0.6476117785617865
0.421314985805023,0.055983482662127985,0.39416297408136874,0.2952089241114726,0.34848463204280017,0.6892089456509246,0.9709270950343626,0.523930392481482,0.5571371112008818,0.6838879443570725
0.45982107690894236,0.03547569690636596,0.46833985231009123,0.37953356647174263,0.3397127234528838,0.6211213364295012,0.9605043541271759,0.5905606916008681,0.6323950434951084,0.6135543108854109
0.4496911360025222,-0.012035442577825354,0.43790399951680387,0.35763880440507906,0.3260809249386022,0.6178609997019422,0.9935860877845313,0.5937014153891287,0.6390608275135669,0.6799661914322441
0.4101572035445151,0.04416905876377183,0.42445312911105093,0.5015691450709182,0.36594420593464266,0.598836019488356,0.9528147884238783,0.49713262922903556,0.7197192185333146,0.6328654243710876
0.2948993931200849,0.04944503122015686,0.3997830895912833,0.31687709727920815,0.34667467158586557,0.5277744884960087,0.9663121499087655,0.5297022755260761,0.5978894180556502,0.6335778601406996
0.37757265079725577,0.045916419452558324,0.4066004881977779,0.34986262116100736,0.36580059467518583,0.5700390099214281,0.9579879252820732,0.4991305289440753,0.5806418214934823,0.6409979811847304
0.3522322634598043,0.06118715595963441,0.45328951028052833,0.33794951144439056,0.4057838571456228,0.5676520700156841,0.9480636054645895,0.4778295985159752,0.5249190442203315,0.6037530341462645
0.4945880258667131,0.0893081328846512,0.4611647472749192,0.44644246958535105,0.3877753480547668,0.6066631226379304,0.9113682558401165,0.5072939174199681,0.6235100576409144,0.6143854274994351
0.4254042382635213,0.026887029599461595,0.41635453884555246,0.3871073846076554,0.34055503032114576,0.5674591780850754,0.9612705166703595,0.5286288931440226,0.6208871802953633,0.6532528011885188
0.42448066657013794,0.042640232831813035,0.45333380499746245,0.4257628167578592,0.3545574537838026,0.5930732934235488,0.9428019201198072,0.5261549509756686,0.5912514393569239,0.6615850174092299
0.34030879574584094,0.07008488868489296,0.4779283769078824,0.3271191756830716,0.39225497147952076,0.5412616019634976,0.9326428576758121,0.4966895720206751,0.5252862528296733,0.6298293823702903
0.436781525796546,0.02690622204571886,0.44588797848655193,0.36556783186727054,0.3145760621999117,0.5878783612717631,0.9599169015678806,0.5762094484743581,0.5436899112040282,0.6503041045925682
0.29162784755940385,0.010785099627391367,0.48921764813180196,0.44498294299967084,0.34720592088135116,0.5569562033069808,0.9778593481056365,0.5826923102701286,0.6734414625654876,0.6403205014926041
0.3476340807184739,0.06286349223704832,0.4602621890077469,0.3694119087376021,0.3766061388029534,0.5874800441344501,0.9674688218617434,0.5349123207185016,0.6104522113764381,0.6410674188273684
0.3193990090152962,-0.0026845624722603286,0.48986248414320077,0.3902948092112721,0.3089192914112293,0.5529633870793035,0.9827615950119284,0.5445334318262479,0.6947843747481146,0.6630865715091154
0.2923189690467793,0.038549567043025014,0.4452085694013973,0.3590165000481477,0.310397779570607,0.5140777108002839,0.9505679241353638,0.5376668112338217,0.6164708015596048,0.6508043391132914
0.38221081682106073,0.0493171902807269,0.48241707622578034,0.44185717774608607,0.35739731835279387,0.6332600484764033,0.9608831297085989,0.5474081675854952,0.674538047005697,0.6564447763504815
0.5041031664280943,0.009841691885502586,0.39980503340594686,0.3688712328004622,0.3352553263556995,0.6918123916285737,0.9887617582485381,0.5744021407102105,0.5693604212237204,0.717694811936317
0.41206840206954787,-0.0008684372551695941,0.42686083675099507,0.32322280900178163,0.30278651869724504,0.6329036919621294,0.9958040232869091,0.5780264581245804,0.6182941357704023,0.7083794256791593
0.3570966855931494,0.04818392987750447,0.432169621032477,0.33366187811035214,0.3338689731677179,0.5661839173480059,0.9467072541793509,0.5054437913063221,0.5494382823676811,0.6764894967107897
0.37611206809973646,0.05237473211828334,0.5043245241140656,0.3963802661245654,0.3511396108758263,0.6675705070204823,0.9402625480890243,0.5789542786151334,0.6402097185280118,0.5752343943640783
0.4312585861995952,0.05994196607233293,0.4515395401321892,0.41949914186542625,0.36979480468627607,0.6399626157633249,0.9378703340408158,0.528961709075787,0.6222823332881546,0.6272951629860859
0.4957692591228685,0.04952061299715171,0.4510556485522915,0.3837184328055601,0.35627263640961954,0.6508607413955191,0.9527688422077752,0.5517752861709799,0.5932338353188071,0.6563413826837807
0.3770720848753488,0.06755578240988032,0.46044222898506726,0.3428580475069058,0.3632347240179946,0.6471865481722255,0.9402765134608965,0.5013203524012192,0.5835253129081543,0.6321024505343371
0.2936586961780697,0.04391388195308231,0.44194247134651876,0.3512069573930557,0.3588353571755677,0.5289457412829175,0.9611427342015053,0.5297414518562445,0.619468717605157,0.6267112483846046
0.39299044436012975,0.04779456465959787,0.4865609169561275,0.3077715526166333,0.34452363400966435,0.5989229885684606,0.9252644080429028,0.515280145368702,0.5188228609259598,0.6112639346143821
0.307746649460216,0.07437210345557944,0.499656169148206,0.4063702667176555,0.3690672455320995,0.5256749036974928,0.9338420944972733,0.5655354508171717,0.6407333812829756,0.6288201225454783
0.4010580970059608,0.042519879480298124,0.457448694155155,0.37961016996983316,0.3399081596007353,0.5335048909515412,0.956206529653108,0.5478023542547356,0.6369448271213047,0.6221518243281319
0.39967465335740443,0.08807537234357606,0.48046495871238937,0.39036529030832484,0.39942066750016814,0.6671145644011816,0.9340836986604464,0.5198404628105953,0.5916151539366363,0.6065878988768416
0.34385270683953534,0.05551262853490851,0.4902032057274062,0.4417300694897252,0.33121514534502977,0.5789893323824001,0.9479552261688811,0.5608759344589395,0.6441048011516395,0.6687747223257849
0.40602340409736615,0.05826208860659396,0.5273189475529535,0.31767108219437723,0.3471410072941884,0.582730408822695,0.9446712997755468,0.5710010563141157,0.5474269932016509,0.6208410082661722
0.43305372226986566,0.02764698791855347,0.503286515061967,0.38103634706519846,0.34353394407831495,0.5731723105860833,0.9470548142589451,0.6275360461572759,0.5973176188728133,0.6573874855384665
0.4045077114740244,0.03461220392327483,0.5044469993466266,0.4349240820423818,0.34048201617756757,0.5694959384994045,0.9538214121070252,0.5414796306822582,0.7239957715313287,0.6298965831007659
0.4973321814537672,0.06093943220018369,0.48819733466412646,0.3373188523761742,0.37937207177743115,0.6751525109628748,0.9339798692212044,0.5386618508717129,0.6319808142130829,0.6632833648077979
0.42696321824926614,0.041670199036038295,0.44492904182905146,0.40404947512353967,0.3556820102195591,0.6110854996601405,0.9466634138724702,0.45632578149360425,0.6659635363866523,0.6704160061480988
0.38346635187695394,0.027921603190368308,0.44569613865058966,0.48125659720499125,0.31655030957867447,0.5261980945221418,0.9665959090545673,0.5274138827122103,0.7022090184705292,0.6595310057253416
0.46430900671942776,0.08581612867583734,0.4917150986178366,0.5232040464321746,0.43899003146867316,0.6553829334023787,0.9224744536034206,0.4154458161307646,0.6984067974276893,0.6480953847423354
0.3551154846884948,0.06852520785557223,0.4145193123724885,0.4121051395271117,0.3602273741260449,0.5091813945373488,0.9147587100869343,0.4975331449844447,0.6430960064458994,0.64507169262042
0.424255880621324,0.03554222856898843,0.41013230042584314,0.36641210413038816,0.40706213349610076,0.6120061743758098,0.9829088961768593,0.5261695911567298,0.6453095744095774,0.6444563143746947
0.4261318430460735,0.045080131807590636,0.42579589569123055,0.38422313068005126,0.3256784197285452,0.5622092609324825,0.9591694433238681,0.5554595518519474,0.6292363406340674,0.6819523868000579
0.3963064592618836,0.03323701063978928,0.5056765128605274,0.26859292791914047,0.38568091060443094,0.6641853819656025,0.9763824779959489,0.6156728931473724,0.5766523224426366,0.6431789464422556
0.49434184938909354,0.0209481110457305,0.44868664817214404,0.4736283130429293,0.37178653930863287,0.6368349278634042,0.9750267789401047,0.5181306125664804,0.652628861945759,0.5980424089377843
0.38573875730883883,0.06750340221082604,0.4633226649308893,0.3439022475117575,0.35031485941997803,0.5637015320905375,0.9185413915743977,0.467721877809135,0.5741843431941208,0.6607362654857432
0.332682507773417,0.045054455871831586,0.4549997156454613,0.4249457101693202,0.38128008405205627,0.5437426572261248,0.9821084332500845,0.5412450954887884,0.667650831131594,0.6381460649105358
0.46018698996410384,0.04722003382880164,0.4480340927361547,0.34177473665683883,0.3840120865314909,0.6857935048712755,0.943539500742971,0.5148869890687766,0.6678232323077993,0.6230858651836971
0.44290234749768104,0.0423958395894729,0.425241408424756,0.39902130360875326,0.334270966476787,0.643771502005188,0.9476766915159903,0.5127676504529239,0.6798017942492743,0.6649116905931605
0.3841226636223384,0.07413402088701102,0.47045320741921504,0.30939212901060703,0.34579591200470977,0.595220857773972,0.955196028489034,0.5283766365624107,0.5356888286456835,0.6167638986435309
0.48457035223076983,0.057851023922705275,0.5297908850831138,0.3652907319908567,0.4267959531433078,0.6753567967654266,0.9340153917540541,0.5111698871078142,0.6202410934578639,0.6350323839457366
0.44081020800339693,0.04217637575461477,0.48878401552945816,0.3600658564928458,0.3704103711948649,0.5943328599289723,0.9301295292318488,0.5873273069607956,0.5452763609187028,0.6473148036833616
0.40369572264382797,0.04510112589601565,0.4130553283439984,0.3798249698748486,0.3583228881827841,0.6216062698657774,0.944215686251392,0.5303840904113182,0.6065860806042904,0.661088300969921
0.415242490250182,0.02390404942369282,0.4303783437265739,0.4211706001418767,0.3752806673491253,0.6268402337953186,0.9604186050870749,0.561169061027076,0.6265907647264641,0.666205915923225
0.38543749447276726,0.003641355449271045,0.4884931389634212,0.3329935290041187,0.31635786333936095,0.5502267018383196,0.9996053359617011,0.6373671754916131,0.5880255078963448,0.6811482874959565
0.39346445229718746,0.02746290161054665,0.4618746907570066,0.4469646650912539,0.37010764444544075,0.6228367969128524,0.9539413840790676,0.5276629881931234,0.6705313659903549,0.6733038888275256
0.5276196350771507,0.08275314794554653,0.45625131780296596,0.3905821943334944,0.371018759735072,0.6051482796341905,0.9389249124352417,0.48434987388172146,0.6052755350247169,0.6854971622313166
0.47489697172655015,0.060354652570877895,0.49147741461506134,0.3574484479259326,0.3822502994710735,0.6669278931163052,0.9517419035097779,0.48253689535198596,0.5761376661914851,0.6431965152772483
0.32465913606692026,0.01906269526996348,0.43714379675697773,0.32934891430062113,0.32765460240446,0.5228527415222959,0.970316155415499,0.5259851939545985,0.5810910868096923,0.6603734988545891
0.3757237435039665,0.07411431805766942,0.4870738733706507,0.32788731110373515,0.36015788674210286,0.5464665730647915,0.963290830011672,0.5490354862555162,0.5631497358575,0.66014957737821
0.3438744999293486,0.03980408109660156,0.4677264443647842,0.38838507526224975,0.34666128724943773,0.5975863283193499,0.9379743656114136,0.5558380298058898,0.6102944665454357,0.6578655984114439
0.4117195495540169,0.07570238141088428,0.5162351956607756,0.39733107153943037,0.37297122842618763,0.6538478698850279,0.9188521490341286,0.5762173076334751,0.5946273708434484,0.625698079936919
0.44185157733728564,0.057128972149399694,0.45461638165521645,0.3707528650036005,0.37880690668038014,0.5518213370450813,0.9531295438845249,0.47261063674528025,0.6062805473891886,0.6572020255012463
0.38601419789801994,0.028397037012941974,0.46286107063084786,0.37150999421377573,0.37065340598290286,0.6020148249326283,0.9278623083124649,0.5240391808467894,0.5529725269027654,0.6427509494680312
0.381559272316428,0.0037905464357480003,0.4074886412229224,0.4569575872970319,0.31097255496760284,0.5197496762533225,0.985862901788912,0.54558244503589,0.6697650260683532,0.6791251395442361
0.4767180057851352,0.09392195075456432,0.4387197845071688,0.4517541748472827,0.40905654898389476,0.6655345363900327,0.9222443869588803,0.49841020874780595,0.6661390860030048,0.626884762118821
0.44627486700152447,0.04536336279925665,0.46515619276828046,0.4024600545584954,0.3162537558368011,0.5670613203798318,0.9363245004188243,0.515436225545731,0.5958241045885743,0.672810163903441
0.4238358312890099,0.026873688769547467,0.4442006545665189,0.31531485578940593,0.3167282322401048,0.6100085502967123,0.9878305997319978,0.5910696011251722,0.6015652997973304,0.6645882935539761
0.32823512367505686,0.00886910737115371,0.4267773457593964,0.3825151556626937,0.3378832203418462,0.5478460736099269,0.9548089126792023,0.5489127838531371,0.6240486477788123,0.6205594894423775
0.4149110369745715,0.08399646914498941,0.49989626389783626,0.38764037342738417,0.3932921659168984,0.5203591939274796,0.8935804024928596,0.53938639665935,0.5986193767425774,0.6061945095015064
0.3723758245213986,0.03985115515547543,0.429306516415149,0.34720495942524665,0.3896113767493525,0.5382852384489056,0.9656613353506414,0.5018997567457081,0.5914938326659477,0.658988786594797
0.36267194748968407,0.04269172388353356,0.5137618118171212,0.34285760491427186,0.32292515883002215,0.5646971254314355,0.9738666191041668,0.5603267645722887,0.6236986922869926,0.6440563678250797
0.4977845062318708,0.0448987595513733,0.4299887966342426,0.35458946409719144,0.3313013508405581,0.6261624789701645,0.9727461836081082,0.5382237182502987,0.5759038377421404,0.6344271706231721
0.3404203350596239,0.07195595924428727,0.4699459951134428,0.3951714566062087,0.3977338457627998,0.5119332206834802,0.9103634288603312,0.5082515968344887,0.6115933546257395,0.5984778150345533
0.35472552042127525,0.010149835948708823,0.4019600080079916,0.35067103695063223,0.31337091421272295,0.5726126759839434,0.9930512342764194,0.5770250565510516,0.6254896087410269,0.6959869976167897
0.35021888553202746,0.030889464986965865,0.4718312115595512,0.3466515340457583,0.34215890007731037,0.5491072159686212,0.9732851907517078,0.5455551206129631,0.6185532106533285,0.6749285886714786
0.41049099931819394,0.049701277345784764,0.43496042137852076,0.3180157245064547,0.37314412426266164,0.5990090179197565,0.986528863303653,0.48887821441204604,0.5984999753817808,0.6414480811309127
0.46728954784693244,0.050072851578134216,0.5171750321447419,0.35790861391759665,0.356583124370559,0.6551671473697532,0.9424348309741929,0.5882335865096011,0.5936501575749102,0.6202036407583669
0.38830120573584664,0.0513627804703031,0.5075449289437709,0.44052452210416687,0.38741278714552435,0.5821165162910984,0.93428575694533,0.49880874459394686,0.7237076628263578,0.6015580606176931
0.40952105585941323,0.051666823196885266,0.4745158456712308,0.39992073582092985,0.4080863332204012,0.5882797956224771,0.9635537860949452,0.49397453836245897,0.6306108504098666,0.6132640825042031
0.3809185250886817,0.03275080369988635,0.4514292499851441,0.40849077375409776,0.3163980628373627,0.5482040450435529,0.9875679706361689,0.5832045489541466,0.649841061279874,0.6995980130725923
0.3983620283134853,0.032390675486787306,0.48280354651521507,0.26433136467960755,0.3748762882598329,0.677705134088094,0.9522903956543627,0.47262009683000306,0.5247749027060284,0.6542290214505107
0.528851250137208,0.0825087308221265,0.5537701336061295,0.5010236710208439,0.386780107488479,0.7083460985437715,0.9370802228525011,0.5854531508231406,0.7255408957597355,0.6414302770409875
0.3515287639988143,0.056271524720388474,0.4522401473217604,0.380447802976892,0.31772630252682754,0.5263599117158252,0.963601734478646,0.5871988660032795,0.6421550750063683,0.6328971798750699
0.32284470683996713,0.06576155584498773,0.48759635531901724,0.3120443626390233,0.32582709237126595,0.5630193896473246,0.9446787953970027,0.5651448741102615,0.6015984779649071,0.6678666915775799
0.3961769255804601,0.06664985778485809,0.4893238917225519,0.44312277858763244,0.40355544314556485,0.6058069843984895,0.9555931760407033,0.5190467249165074,0.6946557241047004,0.6513682602437896
0.47866393252330347,-0.024812488809022717,0.36656594463092845,0.34394925983598035,0.35131613932232797,0.6321424171046104,1.01015072125481,0.5264383952192953,0.6115041713214601,0.6831408574367586
0.4453264945095763,0.06102006259693958,0.5211217862993447,0.3290717105875559,0.36806495160077857,0.6413213929641525,0.9483116616541716,0.5822807134394978,0.5354176009005935,0.6177677836752195
0.45130390487508554,0.08258795743452384,0.4617071836479871,0.382162057293629,0.39539096555934944,0.6689587024798518,0.9169465378175231,0.5014853923719786,0.628842945323963,0.6114877062003168
0.47429252079997747,0.08173389876844024,0.46778663200459747,0.40921334068654347,0.3563930629971767,0.6013678387730184,0.9209317377594112,0.5838587206243555,0.5842125889207821,0.6045990204398074
0.4734703705074619,0.03797208432408069,0.42205535353635976,0.4628080161932268,0.39633205515396114,0.6688794264627895,0.940486027331566,0.49182252045594266,0.6871730383365436,0.6652799202091387
0.4687537442987709,0.05266609509113489,0.44752477882186287,0.381914000902938,0.40742520531059323,0.6853756127850807,0.9578952232117065,0.5983538993980353,0.6479623965361654,0.6779307414964297
0.504851381669328,0.044053052683452526,0.43643291760409453,0.41083056989538336,0.3610329010047814,0.6775904797686426,0.9650250999758039,0.5013695955304431,0.6782291288123378,0.6733843493478943
0.3714599154244135,0.07890749084194468,0.47585915422933867,0.35783185710392873,0.4187331444064717,0.6429778320754741,0.9227134432455006,0.48180966785495616,0.5659006812417255,0.6161046898555529
0.2773819730250878,0.0451891987141043,0.49775398924803527,0.33278479690969837,0.38136960986546076,0.520810449905408,0.9858281498128895,0.5280388187807545,0.5902402811962673,0.6983381662919127
0.5154559390609625,0.04476934951534097,0.4316216300142883,0.3735465712252869,0.347980647377666,0.6712934990486119,0.9592065865631609,0.5698099899990823,0.6140952668968231,0.7001358093066752
0.44421152064182706,0.05328635681730757,0.46716653502493083,0.40300466534080703,0.3398832562378623,0.5780144169430244,0.9649340017312569,0.5152734927709708,0.6425283167379665,0.6717017110279379
0.3113747811887284,0.06334565159582534,0.46178303681996125,0.2660300506038447,0.3493297154377498,0.526872983963693,0.9794491399280196,0.5313431405187292,0.5515985933707765,0.6496288395124843
0.40229299357696147,0.023740252477650298,0.4517869815691854,0.350485604447642,0.34245459675500867,0.5806015148240506,0.9638770975729152,0.4877843065552583,0.5856810576100238,0.6697226517408634
0.4407262991559968,0.048312419285910416,0.42115672548793853,0.4051757410251282,0.3240579355402151,0.6040972087641168,0.9894875026502045,0.5666724609522809,0.6305979191810234,0.7065202797647148
0.3774639946210352,0.031135248754513706,0.45954064823044605,0.38337267251319884,0.36170060024672956,0.5329334178486415,0.9592180865435341,0.5413796537803823,0.5836865133892295,0.63604561643238
0.3635727019844866,0.027144120394098466,0.48306911983689804,0.3982116667825132,0.3636003032781948,0.6042130378332946,0.9966995834045922,0.5773517524827416,0.6410060628037977,0.6318267500050307
0.4868150818768735,0.016327044245956473,0.4142315802002319,0.37305241619924095,0.3680481001111645,0.6689555179799864,1.0053483559747902,0.5758258249331215,0.6092377705314878,0.7347132899689622
0.47667825107172446,0.04459546287977682,0.44762155573861834,0.40908552316413077,0.3631359298753839,0.6108686132241103,0.9452439075784648,0.5797230594062858,0.6041191196300209,0.624498181729471
0.32083386177033,0.058233053786226625,0.40745154572536596,0.3716613044781687,0.3858906820769023,0.5239057650322946,0.9634388347667959,0.49378713800162666,0.6131032474041884,0.6306233021616215
0.48901650273287456,0.029710163612750612,0.45338883848761935,0.32098390748202793,0.3208730946963796,0.6815110475946287,0.9692641573261049,0.5816883132792777,0.568017591040776,0.6706387182589038
0.4222654067723238,0.0660509125682996,0.5219051848238235,0.42992164441482245,0.39386204089983595,0.6240009974696282,0.921013441420203,0.5224207703616668,0.6687393857028376,0.6059619852613974
0.3385863417812782,0.04419227788988715,0.4536106505218557,0.3639065260513858,0.37794219375652605,0.5811906262642395,0.9499528395089409,0.5343438095101203,0.6478590293614799,0.6289621965485184
0.37107227764563844,0.08683003221196685,0.4955838696094577,0.4208070738337629,0.3523246599545398,0.6004613707349913,0.9126630118451192,0.5203609685830128,0.622088853516763,0.6093117777381296
0.41933783647548895,-0.021787575934991907,0.39349010562912573,0.3554953001892016,0.26862216314298387,0.5704291667448673,1.0199666864569206,0.6267280569120902,0.6607307163719086,0.6691984241243618
0.38667325817853687,0.041500561743351774,0.39652618163624415,0.39640169045286716,0.34815273659480345,0.5756527374409649,0.9501734484955614,0.5226976200981028,0.5732144272579388,0.6508572477071783
0.47915459493539386,0.08604681298332519,0.44780543866481876,0.33161339979889165,0.4001009835755048,0.710371506334025,0.9236951960088277,0.5091843975946053,0.5755401063098273,0.6086981509592793
0.44648085099806656,0.030952013532907257,0.42082345337131527,0.5135571130160447,0.3487580354452271,0.5740456083137822,0.9657206108598223,0.5116605655448685,0.7067859338161199,0.6536878453824544
0.3632690523373576,0.08527811740676905,0.48015551410855817,0.3395168240379798,0.3755204056803901,0.5345929500097972,0.9096640074622097,0.5317978519659861,0.5471883328264264,0.6260038093133253
0.4049393958674574,0.05089371267864081,0.4358948101282797,0.4158850068809668,0.3833946067849033,0.6398496877721797,0.961798981717805,0.5281705888788253,0.7009602576727002,0.6551133952923929
0.3653607486807352,0.08772217682631837,0.5181808029328587,0.4770360167956611,0.4174384381958867,0.5699853463255529,0.9236744122093961,0.5187428393463116,0.6140661032700414,0.5495711270295168
0.29849322999995986,0.048921997893648206,0.48786865786749467,0.3525384094916794,0.39223923406420974,0.5086389344958437,0.964029589980564,0.5365595581217775,0.6077614553639746,0.628639183726992
0.3837906961083832,0.061214534670443174,0.41722682376183984,0.46150688337640305,0.38590473339222353,0.5227615250628754,0.9324842638799408,0.4818246900293893,0.6841338746946661,0.6271741903331653
0.38060542865537356,0.012517247587098657,0.43319688885692276,0.2884796234550559,0.3155158857001761,0.5606191434487204,0.9727053061299946,0.5892953610829286,0.6224389578776179,0.6771949329618131
0.5136498004660326,0.010661828117332427,0.40413585778933764,0.3120110320023142,0.3237452427765271,0.6421795631659435,0.9832669222623016,0.5485923577502985,0.5462617123288891,0.6721361674157623
0.40648648858608216,0.05934225350963539,0.4920685657156018,0.3819316409099853,0.380736360433636,0.6435469417980678,0.9322775635774655,0.5151424453272249,0.5258726949252075,0.6159379816989043
0.42317726065862105,0.025841114440972247,0.4211156000408589,0.33863544019967123,0.33944396907713636,0.5957497138325516,0.9865492115737712,0.5912335060437468,0.6242811645760229,0.6753112602567835
0.5297362909066747,0.05957882001776433,0.4964294349561005,0.34085745504667414,0.36434527013905477,0.7197532493283348,0.9458189309148292,0.5698269869204577,0.5453747897085803,0.6213656179983926
0.3607592807503623,0.04134239614387164,0.46942563549135174,0.31642178429319623,0.3386522252727566,0.5245990903470091,0.9566234834854036,0.5250270209493374,0.5396197765194939,0.6360896957952134
0.42005770725611374,0.02659212883823483,0.4530695398876613,0.3785576687384104,0.3305131078005923,0.5630759473685938,1.0060863499306385,0.5281339299804979,0.6450789753550525,0.69235404261323
0.49732192475215525,0.04984614542586647,0.5234771835819544,0.39290575829144925,0.34414350769654733,0.589714989561302,0.9633151241436791,0.6044478252597061,0.6178448508937109,0.681541464097561
0.48076663712581286,0.044995032542349406,0.4435692188761466,0.3726459846180985,0.37210230601579136,0.6199805486679905,0.9326509730426611,0.5441485719592527,0.6202617050633765,0.6580665651472222
0.3210977260775322,0.009350863890016391,0.43310482012909585,0.385568552234259,0.2949473484941831,0.4748512541663342,0.9972506074704429,0.5458607354628833,0.6549140768333355,0.6768752991588444
0.4741010156268895,0.07719069613410169,0.535459468098249,0.43978650757632237,0.3409584839686117,0.6479328402784628,0.9226195544864901,0.5515499106797448,0.6532078737935396,0.593253758856124
0.37024689728090476,0.047625974370093055,0.44981119896003013,0.2525855953178457,0.3428302592780719,0.5312453333042367,0.9399460105240929,0.5135280751482036,0.47786342439043494,0.6365957279224193
0.40877068059062927,0.0519721281100314,0.5542437196322099,0.40494063797892926,0.3666279286479106,0.6284395739945827,0.9304308541228622,0.5716557697646865,0.6587427301358437,0.5735982267173823
0.35843828247078696,0.019857980769452367,0.439284357886703,0.3467063738706487,0.34208021278319833,0.5527584113857251,0.9640059455857775,0.5269287272356884,0.5763842999466884,0.6317600409380691
0.46891347271129635,0.04278833501541445,0.44612124959238086,0.3556459843663298,0.3567297573534525,0.5867510959494846,0.9623447551042492,0.4991883491910776,0.6152034017912587,0.6886741423858043
0.44592603500811157,0.051208543434865354,0.4648003574568789,0.417391928125738,0.35412426224361665,0.6426265246156734,0.9393922468844643,0.5365377869252367,0.7064425392451799,0.6483371564000431
0.41570229049440416,0.03223655509032186,0.49169609711888396,0.4124397496918687,0.34605875760886745,0.564445368660236,0.93411002202168,0.5376582968873913,0.6507921422020867,0.6502195448372297
0.34642523420893456,0.026596544695227365,0.5049622987282288,0.33264144070048524,0.3269898747646299,0.5589855740326644,0.9470809429572646,0.5776094668073356,0.5800705050787451,0.606198367163834
0.40371231778640476,0.004712917575992347,0.3727837286647305,0.3313722826234137,0.3416009285190351,0.6119321450580623,0.9849131614801198,0.5669804766918178,0.5761180284739631,0.6860139985636781
0.45445348888536885,0.04951090661246065,0.4799080630552801,0.44700592412192314,0.37668304586441403,0.6789906914504094,0.9437870640791897,0.5501425155046447,0.7216340405805941,0.6002799088765909
0.39398942234368645,0.050418235027317654,0.4779174178887849,0.2982508923993793,0.3541579093575594,0.5771910231830073,0.9368382689694634,0.48602617971795614,0.5707036823959034,0.6390431425266352
0.42317602321509923,0.04752339565260887,0.48646165153304766,0.38292069424115355,0.360074917002207,0.5967575328630036,0.9745383994837407,0.5679117970515063,0.609284155543869,0.6750758491290327
0.4512891099593579,0.002365907506883392,0.4358344655063774,0.450863206172912,0.32647499816580117,0.6896173161291705,0.9843339736040496,0.5116659442742968,0.7514689118766444,0.6508879977788147
0.3269589750434057,0.06486257027151221,0.4111222136814812,0.35260339220714765,0.3868401327391091,0.5293035246771365,0.9253613028628619,0.4617744613437791,0.5999091007115659,0.6069025270015873
0.38745597444760055,0.04653180417495712,0.45596410164024587,0.36484568475578405,0.35076511643055713,0.4977110469378079,0.9457034964949596,0.5526016257033746,0.5798607041354638,0.6543967486224866
0.3994916600654277,0.052273146732172496,0.5000809005068989,0.3326530955184886,0.38017543354756944,0.595477992778516,0.9505108171926279,0.52984086069561,0.5557148572155282,0.6244489156716775
0.3565930270566178,0.08154694794981142,0.451114878737518,0.41027857971371784,0.3613527320764165,0.5069841285328414,0.905953489809189,0.5027531022780838,0.6346768371611958,0.6094633660522453
0.3642242061906763,0.004448155003605319,0.4597775656951161,0.35511396488068986,0.31430779043017143,0.5208565012348109,0.9467096165626655,0.55067123095215,0.5905570889480678,0.6375556007088716
0.4223655732709447,0.06358817539806129,0.5265234837232068,0.31793497729306824,0.38253613487388727,0.580522396680567,0.9340669688962846,0.5495001719213923,0.574810152799329,0.5979236772490828
0.433881869745921,0.069230449896689,0.44691664681701115,0.4068730392038612,0.380957284630699,0.6006490830874828,0.9216462679796189,0.4835414983316777,0.6147410906534495,0.6595772583584638
0.3552255429446566,0.014563579750621811,0.43901193012563156,0.4201689988879688,0.3548789322863975,0.5908897582130399,0.9672893683300777,0.5196521962339689,0.6743547508003115,0.6372857123678515
0.32139631133812624,0.033587104275639545,0.38132373338571635,0.31799922076584525,0.3239995145411363,0.5107910896209614,0.9666205196108849,0.4867677225418474,0.5740080992131588,0.6689027309642122
0.4069149174283395,0.022513174670935786,0.4091527029752478,0.33609992330004373,0.3094839301187118,0.5860467254051833,0.9935797396446512,0.5720684064489455,0.5772354825751407,0.6321886287861453
0.4354733694027646,0.07981063131750131,0.5038644538944946,0.23352301413812385,0.40612301687818997,0.5583241913071006,0.9564437604499949,0.5164824287116652,0.4559795821813363,0.6332885594604023
0.35306618945149637,0.0785291385986066,0.5712143711100595,0.30381118495993936,0.37182244900885164,0.5388415145906746,0.9426697248989476,0.5720683192257574,0.529671561739645,0.5690084732334897
0.4270297671100165,0.05585302616479027,0.42110317394697044,0.4037714266798256,0.38410465514378844,0.6269183328818009,0.9358306685205019,0.49951206074856946,0.6476615395271643,0.6672050435971546
0.2840462768057699,0.093979575933708,0.46468257424251824,0.42702790223592024,0.3994791945689351,0.49599112852446503,0.8867587103092397,0.4775459491139453,0.7017696077817915,0.5992707058383959
0.4086992450844525,0.03510432548958726,0.4071645785512141,0.3551859554147568,0.3690936067116709,0.5654211218748549,0.9468556624429699,0.520814089389301,0.5746040560920984,0.6385477934522519
0.3759412610583634,0.013899508539690637,0.4534878641125462,0.4066350776891048,0.34592121139416154,0.6307827060130592,0.9750487258741957,0.5171024837841702,0.6411389980235593,0.6694412253571285
0.32394436001275073,0.036944384456905496,0.4835290272621315,0.42329617831659705,0.38961504355829296,0.5872096942208951,0.9568806224198357,0.542669881945135,0.7139733251592135,0.6011788617848008
0.4301503713533103,0.06258053207965143,0.49717096275940137,0.3932697328486843,0.39033028211047643,0.5392585881457157,0.9214983529555526,0.5012388381863819,0.6316042698894517,0.5972901539841844
0.3955608225201844,0.04619685142600895,0.5160331848899643,0.4083832720293342,0.31965029950946705,0.5749198927104703,0.967701876514472,0.601575395615159,0.6580712348247626,0.6414387050564014
0.3270044019579938,0.06158278662795028,0.48197295849424815,0.3592805401420172,0.3697176935645491,0.5766457069918223,0.9343865930538683,0.48780078090583456,0.6492517583208097,0.6283552641853826
0.4797959503429704,0.08179014240763427,0.5268934734206684,0.47958480465079517,0.3890852431675167,0.620127923195538,0.9407537400807272,0.5426239884332957,0.6937925393329141,0.6330101328959674
0.4057851355978011,0.05373062591372273,0.4748057886800241,0.2800653488722621,0.3693973516928982,0.5615673740312224,0.9507808189653282,0.5078718398839775,0.5558424825726558,0.6291719590338809
0.4334241782411511,0.02519068051460489,0.4526912090097547,0.48624466644441217,0.3356421994752447,0.6253344155538308,0.9827935352515818,0.5494299981994324,0.713868798687502,0.6400577850475719
0.37957025776969294,0.04322635263110694,0.5104378471025887,0.36714948642357015,0.37272903449288397,0.5348493062303254,0.9502606764173406,0.6147352535189989,0.6354309298151801,0.6140304517426115
0.41196379679305367,0.07033514929123738,0.5244470450213116,0.4221349778348656,0.3471555095357745,0.6472740235527736,0.9373137660511788,0.6190098634098954,0.6520774396438356,0.5976930806223537
0.48415628057226956,0.008752105037469074,0.4812564727399095,0.4270320813776895,0.39164937230177294,0.6826382392302288,0.9768759107185881,0.5359996812596091,0.6740328993988726,0.6615487263496845
0.3869176457760238,0.03065551953860796,0.5112089581083655,0.45635733775156145,0.3803114547509882,0.6104043228342748,0.9545802282982823,0.5480781793146153,0.7073748562988066,0.6300255514422481
0.43254507674764775,0.084086701138186,0.49991732866555866,0.35201004507386546,0.3635238675532901,0.658767844315005,0.9159187822751871,0.5352682051939197,0.5518226869513587,0.6231968993033625
0.32205274713983695,0.05739456091330365,0.493204256159568,0.355857111365804,0.3319909049325748,0.5076721633648138,0.9220239991859471,0.5005216202772947,0.5562899475402042,0.557344814545869
0.46619831088099073,0.05724570049832035,0.5117377317855353,0.43384053300892816,0.3882572734463949,0.6694935750209285,0.9324635495605168,0.5752561192214012,0.6440226855808456,0.5751377218230974
0.4286849916130773,0.03126125159194198,0.4343512123838393,0.45748641528765854,0.3517066842957254,0.57699733617206,0.9785501138148059,0.5023461153758038,0.64692711578643,0.6659570503412782
0.4420235511093522,0.0321030672937212,0.42904663429267853,0.32018437325408866,0.3204233560396306,0.6668156184335335,0.9759084533203297,0.5690425524134384,0.6056137112296016,0.6673215566777853
0.41626930499496945,0.04929853789093074,0.4857746628259751,0.40151046211749136,0.35395965120220974,0.6256928172487768,0.9377428499933587,0.539352161549476,0.5823469633578598,0.6545970528239009
0.3899390452082517,0.058035134930769734,0.43038259295928283,0.3193213592939804,0.3365509679435213,0.5445311846995455,0.9548386960582254,0.5113595001730562,0.5259432489107649,0.6287314715125281
0.4509749018999795,0.029500625234153723,0.47320329144729284,0.3306287336786885,0.337627608295525,0.6436304846260205,0.9771021699015344,0.5224832000438423,0.5966472301492551,0.6504813313077036
0.4111524387783417,0.0049415964219819974,0.47183432981363466,0.46397233195751175,0.3001571947554806,0.61847255263455,0.9948524163682171,0.5964806121441178,0.7299034397250661,0.6831788546917104
0.44042791510058515,0.06244694628844077,0.47792115123145595,0.38294650128033114,0.33676858685880995,0.5412778022298594,0.9491614329382886,0.5653276483489242,0.6010891568961639,0.623957028098135
0.49737869860453676,0.013616592502870934,0.5039128298602805,0.4786971383235972,0.3791075409349276,0.5853349809635295,0.9614575802348234,0.560639086316801,0.7180822660123922,0.6741795748093795
0.4324351082284318,0.013295991444422322,0.4162241098706235,0.33307000428856287,0.33848584931128295,0.617317179074736,0.9814768066824919,0.47475739682329055,0.5620775022203167,0.6339830565817359
0.44261651258881884,0.06815198237850065,0.45980618157377207,0.3842361922033854,0.379160230239775,0.6273362816707395,0.9300368850548241,0.5092148369728742,0.6612066572963544,0.6382785803644229
0.27786847181477503,0.04508985042147565,0.4784792632560568,0.33640414692339143,0.3515442876641822,0.5341977162066229,0.953921115523501,0.515956866556549,0.6256799862339287,0.6153868992752021
0.4280686324370852,-0.020592938798330976,0.434420773556343,0.4094957181367475,0.25795691897432005,0.6113745577541778,1.0249215178816242,0.5707842797361142,0.6715318512041747,0.7043488541518174
0.40200583427803466,0.054577118725388195,0.44150959046243454,0.3266105192442491,0.36739218172895066,0.6204072322456899,0.9512010083356538,0.5199150045020655,0.547362843316315,0.6517908031491383
0.3244924366136175,0.05254376488525944,0.41654806324982063,0.3984001452269425,0.3308758140221252,0.5014033535787581,0.9547306762811402,0.5197318193991154,0.6232897672520248,0.6772849733601767
0.3882732776272707,0.012947620676811773,0.43180230231223965,0.4345171491429069,0.34992322130795345,0.6085174372304737,0.9970225479860645,0.566064660717154,0.6430013420501686,0.6379372894554756
0.43305424377993895,0.05710308224435738,0.4708425970517754,0.37044408667959844,0.3777177470268237,0.5413083299392599,0.9341927154981224,0.5042027880418484,0.5933100920611399,0.6097489883489335
0.5091479412255066,0.051799848201361055,0.44270695434020346,0.4013158983053426,0.3418474255070804,0.6963381521932388,0.9305249292825913,0.5611107687651598,0.5575927180676457,0.6335987288130356
0.4736964130660662,0.05119414163345052,0.42589499521701946,0.4258380060288397,0.35249641813973376,0.581005196796685,0.9747284546265548,0.5428245603768462,0.6560142140697797,0.6753340938464282
0.32432848900112865,0.02602191157121653,0.45568047615226254,0.31469549807209046,0.31298057458802536,0.5330933895057859,0.9902006642680948,0.5579412227765386,0.5417069137460289,0.6553132466321647
0.42540957713238975,0.021468618489958874,0.47156184222233016,0.3926966919750962,0.32391945278206064,0.5917283008222346,0.9606329456412864,0.5282986230230406,0.6137821940615732,0.6578417159593511
0.39148641231225817,0.028339834368201835,0.4451202018634462,0.37262573922057335,0.3537418486654424,0.6079100303108951,0.9791415392300636,0.5147874506950614,0.574216868532527,0.692871271796091
0.3297220569198594,0.0765855142997754,0.5260182717082845,0.4744168472944675,0.39772203206933476,0.6055269502394829,0.9140713975425186,0.505493783573591,0.7248709447618102,0.5820002690622672
0.2850147153819629,0.03256537814891838,0.4343635353688036,0.4155708275921071,0.32691849978235044,0.5252030353936442,0.9657537657356713,0.514652530378944,0.649276070626942,0.6249861997322185
0.37728461494350635,0.02756353384945964,0.4655191368474332,0.380888144190528,0.3191540576842682,0.5560123996541909,0.9710398503114556,0.5329220433717801,0.6379561076448359,0.6606518195407043
0.45167890155307255,0.10432023860953636,0.593168554231288,0.3253338156879263,0.4176970763382997,0.6141918013349432,0.9129025045540642,0.485658466759612,0.5660836633968417,0.583286243357912
0.39543011598539407,0.009271343057801466,0.48289278270342223,0.3588391605384551,0.42348694997213626,0.6178764892391507,0.9694965730060243,0.46632304122821244,0.6330539791725578,0.6707872425404545
0.4880306973060101,0.041004329142739514,0.47801101710687566,0.2820146322177725,0.36215481880384703,0.7058971489269046,0.9825840097339616,0.5815668092358578,0.49332189961249195,0.6123947446301419
0.4874577042168641,-0.009322880647546546,0.4289044282355092,0.39925279281510206,0.3624329272860264,0.7358359796503553,0.9525582859251311,0.4780868172863799,0.6481490113997657,0.6475992553623946
0.4209584628470932,0.022906327984771824,0.42126529605718727,0.38545418554204053,0.37504014054132334,0.6346782332344512,0.9779790213880357,0.49673814619381707,0.6202649905092553,0.6313342524107152
0.4068815085638709,0.04755280776732339,0.49228235923989255,0.3604103208541634,0.3769065831501086,0.544777234853115,0.9796090176902301,0.5556939416347071,0.5633296134889237,0.6626256999798859
0.41145618318235294,0.06366983842551795,0.4951093406239516,0.363851611374211,0.3792169732048615,0.6408916807113025,0.924787933303399,0.5238613647843826,0.6017497410102794,0.6196809834111533
0.3868883021291453,0.057562835629490675,0.4731777391484837,0.4199775730736444,0.38101795122849963,0.5533916024375738,0.9206701791162386,0.5087015075307627,0.6366199939334467,0.6254997846350758
0.4669777522864865,0.03349825346607677,0.4475971795071611,0.40132522455468744,0.3195884044077917,0.610456162562468,0.9775980721980695,0.5655788461849149,0.6004247985504996,0.6968730450513281
0.372635781709088,0.0404720182164341,0.4494771184184341,0.2601822691380845,0.36807821030414956,0.55519748758599,0.936047862062865,0.5369344227825354,0.5364220139063312,0.6492534475035843
0.45985146616503686,0.036571633008891456,0.45911551299931386,0.43224034759848223,0.3072463502237461,0.6150536802199753,0.9796861385217713,0.5552963975599138,0.6517748649011721,0.6574100184807758
0.3567551164365096,0.05022528284535345,0.4878888862677232,0.4014053412603181,0.3501713196912846,0.6174437935284505,0.939122752681988,0.5222324801803175,0.6624994335669212,0.627900617422503
0.41927686986038887,0.06089570580594788,0.4863919333503277,0.4493865704548511,0.3359822571969394,0.5160661918206826,0.922206280936741,0.530164758055533,0.6507917985554288,0.6281316714428486
0.3915206766707439,0.04912611206311107,0.5004450740633329,0.4004150451750863,0.41701449756774656,0.5674529606252061,0.9364679087963339,0.5202645362410978,0.5786530558753644,0.5656491331939553
0.3981809131313404,0.060484823516911146,0.4949511762989966,0.4332088977595014,0.38148646193007135,0.6060910731624689,0.9582261843325689,0.5471181758754768,0.601221126886414,0.6308577654516215
0.40211808300133767,0.0400198588607101,0.42370747469648334,0.4130867297617818,0.34334264128950615,0.6089224035934141,0.9505773383773578,0.5543580275393024,0.6701496324262506,0.6081870923923905
0.4499221357062504,0.06365212447184385,0.4597923705927946,0.25196209768935385,0.371044340116539,0.6181495669887807,0.9662624242513209,0.5258057005620305,0.545300742501579,0.6525509416166568
0.41447925960821336,0.06880831234360768,0.4769591278443379,0.41376437317471254,0.3984406610375046,0.5576070029039935,0.9058485645283099,0.49511632267189176,0.6270539075019916,0.6284008263447878
0.45301339333012874,0.06885680705861667,0.4592394729782632,0.4278125804891323,0.35016564852670695,0.600255298522852,0.9374735773001699,0.5322418514233428,0.7215477388763181,0.626897063273152
0.4332307681690488,0.07096060552995953,0.4532545273839211,0.26747220494229795,0.3532709765505095,0.6184947969161281,0.9403826957857215,0.5142995848136271,0.4831230037259522,0.6302210106500665
0.3638847047698992,0.051412832243245915,0.4511832391216054,0.29951390109496806,0.3682284938696108,0.5293648090195995,0.9432321187398907,0.4955807749060094,0.5360863680525463,0.6057790863421977
0.3048877276082103,0.05705404549956879,0.4533744009518227,0.2998030382609564,0.3283178437138564,0.5055268233179904,0.9609907497084522,0.5439857354169849,0.5667584185349255,0.6274786241892951
0.35617613983189444,0.009823291447663514,0.4133303061232188,0.44017558046002786,0.3056470363894485,0.5928218097703195,0.9622174986291342,0.5888338501468151,0.6700583948158488,0.6814276037203385
0.4216988983049082,0.06368112384492071,0.4724185395593786,0.471149930860227,0.35649284309024115,0.599002659480425,0.9361281964530785,0.5433674486805112,0.6685025856622593,0.5606506261009236
0.3896799368024877,0.048553533355210544,0.4770703890833889,0.3050890406581378,0.3468580166385432,0.5908466148772216,0.9465194740022195,0.5497687227772828,0.5346278808323516,0.615834210686689
0.38894937299324617,0.05865385850898978,0.4345585083620015,0.3762811087648976,0.3660371858373915,0.553287675449325,0.9658967259217666,0.5201643724057209,0.6271411251118539,0.6784004590663494
0.4853048884210331,0.0353693463276814,0.4600446174129695,0.39741066254810314,0.3522843080549239,0.5837243440087762,0.962328458433846,0.5335549458506521,0.5650883022425295,0.6880026282943161
0.4419386367081515,0.005335366965111048,0.494126733362368,0.31060749318058023,0.2898836739804343,0.6270015356146617,0.9789368956139061,0.6039753046328066,0.6024191307830542,0.653769500931624
0.4391894506070809,0.007121846155035584,0.45856424063552226,0.33762185281377893,0.27307101491989744,0.5705028002790742,0.9966616301134811,0.6582796157471453,0.6185010659987854,0.7013707006144099
0.3849846670158751,0.08606928067709181,0.49699228477202223,0.39085517698802585,0.37528160718317577,0.6442976689570961,0.9294937916338954,0.49594989600770023,0.5886599400832095,0.6338525493754446
0.42015857858683775,0.0359921304295181,0.4848062500950795,0.429554004263726,0.32818291372409875,0.619914709491421,0.9670999539461957,0.5437564787613036,0.6968150382066424,0.6491958080863331
0.38518113981098107,-0.022428309144478076,0.3737696750264423,0.32945728540667807,0.38880043251126883,0.7226999404936998,1.0231565365249304,0.5297406547322563,0.6211205454545119,0.6862822593678933
0.3386536057724098,0.053487494694549796,0.47635794617107896,0.39878747686059696,0.34847285729009636,0.525402276670482,0.9448974678389798,0.5430186765088623,0.610652129240493,0.6084500455856791
0.3880873366822181,0.047975732178864,0.4200676957525498,0.2701672696126114,0.3688379190399657,0.5890483551085721,0.9231432270850338,0.46196323461749644,0.5356701513205716,0.6404828489086795
0.45645904050101394,0.052181482457015316,0.4527938152748698,0.37201875027058046,0.35142998904429323,0.6432013803150526,0.9361876615952538,0.5440005374930474,0.6331062051684828,0.6519566653032016
0.40226579307787097,0.018932852096414928,0.4741588496125308,0.3047789442666946,0.29677102011294465,0.5745828775829722,0.9609701017600074,0.5827294710071019,0.5685810849052433,0.6521965945128856
0.44151109328364496,0.04920237100399033,0.5191301481065468,0.43204259439275267,0.35658775831626865,0.5910375899018692,0.9394879969031844,0.5832366320322833,0.6698928345581137,0.6529626230910158
0.4298578520389165,0.05942620648769804,0.5413902798769834,0.39947717778458985,0.3444819389474439,0.6107006942625243,0.9335085736080359,0.57344810396037,0.694684228079071,0.5933333800497369
0.3945402098750669,0.06213398612470975,0.4853765064049045,0.34549282031862955,0.34371862793252367,0.5624369663182516,0.9301901720520329,0.5404443942285464,0.5899344571262455,0.6271304427839818
0.44259893938375894,0.03271902110133838,0.40955353039182274,0.32902046987587574,0.3829762894905182,0.5780474845099447,0.9539040831528344,0.49635466307612297,0.5810765171499166,0.6418137745250598
0.35819615113380027,0.030182467367299834,0.4297224805089913,0.3059827276341321,0.3622644459824643,0.6064918147941792,0.9935112124563367,0.5665051632421265,0.6155990529166425,0.6331808751491463
0.4362742511658687,0.05941190383813334,0.45196083579396357,0.3680000043326687,0.3616629908615243,0.6218132654609829,0.9280507344604696,0.48789691898274234,0.6259773464434844,0.638004795005257
0.39391235732046864,0.06109593455938199,0.4645859194951205,0.3100604396014813,0.3796120526706644,0.5844783457908752,0.98082134906952,0.5375764208212821,0.5426538103066156,0.6286929329378981
0.415620334260582,0.04584034854455688,0.5256010999548663,0.32126421774184594,0.3652428861544439,0.6101174010555865,0.9433092731871148,0.6037229042251944,0.5875849978656632,0.6203088469889853
0.4202903216621272,0.043415631888427605,0.45178593683693813,0.3257981777421738,0.3000999675713622,0.5692813453381387,0.9532646164261,0.5909196498926029,0.5504216767429977,0.6662119737686052
0.39343227911193157,0.041575646283047614,0.3724025388383069,0.3770267340559446,0.33916370695880954,0.5738672226092868,0.9496650362226691,0.5155896668525481,0.645004054332533,0.663522917998424
0.5029248863842953,0.06410510374758874,0.4508520649597441,0.336637237104939,0.3809196727388544,0.6281387606315995,0.9331243115604653,0.525279252138,0.6142944747108443,0.6626526045451786
0.4908637741528552,0.060696524252694325,0.5451196830672895,0.4189157241645043,0.41027951847823035,0.6466097042119868,0.9439137296999751,0.5284452228853369,0.7091904542789849,0.5805130844485265
0.34669507116356246,-0.0009994679552548895,0.4876614840497303,0.3130139846992169,0.3965517632595437,0.5931495461463767,0.9768370903642627,0.5691066625827068,0.5630325054974061,0.6080508344970275
0.4723850003698384,0.06341259305403198,0.4939451107608079,0.4369847885115747,0.4129151569199075,0.6177925052143699,0.9282770628674585,0.5203709873110283,0.6443132737723825,0.631808599411188
0.46966346418165655,0.010983094072950856,0.4785573736919232,0.3190828795162778,0.3388574948317058,0.6711828539590058,0.9824789505038112,0.5657319990136549,0.579138233639972,0.6650601929856021
0.2831899249672826,0.035063403453268506,0.48334084090388046,0.4327681730836057,0.3610930250021725,0.4786058973329135,0.9647632833704792,0.5628304848293901,0.6486207809642397,0.615119274030383
0.49721448277370184,0.04392963402605588,0.48209230623500915,0.3562150588316426,0.36708167502313976,0.69924334240273,0.9542894395533495,0.5366537930351889,0.550497401411755,0.6147599424076264
0.3914448802457366,0.05529867805330942,0.4039294037573649,0.37339432708658743,0.3555683542662494,0.5996756865579986,0.9556669996258755,0.5504875594634462,0.5937090713875988,0.6429576224513907
0.4462463697522037,0.054620196816772715,0.48947375364665086,0.42508089461410725,0.3504243509442791,0.6015701906527805,0.9328649987774298,0.4875609078685039,0.7059171926098653,0.6125344414807153
0.4951583426528779,0.049648275802138805,0.4564194315307218,0.4164408740956057,0.3636545186484734,0.6754210570286117,0.97329264718254,0.5555264497859393,0.6352898409056468,0.6274541747711521
0.4269443771358329,0.04607509195258638,0.43317180594654686,0.4212498855300978,0.40042440145979136,0.6328373084917701,0.9540633641900939,0.4964537544744473,0.6877867819085017,0.6735295704427349
0.4216667518320269,0.05876277991402598,0.4797424650160081,0.3280491874631925,0.3629625747896498,0.5769540699467914,0.9834897785522366,0.5591372439966452,0.5881468251310304,0.6242535946652868
0.5011778481367763,0.02691131148590378,0.4501239215740024,0.36750378403895395,0.3737488881329778,0.6875811790784176,0.9768810678935029,0.5033216135663887,0.668102466300623,0.6434344916598801
0.4432589996062421,0.049471748558307056,0.4679887866758255,0.41536486770489883,0.3164310451499096,0.555590301968568,0.9392433713106295,0.5811361682445452,0.6686568569940865,0.6388619335559826
0.3350559994770946,0.03931582784797662,0.4055142091364235,0.38367852981166584,0.34926051549390086,0.5829780452415358,0.9837270462862121,0.5486787251301697,0.6811862440414884,0.6787729631208145
0.5168079725109751,0.03518680985360144,0.3943715978885751,0.41480309490448825,0.35929692871653474,0.7042716345321773,0.9780701461856417,0.5736607002998033,0.61897023219665,0.6853291764819056
0.46672716882135573,0.08303083473235405,0.5018951394056788,0.40602772278926685,0.43458685101141575,0.6859283314998612,0.9253451406254064,0.4654487557765833,0.666021804764437,0.6482892406166374
0.4862737080819402,0.06448721482448781,0.4870315641756201,0.3372797332822196,0.3538997016960997,0.578271186379314,0.9274373568623601,0.5775874275602502,0.5721989233402508,0.6390767686754995
0.4079994914765056,0.054587061108017705,0.4917870872439742,0.36904677614616377,0.33804607744683307,0.5684650846713384,0.9471073338975841,0.593557887809752,0.6093725911711059,0.6445267618587891
0.37405519210960303,0.04127029690998679,0.4525207087084963,0.48634258939764924,0.3385610080122593,0.5171066459771858,0.9113377945137169,0.5387691840867583,0.6865826691436699,0.6486365345630284
0.33248342799490427,0.03509462527981867,0.4520583806989101,0.47657664193671656,0.3630201199430672,0.5561466085763573,0.9493311778178459,0.5179147264024324,0.6579722684545098,0.6488668011993322
0.38418121465652827,0.058497245803639145,0.48582458260132005,0.3878292649457008,0.3754088643442693,0.5828840851966701,0.9579794541089771,0.5428676557555779,0.5821470523093235,0.6183874443152345
0.4525838272609201,0.0489853642555677,0.47944873411857475,0.262806944264197,0.35335437153469906,0.6350195648080073,0.9509475269798277,0.568669550257593,0.5055106981671993,0.6463048224483102
0.3424777662862689,0.051428708335046064,0.47253772365232355,0.3889232165774627,0.37569554146755807,0.6216045537293722,0.9361403555332609,0.49721993616026194,0.5972591992529638,0.636392988230594
0.2917767557133012,0.08097565255672096,0.4322977415332372,0.36345013098742285,0.3981893291727142,0.4957307398147738,0.9341093195604113,0.4760604262535679,0.621183417108528,0.6435056819013314
0.3933213775882396,0.025000543053308344,0.3971947274671139,0.3422237186301354,0.3490777968351213,0.6439296726954702,0.9353672673472089,0.5248522227491048,0.5426250480702242,0.6501288872571782
0.40830754642214323,0.02087084731350457,0.4069728921961262,0.41491119790479003,0.364265167864942,0.565645436060987,0.9812550812566201,0.5250214189096001,0.6279230838425178,0.6747127290950956
0.4299252416950886,0.025341262502361555,0.45507592761223137,0.36945592934542415,0.33989688980695604,0.638004853955125,0.9736398772965672,0.5285957065815428,0.6164470895058882,0.6812866881748644
0.44432001679883,0.05023237760933938,0.4627545961711165,0.430285235775996,0.39826722364761413,0.6480990885197526,0.9526990638502385,0.5460360251633949,0.6456996040384744,0.6693146113020865
0.3847740018338288,0.033281134104819574,0.45962941415482805,0.4439264961341437,0.3473840053686035,0.6070289294735833,0.9788584734386647,0.5581162948736356,0.723298958713332,0.6510415777817717
0.3623460687533488,0.02680186964878688,0.46633259828968143,0.3974954079123162,0.34565022191800787,0.6048287505261735,0.9675076644713723,0.553591577068606,0.6292598597718858,0.6747407614193652
0.3887394460538752,0.06550897783541462,0.4657100473348399,0.39574881164405273,0.3689444709914502,0.5821469070251273,0.9163627098366238,0.5357798471965951,0.5863689184973372,0.626990616182814
0.29967840233055726,0.043195109521653896,0.4034886465977726,0.4032638466422503,0.3421366159192452,0.5482820748010737,0.9616086109285122,0.5192500467411121,0.6394673551686033,0.669987848026405
0.38078700533413823,-0.01381151105892813,0.41557580699045404,0.4833470936817555,0.30757822971440285,0.6117898045247745,1.0333016616322588,0.5960537572495834,0.6810661208106867,0.6708987245425502
0.4415501655112036,0.01569945482388354,0.4168383301319265,0.3515340098211956,0.3355596520353043,0.6553973870956586,0.9748238110101626,0.5416062065208572,0.6168760444788361,0.7113539676680264
0.3886968284537323,0.04758483576988577,0.4674854879244384,0.4263067002891181,0.3503605064106004,0.5328605602214405,0.932475761898723,0.5645330751347439,0.623814800809197,0.6271768483008273
0.4055205735565204,0.047650189380650625,0.4575710608723325,0.4083794721063123,0.3593609041331607,0.5586254306254161,0.9464431843048355,0.5091437124349747,0.6400449383536445,0.6564400597602348
0.39939762290418845,0.10327736853792532,0.5680235469310645,0.3450669067144817,0.4208521987486532,0.5475547694345348,0.9174191234620507,0.5383121617304156,0.6286813563655161,0.5797850279729553
0.4244404570460622,0.07274246452313907,0.532190404716828,0.4003001505714108,0.38006821308950894,0.5504685342165119,0.9233918838886925,0.5790839552988265,0.57798994052424,0.627927190242882
0.3934689209822473,0.06925723905191757,0.5095482597845632,0.38492928363730045,0.35351491951710473,0.5714365632814025,0.9312353025317885,0.5594646123708478,0.600219391427991,0.6140176322349693
0.4329422052415865,0.08141308712468379,0.5163400781041477,0.3665142462821908,0.38541703072841127,0.6196863595525619,0.9306562655123009,0.5771437679530963,0.5553182904062135,0.5706217597612402
0.3436965095595858,0.04294500775228917,0.43486193753905905,0.3803535248167442,0.3262657462331569,0.5798679035046846,0.9188392519207783,0.517350987498427,0.6078492051435831,0.5966787884064443
0.4078970198688718,0.08599232378446232,0.4729913631679898,0.359665620368794,0.3563583408730569,0.5569161052432245,0.9360515163881071,0.5220645292545537,0.5700165188713404,0.6283683041603064
0.38718888202059587,0.06367961193431924,0.48974114780484823,0.4280142989901059,0.37048568894612754,0.5925477789549957,0.9278421420351082,0.5454294922296459,0.6798746561409309,0.6137157494413268
0.38898897930544435,0.03950978121683963,0.48919767141894555,0.44618665958978865,0.3561039020563665,0.6096481584726832,0.9591764181380171,0.5459180013055525,0.7036992076045265,0.6380936831203128
0.48015547028032307,0.047638015346655564,0.48283104292167295,0.33650917928985163,0.4060761873132032,0.6564044807626492,0.9500115381562626,0.5098848756549834,0.5689384652867064,0.6599467701387303
0.38785129207650193,0.03768038304226239,0.5095697638286939,0.38510896316303883,0.3051538036923501,0.5854485207551339,0.9399237647146367,0.5679940287713239,0.6518156055594749,0.6636861710203548
0.40066811738802827,0.026160124072843217,0.4904511096393998,0.32201674114079437,0.32894051467525987,0.5577459230405555,0.9615440683588748,0.6121750596671587,0.5950520679315108,0.6373911697812193
0.3647010949779252,0.03507346325216548,0.48570626766863084,0.4093150056939596,0.3028409846177269,0.6033109533898848,0.989909074391339,0.5763455633432975,0.6725172771095222,0.6321173272396695
0.31304460164675235,0.039598222726560134,0.4874516886367055,0.4351883396473467,0.39560143683855,0.5723427248792754,0.9362353462134054,0.4930273027232307,0.6444748605736319,0.6254979697605163
0.36408691564166457,0.08010570775201953,0.4694705736030938,0.3609028246672634,0.3834925145872064,0.6335957634713321,0.9262712889380805,0.5308222649794698,0.6418301082372664,0.5939134040994245
0.42379923809004866,0.08083104856732826,0.4325801911685413,0.3767228510557532,0.36652624853717936,0.6019057026047425,0.9268659010743028,0.5079416898765916,0.5907459158334054,0.6666640532212671
0.4556278361878733,0.0668662118260812,0.43860897787309083,0.28029721639611693,0.3545095279522712,0.6360767111228556,0.9514015516091856,0.5498237363825025,0.5324364339729931,0.6344603425309128
0.3833464183838885,0.030855600937665144,0.4761625991018713,0.3888219445336172,0.3335140179192079,0.6089356240181469,0.9538916989523721,0.5740018325686546,0.65629036028121,0.6156490734067959
0.359350383296078,0.011531352964198044,0.4151558572978881,0.3095471950463689,0.35627851395054533,0.5675435263356023,0.9851771791130806,0.5604419897172687,0.5182139724531379,0.6574256137728086
0.400880357012954,0.008967249433697401,0.42083753811590746,0.3647403769778184,0.30516939378329083,0.6149194827314605,0.9732559845162038,0.5294227262624154,0.6205508502613932,0.6561134466489515
0.37684946467977365,0.03187623546489487,0.42294455392750746,0.4382543781961687,0.3283128742910731,0.591714728415951,0.9641058851425778,0.5120591180082792,0.6687579541197886,0.6198572017090609
0.4551040022652286,0.032438243342322245,0.4403195309387747,0.3284016041859568,0.4012863010722779,0.6451107932552272,0.9706355120185749,0.5277558004026797,0.6358442526532979,0.6348066252125287
0.4577442097181137,0.04530442185442789,0.49259659110643766,0.44106319478065503,0.3586100253419549,0.6712086442355811,0.9540879937870232,0.5043390755721107,0.6429704585604037,0.636978777459721
0.4235920914813099,0.04234022446518278,0.49085533019925204,0.3704600265411571,0.34512541098027466,0.6363176171748377,0.9665196092636799,0.5735869842910033,0.6163900115994869,0.6603487853268707
0.36056235230123074,0.06732384456726073,0.4074011684701813,0.4334468088615332,0.36139089287365145,0.4920288294245605,0.9298374837066218,0.49280674217943554,0.6627359946196666,0.6297162906199449
0.48465635795374373,0.0446747432360296,0.4671552604859497,0.34950054386903223,0.34969527677912554,0.6816006193821291,0.9670186927871153,0.5940652090648224,0.6077888798904545,0.6453586516488246
0.3824116436280235,0.01596753361215074,0.4730126417863479,0.41191492667403784,0.28892094275693564,0.5784284862636941,1.0092826106348527,0.601618144756564,0.68807643832335,0.701823524796611
0.3862825249311132,0.10107746590586648,0.4849581948826697,0.3988778104942889,0.37692239383756804,0.59250416539067,0.9050311247335082,0.5576310552846337,0.5967027729520915,0.6040936673168757
0.47728293218551027,0.03424546988661896,0.4013733943022577,0.47510725538406035,0.3492155365857966,0.621127970403762,0.9531615248951368,0.5110945757060832,0.6684256090592933,0.6994525629727155
0.39571678269652893,0.005784085843193504,0.45756299900211667,0.33517754051467497,0.3176865769392608,0.541047133089374,0.9860105733193882,0.5803900389915944,0.5754327716939798,0.6360949327637141
0.45591487002143855,0.07688078457049875,0.4453992747825273,0.36402214659563653,0.372065454508733,0.6247920650452466,0.9330920155811926,0.5443353005341172,0.5568823688521924,0.6683048368614611
0.3963350944315505,0.034863488853164586,0.46069556621770996,0.3457522127760625,0.3368778769556086,0.5627122497894204,0.9390793506562243,0.5819034667816603,0.6202685243533619,0.6779294917358707
0.47717449369865844,0.06997269361768335,0.45237147504268715,0.36305729166723155,0.3842369638936998,0.619943579662593,0.9312788602900308,0.544373821214953,0.5590509050692252,0.6549332399499284
0.3544733756340624,0.05223712815334649,0.5251465093557595,0.4191850968495194,0.3820882887358856,0.5746307463330691,0.9314169494151108,0.4949355610935906,0.6244295650728338,0.5912327758520086
0.3748822748234195,0.05316882907710613,0.47938212471944075,0.4229511305975695,0.3420830275296592,0.5396479262047014,0.9414142271617458,0.5361314754631916,0.6666302450085972,0.6112988395246262
0.3395265203948901,0.038782550522241346,0.4040804079969738,0.39849770276187907,0.335615318777878,0.41570590641942873,0.9551144355905514,0.5336745612478282,0.6062138171078981,0.6488347850429894
0.44528012841463277,0.018551953153500802,0.4120812175503786,0.4042665181934022,0.33917166249531033,0.685684330016856,0.9989097201154352,0.5470965361169504,0.7082611504962314,0.6584596196781327
0.45866300201492016,0.05496418228184031,0.42206800057681526,0.37013273147572745,0.37257351478260403,0.5843842438023676,0.9481377037457787,0.5070610258167055,0.5583632787198596,0.6766953990343024
0.4817292532422275,0.037151142460634896,0.46443385774129076,0.3875702562515062,0.3343101899220588,0.6427542607865016,0.9645028711202913,0.5627535789211959,0.6279032756712908,0.6496875723026652
0.45442224535783754,0.06743205157118562,0.44406002193080135,0.3416765072753182,0.3813425977124229,0.6798611045117964,0.9503626862739096,0.5651043947572119,0.6009511260654723,0.5997586856632977
0.41793783665384027,0.0429362835893281,0.4945064650818279,0.37389780421023905,0.3586738591860219,0.6231693429792333,0.9794382614623813,0.5648203788040216,0.604945551366197,0.6628365732847479
0.3813007829084878,0.04160707052940004,0.3944008840444853,0.4272796069119261,0.373478019269401,0.5866969412400747,0.9661260004183609,0.5179574580944077,0.6401324589855831,0.6825285363312982
0.411884977750408,0.0437073367478034,0.4604452619332418,0.33578368865564057,0.3684822946133366,0.5605082310667874,0.9570589958781923,0.49270127940469555,0.5424879471791145,0.6525525190749151
0.27415599658381495,0.06529628227038682,0.46032081934408897,0.2628648555626961,0.3748056690767208,0.45819730549321414,0.9362795448417801,0.5211367713065971,0.5712342883370638,0.6456637163008371
0.41578861984586385,0.04713643405433158,0.45888812391403505,0.3504431145981653,0.3543022231789683,0.5689116956964269,0.9615538095377424,0.6073437252634547,0.5790926463275916,0.6388255487955514
0.36502620119837936,0.0585875340699034,0.434476637693366,0.3214717396389546,0.32724446415845343,0.5591725914839849,0.9539848608582564,0.5564199550484565,0.6230924522853005,0.6737884631069773
0.3501301094033514,0.02328650568505483,0.45797797739275303,0.38406474639410776,0.3512619319943496,0.6156257563918828,0.9459935895395027,0.46870694817764746,0.6380284333470208,0.63565735837728
0.47828617037851934,0.04682141630806858,0.43993615467094893,0.4538112834191067,0.33058252206123084,0.627950299910969,0.9429457518053708,0.5215247050294112,0.6704067654699033,0.6469037358237963
0.4369497525340561,0.003535491024799994,0.4294823497535221,0.305409227355198,0.28550734089027147,0.6018766417882631,0.9820499487283579,0.5775219279392632,0.5835656168542754,0.6709250319905774
0.3412373921251318,0.03899314235514085,0.4208757043378449,0.4775383994839379,0.34193026901825374,0.5700351295197588,0.9585402914477371,0.5786103605839097,0.6773477354077257,0.6572357293935724
0.3887366002920175,0.06741511331290817,0.456596988926078,0.3584594395016675,0.3683773906122319,0.5716586880816726,0.9554480729547307,0.48261324867844846,0.6044231484505472,0.6059877111374254
0.3823938565116873,0.07871469481613122,0.4931335754827037,0.3627201961907638,0.3785433584687576,0.5463123256043074,0.9141067389619264,0.5011878166894304,0.5752377140679167,0.6188933561927306
0.3929554135263624,0.049599036785939896,0.5212086888159769,0.4246450352993518,0.3614884126703875,0.5579971276397342,0.9370436825162346,0.5970871212885001,0.6205355383802582,0.6134090497360519
0.3290345648968313,0.04532299032727871,0.40144187994593117,0.38016609855083766,0.36926235313493794,0.5533362251173768,0.9710233516874653,0.4772948909611132,0.609341514377115,0.6685032179325578
0.41962825559316647,0.04471390222398019,0.5260750102933405,0.45426990024289904,0.3465893578936685,0.6189551795171355,0.9613918612873781,0.5384634340753316,0.6552662451685438,0.6244190283414365
0.4049313656092889,0.022329300868475208,0.4806724623544692,0.3300356601535971,0.38092122340557605,0.6742241543094472,0.9753792682008868,0.4964909743925038,0.5619903359246574,0.6432532951939385
0.48327973533064134,0.00882327038179996,0.48945181211100214,0.4673784663532993,0.3815137664759709,0.7152765951842064,0.9676946294891278,0.5670553992655296,0.6774105954165293,0.6320046064578796
0.43908874128222625,0.06644384057956008,0.47548630342757026,0.36478801467215016,0.41754257018453983,0.6114086927312741,0.9362876502190206,0.5250967174247334,0.6314109526483097,0.6353314935883964
0.36991664847784983,0.04570657609544631,0.5056975406591586,0.4148085940049225,0.33155687372154824,0.5841453193907866,0.9454983624247845,0.5888338058549207,0.6789045198547494,0.6416344636241791
0.42076853939244585,0.053863017625143034,0.4249370493166049,0.2744219605568506,0.33083021249597266,0.6077359139658958,0.948122463601408,0.5297325547626384,0.4975778419041209,0.6120040265418167
0.316364935052545,0.06429739142572975,0.45489036943275873,0.3413753866534737,0.3697859789142557,0.45905309783857995,0.9130851163359722,0.5125010431151716,0.5900727002157218,0.5949616849068808
0.32924634683749987,0.011620210819950674,0.39177893568722555,0.31029147570954735,0.36045565503085947,0.5619941235009116,0.9854634320732228,0.5298585172314213,0.5651873480786013,0.6779833556571165
0.51872085332352,0.06606324251547181,0.5070182320042704,0.3853478512478106,0.35538408112326686,0.7527072431059325,0.9705450691604633,0.6128375965070858,0.7162978601412158,0.6506049672829171
0.3162269558457855,0.03870033991367426,0.4925035644333129,0.37837623710287516,0.35810543561070496,0.5672784920720859,0.9577271149580903,0.5013852957378306,0.692498323287553,0.6433671985882777
0.4627297506956924,0.06864568022846805,0.44946104552524835,0.377821499690496,0.36828771857689074,0.6431056651679989,0.9506055062073743,0.5501006576249242,0.6207758033110717,0.6395804427839813
0.42306224039037743,0.056818371665589625,0.4317395837643552,0.3818181419617251,0.3518964681411463,0.538908881387469,0.9376065909957709,0.5358313544107666,0.5913677606547747,0.5979992238883812
0.2897503022354525,-0.004678580442231583,0.3775853131950407,0.30537277555329656,0.3578073876918145,0.533077895315706,0.994694968782739,0.552656483526194,0.57331314285019,0.6710031055751737
0.4344276995013885,0.04552613387135833,0.4620040378049787,0.3937248687079955,0.346272873009431,0.5763780209664762,0.9573227373148889,0.5604104945359994,0.6861083800520527,0.6379265278698397
0.4555245977762909,0.040498324093249716,0.4674444132253885,0.36082273934730535,0.3558919241633846,0.6063911738001673,0.9894429111382621,0.5926833147315582,0.6334153420186033,0.7136091515708407
0.3838833428839379,-0.0021044985024580485,0.44227091849977873,0.354260216126631,0.3330925300665204,0.6057995026057348,0.9854100644193063,0.5238100485699659,0.6103923654192911,0.6679439477928115
0.4232223705788066,0.0638337688635147,0.4769655294733311,0.27900727368591316,0.3380159497785709,0.6286634025855196,0.9449679079265435,0.5599008001957435,0.4774901044723995,0.6290855511438894
0.47965312304251345,0.02492372676995743,0.43915054817525456,0.31152048493945944,0.32742157801998917,0.720069037124258,0.9920907086990743,0.5795375615805236,0.6042467148842193,0.6454060549015543
0.409335788378772,0.02592017873010061,0.3871425455286045,0.33640622718971563,0.36841503803113856,0.6180694363505177,0.977543994295441,0.4596286270849955,0.5374769917656332,0.6856099092759578
0.4299048912813576,0.050477614165829104,0.4774040380366323,0.3219695487521672,0.3400493523481299,0.598549980112413,0.9647914785609484,0.5752276839597559,0.6010722376534081,0.6626027375918796
0.40885769216286977,0.048643210676121734,0.4057608969550666,0.34347225407940213,0.33925818340417785,0.5551883869367678,0.9238157493262231,0.5182357201402445,0.6619437340772584,0.6720993543115642
0.43373746964085386,0.06809435999276602,0.48840554746796416,0.4269566761068525,0.3538648361905193,0.6657052973218176,0.9531534387333033,0.5311768409938831,0.6677585344856956,0.6075649836560082
0.40929677108486856,0.03255913713594123,0.42086912535702076,0.273576612476271,0.36545773875668336,0.6209540689521053,0.9769064195823831,0.4884194922948141,0.517315985089068,0.6472996393739517
0.31779951930392,0.024340276981592128,0.39847143452662787,0.33694529828804926,0.28281921620848377,0.5539426301965445,0.9955712900314415,0.5643902456300596,0.5702462374446791,0.6996249445424871
0.3962512085927314,0.050310964567533534,0.4880070267980858,0.36814934097462015,0.37395787171071815,0.5890612601513152,0.9502813582094438,0.5639688122031417,0.5705765060215773,0.6383818929662806
0.4084023700019309,0.05090280112508661,0.4367986341990037,0.41951940289166095,0.41278281621516677,0.5972749422952579,0.9124842090659131,0.49116813555076877,0.6189050359304802,0.6328814904488917
0.38859514100875603,0.0590890322009554,0.4584949800722191,0.4371861446199819,0.36302359964007963,0.6180851159901368,0.9391962654381166,0.5133138482431451,0.6671284672044138,0.635809230099003
0.40216594402333755,0.019119963343507226,0.446063524314058,0.34245279614224045,0.3556543206127346,0.5392191403179463,0.9533943710009594,0.5405323947962357,0.5839814442484644,0.6439930960532781
0.4094563619841649,0.03000761003100503,0.4734077486056219,0.43206635333203536,0.29244755479585655,0.6313660333569178,0.9659928596582036,0.6030635468565594,0.6614377689485356,0.6599457415223983
0.38478317139893276,0.056339331798578605,0.4467484983121524,0.43430814068983414,0.39468321187841443,0.6106416590167774,0.9575998693708562,0.5107012984140871,0.6355555820849066,0.6101657579197317
0.39129421185895913,0.010219947480314176,0.4583772028299076,0.40983899320065653,0.2963721601955879,0.5764581332202793,0.9694839085933337,0.6246557307525556,0.6744735907829571,0.673585530357028
0.4224021108846993,0.04952933034152452,0.47374471398880014,0.32067634572922077,0.3578022505532119,0.6439791724010628,0.9619213619643904,0.555760813777337,0.6104652070603311,0.6127385368705899
0.3607266497193274,0.014865772704132457,0.39800457532996203,0.41992653334215835,0.3512256109162502,0.6032211799730889,0.9837692740876132,0.5334285276548171,0.6726102075643667,0.6999587519489239
0.43802888815125535,0.05086038935315414,0.44366469381603624,0.32151482610025234,0.3800656692554414,0.6080395451650714,0.9284423551777778,0.5579512931393618,0.5837282054309235,0.6737070395806515
0.44146874778878525,0.055893953885864836,0.4542401411780991,0.37405090743291064,0.3231500607148991,0.6094010488095055,0.9503301518222772,0.5568257405877195,0.627588326366266,0.6714530042334071
0.41849621288861366,0.08273890336751884,0.4938620380405495,0.40880607344687125,0.38009312063076295,0.651916524206618,0.9469890984143814,0.5132773240477901,0.5637214267248113,0.6363978556933494
0.4561682204856025,0.0587449139202896,0.45087332987230855,0.35753575359284295,0.36799832526448983,0.6301862722662577,0.9310687294221235,0.4914347101478078,0.5462614060125056,0.6600359358549773
0.33759037215229,0.025231930554026064,0.49558881198643884,0.4178134733657126,0.3392565784152713,0.5344081879431712,0.9707553210865741,0.5927828292129941,0.6695637237553344,0.6295051097376521
0.449405928450941,0.03675661179425596,0.444829607394096,0.40974078383780704,0.37723910734071664,0.6141932995190589,0.9513360906886892,0.5719631303429717,0.6872834242460354,0.6484085758764216
0.41514680116799846,0.03512389658614135,0.4201806673912822,0.42262957990869243,0.3495854317162203,0.5386217406721201,0.9682200893369959,0.5141753500631951,0.6897825021379839,0.6743031794264167
0.429873979973244,0.05601662981233296,0.3842571697335929,0.3225661923551127,0.3507820932577581,0.6145481202869072,0.9556253935854516,0.5455100770174801,0.5846903752141095,0.6588460706310677
0.35936015549676414,0.07547160977119943,0.55285083442023,0.4084551758612471,0.39098708054176173,0.5387118132564502,0.9211950430355468,0.5410886555323897,0.6259146948659484,0.6111702238513538
0.4223473171024666,0.04611281752565419,0.48826205360064345,0.3447709532812173,0.35781860023945883,0.6022580537739948,0.965257156523128,0.5539090680707022,0.6197791477938712,0.6591634755469129
0.503594196773894,0.008573475919176265,0.47190971412451754,0.3473642222602161,0.3001611228015837,0.6219071156192693,0.9730441482742558,0.5880095252514912,0.6017983317912918,0.6548495818504507
0.3612845729705131,0.07419084605569967,0.4497243737526029,0.38112754357461853,0.35137694578632844,0.5049523027402811,0.9232952524504381,0.46427115389293294,0.5644476348499021,0.6331475938378139
0.34114422775247116,0.043772015064504136,0.4431910748007869,0.38237932278474923,0.3471703117043652,0.568456251172208,0.9730270819029113,0.5507695122767391,0.6583076170732264,0.6457623661859054
0.39462238924492804,0.0398005365772402,0.4234309684521175,0.4363861015401391,0.36023652272993184,0.5737960311061254,0.9494113275423728,0.49838250535123974,0.6543691650598933,0.6407027003664039
0.4540528355344858,0.030424647916067582,0.4825644254114797,0.42073251629685743,0.31056506626909103,0.5798129418261602,0.9526241746949026,0.5569513566742612,0.6952016228360378,0.6574613758604224
0.4124112890503254,0.05483338336443927,0.4796753059405523,0.46458394926695057,0.40592872039256644,0.6713309194655028,0.9259952672521218,0.5875985533683907,0.6670395650359269,0.6178200323363983
0.5210209567186513,0.030669307186838305,0.4112180384152727,0.38636757740636846,0.32328589931092133,0.6730252431035395,0.9436174002715354,0.5275990951177925,0.7081949096942448,0.7272925692003586
0.30220218240239716,0.06378598111847347,0.4725290296290829,0.39284392472765467,0.3831443195217069,0.5811443097812647,0.9104385822979382,0.49748297802497166,0.6386678054336242,0.6469512082213913
0.3895400766164246,0.049291627171980275,0.4549313658682293,0.3277108228368094,0.3639549015262863,0.6004060866255578,0.9533074881951066,0.5236328723000596,0.5940317084545008,0.6944558659622525
0.38416307225742946,0.0530473429773599,0.42734639905653365,0.2573701293790069,0.40782810068475,0.6124776282032329,0.9666725767335602,0.4338780244897684,0.513456821831787,0.6411257559593637
0.358881707756178,0.047534644330095986,0.4385157189117836,0.446476251485915,0.321387191236899,0.5304122022722514,0.978311151856094,0.526935938027602,0.6524329678771126,0.6472598095421813
0.44182419560376723,0.08838110789378584,0.546880972646822,0.3006663045509907,0.37784892044336243,0.5719110996437704,0.9080509111704963,0.5793657500230678,0.5519519079292077,0.619137415644049
0.45416958747583414,0.05885405466304375,0.4558962667045221,0.4386120753757015,0.3816315453189636,0.6747731059884146,0.9547586063952317,0.48041255963137075,0.6492613001138727,0.6530692188485641
0.4162766321009239,0.06700981794599757,0.5410865847135966,0.39370632346856393,0.36662100461958014,0.5720893642347735,0.9301814592966474,0.5726026418133685,0.6329189022716813,0.6307388188862766
0.49551122449148044,0.03321486299413133,0.4165396154493253,0.3404198726099717,0.34481411027339637,0.6055847629587396,0.9695622624519461,0.5748476667680689,0.5416901790001609,0.6900698049579361
0.32467513369999484,0.053609675775427724,0.5080202809850441,0.42890044999716775,0.3632087480148513,0.5197239644203697,0.9452720076232474,0.48927674968627055,0.6386997184103459,0.6096989539713347
0.41701573823669535,0.03494254748499956,0.4225901035993798,0.32848918379520703,0.36747579203174846,0.663649781686463,0.968089297379793,0.5139041319069578,0.6176041914013626,0.6148444719936418
0.3645499296867868,0.022529485367059832,0.43835044322694033,0.3151494780039903,0.33584183795389744,0.5930553433379315,0.972992140802243,0.5478746377664561,0.5277114077107428,0.6300001008685614
0.3386382751238837,0.030936544785466914,0.5195406035063315,0.3552821088658484,0.3947721012482141,0.6658915660475879,0.9393163766806347,0.565749275047307,0.696425054352011,0.6205042491644037
0.4122471388891951,0.07215523345737089,0.5006014119908838,0.3666323914103605,0.37089028791874146,0.6088891782266326,0.9672858143125121,0.5579103169437671,0.6294681229653623,0.6415217154622801
0.4640786809085401,0.05254788884751978,0.4533237264097658,0.4230107000216266,0.32235752635880627,0.6347357727780163,0.9721453495042233,0.5749626639992917,0.6771072448761619,0.6853937716461436
0.3475542440454988,0.0216285319775527,0.44606312155654276,0.24342311769067054,0.34848220239670796,0.5701411745517525,0.9858478122488581,0.5341322566744021,0.491402632525512,0.6490303422015101
0.37600484810964285,0.06741001790230415,0.45655091485940713,0.40548807950906834,0.3471440597336174,0.5664490690908239,0.946559968216763,0.5449915974723563,0.5636050490602738,0.6404424844531347
0.4058091832424303,0.030934425035978985,0.44188982099663343,0.36349012775658873,0.36521221812701465,0.5870274316907663,0.9891178740631745,0.49890397627700245,0.6693341641898973,0.6670490698071636
0.3819277154992688,0.03250161670625607,0.49902367458130564,0.39940326409555293,0.3700785924073468,0.5618302443802874,0.9493981394217386,0.5422980915327551,0.6624902341701375,0.6384050079256272
0.4477575534756526,0.05594523851079386,0.437564148383727,0.3684225432428392,0.3791944492108779,0.6267620640603593,0.9505970159741152,0.528571704876895,0.567539955509845,0.6645119569009684
0.4687719396840887,0.03581391144067271,0.4748288621458976,0.33385127311352325,0.39322041657153306,0.6925685903968951,0.9326404469068821,0.4646578636871176,0.6381321598898682,0.6224191718010046
0.38585867516872074,0.021568006765675378,0.4728014025780611,0.3776073052602556,0.28236280995172647,0.5981883040849145,0.9884139244568511,0.535367197069733,0.6151463765032411,0.6947127661213685
0.30161560474078025,0.07872424006380833,0.5151168325613359,0.4061467639133646,0.3816157220939068,0.5455456870524149,0.9463115062265738,0.5404903149132683,0.6342210716572234,0.605350459927154
0.4432346988155556,0.03158767855298645,0.44481046372148975,0.41153256310622616,0.35228437235364635,0.5894301276328368,0.9517742869305766,0.5248356320183,0.6308512738662846,0.6538466694987968
0.38144296070683614,0.06301695384247218,0.5165256617247458,0.3731565786507039,0.35770687615208724,0.5467170939489034,0.9413469662297613,0.532996663625114,0.6021706759275706,0.5820155236247262
0.44243017392968315,0.04457299571269379,0.48403701642683833,0.39541044628611344,0.38596459468263755,0.60409935112654,0.9504390820649963,0.540974341463786,0.6616805784542064,0.6215953194902031
0.41053171551011186,0.0043171953009323175,0.4773488311063683,0.3904517639284297,0.31539598725318846,0.6705795426640603,0.9601429406610901,0.5450897989005199,0.7380583239050784,0.6708932255312113
0.3955539258175366,0.051633031271749376,0.46927679199691297,0.40163733224641085,0.35098573925575144,0.554512208459093,0.9595106479456968,0.5729497606166101,0.6280676308352505,0.6009409568655856
0.3340238257322341,0.06145487290090654,0.5104203789647653,0.33374224225853205,0.33327034749263124,0.5448927465403504,0.9425707962682583,0.5463867766655973,0.5588177683840929,0.627299195747899
0.327154955592191,0.026295343994256763,0.46382467542651845,0.42812354352543697,0.36771348005100346,0.5815640986978959,0.9731615414840762,0.4903688818560846,0.7380744889986743,0.6427878737682777
0.38516595111604757,0.002108126808559062,0.4714120614848423,0.29875845869007306,0.32457143862283766,0.600299052445415,0.974532144976767,0.5811937736033828,0.5547682344098624,0.6373552756833895
0.4607796250309662,0.029195892923894254,0.4145291796153269,0.39365029673641483,0.3536906361065652,0.663001005029273,0.9577371502022729,0.48732299293827797,0.6181851220378127,0.6315268184707211
0.5684640559000842,0.059092949242471986,0.476921114543816,0.29954834055770957,0.3751611578761503,0.73197736764208,0.917305665632884,0.5895029211951591,0.5683041370753175,0.6672640146936831
0.4319736539368033,0.028079546410815344,0.4039705950178113,0.2390090844863919,0.3442342927535259,0.6409291026581863,0.95630615429838,0.5964908154715285,0.4907124517592728,0.6846780903592911
0.38180949535831704,0.02013897018913985,0.502800233209494,0.3403268783304864,0.3619361711383408,0.5894102130206875,0.9914514768692172,0.5516737245612615,0.619896319383427,0.6309631094184945
0.3675043779981067,0.03802943696175993,0.38050025703365176,0.40917916742544036,0.3468757188742333,0.517181403757179,0.9554588581745914,0.5294421635881634,0.6729229181696217,0.6494543410362157
0.3338189812795849,0.04521807445028473,0.45527243996739275,0.3576971332337322,0.36844028272830115,0.5508919958281888,0.9330521175132724,0.42997752412269397,0.5966074877695803,0.6411682551029523
0.450814216032832,0.04146567762392041,0.4456817907780066,0.46068401023322436,0.35540785825541577,0.5697413331536809,0.9430480468645215,0.558050106877109,0.6477672400544048,0.6653843456218651
0.40628724395178917,0.015135860545946572,0.41486142815105725,0.3533869434512439,0.3569164765415781,0.6144897094421378,0.9623282935142041,0.5240582894841255,0.5850552627332004,0.6172205476696884
0.41870816543972933,0.014484879678055874,0.4290299308605412,0.3933280005813075,0.3440993239721783,0.6467915393240425,0.9785205405277033,0.5896140079840448,0.646624257717374,0.654167346518603
0.4202752093710665,0.05080671567241498,0.437657729972174,0.3831887325005304,0.32221183339953585,0.5522373893291428,0.9338128514218985,0.5165623497704841,0.6051156182861243,0.6645464269139609
0.3971951838925192,0.0702550549867354,0.4557959407012987,0.4459605338224884,0.388597648797232,0.5250605976948477,0.9566954346822887,0.5545503289038627,0.6646047792587972,0.6392374546751654
0.37371284054669707,0.04279920226443742,0.5140198839125296,0.42051006876399494,0.32053006862791916,0.5040174975450237,0.9660760932729691,0.6186849249081158,0.6383361441350187,0.6231250973991127
0.40550934252094273,0.03680719763536975,0.48692768191672076,0.2875892393324326,0.30468204902768264,0.5895917631785363,0.9415266184874225,0.5624910118514689,0.5249557685117163,0.6249005096004598
0.43906095230630593,0.06710986750267331,0.4991440248040514,0.2973799112589289,0.396967424547079,0.5911544913210437,0.9430624759851028,0.5178547283529408,0.5266924820683163,0.6372371758225974
0.4381776680519053,0.04743494106373885,0.46323083557172307,0.381814002615834,0.32303831646587866,0.5864918950581107,0.9435382088950356,0.5906240713087891,0.5304760152875514,0.6485208867840451
0.3411051468456461,0.024984296338933402,0.39421306801167294,0.31592674874564525,0.34827979405940546,0.5742403170505948,0.950733358199114,0.4858821808966012,0.5980919993169815,0.6244587230531162
0.3045533343788962,0.06911150826732256,0.4541108860568818,0.36989852526385447,0.39760162333191523,0.5648588243312644,0.942254182478048,0.4993804918057523,0.6088610088938647,0.6110655266599193
0.44634154803697645,0.05508689986152735,0.4490386504478485,0.40115110937186804,0.35243431881710036,0.6200074670886985,0.9373168809933026,0.579837394612177,0.6017765473908153,0.6644437455667678
0.42804146802921406,0.03684334442964156,0.4775725055079464,0.4159237981959594,0.3113570977265059,0.6465510244441619,0.968860834542131,0.6129554572948015,0.6762405783203868,0.6281502040837186
0.3732109597355008,0.05080253333425296,0.45280978329831,0.46296721125000057,0.34300471504611646,0.4658250765085211,0.9316456654111309,0.48213091341019143,0.7135211006441118,0.6201540125205036
0.36544396810808827,0.008361437938721331,0.45229308816014885,0.3901141604738194,0.322873887523365,0.5524422597405292,0.9821532460729051,0.5377114011231883,0.6518976866676581,0.6377732527968712
0.4057124824069593,-0.011913713084874884,0.43345144359560595,0.3465019537435917,0.2933467868240051,0.6109244657866038,1.01884456088765,0.6200139955643819,0.5735363611503415,0.6785348069666093
0.4957932521986397,0.050231910497722784,0.49409101602747724,0.41290877773524215,0.3439299383555313,0.6789479570565267,0.950747426904025,0.6032466451446117,0.5952659144419905,0.6339176674030829
0.45897481151795566,0.06393342668099405,0.4522882716604986,0.4409862336599513,0.37848273442478253,0.5764158678047526,0.9165922924658381,0.5292043340195023,0.6247935759396805,0.65496928896837
0.3527570588076509,0.020914242595718245,0.45279767770826185,0.3710043826591182,0.3382010106081796,0.5541708354665005,0.9682819376150577,0.6046731516344365,0.643202671796897,0.6513752850844444
0.41698279934978827,0.09866098277731787,0.5332449946930446,0.4900651669126944,0.36393432608700255,0.5683587331233959,0.9049513973297156,0.5462760130693343,0.6551623725748569,0.5848702543110793
0.4279538261884211,0.029657644853870162,0.5042808360921014,0.359883813925666,0.32697995944630703,0.6364191824383892,0.9641401710009964,0.6202277048723577,0.6158774545221176,0.6705000126429719
0.5467745323452373,0.05119952966725206,0.46109046649842617,0.3818070728759493,0.37576469985809346,0.7229447898943038,0.9667344001640498,0.5349420091898662,0.6277206209962705,0.6491730930483324
0.30543172942962415,0.05066728082347022,0.44367987904476186,0.36425955050129866,0.37528987977905404,0.5000103785028746,0.9419834814949397,0.4934195231010061,0.6177977455996808,0.620563291399163
0.42826078817038615,0.037529719564952706,0.39827911580233294,0.35605962335642255,0.3819997007025404,0.5786463485385753,0.9912266635155818,0.497195686426517,0.6129340958384885,0.7165621027391701
0.4093293985695314,0.037714211858005164,0.49283848419542026,0.40665263043667105,0.3446919758794685,0.5836565719110508,0.9723050625262352,0.5709474025588843,0.5883731647867438,0.6710025934588448
0.44292589336557564,0.04695759882014664,0.4828964034894781,0.40830122089291776,0.3634309818586691,0.6386456787554202,0.9412930471356268,0.5344638814071672,0.6543418357867239,0.6173995785331915
0.35206836210957954,0.09266558175131277,0.48332816558901703,0.45735407883871554,0.43114495113892476,0.543196413110496,0.9084648352723934,0.4663476625260914,0.7096082349029256,0.6255821237310066
0.41661325165305196,0.05773508445517199,0.47476990090093735,0.36120901929033833,0.3773317712570522,0.640955642151495,0.9409833823399153,0.5185773960694988,0.5736132246894587,0.6299631264837553
0.4055726664074104,0.049689794805990735,0.435834814162814,0.2403146524114622,0.3760821122684192,0.6209156332476339,0.9508077502332644,0.547477837654428,0.5570157547760397,0.6452731448784694
0.39519207844150755,0.04766566391876796,0.4631815498094746,0.31992600597878396,0.3403637930712279,0.5367190721201468,0.959363947250293,0.5305634105195767,0.5750868973886971,0.6429588581649774
0.42420387873559046,0.05012364397047741,0.5148207560695428,0.4267922773610398,0.3427144088955894,0.6414153479615788,0.9839040534516932,0.6273397968814212,0.6743687407679895,0.627595365700403
0.38163453071180464,0.04286410070092775,0.4790068687096343,0.31167873136558993,0.33140149787695755,0.5404437134950766,0.952985654883042,0.5311260286563115,0.5627806654483167,0.6425379413833484
0.408084475442559,0.05593314061166801,0.4377385670066579,0.4186787969221829,0.389069667544673,0.6404979790218571,0.9428754707471667,0.47487861634333306,0.6270763174729591,0.6336563605680596
0.42391985462119003,0.06043585684985337,0.4460829890868658,0.38315064573494095,0.34921993123341044,0.5949299786415705,0.9207360020120617,0.5476709173603072,0.6522690932277453,0.6565125748559473
0.3619924684426629,0.03781094343098827,0.47336642690280234,0.3451313570123546,0.3321139517054583,0.5438702429904577,0.9681786689489755,0.5845161200338738,0.609873390403068,0.6312859651911152
0.426041262925249,0.02393927172988909,0.4774520569819168,0.3966538023392617,0.34133240174339796,0.6338764030467572,0.9933992032713066,0.5760686917845673,0.6386310247220452,0.6633864829935683
0.4678558018478442,0.055815819763393545,0.46572848871839007,0.4408128253635032,0.33266134252705093,0.7151020244023575,0.9534936196002755,0.5745609865875898,0.7211467971435099,0.6005754996637744
0.36269949279777497,0.05441057340193793,0.4800238537476024,0.4161306667123192,0.3399010806116568,0.6122151905248222,0.9503843279005437,0.5706535064857997,0.6640028128687114,0.6361428884084818
0.46962389272327915,0.0494799293696567,0.42542406715757003,0.408908621250857,0.4058008602114544,0.5940842313505372,0.9731203296489391,0.5123900238906294,0.6468416716712773,0.6713261096689336
0.3208158486992205,0.030705556347830332,0.47417822373883717,0.35299544593913507,0.38228472299835303,0.5615650284332256,0.9469946437564106,0.5231568374272664,0.5680545890598313,0.6827588342333757
0.43826982026308664,0.0015952903125336841,0.4232934355124526,0.39055733034750045,0.28747289915041574,0.5868626623795863,0.9691816654440631,0.6324951289797816,0.6861739411359696,0.6782302863140501
0.38554325408111034,0.023239654790918832,0.47570909075630485,0.4355938261448777,0.3511756590526227,0.6251095725597822,0.9704594128507835,0.5637663376158408,0.6162325668045262,0.6215041162253518
0.4246256124587407,0.08876303677918063,0.5214888921248729,0.33768504816025763,0.3815983514425244,0.6316431898906758,0.9178184690174446,0.52893227504946,0.5486939443122801,0.6047940607637301
0.43457929430702796,0.08377794884547238,0.446236768060104,0.4689872829879486,0.3919539117474248,0.6529030866899482,0.9504177131989138,0.5064353386843123,0.6732815238155132,0.6658433551216972
0.3040158060985683,0.03783323379648884,0.4721407620189568,0.2354655211635397,0.3484005563792447,0.479667235700839,0.9478196256479768,0.5312140762207891,0.5209939558528371,0.6079305361491543
0.41649446463782486,0.043840659267838256,0.4453896262369632,0.4255429620585874,0.33038700263456844,0.6146295415076919,0.9496097802294132,0.5431309968274256,0.7299895837087977,0.6209187425533214
0.42941160030539205,0.027651685846652844,0.46147287716289276,0.376307542881642,0.3499135706783223,0.6726001912490149,0.9627784424419361,0.577026266411524,0.6176201535019441,0.620291480297678
0.44852135437182344,0.005008665951227884,0.4201913564300031,0.3694080893356905,0.32486663822203427,0.6055496189531291,0.9773675928807641,0.5567410849219192,0.6085688035061417,0.6539947344203334
0.36043056324849754,0.05035805237350162,0.4719590381522087,0.4506869277318207,0.37417221986146043,0.5696575017088361,0.9464839545361251,0.5307486333789855,0.6715734152639377,0.6452947999311174
0.43687796744012913,0.031608852052747965,0.5191435274202585,0.36230772902744574,0.4121821454094467,0.6575960435765489,0.9598702577803312,0.5602758447685808,0.6482499556703989,0.6141595175957109
0.38123943970033436,0.03372109040705615,0.4460881584001105,0.23239323380165114,0.3479341674474616,0.5694721823219848,0.9482396399982823,0.5359547113126177,0.46899115846048256,0.6286646356888637
0.35516676629604976,0.007590650897954594,0.4129797298689635,0.29292440569173606,0.38729311941850186,0.5308637276510224,0.9767503804702057,0.5172950144788766,0.550999009890683,0.662574258050536
0.4365370065555968,0.011009797390316227,0.41343532170872793,0.3442074069017888,0.4053832763042179,0.6906591725879792,0.9721293771960239,0.5246885011440469,0.6202249146031329,0.6440259095244368
0.3962368451610688,0.05522737895035055,0.39047831641565056,0.3402866105013223,0.371753972840117,0.5912578732747099,0.9415947237912079,0.48076057966982355,0.5988105824519192,0.6346264459419471
0.3996751811711521,0.03343237489591656,0.45588232964878406,0.42133450072799283,0.37936794719935363,0.5736251677861091,0.954854329158067,0.538770038418376,0.6643468470542715,0.6861841548246519
0.44088584909594636,0.044448648859459705,0.41789963178643164,0.44323009040403194,0.34458618283960757,0.6166660272672204,0.9299816793638906,0.4968317847343231,0.6484920899344351,0.6602671634066308
0.36939185302597477,0.0557299929339929,0.44719822672236514,0.4432716370837314,0.36401448414367565,0.6142102546491552,0.9395439040353778,0.5377891834934904,0.6815402825775441,0.5980673956811235
0.34683880031059017,0.03338124737181621,0.47065078883678274,0.34538347241871004,0.38002799031618106,0.5403492406417174,0.9551663253960954,0.5601617269774809,0.6380273988649421,0.6496455814349114
0.37170475970813077,0.0359536547054318,0.39334518406275026,0.355741610520726,0.3025095029182312,0.5108187924850496,0.9882956782450536,0.5499500763582352,0.6521951888806716,0.7158857513728087
0.46098444905972497,0.07053837564245939,0.4908374295637282,0.3155240231367365,0.3565570993023773,0.7225708736814414,0.9493182813039363,0.5674136671790593,0.5897244135095404,0.6380307790581188
0.25723648746933225,0.08893552897005276,0.48198958332047986,0.4276286236378632,0.3725090354485812,0.46077137511291666,0.9255443310828467,0.502113830185694,0.6839817500622742,0.5783644907007521
0.37669834434345434,0.06442441273218144,0.42308846330186395,0.4053369902438607,0.40582243937715773,0.5516853241793671,0.9242835224846037,0.5125514142401482,0.6054511131394039,0.6288769588067111
0.4673829752666167,0.051135952321371095,0.38944150207365336,0.31013927972938415,0.3782887564678897,0.7036948486550122,0.9519566176432447,0.524940468205271,0.4976775748465804,0.661789101767407
0.373780353122669,0.06488797529387962,0.48783590646418745,0.3834496406740199,0.33104419548766295,0.5424891378423266,0.9679434431174672,0.5745075987093344,0.6109788953355506,0.655459616845241
0.42395518288365536,0.04867737205105135,0.4991343550393117,0.4004510985962353,0.3484434825055215,0.6368730851321558,0.9903740356305963,0.6395628206375884,0.6255800144183932,0.612643103742788
0.3982182629390297,0.04545909985002289,0.514261059791127,0.44038859012247256,0.3578972218665754,0.5850622360200584,0.9547301299437484,0.5995187054398172,0.634326220021275,0.6298621152579691
0.4945971637127405,0.033763228651590114,0.45555805311129827,0.44509215325304885,0.3727616604577132,0.6215290546093437,0.986837981817254,0.498640878374322,0.6866318300569202,0.6597132721901223
0.41571921535439893,0.04566671365098141,0.5045776000544716,0.369739677216969,0.32403922444810596,0.5567001998887948,0.9505767912453292,0.5820360440405885,0.5966488966899142,0.6082101164957692
0.4231987433434156,0.05824753885802141,0.5268104043091677,0.40706829065261435,0.35890656254352343,0.5896793203313273,0.9469161151101766,0.6138694103656388,0.6217329933805235,0.6011260620511683
0.3723649342445835,0.04837130652853256,0.40856823405653536,0.3868984472151699,0.3728393690603119,0.5183661337616692,0.9289219808099592,0.47494644443076894,0.6412488447245555,0.5919660282550809
0.3871967101705837,0.062218965565122096,0.42258938206172103,0.4267352913094993,0.35382534565274526,0.5630621705564989,0.9579807333983525,0.5004957531724803,0.6749627183243765,0.637875331814522
0.4085646474868888,0.05997119691104618,0.4323357282200923,0.39751031209522497,0.347936372955765,0.5754265516272647,0.9367974914739721,0.5377358498061648,0.650116940230779,0.6516337082193759
0.4600399231961474,0.043247404991795746,0.48350859392113826,0.41645676126905407,0.3445149074374358,0.6260260980990235,0.9581071641536133,0.5778871799282479,0.6639107337985265,0.6475158689176328
0.5481502508773253,0.027601740336051547,0.4770289083977024,0.3935807006652817,0.36433272727675253,0.706046090155638,0.9677642431832154,0.5787893686181964,0.648161526175808,0.6977980187785129
0.511884164713007,0.024388515071052518,0.48042980322875734,0.4453508525393423,0.31007081860872376,0.6497004123877146,0.9515322594814968,0.6196950155305756,0.6612830006819329,0.6602647534736972
0.30194706466587495,0.03887418750608954,0.41444701001966966,0.408870504182128,0.3176524483030697,0.5035685620539196,0.9354616746115199,0.5175213839712698,0.6578877798143037,0.6341261787613164
0.3692731713406219,0.02275199417748852,0.39469743396764334,0.3698484802593668,0.36418634263231153,0.6134175471056859,0.9642303036474613,0.49428630051379374,0.6383898244762187,0.6832389951553932
0.3955058247117307,0.04140615230488421,0.40871333252346664,0.3473927607059308,0.35108938521349986,0.5596856190215,0.9335845864329526,0.5035054408566699,0.6183660760724761,0.6671820597342828
0.3743014062569462,0.08653411133273321,0.5050030409147375,0.3688269295706346,0.3412553466900777,0.6508379118779558,0.9265867578506164,0.5575176814975837,0.6216507151375912,0.587646947990061
0.4701931440984601,0.06848944630110539,0.528391676029596,0.34141779413532397,0.3666119812007312,0.6067833170979285,0.9129232733254372,0.518895227123395,0.5780507527578818,0.5925246125502052
0.46342156669061246,0.018296143846105572,0.4305183009065541,0.39646266665891633,0.3548325766517192,0.6126023381179277,0.9580824741529415,0.588860541550787,0.6594269686573472,0.6843117672613633
0.39048160498258633,0.011903281351089565,0.412494258300543,0.3974622329002827,0.4049338139239759,0.6398357775302259,1.001954466375512,0.5121535501854634,0.6470163815224848,0.6739257630256438
0.41235077288504046,0.07619292600470894,0.47484296675808435,0.326529030951862,0.39142626627397925,0.6336722145296041,0.927600296935061,0.5128029723140798,0.6432625412858781,0.6550987993511759
0.4320261444640766,0.019483304795091184,0.4227268082337217,0.36807734706300455,0.32903333092328996,0.5558122949555815,0.9719652124610235,0.5408468092874236,0.6502944293418601,0.6607960087672841
0.3839969130005723,0.034704208418421284,0.4227659941516637,0.33649717880087177,0.34096648381058214,0.5813070784037503,0.9363723635862282,0.5292809175065489,0.6087926446195719,0.6361795501102735
0.4448927608965875,0.09124967147419014,0.4827247291234963,0.3626107817517953,0.409947172185596,0.596959010250209,0.9271747761602711,0.4776516286821737,0.5545122232760368,0.6146483495848365
0.43692258293453984,0.03175775582334912,0.4991930429702711,0.41496214451141455,0.3189247572924951,0.592175127646703,0.9745209830601719,0.5912092040765806,0.664858244330756,0.6575870286005034
0.3677635942164169,0.0352897387185759,0.5120932021564709,0.33807429361298746,0.32702855780762136,0.49051657693222894,0.9643053988810136,0.6097444522325988,0.5400760754337665,0.6705781804081699
0.4752411500442544,0.04342456869256161,0.434673508839595,0.3758116826603992,0.3387272566147983,0.66451353748834,0.963578428166415,0.544281535740984,0.6625713198773133,0.7093013414547076
0.46614406219397553,0.06897926378488659,0.46261136549770066,0.3042703117535542,0.4263382860444784,0.6533101811203306,0.9551609560416259,0.4662257766777722,0.5793403351000359,0.6432435205127852
0.44426089739988045,0.09636535405346563,0.5266021709174515,0.3712353242086322,0.35318817837621036,0.589487570077948,0.9102265591461078,0.5716964290484856,0.5897654614419461,0.578436205272064
0.4637917008273042,0.048214224446406356,0.5556298716436034,0.343605452771516,0.36927467352173493,0.6858880828577051,0.9538094308295857,0.6011365908396828,0.535602081991364,0.6064200590692217
0.49657550207114726,0.041068888526186745,0.4648943405080505,0.4907661793824176,0.3707693203793771,0.7331166537708328,0.9634867310433002,0.6004259624467696,0.7172523877278223,0.6318400031948694
0.44708074122643804,0.05018954143138502,0.429157547362704,0.33670139591300946,0.36772221991672044,0.5934854185440745,0.9624642652797374,0.5697742212237494,0.5763248913068642,0.6565838901409868
0.2772458971100612,0.040221023329029805,0.4165026699697567,0.24067739614433828,0.34962320216837267,0.5058893666999351,0.9612095922571248,0.5418391812284844,0.5036434683515976,0.6356254289512289
0.4480184574789773,0.07024916013247272,0.4989192231388574,0.4501972730281713,0.3918577600249088,0.6478507523349284,0.9393279626303104,0.5306718589486482,0.6483789551742483,0.6133973547596783
0.3951618807498126,0.061325834837839835,0.4561358488012506,0.36920237269974027,0.3301374637866241,0.6232448925659386,0.9348122112054353,0.4945114056561212,0.6180334942164841,0.6739926337705661
0.3259670764918219,0.05061538522571359,0.48842642736805963,0.4550284022664672,0.4242409588050249,0.5668660127652687,0.9543516431127076,0.5034049789053008,0.7242664236145597,0.6249658058347207
0.3669726777694236,0.03343834289664378,0.524980823146935,0.4574637690598828,0.3590288678403064,0.6319217841586168,0.965520223488884,0.5538400240951888,0.7043200823043461,0.6272811120410547
0.405738115013856,0.007158331092622912,0.4403391984624479,0.4035480917552193,0.3531707202614372,0.6897370188695018,0.9886292113883901,0.5129527903971385,0.6668096561530494,0.6955608198267912
0.4571319121522988,0.08201984339477777,0.489061716282241,0.42376828068731903,0.43191596749175243,0.682959446160028,0.9370325895126767,0.4891204512103726,0.6241095696622885,0.6206039527742795
0.36121444585903345,0.05563361480252161,0.460231902768487,0.4181599733988391,0.372126249041434,0.6134970133424233,0.9555916496861256,0.4904981931881538,0.6423694444231993,0.591339057796544
0.41877911951071994,0.10594077161894885,0.5232711751572314,0.40004201409987095,0.3894914294239523,0.5592197488953345,0.9333123327273625,0.5042311416203001,0.6260243626849293,0.6026937422940177
0.38049574016475624,0.046125963913214274,0.45981596078105025,0.4074318588474131,0.3638033553396784,0.6005102860859509,0.9610443936147406,0.561067304984487,0.6552022425073116,0.6459721193870506
0.3388006154759631,0.05088731048728359,0.49623224637847746,0.3937498953762939,0.39630547305249414,0.5333681766739568,0.9538938582454148,0.5537738865186125,0.6720660463468551,0.6343375510807658
0.43210702637207143,0.051137747841118214,0.3768687851591747,0.4309489417048331,0.364665387435341,0.6022384403432288,0.9565813079090363,0.5044025026741159,0.5757885036507902,0.6640968985241651
0.41411361137901925,0.06991494301728715,0.4732673160900794,0.411611512407955,0.37317512018142357,0.6469321625246468,0.8983541908600975,0.5213149893665794,0.6507677477330402,0.6118677458362156
0.3975206172825584,0.054971328441629365,0.44879982558711856,0.3307156466251072,0.3687463638724776,0.598951254196697,0.9543750752903783,0.5326354934752655,0.5426678188919913,0.6499273791267832
0.4193836249243054,0.056082828817125806,0.5541534233715265,0.41827627521918365,0.3314298972118388,0.5661533693745158,0.9623377415068204,0.6462130319001577,0.6428461741595002,0.6160381612938187
0.30720380501016264,0.045292946249234155,0.44501287996177713,0.4198690268734818,0.34284644157465727,0.49921641518563664,0.9514963274385251,0.5179638245887301,0.6492205217250915,0.6309039559067189
0.4895687804777003,0.04384853095047096,0.489907721989938,0.4664317214854096,0.31750419020003123,0.5577647805097874,0.9509551835321083,0.606191109584692,0.6605320700483461,0.6902731726261144
0.341002384944293,-0.002219102352005277,0.4466064264962265,0.3633393107601309,0.3381698572107969,0.6477576233552831,1.002580897117476,0.5169549766668684,0.6692470478434863,0.6752525793521083
0.4069715961747712,-0.011558120660613375,0.4511919199331787,0.39116018127290136,0.28607149470800636,0.6144652784898184,0.9796597140016878,0.5473413959215101,0.6927494701485732,0.6873016366303608
0.4153697932114364,0.015149484032201635,0.38867399319422885,0.3111870957770476,0.32277652953917274,0.6129278155810822,0.9764814948356595,0.580627582174052,0.5616567625930808,0.6815288066567029
0.42901257237525603,0.02912170321745449,0.43675208275087585,0.314330992430401,0.354438147817869,0.5991114599568194,0.9373497261298788,0.5027212146111386,0.5476880061665562,0.6719009602478487
0.43435221250138173,0.026571742861552488,0.4382439288637939,0.4358520796345357,0.3689209898940073,0.618270760240045,0.9719920662176283,0.5671875129003645,0.6602721186137016,0.6514306520681121
0.32955458867103005,0.06389941259376967,0.4354728925252254,0.417253891797227,0.3679518023066142,0.5096898530348233,0.9623244599162688,0.5000829503920542,0.6483763942491929,0.6057920926682976
0.4520727840915371,0.04330501776228673,0.4223943307930924,0.38517995861504933,0.3555518489162305,0.6182685241703605,0.9510561155498704,0.5665081740539977,0.6078123596269063,0.6653681935417006
0.3862163642236701,0.07702435304983286,0.471098147700998,0.4109835180995292,0.38824700968399345,0.5601387769657327,0.9070766642914257,0.4727889519844557,0.6866384891964841,0.6045543699621798
0.37534167330280793,0.04926356360834587,0.524045001592385,0.37133745465417095,0.34405088628464586,0.5918222013287295,0.9486706910642904,0.5952708741654041,0.6670273388889283,0.6317905697267576
0.4299027095520426,0.040366421252523786,0.4891360622711207,0.44175322633317354,0.3559864772418832,0.6337007836146754,0.9380366573606674,0.5437907477078814,0.711697321839659,0.6490425954877845
0.3811428202012227,0.027116094570158733,0.46813483749676255,0.328925651423131,0.3608711844341077,0.5702694598094109,0.9704133203269456,0.546135913191929,0.6204824869054968,0.640786684030983
0.5141313732642742,0.07277396135125959,0.4830021426717445,0.49058846862651173,0.38997070065676687,0.6854632904757221,0.891676140922336,0.4969825608400895,0.6463292133584455,0.6233940285498831
0.48324268810967125,0.06305934457318539,0.44662674785847367,0.4666396099813077,0.3917162999757709,0.6085265965127822,0.9697299073559164,0.5124052849032585,0.6946420998175693,0.6794071102395214
0.3840350469324585,0.06232828846262963,0.45771603044893955,0.3761528219707137,0.36877910071922165,0.5808615879086754,0.9239689873471764,0.5233041618455255,0.5340009999016035,0.636995211167744
0.37523346843353794,0.07913903181873037,0.4743705633844798,0.24847398086040418,0.37822500410339815,0.6023566124059411,0.9297023354876939,0.5282079645516249,0.5541145538217123,0.6496569375503032
0.48165652622337707,0.02531202698083789,0.4571909573625474,0.33519305568976365,0.3549444882581213,0.6576506157780042,0.9928242364106298,0.572187563638964,0.6114106625613003,0.6773552941672015
0.4333735393382642,0.033907488146952304,0.45729972452920353,0.4209367386155629,0.376970140829926,0.623997770601757,0.9298704593032747,0.500268992373879,0.69376327813961,0.6522599387244246
0.4646365050081365,0.04339402279535444,0.45605883476920583,0.42641555661792147,0.35879750692382645,0.6231213713730177,0.9468380532629838,0.5477156294109369,0.6868866151022872,0.6417734999547073
0.33235464877997695,0.004637266626748258,0.5083687512636759,0.4330725128974238,0.36763277131197464,0.49402066723571536,0.9627773476523569,0.5381718199722509,0.6800638849189353,0.6630931139212216
0.4249295048433569,0.05355201006861035,0.4824150071919793,0.3920742241055113,0.35994475406397497,0.6194093385825996,0.9441479514913278,0.5029731303884792,0.6562789537188032,0.6453852589606229
0.3334056148007192,0.027616323692699295,0.4242029361879151,0.41617866027109657,0.3661641680116046,0.524596718821174,0.972714001431267,0.5239188351546384,0.661653614359911,0.6656802925170602
0.41195132897024056,0.02792059590662789,0.47591722752593063,0.4467419053707578,0.31564145397605015,0.5967248966377108,0.97012618750923,0.5451512784894645,0.6432363867309625,0.6484849529643927
0.42556228623392245,0.02926561953264586,0.45781780184665943,0.34235630287898566,0.4049303634696047,0.596190336384838,0.9477301109013084,0.485138405960011,0.6220045798815848,0.66523145159787
0.4891251297597119,0.037736428304575645,0.4696704281021241,0.4131818612199773,0.326214584453771,0.7158982696477826,0.9597616817337733,0.5681967035084206,0.7247652402167994,0.6403163715717306
0.41294040048595965,0.04062548028526183,0.4736864873604546,0.3985929279213537,0.3720576663148725,0.6104393414316498,0.9646382676177025,0.5616105028301187,0.6537759550958626,0.6684550449339963
0.4762540008169105,0.030429496999862884,0.43466979434256703,0.40722072874492454,0.3705420476863745,0.6532061685281181,0.9512534329986021,0.514036752624315,0.6723903111837242,0.6573277846902692
0.4145870729454093,0.03848240833925414,0.4956977844099177,0.4014902489836395,0.37127862883145174,0.5882707822017136,0.9463351274040296,0.554578828533721,0.6207129288016557,0.6139447418233783
0.3713375809051765,0.029783070091013105,0.33658107810807286,0.3757024955165223,0.3092304630360171,0.5863069215003041,0.9880018560907573,0.5141560961332295,0.6236673611081206,0.6919407495091972
0.31124303876589743,0.030143150296221784,0.48056193545827536,0.3171225952568418,0.3522466056603064,0.4945045442270415,0.9417400102651933,0.5237450676661028,0.5676515768025975,0.6530278436867009
0.4368655872303438,0.002467722856458068,0.4104994605480368,0.3371368650686093,0.3570656305973213,0.6349801279357519,1.0042269751217232,0.5727398332376723,0.6489474451856416,0.709718729987245
0.299400295594604,0.04528184985377861,0.46247953619776355,0.3983353275546834,0.36670695498346656,0.49382480517874294,0.9652988127555298,0.4845504779826014,0.6424661608058718,0.6207938431071156
0.43732678525090607,0.02767577953397422,0.40500746279472954,0.37527991304318353,0.35296136850625526,0.6389789226420051,1.0051651106412607,0.5678661035882251,0.6609479716848081,0.7138182359494412
0.33551962122991064,0.05779256851613635,0.42328059299187726,0.3554781880295936,0.418368640456197,0.5378365147050315,0.9170700662353805,0.436781089043472,0.5962020256391549,0.6474697512847689
0.35111576163644426,0.01572625870512787,0.40636184909132744,0.37851054466006684,0.32874995427051146,0.586537975347488,0.9667171580637025,0.5893834587738389,0.6763405376502882,0.6262681709324229
0.38523562284288954,-0.02650604646913793,0.37990694157582927,0.3706674672128875,0.3417898356246072,0.6738256478422135,1.0016352155378196,0.5640986936383063,0.6605288157131767,0.7240849256528494
0.4846651546728988,0.05458329952806599,0.48556517443437375,0.4675917684604717,0.3424440541955795,0.6233919229275398,0.916554599378575,0.5532029770797973,0.709788279944862,0.6251966781826546
0.3579717752792398,0.030648219227647527,0.41359539091586056,0.32742306342938465,0.31551988815079535,0.5377687906835071,0.9748900054222059,0.5397303503972924,0.5925151195990987,0.6560127047874202
0.3732804757486869,0.06194459440449173,0.5014898131188932,0.43056436535547027,0.37686375992401117,0.5728038840113283,0.9375897310682263,0.5589743076286807,0.604174626453196,0.6168309700870194
0.33512168861633446,0.010602321961574162,0.4754828002694109,0.3072564752498286,0.3767918302134239,0.601080372321008,0.9929152680489002,0.5315153296379411,0.563103050293724,0.665756764583973
0.34945829433105263,0.035489019542877656,0.5135323683728945,0.3848811802695781,0.3651855849492964,0.5574906213975903,0.9685897916197137,0.5429357839067093,0.6679242389504061,0.6293467765927472
0.3032049136561774,0.0070879312115037455,0.33721216116219316,0.30083639226428616,0.33321606597395276,0.49446056810189076,0.9795476854859718,0.49817733087321037,0.6082098173002619,0.6727899789892275
0.4463299619871007,0.053307420134754015,0.49534608611428244,0.32533376453655705,0.3372583509241398,0.6138346174886995,0.9492046648244594,0.5058483807460841,0.6086527300422144,0.6253231662915963
0.4073792784745628,0.05411851381940485,0.46389772119218936,0.35521484215770344,0.39853576253920936,0.6081858352021008,0.9438421194943777,0.5119210553953746,0.6079079451932552,0.638190713099445
0.40728924720097165,0.06830170348812406,0.42601033395629134,0.4031987714310225,0.3769455661849698,0.6157735601694937,0.9070449242707007,0.47822589695363127,0.6727520547544377,0.629283287731152
0.30872052672257055,0.013144721695071011,0.44306983366208913,0.30073453606528666,0.3144952804381253,0.4709892962041681,0.9607097801131308,0.5477519664498741,0.5989106022232229,0.6404985151621769
0.4484258589099101,0.04462491645338718,0.4595390773482199,0.3971497083750791,0.3630092095473843,0.5810102724815898,0.9373610774367486,0.5479022542993306,0.6518847568149768,0.6459998138022989
0.2864313803783148,0.056304138702907285,0.44991321367953524,0.38996868784070843,0.3346126706051856,0.5505942550690094,0.9501817911269896,0.5185545197557302,0.670711132817082,0.6453554173746325
0.4192226381440944,0.051853227861833266,0.4707063981640898,0.3438091523901357,0.31748698266277553,0.5953887500852009,1.0077506419028757,0.6088246775663317,0.6016642505221677,0.6888509924841932
0.34952980391924243,0.03503941355039136,0.4789369121199818,0.3852185427871111,0.33341777056920124,0.5722282060711634,0.9497598299382783,0.4693195745144224,0.6074517104249856,0.6831364674985484
0.45790741914604893,0.0022453366133100947,0.4327996431918516,0.3578703893175658,0.3200048634057374,0.6346839134708864,0.9828795713507529,0.5701429452680564,0.6032988382406701,0.6821783809587936
0.37363629259241293,0.07786008704374903,0.44932094664625416,0.5160675890530193,0.44697335206895794,0.5881796648467612,0.8944247939872011,0.43788706095102503,0.6945520075951976,0.5963096826787714
0.43306906803808265,0.023113950080010423,0.39626610281036945,0.35510501634728137,0.3637107843252448,0.6327697453964125,0.9515788854066659,0.4796227720273657,0.5655632586565441,0.6012083164589463
0.4333970432835498,0.047546829736880215,0.4629459530084987,0.4992599248480625,0.3603226442162522,0.5892859270380795,0.9792319589321408,0.5480398209930295,0.6911867684565409,0.6282092005672555
0.4411903584668202,0.07115536019727961,0.4943260047387519,0.35153214247152637,0.3977267678114542,0.6146211997063791,0.9325377024423496,0.5283919581656341,0.5415659430453769,0.598777496478665
0.3561471431411239,0.03486533772983319,0.45333362136905747,0.27606984663132006,0.3466899454331115,0.6345556040850355,0.9553261663059682,0.5381849465738247,0.6201205000692701,0.6713290887312782
0.391045659089174,0.01876638371371647,0.3980254594140757,0.4282061816535603,0.3223774964507969,0.5796675752060585,0.9619651379926344,0.5614946114300651,0.700495755129316,0.689127276299178
0.39790257532819245,0.03139607244236145,0.4489360848108856,0.38748215114910495,0.3586192655972082,0.6534343053658769,0.9727348719832956,0.5314446346954025,0.6756091782714897,0.6477360887609678
0.29477302388541493,-4.8094096003784116e-05,0.49690904723701157,0.43285625640762254,0.348791671241258,0.5536304633041909,1.0044872502010995,0.5289545968589778,0.7350337710783253,0.6392084373520674
0.503481813931177,0.09505923625075309,0.47909015492119517,0.4976149896302429,0.4150100854635935,0.6371449998559704,0.9170343671886324,0.5464644668220675,0.7135275532669487,0.6227392191956496
0.4425373853807945,0.04818444269305303,0.4839767830669622,0.4173242450025807,0.3638690714998274,0.637066344617655,0.9484602931339388,0.5913835818062324,0.6241669319963654,0.6285673484543413
0.4962758123267731,0.07324377418844959,0.5393657173205945,0.45887001151432266,0.3621271040197889,0.5791487658952599,0.9400487231688898,0.5483173497456897,0.7153987229434526,0.6089945968371522
0.4854280958179816,0.07674003594708494,0.5210044533566286,0.3888074379688878,0.4378009913721807,0.6221004335621794,0.911625702967603,0.5194563346198716,0.6663125004354331,0.5745618967514996
0.44701118675239027,0.06774310407121284,0.47421285923512224,0.3150540015974242,0.41258580419442104,0.6474325696306124,0.9489077901638951,0.4705328859659552,0.5904656151163472,0.6266456843652198
0.39879978133029326,0.03546346151993457,0.4661353594133072,0.42333715589427956,0.32263408431095814,0.577690900264572,0.9671433227482213,0.6090663755478736,0.6540974836217264,0.672542039299905
0.4136834714059474,0.04806193110354104,0.5309557221348018,0.3191371348394041,0.3986997751101079,0.5991352282072545,0.9339261401006553,0.5020781332501212,0.5169540792480476,0.589807664532022
0.46031632895381347,0.04788338015946388,0.501706551474877,0.4286387329738348,0.36143856015300907,0.602681790775133,0.9682542770387731,0.5319689124442294,0.6121508306648318,0.6803956804672466
0.42367810754578117,0.018130090600947838,0.388006661360881,0.39237566783968336,0.31953068392017564,0.5417924553782759,0.9603778858094315,0.5685715630802906,0.619532708970977,0.6919857691051494
0.46333717877541025,0.014424711639043969,0.42778071057059347,0.34283309524942623,0.348735085568717,0.6852872191334853,0.9666013327880849,0.5427533087113603,0.596597742708188,0.6642964510597817
0.348222580960716,0.03483649397088247,0.4087642938617489,0.3994674499217872,0.3653897184646186,0.5710188397238338,0.9808718590454482,0.5014353474871769,0.5751240038278078,0.6655878529168309
0.3989406918759742,0.06281888061290146,0.5286323261755324,0.3940835165240569,0.3831916608807823,0.5496139257099326,0.9393800938732587,0.4940161228545036,0.5982871902960551,0.6100195722100209
0.4113525651886721,0.06259591198386719,0.4799791101300212,0.3437289454635472,0.4316758625439442,0.6525586911248256,0.952914799158636,0.5400990865392418,0.6429468734971057,0.6461441858022736
0.3578785059225411,0.05050268045643206,0.4988770663800906,0.39956415961321884,0.3882444463173408,0.5404590412129175,0.9587819123859245,0.5194926475901875,0.5961194392825255,0.6318452452070439
0.40364156282301145,0.009019515814787046,0.4347416016031887,0.3345124479725469,0.30560798278413204,0.6374158228495457,0.9462830473705451,0.5756853443653553,0.6336956068430961,0.6776303952628037
0.5100980740626613,0.046541579834355376,0.4528024962199836,0.41359906575891786,0.3591227633638478,0.640096930969849,0.9528446638428447,0.5234188100909656,0.5860588688171307,0.6672806033928153
0.3951045216284476,0.08456064150062935,0.4784936291904114,0.4484300441993684,0.3822424346674944,0.5274703710252721,0.9383853578481736,0.5121664087739111,0.5743407389625208,0.5780657733505155
0.37914748294578726,0.054925435206716396,0.514879058779209,0.3350609646099508,0.3756779779007718,0.5552318017707465,0.9351439409770461,0.5502741580277677,0.5294979597869685,0.6264025421433207
0.37999748841676345,0.04454816905329462,0.4321614754195975,0.41233967352886847,0.3434111719349733,0.5788630695916247,0.9702130075715949,0.5528834195601122,0.6749733414979309,0.6421784032488886
0.4279424449923653,0.03224986738475496,0.4378659023308033,0.30967017600485763,0.39583472861411345,0.5922858187893056,0.9499663318013816,0.5685614855572962,0.5361593705121814,0.6865234967847949
0.5042256379068344,0.03848484685721701,0.4532988663921615,0.4111763247397059,0.37947022524270074,0.6769932424230201,0.9530388172737978,0.5385684526876182,0.6274161648712002,0.6050684121686729
0.4330217166522313,0.054973322888790824,0.4694083472953102,0.42384730873449217,0.312372460215712,0.6288777657857982,0.9757319501812305,0.6283693605423122,0.7130666288663332,0.6534194591513527
0.23998701319915777,0.019313777983898973,0.39391338430352335,0.32759908291397355,0.3409459035412027,0.4631069859948004,0.9856895557420936,0.5110574903709028,0.6558902246622946,0.6373008700512284
0.46845177685158274,0.02442959262939887,0.549415544541197,0.3655502428545915,0.32950304951649406,0.6581104218090648,0.9763723568567236,0.648714015256389,0.6635404977909825,0.6076231320693076
0.4111918403762763,0.03860761876023966,0.47083150043136035,0.39688369400102014,0.38973927993689217,0.6219848463262541,0.9566444486282982,0.5107471529322156,0.6657813472465361,0.6144800779162154
0.48279044027550244,0.047374345203258734,0.45405418452652807,0.46121954663432907,0.37848236712369215,0.5572563594971385,0.9511047397390883,0.4965468800134871,0.6826553951323537,0.6499175310279626
0.33968300188333833,0.05141458870299802,0.45594814847692355,0.36089613729661413,0.37994642645779864,0.5461634010624541,0.9526914513942771,0.5491907652977899,0.6149279531431542,0.6571565518706631
0.3351689337887428,0.0580964915992389,0.5021403867302136,0.388434506414822,0.37513575903822305,0.5162444180298401,0.9408674770451981,0.5388937921981345,0.567846746524029,0.6116696145093288
0.4272329743242546,0.06547404827366445,0.4932446795810879,0.3941299288872745,0.38377671347664005,0.6202727382020752,0.9520644749111481,0.5269331207520909,0.6414298897888575,0.6176637453699828
0.43305401216999595,0.06196276236863456,0.4653214241326348,0.4138112189494347,0.41774808273998815,0.6872931982553376,0.9637212600244939,0.5027141673324506,0.6657113903556473,0.6519202892602431
0.3765949442253638,0.0689497327094189,0.4767076736724228,0.422256059190425,0.3850178626438231,0.5208273765248953,0.9232527877040207,0.5353895809662956,0.5740973090892895,0.640671648379163
0.46782531960742346,0.03093820167570312,0.4079030108801865,0.29970303615718474,0.3473749179868104,0.7049607554142527,0.9821682854329603,0.5374778902604782,0.5713923931555894,0.7189399069631149
0.32103188670985044,0.02820444589623702,0.45791964387365885,0.2601350831989976,0.30543069566056846,0.5419094226227874,0.9757974419512908,0.5762396642157882,0.509678188500418,0.5989701878669671
0.23408128528367422,0.046766620228484795,0.4712526887698918,0.3668802625196463,0.3282499879998178,0.43834779922780887,0.9454578872411118,0.5222457013244464,0.5630355833142162,0.6044772964465246
0.49188302638706555,0.023659256859225902,0.35587989379461993,0.3544084937294092,0.35200365881294443,0.5722598602729445,0.9738963660287532,0.529429465999314,0.597334082917881,0.6884965173043898
0.3583711903072463,0.027227693148579063,0.4486375586269298,0.3496816618833462,0.3187013868611774,0.5859498495494483,0.9949416937370889,0.5266539438950952,0.5621281911256515,0.6592809900028412
0.41865866593843803,0.03187048006701767,0.4384965243186399,0.32126821676367273,0.34267788161496215,0.5762378420029751,0.9925522889386822,0.5615042116658908,0.602053916286788,0.6892163255927445
0.4272144005619088,-0.019769331882385735,0.4442058362629936,0.4962702679318267,0.2951513515429642,0.5970272121140832,1.0166797324605052,0.6130641016644649,0.7157011709226286,0.7267337650560222
0.5160501076634795,0.04609284458984161,0.426424474809814,0.42887569039498175,0.37368931278622275,0.6711366530591649,0.9571374595909932,0.5726485533066645,0.6731453886337397,0.6443572396014234
0.3855275229050245,0.02764252410777759,0.45584742877630063,0.41824262450753524,0.3117530746865696,0.569810757093457,0.9681009451133957,0.5486908141585227,0.6335564146542503,0.6430913870772474
0.37575397084230644,0.04129026392054255,0.5222851165166156,0.41086022978966846,0.3475761948502938,0.5863519490923086,0.93961553870681,0.5954994574483818,0.5563963391370834,0.6182920244748135
0.38957965239398046,0.039376539486274176,0.4609684819455355,0.3557554514962612,0.34025528774718533,0.5889562717891246,0.9707860432715347,0.5048838939269706,0.5855364954866192,0.6532553486896
0.3592897841888629,0.08802201971513006,0.4489295765270219,0.42178663434392416,0.40360397690159644,0.5701298390612406,0.9208714979979127,0.5074467064767381,0.5477435021839373,0.6117976147322463
0.47787293968595074,0.0747964321888407,0.5039113040054554,0.3506901642887122,0.3680910491210621,0.6588879477974664,0.9404802161350737,0.588074608490938,0.5505334948290925,0.6117470487014428
0.4415080618611054,0.008130705160015093,0.4911697042486165,0.4050347786378423,0.3554607073598076,0.6619282771962249,0.9823502652647077,0.49391389100786987,0.7049125718304696,0.6290590385506529
0.39841019768100433,0.05588922865144613,0.4702227580824955,0.354904684272914,0.34226136850156946,0.6190572289733368,0.9627970366877611,0.5682162702902005,0.5896049324903931,0.6306605904562517
0.3486524551384933,0.05626683935568942,0.49399148451317726,0.40584641672393346,0.37117312456955814,0.5227372008331425,0.9550502209427716,0.5594613609785388,0.6283375277555577,0.631178947057838
0.35475645336600137,0.014478389990227776,0.3870604286027086,0.3147674505031409,0.36926434794789487,0.5479854883421287,0.9758384732928423,0.5168840359239599,0.5642570601916901,0.6319761598373455
0.3114632799759472,0.046472992130004956,0.4601496619612735,0.3343604397857479,0.3819578941884547,0.5507731692238257,0.9378081927852322,0.5042343181494223,0.5804133623678461,0.6122212066184758
0.44678413233670317,0.03683594136979288,0.4655457051909454,0.39912015462730915,0.3700545790112271,0.6194668179818075,0.9956015370127487,0.5172814477627412,0.6238696812085083,0.6739186715119028
0.41887781491867654,0.0042245911717146345,0.4740398049934536,0.2658844310293832,0.34500391897827554,0.5706067455920497,0.9917926033158808,0.5699810735823501,0.5799534762260372,0.6646888074167776
0.43961353688141763,0.06420415658608432,0.46909116013034935,0.47252713079740755,0.4176586115732283,0.6594415218593159,0.9391010006325904,0.5159948616600409,0.6895791744725406,0.6065612047358064
0.3200633327575779,0.04502728113616946,0.49899511155457527,0.340118739512147,0.34434857661423723,0.5237050091848245,0.9618046320954171,0.6061456212219635,0.6411513394888138,0.6131168080350793
0.4105101845112884,0.07056596593222789,0.4705717431995143,0.340546301430802,0.3950071541346375,0.5611963198344988,0.9314488047897505,0.5298907289557462,0.5253692638930034,0.6128037784946055
0.46629485175598523,0.027744991109804606,0.5088869366195866,0.47043883204465436,0.31398101197321626,0.6830920058373666,0.9771815141460891,0.5892555455743043,0.6902926607139908,0.6380197390473872
0.4638316056152145,0.07646597131537927,0.5412264876330856,0.364921100605096,0.31840004386637466,0.6168554467989452,0.92108802033534,0.5637338908263447,0.6216543006779198,0.5873786948951587
0.45773470016069234,0.04038142372390685,0.5229000125704479,0.4233458762461321,0.3101551481803951,0.6762734048909869,0.9575998277024472,0.5798914310176916,0.6331279767928522,0.6262587909325531
0.4530637169652092,0.044904094377569266,0.47744007416328454,0.39687183386331837,0.4041664138772663,0.6448753042017494,0.9125521366901653,0.5469114324165822,0.5954053022502246,0.6001917263025186
0.46289660243268327,0.05253828858222671,0.49387865050244495,0.3985760996465778,0.3534541816790916,0.6647887862227602,0.9749381125819948,0.5754200527895533,0.6453754788540085,0.6547177535418205
0.4322298596690496,0.04936229298915499,0.5046351816676792,0.2760346304224742,0.3130726760626612,0.5815220865585997,0.9527673443991068,0.5731854745247256,0.5009500711465253,0.6596217378041997
0.2889675811332077,0.02570292991939627,0.44592208340017314,0.31561789729911277,0.3213840111865716,0.5077650171846176,0.9628711173672617,0.5956893354210899,0.5651036095829618,0.6798477168458046
0.3625780776091849,0.032650445023352515,0.4287621286036246,0.26189605585708287,0.29505262875106114,0.5141297240616733,0.994037214548928,0.5408327421222692,0.5101432964373789,0.6905029696027798
0.3747606369802615,0.06762097052135443,0.45854239022504045,0.42343292617043066,0.3456699079860843,0.5682037470592862,0.9510710503673363,0.5137419775406378,0.6381273356575358,0.6113575934320279
0.47416986199153316,0.0686956242943621,0.4273333488099787,0.44722146333017504,0.3839563485712683,0.5842341340142125,0.9439586534397532,0.5168591282821317,0.67966519455698,0.659861213944232
0.4095340287669052,-0.000279724120302173,0.4447160830483627,0.3742221494579775,0.3165654070257853,0.6066945295912596,0.9767703323262188,0.5763026112721726,0.6647471603347366,0.6738089488765009
0.3138409268928804,0.030509492420817342,0.45161944002629895,0.4334050794923618,0.3224335233547165,0.5021067661212016,0.9739786150405576,0.539635764671471,0.7039150393409159,0.6534000659602605
0.38948669253318474,0.06387018922119705,0.48072521951851854,0.43697821317574315,0.37500721761366623,0.615871094159183,0.9219215619224929,0.498357241400603,0.6030689415131394,0.6340656080815492
0.4475343807383931,0.04893947198944418,0.47431789538273955,0.417163840991121,0.320139544697175,0.6106558212262381,0.9491726031718558,0.5694577838650732,0.646695927595522,0.6809107655362274
0.41079975364425925,0.017036732298352144,0.45408315248652054,0.32728590852749445,0.3097590768826393,0.6137186438097908,1.0059810955415351,0.5669112834280049,0.610134225690665,0.6504378453581411
0.4360468118534009,0.012476027811028993,0.46967706571157747,0.4659752670683575,0.3331645656891724,0.6635794760483349,0.9817659250041576,0.5575710475808409,0.6692987932903389,0.6640980845042246
0.3964271596908855,0.02473078984242714,0.4962840566660912,0.36835986461306813,0.38833448345331917,0.571958019800555,0.9603359172060273,0.4978467516527453,0.6161466293572496,0.6118686771689767
0.3622343505907379,0.06924239467171873,0.48013932005453813,0.43593134297056374,0.3672154448356724,0.5246149297930376,0.9391664547562442,0.5323505126065033,0.6620998687982136,0.6129605020627308
0.3482666451970406,-0.0017712404046368883,0.41774298523764525,0.42698049224033985,0.3169127162146534,0.5313738885524256,0.9799844350763186,0.5626736222245428,0.657837986341407,0.667136681215543
0.37261938697771196,0.052498110074136274,0.44359086253157937,0.4507813453071132,0.35463951713092745,0.5817566651665363,0.9446845279689788,0.5168816005219043,0.7014989430680958,0.6122042282889439
0.42856509708996704,0.03347796860005912,0.4162323909321798,0.37135150889646984,0.3339914222083822,0.5883137758493151,0.9702012851552181,0.5238114817734467,0.580460381126799,0.6184145100659834
0.41354427131139637,0.06407026357699536,0.47117593279564457,0.4152664531680618,0.38107479982206555,0.5860378309245757,0.935468704048554,0.5388419335916546,0.6180525042369345,0.6480989357676976
0.3560871171986696,0.06190199396471347,0.44323988880572307,0.4040622053223451,0.37522863446325766,0.594549122798559,0.9395433018336122,0.48901004995356556,0.6195556733569344,0.6352951363472326
0.4972450822438953,0.04782427163571535,0.4587677448658248,0.38135249549944705,0.326534314707192,0.6615221865925973,0.9467632741091464,0.5528957705423971,0.6235688648176683,0.6340406845423343
0.3561195298708056,0.05004591163705238,0.5039474036664887,0.39767746398230497,0.3603469914966578,0.5953784397026973,0.934259691254479,0.6161180198588848,0.5878606128145558,0.6523282562180867
0.41022132361491515,0.0863815307037906,0.44222158361056335,0.3903785694447908,0.38289089596868,0.5621235431981035,0.9133392744365912,0.5560813467119167,0.6344148446470779,0.6110417171071656
0.42935740255580523,0.028029702697635356,0.4217971060888375,0.44949415051575126,0.3549877611659761,0.5894462253205188,0.979656209925984,0.5830216572373981,0.6848967870735609,0.6659546618186282
0.45829348561980393,0.0532810091752365,0.4597731689744931,0.3930542463061373,0.37255864767486463,0.6652815438049506,0.9637213312597306,0.5677042476977695,0.6025982887126347,0.6241904115028231
0.30861216279183623,0.029864156211515253,0.37735827215788487,0.40877652999300723,0.3791867436229706,0.5367742932838162,0.9751739978535223,0.5599259326012749,0.7099954582840067,0.6910486000357781
0.4903441053008668,0.08405289841654665,0.40825285940829625,0.3530559101992375,0.31164636540887963,0.6022910107582309,0.9385330879313419,0.5487091980800963,0.5615778248091705,0.6607314563215844
0.4578432347348702,0.04034113457311632,0.4652936722881074,0.34751468091776927,0.355127311595678,0.5852363084064893,0.9719057737702403,0.5512531851977311,0.6224275607302481,0.6579328166905084
0.35127189487124805,0.03852576797672308,0.4686581020956203,0.33903709489733963,0.314370302033465,0.5387975422102567,0.9302999139214784,0.5125812427444454,0.5473790587888255,0.5953651805833463
0.2780785887405788,0.0698956644737275,0.4175560108760657,0.316100212382704,0.33928079199808914,0.46980899619429106,0.976667173284459,0.547376895941667,0.5605900180800152,0.6234404750829946
0.35614874699867016,0.06814632789444867,0.47699189039104395,0.40562767808963823,0.35196061391129657,0.6028322886984504,0.9518807989038828,0.5333516355087541,0.6779286348217243,0.6322414224167359
0.5436888074464884,0.06258916857826016,0.47181249824754656,0.3514705596531101,0.3902303527683622,0.692593052815276,0.941762186344343,0.5836677604520935,0.5293012801530141,0.6464411056586042
0.4630419439491424,0.05543728804015882,0.4578506960296043,0.318346912650194,0.3841720989381029,0.6456817851670529,0.9436589464560173,0.5236645264037322,0.5633242788620401,0.6583553266607829
0.30875061746719984,0.03606540141034398,0.413138326939036,0.3423819722709165,0.3473186981587895,0.48626929392462437,0.969052018842333,0.5057637173327649,0.5683533882179741,0.6565437630336888
0.2922751913052403,0.04830750494947711,0.502251828769437,0.3595913538032586,0.3108596810298479,0.4789561678599257,0.9565068178578411,0.6389256722710202,0.6006454075015821,0.6080978215327395
0.4947822944851021,0.056297405346173196,0.40083617316919784,0.3776909939238417,0.34813129997148307,0.6588270387200423,0.9206680089444732,0.4844850969145539,0.6606599873264203,0.652847087215896
0.3887553888900598,0.07281678338498526,0.4978141496556073,0.39362893587726244,0.4058221069910121,0.5721111293914117,0.9356392001537173,0.5127734835080938,0.624321078263508,0.6299726156839451
0.32348480734175356,0.02827021788749031,0.42190649548438236,0.311303944330947,0.32499673442788946,0.5490507029630396,0.9481488187230193,0.5283673699978574,0.5556297384505868,0.6688210605698299
0.4500157402392387,0.021713927691449524,0.48474092668728935,0.46938496820326053,0.3690061611227867,0.6983291358578411,0.9365067181801292,0.53477077015789,0.7207701567150181,0.6537875038218183
0.3475513262759134,0.053699659005577785,0.5200593170862987,0.3981072796184756,0.352125477283742,0.5289229947617078,0.9321620964171569,0.5472318974445564,0.6558149800176847,0.6211873392583296
0.43844580560060437,0.03702807845492153,0.4356868861862325,0.3592726621258686,0.34177041678450926,0.6376713466463175,0.9674801382408746,0.5225325547067481,0.57236618705429,0.6557530198160453
0.4023165386360459,0.07244545135771854,0.49670956639983777,0.35242451940955255,0.33873850911720954,0.570520329126311,0.9416503222217891,0.5831790860134589,0.5665351369276919,0.611771198060282
0.4338936854956483,0.01139050184302564,0.42373188905894676,0.34234301953754437,0.36771366673696515,0.6635275687628661,0.9909650303885988,0.5312450323532061,0.6457211037280131,0.6673025305367919
0.40867518112660506,0.05561432856233144,0.4920558133957326,0.3604514979225663,0.3659302588486718,0.6202887555614096,0.9581205240130741,0.5812510582970924,0.6176138396189834,0.61024287612437
0.418178156394756,0.052810543146512505,0.5231804449567647,0.4742778721414824,0.3532818238736243,0.5968037885951154,0.9409116450510636,0.6704846184015631,0.6417566286469742,0.6212076778067591
0.47600943375307686,0.032606188876660724,0.4784707001493804,0.38217709123015164,0.3171694176913445,0.6296239429955566,0.9580593098577581,0.5389692633518164,0.6365342350543464,0.615282211408368
0.3984833523453584,0.05264854865442921,0.4095038519164005,0.3760364683338857,0.3830947984247408,0.5743535327682008,0.9444826511141337,0.5361447068754701,0.5620147572580882,0.6704480933227264
0.4352069015536198,0.07873237967986373,0.49353441105693946,0.4147739480252588,0.43096477102445796,0.6394989186008259,0.9108696846446719,0.4848765590742903,0.6481890226209354,0.5941669454822873
0.47078157375100865,0.052465725953564475,0.42558964460716664,0.39603874854824667,0.39646556815181266,0.626141521594624,0.9308729255279944,0.476971952814207,0.5924478872141457,0.6928801123362911
0.40786053534622446,0.0038869610962997047,0.45627025923850506,0.3780378638031374,0.3284500832255466,0.5710176508662297,0.9705664707399263,0.5565960764769433,0.5671604423663865,0.6507086350508713
0.41582063166228383,0.05836678531222804,0.46731658852295566,0.4463669033098546,0.36424929828179364,0.5346383352274009,0.9415845234166609,0.5238697408761637,0.6594315263608163,0.6891400568052861
0.4591613952768459,0.048750420448167395,0.42633971313227503,0.3768844021609879,0.35897820863985774,0.647854952552673,0.9580528561857412,0.5535583067891526,0.6108329582731511,0.6954602110568877
0.3507951043841404,0.026760329794322826,0.42347583077203893,0.3939927912686817,0.34385040663230015,0.6066484178417231,0.952312732420573,0.5391137145020107,0.6622672744115632,0.656672031390321
0.47512434802994924,0.04805150283111144,0.47873634329551334,0.48104644557917187,0.33193389191080164,0.6789850340848749,0.9500058740646395,0.5725159592030109,0.72279568284504,0.6301911573955874
0.5011733929843404,0.08979243075534243,0.5483933174154904,0.3741806092773434,0.37716680948120274,0.6077072868767002,0.887383321519988,0.5169308870795533,0.6072443369492883,0.6006243503704405
0.43015557686946887,0.051424737855281524,0.49381057613628354,0.3299888352856495,0.371419186867927,0.6605822547298863,0.9300281111401149,0.5423827430222679,0.5495391854837821,0.5981646790804773
0.4828902605549757,0.08180617189123462,0.5510300252083218,0.3579907212058964,0.4028334423777233,0.6355105882599177,0.9073644875290366,0.5857741633622857,0.6305538634064801,0.607236868858271
0.4024375118764303,0.0040245361220644475,0.451300071669659,0.41613911839074375,0.30443908962388594,0.6051876978305524,0.9584668533188232,0.5965138293976985,0.6370268705430537,0.6750536338585242
0.45259656584591956,0.016672519856182903,0.43450865201320266,0.4094459283926706,0.3173553762161273,0.6347166312843542,0.978560726615051,0.5680839629716852,0.6951951713851647,0.6521009394103079
0.3821822068545234,0.029510385283077385,0.41565038636426754,0.3807284206157853,0.3212796073755844,0.5725592714170665,0.9796499285882442,0.478035797753957,0.6044415973876395,0.6553159578936205
0.41867873247188564,0.06620902847207237,0.4787242539525627,0.3805565132947923,0.350534280380552,0.6713764863857106,0.9212701438278085,0.5734362260073433,0.6490473289726844,0.5889507529126905
0.46076508888914364,0.04438016943599107,0.424886629189273,0.36123417043036776,0.31452717967212923,0.6085114669109388,0.9556259858275242,0.5555845978529541,0.653126551231928,0.6408750741687694
0.410092273247512,0.009654386851085047,0.4196952236669421,0.3801938087299443,0.2851266858438064,0.6585184070965533,0.9916505439710632,0.6552120605739024,0.6486373183376105,0.7048655529445907
0.5231004510536601,0.06010994816719402,0.44375953537380297,0.46170043979794756,0.3260471705203049,0.6328051127199212,0.9759002092276148,0.6070388663264206,0.688025569482646,0.6518490881731088
0.3778466196951356,0.04108950603024828,0.47836206396488945,0.3531339023746696,0.3403597633458122,0.5332487343110227,0.9613453590443898,0.4819692273481233,0.5668732323171708,0.610444256927125
0.38380874992728115,0.02871869669359877,0.4533184258775869,0.2096959556137143,0.31794577683455344,0.6338990133293654,0.9920349538602844,0.5500994864780114,0.5184071517818523,0.6340919327113792
0.43994880208334713,0.02648127947759694,0.43320513975837055,0.3122863332161138,0.3846868340263485,0.6700925615455273,1.0016018080704592,0.523028313497071,0.610920164411713,0.6292269957179571
0.45480626088324566,0.08121395912429198,0.4630166076466193,0.4815367885963103,0.4212188322025326,0.5430135205560493,0.8970149962783074,0.5010709385991838,0.7044903782457521,0.6178335373694364
0.3244172000559066,0.04273765909565591,0.47965715510416346,0.41557595989593066,0.3622197302612485,0.5048572979010159,0.9551026027564775,0.5238708074813695,0.6610192281866789,0.6353792655851747
0.41338082970399775,0.010561842455985713,0.4681366245228062,0.36001127360491975,0.2920660149716919,0.6077874410074031,0.9668510777291592,0.5727232988792957,0.6486459910633757,0.6401203099728607
0.4104663742730614,0.04494096281386821,0.44139772989132703,0.3837304845213518,0.3819892406771634,0.644642281170313,0.9798039782240188,0.571845904658892,0.5921064015425239,0.6754211358401665
0.38535527776543416,0.03399341393271473,0.5280356456560312,0.34665537769075055,0.32169567458534193,0.5466429767122285,0.9800802070395137,0.6053197955537978,0.5954912071619576,0.6376611755621255
0.38404428559880643,0.03404072145454329,0.3874331024394448,0.4345205366507135,0.3260549038533607,0.5912948980095749,0.9679485621275359,0.6015089862482355,0.6637016243227905,0.6966156944785735
0.42949119113852335,0.03394763504627508,0.3905278488962431,0.34939882643694553,0.3182522174377624,0.6439659359661948,0.9455344255699805,0.49446845489750046,0.6354174468873544,0.692618939453783
0.38508991544289484,0.043329259212235974,0.4569503376552606,0.3825722555750422,0.34953461087818155,0.6115896963140923,0.9750503308921193,0.5415093848139467,0.5805794145767448,0.6755108318593928
0.35974930861883847,0.04965469940785665,0.4261507108674174,0.43515349942621584,0.39586024964483535,0.5494899140073234,0.9560224702749308,0.5324360153896297,0.6547694357953939,0.6283949348545448
0.39634687447453976,0.021908298321508448,0.40867972052242707,0.4820295721621384,0.32538798476888653,0.6303001334287609,0.9727350067745415,0.5184910746918989,0.6293923487497709,0.6609131266973673
0.525627157315584,0.0617536064740156,0.4780397690025459,0.5167283977350922,0.37258399552552934,0.6911700290025623,0.9336057605310865,0.5744169326861507,0.6915726205394421,0.6373032368835805
0.35216234940879504,0.03677828311392537,0.49276572083559633,0.38883234917069553,0.36602695231219673,0.5767700538701945,0.9694965040296092,0.5640655225707287,0.6065993300674007,0.6381467015877724
0.4336377701838317,0.026182582502714435,0.4713641410295866,0.317062504068606,0.4050400614469866,0.650616483255064,0.960415435807217,0.5510559826673962,0.5623165296679742,0.6780650765156744
0.30133347735722565,0.07617766991303783,0.4272843901947098,0.3846751787753787,0.3993771620670584,0.48276665858762646,0.929144531109383,0.46117013670020013,0.5881959895598472,0.5925084028694311
0.402421378727557,0.05329239498268536,0.3949542793469474,0.42453200779409794,0.3818025284764862,0.6300441171399869,0.9476849157298904,0.48838219413119166,0.6297846411149681,0.6724364125871118
0.42079762512669966,0.03644596753326013,0.4315752931660321,0.31439373405199755,0.38887614540987725,0.6439755511942837,0.9589051881876952,0.5219269133168674,0.5746423230498174,0.6318859475118759
0.47720595626946694,0.04532220518049094,0.5077200324178931,0.4792329623944636,0.3758390141213749,0.6726631540098453,0.9586526257737665,0.5677251925760043,0.6959114474829358,0.6446190463329079
0.38055812339940276,0.06394813129595492,0.4939697781804026,0.3532254892306457,0.3129886350659961,0.5825798841425451,0.9431983860283808,0.586700868926807,0.5881235470686816,0.5574009779820621
0.46356424602410984,0.014670470218170136,0.4927580753146759,0.3812698163190526,0.2930245391960532,0.6419354475808723,1.0136139551453576,0.6054180416548078,0.688779723179378,0.6931260036696822
0.3781543939179722,0.04941929181481904,0.4258445446539459,0.39102275603088943,0.31662755441176477,0.6095034387027396,0.9670769031713459,0.5505468907499229,0.5926286254528067,0.6618343372924593
0.32775846891535626,0.05198618333734882,0.486339833779423,0.40960211815380665,0.3917166676410741,0.5600514550634601,0.9538791914429643,0.5115232263257776,0.639916140372277,0.6380795790098954
0.4542516766879167,0.0657801783681399,0.47665920738494233,0.44054803570320317,0.3629571190133692,0.6217021381945251,0.9593260181905262,0.5874440176988752,0.6480320544961531,0.638518081911014
0.4154253139423781,0.062415589897059406,0.4983426801752612,0.41775364985123953,0.3769877302671645,0.6378647090686176,0.9355762968598682,0.5128088496028584,0.6397311860451361,0.5910941805610721
0.49200419244144605,0.04800194767452162,0.38650219290254195,0.33678411441500783,0.3538115779555119,0.7147850449472493,0.9596138881726044,0.5393634369061802,0.6226035484547621,0.6907896698539956
0.34733295198663355,0.05215799480537184,0.3941485263788373,0.3945659748970126,0.3561446924995342,0.507795946953423,0.966687644729155,0.5351561864998872,0.596583419349535,0.6669125767722084
0.42029346923098215,-0.0014441248051050221,0.4443460537783411,0.32790172753867247,0.297553378042182,0.6427845286841398,0.9774914214111573,0.5411535727938539,0.5814721895024044,0.6478163576370866
0.3418285349319262,0.024626662598460972,0.5201616434895017,0.32601225439558357,0.37808425231933396,0.591623923084074,0.9247133180233298,0.5495094620714358,0.6709126022204979,0.5935273565773999
0.340171726775893,0.0560974477185011,0.4431909661637444,0.46583703427369466,0.3339526392191673,0.5073218893522662,0.9587520292605234,0.578980519642337,0.6359261321460794,0.6298498663262935
0.4308234162003212,0.031078475615551802,0.44851563416248325,0.3218448688736035,0.326886741318488,0.6781067133706424,0.9572363651606145,0.5556072423611971,0.6011163127626682,0.6565867865480199
0.3407750066223593,-0.0014790652501351195,0.47077654688288395,0.4121449113142486,0.3501859044398086,0.6187707580115026,0.9440683204956472,0.5993124058705461,0.6696264780202168,0.6369363329084005
0.45274002045924927,0.03758794034303095,0.46814645736443966,0.3699470408238511,0.3778125457000392,0.5530453350159044,0.9454364757397502,0.5823302929701077,0.5607388000955511,0.6735136001247625
0.45331248876742214,0.05370986378296085,0.47665708972872056,0.312777915244333,0.32147814211581605,0.6753836459154652,0.9642873731726458,0.6055271745554711,0.597595132226802,0.6172853339351083
0.34571646391662536,-0.004311881437044273,0.383426516885768,0.3551514375805539,0.28926872579399693,0.5663292225703327,0.9827194278231032,0.5915605208713219,0.6066006209099817,0.6973549730481077
0.4147328639449053,0.03475500525036389,0.37617357198097323,0.4098707101346779,0.3384265468459866,0.6162582758035662,0.9461185005912508,0.5280282499839593,0.5635798152841691,0.6811084224028396
0.425949345288261,0.01740231936972976,0.4895974688883171,0.36531236813135715,0.3218609273657465,0.6474281755852616,0.9797934463284298,0.6167156730223029,0.6037020531488029,0.6611070740433893
0.3564625570046465,0.07662678608360635,0.5114705764192352,0.3865401460364458,0.40463518506244556,0.5722449002811345,0.906882239108899,0.45693930892749157,0.6230486360761338,0.6099481841589318
0.3429928730532851,0.07202257474308682,0.45691919275855475,0.32277661540455327,0.3556829419629762,0.5615030588206413,0.9211200719630979,0.49268842972530413,0.5349083215566015,0.617567622787865
0.44609903702891135,0.04251361369162555,0.4606997330648385,0.39373476020840953,0.3767064389767043,0.6579510579241175,0.9715428818472792,0.5491299771189357,0.68056754792415,0.6422299812844996
0.36709075060817264,0.07971494200548286,0.5199342658707603,0.4127529148825689,0.377518448141853,0.5531700909456521,0.9404078384038898,0.5168719219742146,0.6765370529636348,0.6351027902399458
0.3867653103615231,0.05631937911768647,0.4873057719170781,0.3172069991303789,0.3794650616463546,0.5973086147246403,0.9453571020851511,0.5576988240952703,0.5154389347506216,0.6156542317726746
0.49702953036224334,0.006012853831904864,0.45385749483337356,0.357826822961347,0.31005829972692056,0.7209895335782537,0.9956007499347497,0.6153685185090421,0.649443934085881,0.6577915910867986
0.39126878584558134,0.0700729189496997,0.481159473421554,0.29943705553671546,0.36175147231547894,0.603710617010631,0.9575019175389987,0.5276931454868742,0.5154148345973948,0.6330342168978349
0.41869739109417753,0.06970274028337707,0.5269293211487455,0.4005076884591125,0.41346121510507466,0.6508537066155247,0.9393287955075124,0.5533318131053241,0.632551719926391,0.5863830707605262
0.4750069337912655,0.023039998067300435,0.5278802161554649,0.38507316637044703,0.35714231250633954,0.649639858115487,0.9797694159716622,0.5726724779730368,0.6373660047085735,0.6772825509860652
0.26859189702374253,0.011155895337168126,0.42826466416526926,0.339509904678452,0.3605894229221604,0.47542777218588383,0.9811036947235529,0.557104894975447,0.5886450266774952,0.6563993956469105
0.37816225131184317,0.013515064353642574,0.4338929793803373,0.3149873378002884,0.33349459710661605,0.5583143202767383,0.9890498228140003,0.5413354374021175,0.6187634139478666,0.718259567207244
0.39047841742881473,0.00907524263346394,0.45497231226669443,0.4113173659102987,0.3295973169495171,0.5795777526862087,0.9644676772098425,0.599547540209424,0.6890434988455649,0.6383126063380724
0.44329046185699034,0.022019938314453813,0.43904246229773586,0.32634866615755,0.3612366943801161,0.6301319137756018,0.963012886244835,0.5303129787601397,0.5943496924988573,0.668877439409903
0.46746993476253657,0.0429853396295389,0.40426426673479443,0.34647065540992844,0.3361009397472824,0.5728390931407659,0.9459905639832398,0.5305099214399749,0.5193431924823347,0.6385908752038674
0.4281575835101165,0.009614642730502289,0.48122368409811134,0.4602711579007402,0.34890305479495604,0.7001689749384756,0.9909871414982434,0.5743186200440014,0.6965947549458771,0.652635674109949
0.4228956055813279,0.030671606056616164,0.46686110965611277,0.3391504958140788,0.32547197863192534,0.5934757470012696,0.9569620061998828,0.5555741907593421,0.5449973124902613,0.6502781318833721
0.4193362578046361,0.02458261815843985,0.44631712067615437,0.44456597946843057,0.3172572146783285,0.5405317309949171,0.9870722982588177,0.5390164618326005,0.6767132147396598,0.6785687302078334
0.36754852843649216,0.11221401789310856,0.4738691832985625,0.23350929351170768,0.38421569785636744,0.5559037555997921,0.9026322708044776,0.5258386008500611,0.4595000679451485,0.6104982405679815
0.36903128409219027,0.027586058523918315,0.41900374515196354,0.39766956731573705,0.3511381974472763,0.5691858028827168,0.9423055884997724,0.5401906344412001,0.6745329178487174,0.6541209600139021
0.4485550342349982,0.026858487405130402,0.4224379534514163,0.2960902958252668,0.3540079966649642,0.665857697498281,0.9815470455638635,0.5704553370776696,0.5930306139725827,0.6347162077483717
0.39489157020159743,0.0732138470723347,0.45767807179032965,0.22824614347911593,0.3447144816772321,0.5970254176089969,0.9616548405650627,0.5468271228983592,0.47823746597309136,0.6115253274514232
0.4352560049511747,0.053702606981528005,0.5263884833142364,0.34986543292437966,0.4136845086479591,0.6342059834042115,0.9092240279115856,0.5192498469990666,0.571771308064697,0.5779369261969722
0.45229667836761367,0.03652565277845886,0.4357227537573127,0.33743906688364766,0.3848760819932864,0.7233489414265037,0.9661618084220036,0.523097638187128,0.5833677276337466,0.666578561952336
0.3769874110820624,0.054920989422646255,0.5191546739639971,0.4093336959181837,0.41804650414618455,0.618984474148719,0.9256861257589923,0.5153018094900969,0.6234969359037764,0.5692341334253407
0.45157268375126536,0.029129845080633474,0.406074958352909,0.4391490167702642,0.3366733601960382,0.6504329842359071,0.9487397612050381,0.5388944667747219,0.6650112947429173,0.6469549563890797
0.48700069246766564,0.0411420969025848,0.4587119585968292,0.3471770501376822,0.3496761141342775,0.6750460271083737,0.9761764860700073,0.5850535496513051,0.6228865419557046,0.6761515800198845
0.40114568751131496,0.022351165282107097,0.43447356997329734,0.32029081773867557,0.3570944841382472,0.6195216015912894,0.9648551370617473,0.5098641276583917,0.575306638821741,0.6377775434534048
0.4300524699696248,0.04566117621437809,0.47107026960999265,0.408479110754374,0.3433917183087705,0.5060643040769561,0.9653307182461841,0.5695730496443749,0.6587317859942329,0.6381857101226225
0.4086676885311592,0.012081062578495179,0.47336304504081855,0.40380284611302153,0.3383653162860728,0.6226581321066725,0.9835988195597756,0.5893161010782317,0.6669152464354506,0.651320596114682
0.4342050223390555,0.07116307359003242,0.4221499895877455,0.35117381488078353,0.35322851104400943,0.6027987169955602,0.9417794822893399,0.5397821093069597,0.5951487906703672,0.6566507009095026
0.4696323994698934,0.020610958159847467,0.43561029564111564,0.42296084697710545,0.3418518564876279,0.5808030257244523,0.961042947326242,0.5325401386997052,0.6680956924932508,0.6695021270346078
0.4089223774681656,0.09347191482325913,0.524443799527844,0.2492712329920377,0.38572594758354933,0.6670121375250824,0.9167344335690832,0.5101297639089882,0.4773141524855683,0.6033539531039127
0.5031369062900961,0.058233600225983194,0.47264664540621787,0.35347751057617194,0.35961682524599775,0.5971732403804549,0.936510258009019,0.5496637708626843,0.5837058311131788,0.6425894597105699
0.36663239292331695,0.0392823211403117,0.4548044394442187,0.30522355988796507,0.34724246501727557,0.5542334192817789,0.9584802682724299,0.5717647326998913,0.616954413618461,0.6548039135376322
0.37624706990001144,0.06657661084435547,0.4730916092224729,0.41292067690039,0.37812971376844223,0.5749498139519404,0.9276227645500792,0.5005624082922217,0.6877238091372466,0.6061295717565308
0.27613948488113316,0.01068244924162227,0.45037497415013944,0.3254400949442287,0.3024934747615662,0.45377773211680494,0.9959143512494857,0.561865542186299,0.63921298353485,0.6566151902854052
0.4721311142875365,0.08499430168241742,0.4535938277985953,0.3656214756950849,0.45407460834968255,0.6871777931012555,0.9081491192593275,0.45788209623180076,0.5832708235191089,0.5868910319502949
0.4098518972999648,0.01923489201039264,0.4166311615575552,0.4192242785990909,0.30846668240343744,0.543501957734883,0.9754629245074445,0.5634380682937232,0.6051311081867088,0.7082833309557272
0.39802123979237025,0.07900518735088713,0.49552264691442505,0.3351600083358289,0.3564360218437408,0.5605754106695047,0.9228748636680484,0.5072128786911259,0.5630170862822363,0.652720153552528
0.3472608648572119,0.05745197757022187,0.4726497272332642,0.34452775407195435,0.3455765942622176,0.510801615323401,0.9540423536667216,0.5205936426206335,0.5215559559114955,0.6439471552780027
0.4289347160247798,0.0343484121447948,0.4915384809656947,0.45390591268231345,0.32300640191014246,0.5924676765472984,0.9597308916796209,0.5443550597824287,0.6884468059547887,0.6176530531426156
0.4020834433883407,0.04573411740601823,0.48025976213933924,0.28140865475756743,0.39463681495942565,0.611415549250468,0.9387889418111495,0.48464755773219403,0.5697677068620776,0.638243669059943
0.40679657843974615,0.06038214398080794,0.4736873188496923,0.4246038958669426,0.37995721878201194,0.571192813870889,0.9374290207262483,0.49466871796730016,0.6533390573170085,0.6279198023823005
0.4478604181464163,0.026109263446032337,0.4449292137123703,0.39234055264135154,0.3431173450343299,0.6249785781878069,0.9712546321274164,0.4818780099887676,0.6806199175909233,0.6919963860249303
0.43189013361920675,0.050041867075696925,0.424692406722538,0.4168292838484454,0.3243970182015074,0.5550852690516156,0.9413615508881976,0.5184888858867303,0.6182646738547299,0.6429101753330031
0.4750460145026731,0.05223396484191706,0.43284083046401095,0.44935425428153586,0.3195327621673011,0.6478229641251337,0.958704595717613,0.5425750951804905,0.7296425156963762,0.6646960149657137
0.49907161049006266,0.036886351483811954,0.4572922040717693,0.3826437701196884,0.3384215001711448,0.6179087711019262,0.9728109629742265,0.521986241033642,0.6080601610041825,0.6537041976161942
0.2700976600035846,0.08845154772504403,0.5242052484310527,0.4002175767313213,0.41537402775902615,0.5111942004418139,0.9133904319934952,0.4592746645639161,0.5799396744715033,0.6178559035351641
0.3211134927188522,0.06337068358115776,0.4974414104395904,0.24224892875497692,0.38644979076688574,0.5591673221948905,0.9345650649317301,0.5573986166338887,0.5358465953176106,0.6066928099795054
0.2862098927566341,0.06296547250155425,0.4081327175689633,0.3441921750233937,0.3422936918596215,0.4555686174146918,0.9588718466233901,0.5353810831606476,0.569879771313216,0.6217841198233999
0.3722980482512221,0.06997657969316627,0.44528027722473557,0.41884271817575647,0.34548370440936327,0.5725840365473709,0.9469138833161744,0.5167509141004772,0.5986972414740517,0.6234114334226981
0.36309129104088966,0.06262849221812754,0.4234708352745355,0.35896543372655,0.3652103513239305,0.5655552155680954,0.9525245874147354,0.5242357237369211,0.563837722331927,0.6615861685352853
0.4271092184147042,0.043140095876292896,0.47733560608762404,0.3145339775657081,0.33470544271106245,0.6284406510585567,0.9658620532987539,0.5594439227503121,0.6108208594601309,0.6504362114748474
0.3987332213098408,0.03734683234719052,0.46577596210848476,0.4335111061765571,0.3633037991523373,0.5607844491668028,0.946158576141437,0.5030708575146636,0.6426108105974224,0.6372093193597458
0.4100250412222363,0.06470831704610418,0.45858500237131217,0.30632925420985396,0.3625707399062348,0.5430953352135885,0.9478652152213916,0.5310693742794643,0.5617045766909906,0.6524739235697141
0.30159387140095495,0.0635012515181288,0.5405442384661321,0.4318602700078266,0.4062538663103682,0.5023812663043017,0.9503595474103699,0.4900789477874151,0.6771352995464142,0.6068934357245243
0.5574496665825764,0.06945625741018344,0.4784764588479804,0.4267387343718122,0.363002542334573,0.7159213426793136,0.9452392663885935,0.5976613712961606,0.6145679148767942,0.6525540437576762
0.42063493242172884,0.03985222834913536,0.4284350887996592,0.3496062695516552,0.3690878176977609,0.6483634183131807,0.9670445821239276,0.49492727331488695,0.6012464428500977,0.6511279392862304
0.3068877539545475,0.045806563129325344,0.36463591827811986,0.4317323586304172,0.352244464137326,0.515375895926871,0.952191250446421,0.45621175814074444,0.7115689820572839,0.683861018346291
0.47426809690481525,0.06521919346847041,0.4929452438513004,0.41640054585903885,0.3891721510333561,0.6446113013018907,0.9365837018500704,0.5277938633226245,0.6427891471258129,0.6178159175928886
0.44736788996487503,0.07413437345107626,0.4880464832589281,0.34491530569212364,0.39005325455586903,0.639704362201658,0.9497393714166691,0.5730247909516348,0.6008554110580447,0.6548941278401919
0.36497573263481625,0.03716350303217027,0.48702708337922035,0.47310913252268016,0.3135110487697576,0.5672770433524509,0.9597794191055014,0.5583457010483933,0.6939862376422242,0.6401201831673333
0.38681078428162885,0.04606887800473547,0.4863935716957535,0.42878461299069975,0.31159932446684885,0.5951030805761218,0.9500143666061459,0.5323631770660162,0.6850253468800289,0.6660132392090385
0.41789553772211163,0.06927548474183037,0.4796544854995035,0.3490109906554902,0.35297643881871876,0.5865702724883126,0.9214434497487782,0.5480139584920491,0.6003966163648229,0.660031958758361
0.4737146337502782,0.03903707945272384,0.4805568601537008,0.34124030009788914,0.3502852292821347,0.6366349934751527,0.9443892218507994,0.580357896988879,0.6079983067284227,0.6507014643500759
0.42877920032062145,0.04776353636503882,0.4163425601743818,0.44034776156992,0.39231655638038304,0.6095256987573647,0.9727006346786636,0.4916752161404815,0.6600677101411232,0.6400899005275721
0.3380305966799363,0.034982526322586666,0.4926540841361264,0.3592409937471577,0.33775602232042073,0.5462767831260411,0.9479372429820792,0.5605959877642199,0.5777437799934317,0.6177129449554603
0.40073503322044635,0.07086190998651969,0.5157312706119048,0.2981106602955777,0.38999274128614486,0.5941261931782573,0.8976141583387,0.5802892795937649,0.5403324734718828,0.5897595574832086
0.4382453036357399,0.03453833013155457,0.48931455304313937,0.39577878973325475,0.313743339312375,0.6256155248911675,0.9415742295035008,0.5570202734570247,0.5792445711915166,0.6147153493559872
0.2954446123859508,0.008352966231327657,0.41925970359143877,0.3878802242638551,0.31063119644009946,0.4201414046387708,1.0094846372372581,0.5912528735472653,0.7020493623914812,0.7098907690303209
0.42416331219668485,0.057508071119999116,0.5066026231160964,0.3305702368333055,0.40459886993439337,0.5937003957536497,0.9347536292183704,0.4590220205668738,0.566248596216471,0.5951879952566976
0.36773891802946085,0.029602022219917944,0.5126025431262741,0.3410785018994324,0.33144384016602574,0.5740199386759428,0.9615292802546611,0.5918200734905148,0.5499628700713659,0.5933965982781254
0.36939376770987425,0.039947849174802534,0.4914603276127222,0.3852443051565472,0.369648402801713,0.5995955912888249,0.9657250716974679,0.5046596922494611,0.6813912947531449,0.6343521483122694
0.3337057747371126,0.09723293392796303,0.4810213833180687,0.44762099521887644,0.4077033916829064,0.5157081388820068,0.9149108112880087,0.49313480071989557,0.6881398288969516,0.5946454039153619
0.3989047692088322,0.033012427162704874,0.39913324650921744,0.35968447817723964,0.3264665958167423,0.5966110925573325,0.9664830084666788,0.5353681981505178,0.5972801673695065,0.6482095934824719
0.39964240786008726,0.0672610924077114,0.4631235035534865,0.45092189366004337,0.35015114329283964,0.540554861202191,0.9595062552236494,0.6107063639116086,0.6899451435508862,0.6085028887952431
0.37193780181145264,0.07363075570191818,0.49152442358960496,0.5547750437385062,0.3934533256377766,0.6099079584692484,0.961777681644047,0.5616414879614982,0.7467831428742739,0.6154862392326417
0.36783210940411937,0.034837511788273205,0.4354062775037661,0.2692506683190381,0.3882996642035073,0.6173018172232903,0.9780136263295096,0.47921711970666736,0.5728192903676607,0.6537986869276237
0.359406428625907,0.014813536847607174,0.41408471358027593,0.36528800187209265,0.34633260523629866,0.597437450134583,0.9698303776179996,0.5470889016716189,0.6449872520615658,0.6619639983084575
0.32468482166155016,0.057280542477102195,0.49332338722361696,0.2972113708678061,0.3704698760072235,0.5471872896870952,0.9107920951125728,0.4968239913340319,0.6301324833102746,0.6109695242039714
0.4793499135462882,0.09017079323839214,0.5243702745787265,0.3425538079888062,0.37849289452393947,0.6783233065612817,0.9058023604150739,0.5459048515029303,0.6023641013616075,0.6229899803853157
0.38910918740711725,0.04115406023402406,0.45428116020518156,0.41404299741959333,0.3711881625271665,0.592512614807773,0.97581345994691,0.5007110664875953,0.7453244190712212,0.6432398338690368
0.3391836212364894,0.0860392779545123,0.49526715589567977,0.33465780048444305,0.42288612989156743,0.5550273214355601,0.9436965914487359,0.5143321267406412,0.5883401862132188,0.602539613137781
0.36187946858344283,0.07445927231115133,0.5366959295054754,0.4248710141247753,0.38279381287827746,0.5412423104540904,0.9223059020663271,0.5601395227178687,0.6432243592842312,0.6210965643519535
0.49509139941739,0.06987127035522207,0.4920530499899914,0.3828487051641683,0.32263511976815035,0.6473465263579234,0.95429461098649,0.5461697262011846,0.6499414482165953,0.6059647389031279
0.46944039247459685,0.07023325691494076,0.5221571972277671,0.38865133204118224,0.3588781038856944,0.6365557609528334,0.929576586279083,0.6147291877435486,0.6169369126083251,0.637145959174654
0.3840822305682828,0.05279790289887772,0.39967371841402444,0.4085588195026311,0.3551674548322261,0.548118749436377,0.9452144709228625,0.5081429394877843,0.6687579525252785,0.6752942676106058
0.36915221300122997,0.004932185567453796,0.5222996620868093,0.35684532191852447,0.3247213263885989,0.4983573768845557,0.9772371543587041,0.6064834589715442,0.5912120131651186,0.6668591493407334
0.3836363161458658,0.03829521230001116,0.43798727012771765,0.35853492738326903,0.37588094680535417,0.5803484792531459,0.948938333590137,0.5094249853894005,0.5786078340797749,0.6246120752516369
0.35841282578999145,0.0592368367267788,0.4822784545529622,0.42003251299347155,0.3888840099880836,0.5822715668299302,0.9458024201347778,0.4923865095695681,0.6030153457584284,0.5973425425183629
0.395904999775661,0.05010791403342611,0.43847021056156044,0.42407388145505837,0.3577623417333193,0.5177455161530529,0.959685009717559,0.4966500349085966,0.6153340975888426,0.6435163527732326
0.38253666533174546,0.10273517938955402,0.49724850545762916,0.4211449105145996,0.4219895023026407,0.5569942000767795,0.8871624358742195,0.48572600913175656,0.6187355493093021,0.6390404013706572
0.3487234382495222,0.018595124389710036,0.43632174402753615,0.40413370098710993,0.3729414106549202,0.6132571408354776,0.9698895923101035,0.5136701138076132,0.6885057238026171,0.6732785886366379
0.5100457667080871,0.05963371730400791,0.4252452117413327,0.4109534555037334,0.36144021465743664,0.6635573426358318,0.9484253870893213,0.5257498402924596,0.6576133554557644,0.6634320536440098
0.5679182947725351,0.07214020712254636,0.5127504862160099,0.4445407038294352,0.4115768442001361,0.6926143986092483,0.9396465023278141,0.5158705976528511,0.6217672531620193,0.6596508240819936
0.2860051193423073,0.044327633151920655,0.44181943968777504,0.4148585581163538,0.39778212409511776,0.5466081913850742,0.9807532048371687,0.5181498987473151,0.6425603270584375,0.6160610302279872
0.3151513069544586,0.07972928864914519,0.478539946615308,0.37732621410065226,0.39268596531240735,0.45804753867104664,0.9128346161283513,0.4909668212679048,0.5950407567392058,0.6079067379525933
0.319074503340441,0.032254917849718234,0.4761479576328024,0.40900543619123764,0.38208436631977355,0.4733372737637297,0.9718049481569029,0.5106527136412748,0.6587925171003202,0.6305696825531697
0.3217268643126452,0.06158205256668632,0.4735985366065628,0.38445823407720797,0.3666436557727307,0.5593503960334394,0.9386250642607539,0.5060481165598274,0.5968004364084583,0.6144301834823697
0.41290507145254723,0.07175689731587312,0.4859276600135907,0.44064887821409077,0.37068251547487824,0.5681272327896144,0.9608331201160686,0.5375720486730613,0.6490092556192573,0.617699099400285
0.40162783598724505,0.054714482038807626,0.4330356498322708,0.4480180254407335,0.325698815789291,0.5610105407302235,0.9375834215781523,0.5113310121314154,0.6610708028163456,0.6403102375406571
0.36776617219578184,0.05831073788390536,0.4690130682618037,0.4290718134496862,0.3540102671370239,0.5884737076777176,0.948377621268252,0.5335024352973604,0.6568406859415326,0.6594120920314686
0.3894719603395583,0.017514506844862054,0.46664818400483715,0.3580603415078504,0.3407269146640004,0.6496358163151603,0.976914582435069,0.5730913404911843,0.6337789161427313,0.6560193475448621
0.3507289472632985,0.11065596423953146,0.4878211568390489,0.3427550749546399,0.39784127403829517,0.594025274468298,0.9076827387314145,0.4499463731508966,0.5843681875218911,0.6031249374966043
0.45398055839249846,0.06058865117066393,0.42715236130221435,0.40386042130466343,0.3663410949516275,0.6867571436137503,0.9193470506789032,0.46004769587728955,0.6077550135026114,0.6117703335022897
0.37491644500382365,0.05659202154033383,0.45309729143707356,0.3813245492394377,0.36077707430732575,0.5776249242005448,0.9584749478986426,0.4715279674633005,0.6602470212078526,0.6268805190166993
0.37816582006875454,0.0707553140220468,0.4573100592465171,0.40707016944049573,0.36920240900153634,0.5874134788127727,0.9433058694893247,0.5633650818652176,0.6088618241259022,0.6393108945972471
0.3706148227775434,0.04315371197223807,0.4354607344625635,0.4106095586070454,0.3517095352499352,0.5694339836255407,0.9456754053954102,0.5605542575218666,0.5411713229258631,0.63497763893129
0.4154142326208953,0.0918400608247241,0.46654526476160185,0.38552716208324933,0.4425127139085981,0.5718712916807996,0.9145474633754851,0.40404799719935247,0.5456946439300716,0.5772036322724221
0.3959887845337285,0.03263702980709557,0.46074096208678395,0.372853306581746,0.3148863183911391,0.6149361787984642,0.9878323916041085,0.6422653017471611,0.680258099386956,0.6526766199928251
0.31820394077792175,0.06221477320812522,0.46030996730246854,0.3415337793848478,0.3686577408277999,0.5485517543246499,0.9506315553891683,0.5332575815389082,0.5834781132952458,0.5960614363997474
0.45981067843022433,0.05716523096423205,0.4659730838039003,0.2887136103167488,0.3614749116790125,0.6152706672839671,0.9356128486550989,0.5440937874878998,0.5061849108178895,0.6566607641096494
0.4267133753402303,0.05239802818106641,0.5308777260718441,0.31714368326863374,0.3724040537037735,0.6220817960936831,0.9289606034376896,0.5809868050768852,0.5561543322316574,0.6364225931765952
0.4272630033430559,0.043255473306129735,0.44398071633676606,0.38508854222306843,0.37298304421659395,0.617090290515073,0.9621311474450587,0.4850277119054419,0.5858421250693968,0.6752660449376315
0.3761217200157393,0.043017486010969164,0.4636887659911955,0.3580758072669276,0.342254473006697,0.5510301053171456,0.9616340946657483,0.5491413866890151,0.5693214005222379,0.6926699900100243
0.46508781248945225,0.09535283754279418,0.5242978465317506,0.32370968282302554,0.38045039269747194,0.593397579477133,0.94062604421886,0.5866527464946307,0.5012551447229078,0.5993675061962103
0.3980385473416843,0.05862182882271327,0.45061768268334434,0.3785227067680758,0.3593802668659456,0.5691627569376105,0.9305178395199537,0.4707000703106716,0.58623109723665,0.6012225551291956
0.3496235351309751,0.06842203809608557,0.48915302952576384,0.4738121359735995,0.4306592809680794,0.6111670055040895,0.9124461618566254,0.5005273228411362,0.6814296020438976,0.62335781304601
0.37766535943805807,0.0804692387269825,0.4978206028603496,0.49457313295658517,0.41745291087039776,0.5801623171070416,0.9381982843082459,0.5636183691030554,0.6961857630553014,0.6094636285665047
0.44768030037847756,0.028641136344818754,0.41473764322262185,0.38150439990188917,0.3773675940229796,0.6238509809859327,0.9602565159294211,0.5360095912698648,0.6565516919210315,0.6626859489252409
0.4197897793502411,0.013528124942602901,0.3613610906182138,0.35217547431595436,0.29672791214063027,0.5452665855418168,1.0034917481007992,0.5745837119354571,0.6206827967967574,0.6896307518870732
0.3069053388407097,0.04385056428368368,0.4298453171106423,0.3970490121122282,0.3828501593271858,0.545545326989995,0.9638742870310046,0.5372635751525165,0.6873234843020695,0.6436681380417784
0.3561847210863916,0.04898050620666068,0.5290590022669286,0.33299500531581266,0.381548658883127,0.6112197617779608,0.9455830411147154,0.5730428549138096,0.5387377539491336,0.6055367835577405
0.36653859698032454,0.0010119881038780374,0.43888426181483786,0.36403265898003395,0.26989593252373606,0.6035319546888854,0.9820080053690498,0.5844638751390776,0.5785974522088443,0.6447342486379664
0.41454865617194236,0.06505802197042386,0.5017725095211978,0.41216453469048414,0.430624629397298,0.6053786546599389,0.9302337700488619,0.4993006826860472,0.611822114669307,0.6075192726311072
0.34216009949418885,0.02978621306295881,0.46168402607822256,0.39587670508995354,0.3337412385550332,0.5871499326800986,0.9611190663263527,0.4990668187503463,0.567466569562322,0.6719883899145773
0.37103015193062605,0.05696292497609851,0.5062635713760829,0.39947140959632554,0.34490465331609854,0.5041277144031728,0.9390463960481691,0.565969145293003,0.6625670611178096,0.6626564166877327
0.44541765278205575,0.069824066245149,0.5011192980615571,0.42814520303180104,0.3886810851751886,0.6028463299778786,0.9331662389768128,0.5183155624447896,0.5962489239973889,0.6024295209616647
0.3659116545032648,0.06646445201601624,0.48031398317430307,0.4391107254379262,0.3571025970958919,0.5570831632492442,0.940086021016188,0.5198855095650569,0.6602025284761669,0.6580383815069437
0.38375074364549777,0.04832749810298813,0.43526267018961134,0.3698132062490196,0.32565418561119647,0.5885459651900844,0.935922822392449,0.5270171211651957,0.6060062584934316,0.6531547919156097
0.3468501836472875,0.02499424094686181,0.4402529395698875,0.4211409335412516,0.33597223768421264,0.5466393845328903,0.9964799701303537,0.4988460132951831,0.6504115750164579,0.6533813761745548
0.46641509924916735,0.07598278517550094,0.47301049711072163,0.4037578700195282,0.420357027744414,0.6380250478133483,0.9275920335531275,0.4617832621364315,0.6243545646028799,0.6259009463969352
0.5127898750508815,0.08687524407606624,0.5023380772100361,0.4060192802811673,0.39967189009401727,0.6909836300083887,0.9466210044370542,0.556760968883264,0.6017774638412172,0.6295629997060912
0.4377303780718743,0.051811824800402084,0.4590688675245388,0.398820508397841,0.35675532690022843,0.6477053810528924,0.9417475143386072,0.5151852899267726,0.6988173469869626,0.6209178787629652
0.554374633046512,0.04921402629331658,0.4887581996271548,0.3614259404936067,0.3677188932421705,0.7318575681880882,0.9640567992451945,0.5954539272387811,0.6333057095556971,0.6696629376357244
0.36493820102544294,0.057227609315849574,0.36394540393982333,0.3584849397636945,0.3297487671404436,0.4852186339349176,0.9805945401000022,0.5104829861527275,0.6167831742839649,0.6725925795897678
0.34656693550198386,0.0373530271958243,0.4485080978471087,0.2792612983360007,0.3211118068573616,0.514246659422027,0.977971460615604,0.5673857879895158,0.540126504190189,0.6686631266566714
0.36447919596418005,0.024751052204989226,0.4538993596220889,0.27931373598231407,0.31787842144447176,0.5528392213317079,0.9648116737355233,0.532368123560891,0.5350214451208648,0.6801958095994776
0.40452677705908774,0.001777984010901045,0.4783038516904418,0.37409454626528144,0.3326984258928046,0.5481464105759546,0.9711567742883662,0.5720508949694666,0.6670039354990493,0.6752611013260836
0.32419381035643613,0.04383027787832749,0.4431704955973077,0.38920024458576724,0.3371743349965117,0.550876772815214,0.9500370688635275,0.5741058025140748,0.6336455232188208,0.6225093803936419
0.4017426885219697,0.043372206581423954,0.5042664466639593,0.31894604463195947,0.37267897728783284,0.6387562557566173,0.9568260571871197,0.5827444191637305,0.5194447279016865,0.6055703662881401
0.4697864107721105,0.03178873366121698,0.4492692545228561,0.3225709906956425,0.35030186802456037,0.7115180982252051,0.9652507650376165,0.5509460372321671,0.5517203099165209,0.6863844334885016
0.3455404611281649,0.04479046812433617,0.4792543674734057,0.37742604397768514,0.36876890173999155,0.5348906500618413,0.926404443922417,0.5252264423550448,0.6433081711663946,0.6206171326763745
0.39127856973480035,-0.01666045283927905,0.5010160228401769,0.4214299654072579,0.29423143882272706,0.6135382020190979,1.009076641364726,0.6190570429339872,0.689782896073821,0.680212510208383
0.36749150403338315,0.044482581936483356,0.49320724889853695,0.3110040239861636,0.3617697699262958,0.5406265045786822,0.9654392389274801,0.5727725409812965,0.5824569825862657,0.632221700369938
0.4163542143989565,0.06432291301222438,0.4570662947042766,0.346019979814261,0.4038191381271442,0.6599627817065732,0.958434621201186,0.540837525993197,0.60934727943386,0.6596546285315033
0.4230485729194099,0.06634904033267652,0.5636954729730741,0.3726831267992998,0.4003361406292187,0.6776364946493891,0.9280494548825406,0.5144618840782715,0.6675606397478414,0.566358130081047
0.3973214700824432,0.08906628645102745,0.49946361764099434,0.3954541134419701,0.3749502999127978,0.5821564910963214,0.9434156898788334,0.5385150039001716,0.63740140455772,0.6064355885928773
0.4000409780249786,0.056850483978935294,0.43185356145129455,0.3290837123837154,0.3437903226535978,0.5862492958710475,0.9595729497356814,0.5186256980673858,0.6075719803664799,0.6299199855719733
0.34902205237286066,0.05987974376874042,0.5192269812601916,0.3940431427642491,0.4148721512606471,0.6157019375911748,0.938366637164928,0.5274454409102952,0.620895528712214,0.6345901040924192
0.40137358180560817,0.055726674678717336,0.4701968558375309,0.40823607848880294,0.39108533466405193,0.6617632873041779,0.9479778564076923,0.5491647861736502,0.6139454117437848,0.6151716418879631
0.4455652473235903,0.047510517067333655,0.5213542206935721,0.28791438461470625,0.38771052843927734,0.6149512424055051,0.9458519018419284,0.5124802783596529,0.553397821899526,0.6288561827493333
0.45641251842644565,0.022314412079883376,0.4141228102409989,0.3809662041485473,0.3195365320111059,0.6175202019910241,0.9504798615834857,0.5159566192038532,0.6353300150067656,0.6796100871087727
0.3407825179315631,0.07701171630963465,0.4657954542307216,0.4375524287495122,0.3732914191872882,0.530176161790803,0.9108690653411308,0.5363206419006261,0.668970604141155,0.6263564574899572
0.3967880754919497,0.03276301053877769,0.4075705641355401,0.4056066327539986,0.2762865985818375,0.6010282863091043,0.9530282778661936,0.612614572548454,0.5772410331838312,0.6487287185277231
0.3599519935521114,0.04223707910385422,0.4637067970498859,0.415467003533827,0.3548476276158848,0.5304233827129061,0.953044197474912,0.505270873044608,0.6798397798086282,0.6412188479180705
0.3702412778467506,0.07116807475257747,0.4277100523522374,0.3944185673483281,0.3617213431747102,0.5397750154672202,0.9373283458931475,0.5488696846136556,0.6219217425720722,0.6486272635228272
0.3176721183248105,0.03616618784830116,0.3887103951534665,0.34142418010739434,0.38560634243960273,0.5100436650794105,0.9549484717711898,0.48731377461037895,0.5350588092229727,0.6521769456765871
0.2748955039068273,0.09660873128007037,0.47225144037045147,0.2881715662070534,0.42251261536975737,0.4994308419866125,0.9156165376722174,0.48851340926022346,0.5135259260694899,0.5751488471501123
0.3650003419105001,0.025286659923748355,0.438690617189499,0.3616146711078851,0.33222548992750645,0.5400124477044723,0.9750270410714651,0.5915355200592911,0.5302392088290577,0.6468448306956045
0.41016264351959575,0.06539368128032637,0.5072189533527973,0.42321070438257524,0.38058559101798844,0.6067396366308039,0.9542444985637868,0.5496720086079148,0.6474455761408755,0.6119504438532049
0.37955514675325425,0.04858157930368296,0.5528731991690576,0.3530155664064596,0.38977301758339983,0.5819790424760656,0.9758015773723634,0.553309992878968,0.6001656363855608,0.6214491199415701
0.3538852262592397,0.09233590820041042,0.5156576222488118,0.3742317256382569,0.40985797540654334,0.5056135789106426,0.9497317721969528,0.5068566174830755,0.5621533736613444,0.5970566417736386
0.32823774980419557,0.05275805595391806,0.4115260887534125,0.3798266429794811,0.3815609247410386,0.5192910653679937,0.94091361669095,0.46815921408052397,0.5512526455371453,0.6304514889783137
0.413089660853136,0.05220213204078655,0.4610921473757662,0.3858580008037275,0.3664026991066573,0.5709780328128121,0.954627889728822,0.5304431869327717,0.6303410228555044,0.6542657224794957
0.3071191096978306,0.0640013492534337,0.48368619410417685,0.4475728303132505,0.3676234429004466,0.5156068171810102,0.9420279317845378,0.5098510815176791,0.6958951048907422,0.6133461331864242
0.3118097730765647,0.028211054006476107,0.41707418840303956,0.27672488484298086,0.3878226441263303,0.5293613603398428,0.9373735553958665,0.5336125637695015,0.5309995399572831,0.6084402652879208
0.40538145636551604,0.06712778558239459,0.49835058140933697,0.33587556668410273,0.3432997432938797,0.5605526822152023,0.9347249227813316,0.531301846262392,0.6153165754473815,0.6290998242940298
0.4770528279682373,0.01947785348164753,0.43266720435094064,0.32970958083441915,0.3697800388326032,0.6637716743934156,0.9802921890947202,0.5492153672109644,0.6284310301199633,0.6334783344626671
0.39200053596652,0.09761655613732961,0.4857362601092468,0.37890443923669626,0.4244002164584132,0.6162330033778908,0.9088604800883615,0.4586061041791253,0.5595572611498101,0.5934032297481462
0.3733995420519777,0.037076782607801846,0.4875233744890632,0.3433835501274301,0.36756931068176363,0.546746870883803,0.9644852992734331,0.5233581345540723,0.6423262420559344,0.6312665581695358
0.3637248093386893,0.0808005717632839,0.5094488766642682,0.3155489273271653,0.3799032727570604,0.6147306512659648,0.9276467372143536,0.5554341037358708,0.5176977618005079,0.6098439696972071
0.4866859787716952,0.025513623844203876,0.5026672970616985,0.41800840058348504,0.34178185389197485,0.6623344151649844,0.9580942596870495,0.5637049685214885,0.633215642837101,0.6385033963640496
0.4286343215050353,0.046613620745868105,0.4639157226495785,0.3123828450283505,0.36673958716398547,0.6671734037547965,0.9591887887229961,0.536264332433417,0.5606655196444625,0.6226938165110919
0.3838971596690035,0.07033365632838262,0.419790663755605,0.34064555117166234,0.3416997408243683,0.5893690728467211,0.9511319809368021,0.559274097420485,0.567071638973576,0.6563878091069255
0.29124414330607046,0.012731137679236613,0.4443536780110636,0.3706721721011214,0.3386314991211275,0.5584743459542868,0.9902212564488115,0.5517503306731959,0.6285098817890586,0.6405682449444646
0.4171896020844412,0.04948994907428863,0.4952504789703696,0.4051337541331987,0.34611345379118696,0.5987183837856889,0.9351280879433853,0.6549862495635843,0.5815371996703729,0.6276101552576163
0.33223006835335933,0.07565339065330977,0.5149363436444742,0.36654626614934377,0.35977432585110547,0.5195884708109431,0.922447596850086,0.5615177560682116,0.6254960722188423,0.6420607240989933
0.484442488115532,0.061291804857024866,0.4982383633196765,0.38608433335235004,0.3756097716404958,0.6843935806240045,0.9626476119504673,0.4766539218130611,0.5965264022059621,0.6411894245780263
0.4146450668254209,0.043740886081194925,0.4874462281651752,0.3528689231888383,0.36264521204763855,0.6279099880035137,0.9845572630921439,0.5487863543201921,0.6242177211768924,0.7079666161284013
0.3147063374083608,0.022971904320490604,0.44760449441067807,0.3890350761080197,0.3190078910459846,0.5870906440531516,1.0026127685250452,0.5248462591944008,0.6333209362797219,0.6430596539491631
0.372738137448873,0.06408523731047047,0.5471392096381879,0.3585305996917022,0.3537939086708403,0.6306363880825361,0.9284905644368029,0.5732724542546621,0.6021723813023565,0.5515112938306561
0.42508793328923716,0.026687911348064742,0.47739524582337234,0.3558376785249679,0.3726551311308718,0.6786110376068352,0.9480369033918639,0.5546588198125473,0.5585649676193626,0.651457838432703
0.45545635023486064,0.051988635261059686,0.45995844685961973,0.3781217870605821,0.3396525770387021,0.6092730956636738,0.969649747298008,0.5719288335636532,0.5938144988973801,0.6389622981977064
0.42452709077102635,0.011676396940238124,0.38596201882430553,0.3152780783536415,0.3679775347619459,0.6046176166507891,0.9470023014711617,0.5184731485712153,0.5854078955288747,0.6738869993048953
0.34804067903283326,0.07143835290256362,0.491489542511273,0.3734579680307239,0.37270323226006136,0.5872983158417504,0.9347400088332731,0.5421042895950063,0.5636820048513334,0.5590674224915795
0.4621189428812873,0.025214177005526403,0.4693720407402632,0.2945191584835229,0.3237400283192201,0.6202487115719844,0.9601228338753165,0.5610543981592235,0.591401347879402,0.6710393471610191
0.3686499474548579,0.02327988670737862,0.4387503231143631,0.4342592396529232,0.3776294516242316,0.6716620799142385,0.9928105802861158,0.5097133301372898,0.7036405831817686,0.6516425674088522
0.3914401431283096,0.03266155589087929,0.45515118439112745,0.36688942462067975,0.40887132871003634,0.5852044188014494,0.9406756066503452,0.5134480025853104,0.6382472898319306,0.6250734626959737
0.37909115336580834,0.011473599338720024,0.536019043329345,0.35372343952945373,0.3124485862764714,0.5414419055326154,0.9606216917163627,0.5818706140834244,0.6132123099958737,0.6225114102140381
0.36342439576502084,0.060705660733290694,0.446962573296254,0.2923495826416465,0.4065084101937326,0.5818172753973823,0.9543878631061999,0.5376387804359191,0.6320155285789624,0.655550469094509
0.4156405383141282,0.05278137428606516,0.5227438617344973,0.39332179128094624,0.3852951716290796,0.6143676083516796,0.9479675306552919,0.5651026981600402,0.6261524788255544,0.6421886637224344
0.437787765354706,0.07687072887306765,0.5292368556573899,0.40905361319300426,0.4025729684267244,0.6481155358985466,0.9389490181668385,0.559652376748671,0.6064795865335061,0.6240855748958996
0.43319984086891117,0.075449178722413,0.5253898357091823,0.42249464188823205,0.33421606720600994,0.6014375079518617,0.9289726167148858,0.5818226679873941,0.6173031316438133,0.6119589275574
0.3823450480591505,0.08063404625226954,0.5097279860451426,0.4108342504775852,0.38800313814887266,0.6138984055637983,0.9264983766053294,0.5192383759418684,0.7317266052137529,0.5633959540286056
0.33434617702950037,0.044680524610523874,0.4408715776021845,0.3876978123533347,0.36471405341577773,0.5705656801120026,0.9339729601481042,0.5069204601517291,0.6172557217421761,0.6230770734535542
0.48461360673525944,0.03468848448995013,0.46065444493314545,0.38487675924016146,0.37663192316984556,0.6520662509215456,0.9692261079187291,0.5412446392697077,0.6224087553000694,0.6619090660768477
0.42002955787363694,0.07212049698594918,0.4506730582071526,0.3606663371669862,0.38905726149984665,0.5519018126976813,0.9327893313100197,0.5033970869752777,0.6119936134170016,0.6334973070733239
0.48140209039228404,0.045146532069860905,0.4005713041800542,0.3286611094267876,0.3660699608587231,0.660174101301124,0.959787908704083,0.5183743616017684,0.5479960592594622,0.6512582984127977
0.41735115192224365,0.011204356857320652,0.4514528213254741,0.41830537321720607,0.37260303453532223,0.6464527465146419,0.9794609308799375,0.5074558995348353,0.6975037184259996,0.6860139459780192
0.5310137217431055,0.08392482212027272,0.49248884445465857,0.41607797586915846,0.46491944948422953,0.6405546974045933,0.8966099668198081,0.43018257014886285,0.6264111917114354,0.6040762161798943
0.4261903626186431,0.06126710304864748,0.46691117679328764,0.38230939431902117,0.3790188182524165,0.6062208247382865,0.9638632380054801,0.5161245237333574,0.6229169156008741,0.6544969370279566
0.33592544417377834,0.04079826693254745,0.4883432554862168,0.3332906387950834,0.3505762737030983,0.5337529799943288,0.9542385591383176,0.5350636101555504,0.6051890198363896,0.626999501784016
0.3990665494930427,0.051223911177792056,0.47178345592950643,0.3977386328713562,0.35436523144191395,0.5576006371939521,0.968734618809831,0.5940184167422844,0.6695897530564875,0.6261865601482828
0.43738437156301246,-0.004920677053705437,0.4324946329354225,0.45453361145139687,0.3054028825478311,0.587633497942198,0.9733594005599182,0.5497317531323653,0.6735721704229563,0.6680640758959029
0.24028040687886185,0.03032296834030217,0.3891739016147437,0.3715321612939931,0.3403900961362056,0.5139078446463226,0.9559919562913741,0.4811615427188759,0.6011469739638537,0.6763237587167139
0.4702192566914353,0.06945107767732486,0.483327123711677,0.3665980147903685,0.3241660067573844,0.629325232274573,0.9080765185992238,0.5710601239912844,0.6046189688048804,0.647133285341856
0.4576843108638606,0.035867658509914156,0.457780899555809,0.39743724808474273,0.31549719593396874,0.6391093008995656,0.978485528632852,0.6250980100616916,0.6498685215929596,0.6641547857130929
0.4105460164465394,0.04548443423711574,0.4500167566154322,0.35100193326523116,0.3728524398630254,0.5419887297367617,0.9618663388689894,0.5007467395636129,0.5860530881173966,0.6479245125529887
0.378804363675241,0.021065621173018953,0.47404483068061776,0.43044459896229575,0.3225884149352987,0.591137907396998,0.9728004107765191,0.6213438393410475,0.6811992854345919,0.6869995731601027
0.43113880580321867,0.043672457430850645,0.43736597753022527,0.3505846843258891,0.3590295944846038,0.6091380485223226,0.9907477860545266,0.5587284419626681,0.6326053088595478,0.6907660062715151
0.3958313345324402,0.03787429467106043,0.47389948951568994,0.4162953503256243,0.34432579166701194,0.5482277808951297,0.9520227669396552,0.5442837501667256,0.617256598521269,0.6442766242600163
0.45438345007848163,0.04478389394864126,0.4442891045714454,0.36761675394833854,0.30245625531126447,0.5675642940802899,0.9687575558774659,0.6024012975336409,0.5906068267394241,0.691128165448644
0.4277133503003072,0.03439337452805765,0.4668569451882539,0.373262326734444,0.3588663221106034,0.6086662887573946,0.97697274977473,0.5405672440923635,0.6047754606188793,0.6237397373071258
0.38241798546376615,0.06610759351585462,0.484051732769639,0.2542944879825406,0.3493404242235607,0.5267935586896484,0.9305036669808708,0.560352652133209,0.4613651195473446,0.6397622604107978
0.4047573501222179,0.06623663175527263,0.45910502413292004,0.3469375602212855,0.4052229534324074,0.5851232495255374,0.9405261459965985,0.5310037038009454,0.6010149385613794,0.6457322210777814
0.40471546563854804,0.02792115842891322,0.488765606203726,0.4312231970044303,0.3908890853686496,0.560267243103012,0.9472121148022248,0.5562847558048388,0.624071765005913,0.6510668336473895
0.46575944160255217,0.04949740137786795,0.49518429791347673,0.3549345566320218,0.34380437379001455,0.7514358718756553,0.9626200419013533,0.6012080611511186,0.60596937420224,0.6037258848312481
0.4287241903693926,0.044534758995458425,0.47425191278558,0.44432112588945966,0.35650182863781227,0.6049870982903987,0.9540585257577426,0.5537308730675103,0.6464666129563073,0.6125102029659095
0.4529173948402521,0.04277514041777165,0.4253478894266,0.3296026333634557,0.35824099426301964,0.6234170662535585,0.9635969273396358,0.5697535186536329,0.6073204339535813,0.6871218275710841
0.4390861430439794,0.05706504331656167,0.4988538043043426,0.3260663687296455,0.353057850312298,0.6744226669713893,0.9529999784138419,0.5902838752510424,0.6178138284614767,0.632095523364794
0.5199500079370614,0.023651170919094664,0.43915297401971687,0.4893192191927779,0.3422709200137616,0.6887179956932764,0.9852290100984905,0.5764479046578698,0.6985305257603678,0.6983945287269722
0.23412475359462193,0.05746301609233451,0.44412140804118044,0.4345849163625062,0.3742346336761512,0.4740796805292178,0.9357857890874111,0.5438847718928432,0.669703390604318,0.6008514112618135
0.37531210383213937,0.02750086228704904,0.5086758953340964,0.4598516597891862,0.3612971954788259,0.5680910869143756,0.9604757945599351,0.5656037266441998,0.6856722245173722,0.6020554460911427
0.4018902038921901,0.07317415473159149,0.4927456069087117,0.36300497405637794,0.3403957303664737,0.5819618775684763,0.9399306988525447,0.595391319583152,0.584901341093824,0.638296910975722
0.25238922612859627,0.019073034416707258,0.42305314098028224,0.3144814566267584,0.3403212462942073,0.520370740036971,0.9952951187337459,0.5525076124618651,0.5927022747261532,0.6409800386610087
0.35060659206675593,0.08426580002308504,0.41329018770525167,0.436385039920004,0.3940988395353317,0.5778840003670835,0.9069850840459242,0.48496816153357813,0.6438644993514349,0.6380207179452988
0.3410644820093053,0.04312119372658043,0.48205086696796084,0.3762709948629347,0.3331327722461613,0.5402218864781428,0.9750349231000218,0.594691396494324,0.5881919946023253,0.6435678437275321
0.34510774654784104,0.08298863776510179,0.44545021016955616,0.3641893013418428,0.40219009329168587,0.5848133184597114,0.9467723532284581,0.4951709508850669,0.585446422174219,0.6092547079431516
0.3554308118623927,0.07260423838726565,0.43511408309055666,0.36744869569508154,0.4278168645193387,0.5309320034075953,0.9316684893739797,0.4163049626555658,0.6227601471217858,0.6173276821872025
0.3788570491770264,0.03800975790697345,0.42759918402196656,0.39746318105565254,0.39070074721291614,0.6508987198562832,0.9388750414248115,0.5793858283650543,0.5850571372205584,0.6330174543833941
0.35427760434388955,0.03146322247389974,0.4334996729842958,0.3171317941758534,0.3282136303725592,0.581799950543471,0.9818468804533323,0.5036921958441951,0.5629605122305017,0.6666778976736656
0.32782642274382723,0.03649893662563607,0.4301093088713216,0.4261089258972794,0.37253539148420844,0.579036583141179,0.9710436297926416,0.5814906063798115,0.6042725824746931,0.6270701715971685
0.46083520780283893,0.04857230188073133,0.4684842269974857,0.392265876101161,0.3527032150625019,0.5844668589300495,0.9416802197287522,0.5380079550556685,0.6259678425204399,0.6563460528810534
0.38179837226060126,0.05222364468581641,0.5149954977612657,0.28152285668937294,0.3361148690248716,0.5580506206640489,0.9393053977940938,0.5845653304996021,0.5102384469215855,0.6039663489916446
0.3665207868996699,0.07293802855330855,0.5113295397315889,0.4342457210923294,0.3450095170405799,0.5252065664715095,0.9251250974712432,0.5849671153168201,0.6025045794116433,0.6217735864992953
0.39715313291702675,0.023797298350743144,0.44555686106395404,0.3544273699973947,0.37760880961850396,0.6444780484643489,0.984771355255845,0.5345199461029324,0.6443139244664207,0.6604110301234198
0.4365524704474759,0.06345952154282061,0.4759081132544606,0.49060328636492156,0.3763759242875764,0.5849446781603506,0.9001982562637012,0.4558459112540222,0.6723166422026435,0.6278801309291484
0.37246477975060377,0.03358204069961785,0.459175668250819,0.29649506124740344,0.30839415809177284,0.5917007494558926,0.9747502025766949,0.632131483467734,0.5220376532477915,0.6493642958693242
0.4102192295477781,0.08282658908356856,0.47020346873645136,0.4063022421379565,0.37062133224031335,0.5688366876012776,0.9400952169351515,0.5326105196943747,0.5869656415655171,0.6326334470301781
0.3460343573096905,0.08620655896719313,0.4581487775788107,0.39170773354327876,0.3917562415734186,0.5681578909334697,0.9118243035535198,0.4895345464252192,0.5804230955157534,0.5888101340224152
0.377155221434765,0.04484678421132157,0.42758323369610207,0.3210056501960509,0.30822261432911985,0.5447263168889047,0.971741082844966,0.5692177008302101,0.5852173197083685,0.7169912861039383
0.409295572354329,0.06585483437073639,0.44922792922730104,0.33836100579266754,0.36079438765859256,0.5826514992459825,0.9465062477719826,0.5891383549553707,0.5899938353614204,0.6708130704916652
0.4374080460470634,0.027853223887686816,0.4759238811398176,0.35619756906747496,0.33479607746854756,0.5831360495212664,0.9683512365125689,0.5641677667062568,0.622637773473314,0.6979145050323434
0.4235400046822162,0.08239475725815985,0.5305160153748699,0.4111591137085757,0.37395074534914857,0.5868558513085205,0.8994887199454479,0.48191231931406675,0.6210903017503392,0.6048590756808437
0.28623334992434063,0.028060794542707834,0.4419178228376016,0.3936039334019303,0.3664443891630624,0.4761134890681741,0.9521903232723323,0.4609469688785619,0.5544684500493346,0.6547743510382702
0.45468590782617396,0.03517175224677378,0.4524103638846363,0.44330454829319277,0.3369325287172209,0.6147123886697887,0.978007233156247,0.5863326073331512,0.6486524225060194,0.6446583464090003
0.3995166667954823,0.030553968372362576,0.4323202538770526,0.3629639952916789,0.3386945603812338,0.6279002534760154,0.9742722197177961,0.4974896193518874,0.608574725361569,0.6574672140586686
0.2969940769933694,0.05642764012417787,0.4840997181335561,0.3942374884614907,0.3768536011283302,0.4970974599241693,0.9621618917731519,0.5477864956726266,0.6419464410243274,0.5821919767799159
0.4059396201731277,0.03438502832689169,0.4588559034648335,0.36561053229244767,0.38251794045363136,0.6603942991425231,0.9947679279381545,0.5716133920081026,0.6062894994103262,0.6105447177581498
0.3303616131325152,0.038038481865977115,0.4704106416432188,0.42125849822042305,0.3811215538811856,0.5594101550680333,0.9287738208445977,0.4964755296546678,0.6395651545453298,0.6351683437061195
0.5039571716612048,0.026279343716411042,0.39238959146151436,0.43957603380535937,0.3449063997202115,0.7066756921858116,0.9533600224788346,0.529311971872793,0.6650632778424377,0.6591524500164985
0.4552287081195009,0.026630429623152197,0.46362811195529113,0.35244935315925513,0.3100274686446091,0.6208169447222804,0.9749232962915583,0.6141640294061148,0.5992203635756095,0.6866890188210321
0.42633290907032717,0.04547692658965279,0.48839453165039415,0.3606671565853624,0.3392442046439658,0.5811497644771475,0.9347283211758577,0.5697937601084081,0.6027793981953332,0.6659343709296288
0.42767909185631503,0.01816519560962109,0.47812017147399244,0.30156478511560686,0.32340207323206593,0.6272910647515969,0.9898019750489572,0.5540746596665513,0.5895105191923402,0.6878468282295618
0.4013227315125432,0.06511429204599821,0.4341937195035455,0.3966968368503677,0.3713261197360953,0.5915622912056486,0.9331602731493847,0.5286267182255553,0.6106963723397141,0.6024436582503205
0.32802709387565027,0.013399128914781474,0.4170856838835666,0.35374509755768996,0.3595293678278965,0.49668276961486135,1.009821687943699,0.5397455821426836,0.6625812375441174,0.6642349508401604
0.45084986919023173,0.05460384081823033,0.48732639454928645,0.3720574291982178,0.41280303115194766,0.6487907220948537,0.943633601715575,0.5347063442602485,0.6064709237674888,0.6314639989351168
0.422289347501766,0.010406984494378891,0.43333397790300193,0.3360760686154055,0.3404333941872255,0.6040392993933805,0.9560799214687647,0.5659488839581587,0.6075348927421961,0.6692686410885553
0.38886936320739646,0.07240272649032664,0.4780072758862964,0.4693926193770886,0.39399451172861344,0.5695231034089236,0.9042675420131173,0.5089861961023101,0.6585013926411002,0.5860168464863427
0.38040924634900897,0.04417361914642478,0.47682484729527824,0.39339226807204963,0.3488048542216645,0.5235133098391703,0.9593018434909,0.5135279265835309,0.645197008985376,0.5824060100455764
0.4921482281051452,0.043161483390461275,0.4902466762357227,0.3697803498988162,0.3261880662691299,0.6053514552338475,0.9675188795358267,0.5767432767601655,0.607947837916442,0.6336851782891163
0.3811704811658893,0.033779872817748705,0.4299661401921299,0.36639805454631247,0.3475331241779314,0.5763412308841349,0.9651794431326042,0.5619185110150108,0.6442223067448957,0.6828135914562213
0.26135719996433737,0.031040727152196256,0.3398934051596677,0.36760564109279525,0.3390568990170324,0.4830616158933583,0.9671037706705816,0.48237648794742394,0.6181921032996827,0.6737906765526702
0.45229021382907264,0.039662688574239165,0.4697239536867623,0.45377946138564923,0.3112599363523774,0.5950476566694671,0.9904700658088873,0.5558381101187719,0.7105889136410293,0.6763439705755703
0.4025532612856064,0.06704366398277256,0.5211670510284779,0.3788142004113607,0.36696024914047476,0.6068532483862565,0.9334422309123394,0.5400693627893328,0.5851274949881637,0.6187127541551956
0.36796419449133205,0.039716226428006034,0.4008671304185504,0.42576674184648067,0.3100856275548383,0.565218217748149,0.9480075318901403,0.5355108810438867,0.6486207321876403,0.642168245308269
0.5484840551510831,0.09881944838107395,0.5117361743070163,0.4247231517824009,0.3759868949501254,0.7041774110736039,0.9137682831020796,0.5115121445285833,0.5754576423804779,0.583564890131899
0.4755698951754138,0.02602023907332276,0.504719376768264,0.4120580059517249,0.32201337943004404,0.6511538146449649,0.9792745366214689,0.5680857340991569,0.5744013673949762,0.6745756915669463
0.41644171464305374,0.025764556305910475,0.43783768237815684,0.3713588132151518,0.3577375410277739,0.6225364485500497,0.971288563644097,0.5663494234980196,0.6043899629647675,0.6780361984907128
0.32820245390154845,0.07765016877253705,0.42518012387276494,0.3100499202907605,0.4212189510522508,0.5618364378162596,0.9391695517388811,0.5165070199670503,0.49408675543539293,0.6183392463223826
0.42577047760743547,0.055634422097426736,0.5256979389639366,0.4115221432556432,0.3841928611358919,0.6690901526413429,0.9307475394257468,0.5610274934069014,0.6677936181334244,0.6428200614836685
0.4090328005655715,0.06859457882970145,0.4739688027102282,0.4038069173751295,0.3947988931880514,0.613050989521938,0.9384661372336716,0.5355264633040384,0.66130678780085,0.6247264020732625
0.48132343783940795,0.06208878654453282,0.5438834744547657,0.35510033213762704,0.3225811904972114,0.6390834565946424,0.9236072571733522,0.5714497545176407,0.6214283840710051,0.6307453624186101
0.48479927305387704,0.038106292780554676,0.42182507634790556,0.36521444342989606,0.35900816111430517,0.6613340684301772,0.9362565312677751,0.5493743808197773,0.6053289902502401,0.6551437815145069
0.42026444449914957,0.07046234008363725,0.4515997380942041,0.441334453698635,0.3817225405576525,0.6253672589334187,0.9389956493223922,0.5034524485069279,0.5637536279581798,0.5999804300144692
0.3539127939349489,0.032995306449194704,0.3981056731427983,0.345287121936442,0.29934243998137006,0.5196577801114463,0.9860856852188085,0.5776957945174768,0.6491281028486747,0.6593963411382153
0.39793236439764806,0.06465541113773036,0.4727708406178715,0.4455292802346671,0.3928014484634929,0.5673922765420276,0.9298978505734751,0.5751159991976256,0.6725260513374629,0.5988323670973004
0.34691201355161766,0.07756155749592973,0.4711318297501685,0.3358699911236231,0.36760886866046466,0.5150851702662529,0.9241478180388438,0.4589950252557228,0.5583812257290732,0.6020648032949799
0.5348425763973209,0.026128551682523097,0.48011651346072814,0.3987621862002054,0.345343437216601,0.5911430442555552,0.9770272929073313,0.5771672642773087,0.6310556457299731,0.6511004106524749
0.3940976170257046,0.03638180355593049,0.3966937745929833,0.4320596222538247,0.34315294249024153,0.5962238585678594,0.9716965999874504,0.5264440440248526,0.6152116381979904,0.7050203999398048
0.43884354109737633,0.04944269313194181,0.4882751523867223,0.3400473139083955,0.36108550433769726,0.6006402298916511,0.9588013946146821,0.541885626835564,0.6376785360605977,0.6541557730221526
0.5264273456438933,0.0849924082259323,0.5304097694363611,0.3839731023799205,0.35854641388453096,0.6342763899932485,0.9549969926571376,0.6093846779323971,0.5655128616378357,0.6136454814004688
0.38692276069941905,0.03615394099985654,0.41794048166277625,0.39715713493880306,0.3730873290118489,0.6186566121202204,0.9282715088854486,0.4660925400526654,0.6122520702760876,0.6425737114665631
0.44194558339336587,0.06203159376233562,0.4514354165032789,0.4020619514038628,0.38269169887694743,0.5810975190686809,0.9450671050346485,0.5111542106702387,0.600917772184024,0.6526989863650605
0.3731898019946894,0.06904814488338223,0.4707968558913928,0.3830194473476722,0.41414636252962117,0.5985543531559514,0.9310542908566175,0.4789911643415963,0.6095462142174745,0.6058517564461697
0.4928417418234984,0.024618673533308735,0.48245270925762096,0.45872357296544974,0.3704854064140538,0.7569298146442123,0.9636927827856407,0.5880634446154542,0.7140483535085353,0.6566032441728447
0.3699373661896463,0.07587711577487972,0.5124623304615298,0.4124616963673127,0.4034360807875021,0.6499725657641696,0.9084213292953908,0.49000169360370005,0.5995540722700294,0.6064238431571964
0.3844454057613884,0.026961804213640556,0.47170352914879593,0.38875329873250797,0.33183871865291015,0.5708053380757911,0.9593872399075911,0.5440438085727168,0.6572160005165489,0.658612600431635
0.38592248696672593,0.08302095946347297,0.48652878731580246,0.4126403424647089,0.3946634677793083,0.5558322779219322,0.9071671595394113,0.5243460343577278,0.6247590224948597,0.597640210513273
0.332192958136462,0.06140654339946119,0.4205101762392585,0.3171213582411516,0.3822605194552055,0.5572270638814016,0.9480044503293151,0.4828609504147864,0.5471298115417833,0.6747672013999849
0.3200501670003152,0.04129571725826338,0.5244511631490928,0.39136698279980253,0.3831580146677559,0.5588414380438997,0.9703176361827892,0.5726275426507805,0.7044913226980833,0.6216464025672455
0.475715897319069,0.026083634363958507,0.3955373147366297,0.3259158174821016,0.3350008221721938,0.6195495281865981,0.9764513010410231,0.5060093278161342,0.5399599950683672,0.7066399688198644
0.4837488469526455,0.04793098191249612,0.44036608325273774,0.3721724944331442,0.35215661912863844,0.7102962639584002,0.94410635726456,0.5446555882702828,0.5680949382754457,0.6643864208693757
0.4714177933443305,0.04884605841419048,0.3957294136260378,0.36575883798592806,0.3698845168651493,0.6733863326937942,0.9541944146238258,0.4544146400705361,0.604057267647715,0.6640657127830516
0.42675501916656133,0.05181416396218143,0.4483067185053787,0.3718558089770395,0.3432377269283682,0.6367818781442277,0.9584223345669778,0.5284308150946185,0.6737678649567154,0.6629344546401305
0.3996070423815215,0.04921474865622803,0.4823919208181008,0.29824696216351265,0.3705445884561714,0.5973135063858934,0.9449364813161352,0.5264244124941964,0.5480084072517188,0.6553801408809359
0.39577635860598676,0.049883317550262055,0.43297412922416645,0.3914719748508199,0.3354509979723266,0.5946484481353169,0.9454115123290675,0.5473108178831869,0.6579623943649793,0.6384696634058034
0.39300753279935524,0.05797412423375118,0.44103514357723705,0.4565797594494839,0.3547162085585135,0.6341166635868369,0.929121765831922,0.5125335079291088,0.6691912044953865,0.6390668162272652
0.4034044228994182,0.022676502155326145,0.5149298600764057,0.360513459413415,0.3098240371024255,0.6068950783863847,0.9755733453651605,0.5932012316240541,0.6391938452904246,0.6188279198845136
0.37972212799727584,0.0679228544293422,0.49085766379495593,0.44146926451773993,0.37722936867805423,0.5650759332435491,0.9133776735473015,0.5355449024228216,0.683075435479408,0.6055239553178218
0.3714667610210855,0.0021484234603977217,0.3791310770087641,0.3494023293724791,0.33553994460030606,0.5470407309450712,0.9603092830069938,0.47255549321811996,0.5985470273683058,0.6972879671661693
0.47602186547035014,0.05659748147433515,0.5098132181525401,0.3597784319221588,0.40283817893665147,0.6820952188951933,0.9350757779072932,0.5557221104429797,0.5891818844637582,0.5941003423143204
0.45766555689104726,0.04648199397450472,0.5193158324893782,0.40388461546651566,0.3224143085561923,0.5662014521774491,0.9588609225129469,0.5548727443271981,0.6577319205074605,0.6098639451819162
0.47514530854570036,0.04539233809872973,0.48138837916783084,0.3522482148286429,0.43183826741643455,0.7018314349358159,0.9474474247868468,0.5536985311727887,0.6284695150088733,0.6372414539302231
0.42081156825585175,0.07637041293437301,0.48829952292363005,0.31961670051758867,0.4249399037510952,0.5817062705073963,0.9215482858698776,0.4895166994686315,0.5997554119611943,0.6052292033595876
0.4145075829743816,0.051485303757577205,0.4663148761948732,0.3847355943955029,0.3463631380374814,0.6037861157886222,0.9337954736054037,0.5094785035348612,0.681240997253028,0.6459116880249879
0.3700767504857008,0.04669013611092689,0.45409259609708413,0.4274963907369772,0.38961101455110314,0.580441536236304,0.9316697129247182,0.4843155470875734,0.7268938973777952,0.6426936423237899
0.4031958327512693,0.054833043969200176,0.4821303002094306,0.34173561495649407,0.33985791468363574,0.5608610429931037,0.9576140406418998,0.5430020689407292,0.5632340418654952,0.6126273984310293
0.37066434222200345,0.04396939032599549,0.4658806163424631,0.34651812164933704,0.35241277888613187,0.6070288407551804,0.9481632989833496,0.575650940834471,0.587997103345262,0.6380836786440853
0.4048671118157704,0.017515704779870064,0.49594657278460413,0.3011647985361324,0.32850940391334116,0.5620847732677701,0.9555038195741584,0.52079126476798,0.5980534250088724,0.680231837482046
0.3813731813004895,0.041044086320226554,0.4765389322409116,0.37515763128586554,0.38479198539687287,0.6316375125473679,0.9229361823832982,0.47189381931381424,0.6508774662764287,0.6248461803802556
0.34375265292597107,0.069671820847827,0.4574749260432099,0.34873204239536065,0.39720519644239466,0.5445356175733114,0.917847103555474,0.48748694397595727,0.5119797960737063,0.5960519479038715
0.42778444205011307,0.0668595623921338,0.42606549131820437,0.331419523737323,0.4025343282262978,0.594145331870785,0.9401089787177148,0.4944711913459159,0.5312394699771659,0.6167487296843626
0.4460146182737167,0.062090998114268894,0.44274884036724993,0.45473749584330525,0.3723725398910155,0.6599680929880589,0.9623220711260324,0.5582538628639708,0.6530925591354809,0.6641111945949771
0.3861087412087539,0.04058267540412724,0.4636139890106474,0.4519869115975688,0.3319340927651295,0.561505583093346,0.970477569638311,0.607639144487415,0.6435276932368789,0.6039065714826868
0.4225367044398303,0.07333092351985918,0.49369910461734834,0.3973692787112538,0.3904614383454365,0.6850907045044055,0.9250057232793425,0.542883683803266,0.5989294837249806,0.5931525228657892
0.3928515634009355,0.0480587476184249,0.44869257796804823,0.39463906458252174,0.34896201123045545,0.5695698426885131,0.9505424227711563,0.5127200114683271,0.6295898387806534,0.6385898665959095
0.352662346049403,0.03580614069231369,0.46140460396433514,0.3901209691223547,0.317623516273033,0.5876968465094305,0.9712604478669963,0.5658090318895554,0.6220509559811508,0.6625346750476098
0.25990624059727885,0.035704534127504885,0.4635473533229342,0.35372977081509177,0.33055335833965305,0.5231268576051927,0.9741954183694528,0.5833569600335717,0.5679365961866882,0.68606823217639
0.43369950054210554,0.0843276948528852,0.4568545663101188,0.5322482128900683,0.4144228719074495,0.6463217089527046,0.9303658712648348,0.5090956012566186,0.7649459770520155,0.6020218701334894
0.4433646327294218,0.05406025785416206,0.48834517389279025,0.4630236323844395,0.3353210193201344,0.5844459933499664,0.9523206590499594,0.5771307800802061,0.7243058881670527,0.6112938740608945
0.41781998110892843,0.03425783563046411,0.4629344777520153,0.2653072548639974,0.333258696378509,0.615684648056872,0.984058194657467,0.5298021084969788,0.5159116638950065,0.6663889014586564
0.4988919968882887,0.034182618567793595,0.48835606181044505,0.4002539344775625,0.3846989734690319,0.6889995009748517,0.9492110594669864,0.5798396224044542,0.6842419900511583,0.6258943636956589
0.4230914104480846,0.06011163476905093,0.494886101878817,0.40666718171830896,0.32116574447638396,0.5558041265474574,0.9583020854336295,0.5549834123634536,0.6386298001072696,0.6364879730194463
0.47536780905007087,0.061884461478793916,0.5045585230433485,0.4607493720262766,0.3574133627392159,0.587955023744472,0.956456903425036,0.5370909515212706,0.6812275915580568,0.6267414279336743
0.4035414008003802,0.008894661541691117,0.44928603277881335,0.3745381247372362,0.34743816401764077,0.6149211847353768,0.9761236290881616,0.5563090355862863,0.6293759206557243,0.6513371850186287
0.3756443201944396,0.04995922845031271,0.4621834624145163,0.47737043436115917,0.40223695701007733,0.5338715233457016,0.9293577847913255,0.514013385228079,0.6823973311950555,0.6470815838999988
0.43867943159632444,0.007323891557326897,0.44702297704500904,0.3943056090416359,0.3101527072343799,0.6815231610874527,0.9720103353629512,0.560152790697038,0.6386261009467955,0.6556306975817107
0.41228249957054613,0.03976850641628851,0.4386890683171343,0.3801664279670015,0.37267135286089015,0.5250538771026949,0.9776539665306436,0.48754527537801606,0.583059929677745,0.6378582892580549
0.40014793660507536,0.01202086422564011,0.42081329906407555,0.35557070305246957,0.31866813872646726,0.6034941753916254,0.9910171872503934,0.6038151022901876,0.5962136472794712,0.7159090542102886
0.3687523045793282,0.04423167660171803,0.4845959757743441,0.36999035843743344,0.3607603105119927,0.5182004863458504,0.9490156428370353,0.4999858426950693,0.6029015605528747,0.6191866890030087
0.3651296414395536,0.015114331434474632,0.38112986543654037,0.296622628233453,0.33864372176216595,0.5512777492080919,0.9727608205055334,0.5479640061280442,0.5699835421495747,0.6572388889340823
0.3930894780756659,0.03379980420725775,0.49127988973131376,0.41692927829002313,0.35633650409468093,0.5950330881035099,0.9281294628344221,0.5215093142740195,0.683372533645175,0.6197531673059903
0.4414457876755101,0.05564289579569392,0.5010654462275528,0.43282166049093296,0.3478539311855611,0.6027888930436649,0.9449448849782087,0.5961640853551783,0.6347369121509432,0.6012171664611802
0.4110034749152622,0.018872387905200735,0.4610233440651299,0.3733210910394666,0.32711777411818926,0.567865809785167,0.9840828698478412,0.5357961696683303,0.5747289372480333,0.6690230523267111
0.3664970595415728,0.0898314418843341,0.46854751579601417,0.246957997196048,0.42297400350336956,0.5471896725235132,0.9088954251331398,0.4612072540374482,0.5132174740273321,0.611677322785602
0.4089146149977436,0.010119679067433867,0.40467434502225436,0.35182130985111726,0.3448588283664486,0.6163266916895933,0.9661904073063632,0.49412372204291277,0.5951720898723272,0.6306905590087002
0.45414529157235295,0.05515113149952098,0.4452502988421324,0.33951025694231973,0.37917411797794426,0.6055443092710715,0.9150340937226437,0.535159246782142,0.5393741371573065,0.6569047185506436
0.3888905115082082,0.01032467336935527,0.44175157550355243,0.321891707318,0.3519691446843069,0.6263033217898482,0.9470361799433237,0.5480899439729313,0.6526065448932109,0.6596499796352567
0.34585057863691077,0.04103336858208827,0.44219191930337853,0.3356224261612134,0.3649608920557741,0.6164668983864445,0.9604451836915295,0.5859253014322724,0.6194293571797604,0.6625125684427817
0.4416098658206994,0.0006618127136979957,0.4543071454414729,0.347096893509391,0.32250421102375015,0.6225867668010066,0.9862760166108842,0.5688513449176354,0.5932426626004437,0.6575231158801945
0.4031084945669482,0.04024437064758383,0.49726148103507317,0.4670005433793347,0.30658594980837445,0.5673897454343382,0.972827249283574,0.5719673264749501,0.7868876944173029,0.6851366645643076
0.404139321983061,0.04214765900507964,0.44106920407860517,0.36829690339213783,0.3691994880506693,0.5365129143203633,0.9637347494950578,0.5078405568382036,0.634422449318859,0.667476819528902
0.3552866223483901,0.037230194832589485,0.43125944775530434,0.3649224673337873,0.3568096294859982,0.5578686627443932,0.9379934210545572,0.5214160377155208,0.6204408837346427,0.6512152132905868
0.3239945891543075,0.04456726597840311,0.41056100418827585,0.43569070354855083,0.3554171450192517,0.5265520372620056,0.9802388414112051,0.4884895162290126,0.7521069658422459,0.6613969743021002
0.3405989640437261,0.057351860484753894,0.45940012733065844,0.46205422820811604,0.39259439215263886,0.5318750155562434,0.9171246273872049,0.5030200492490537,0.666641584296412,0.6202209727638208
0.39837600480624163,0.06959420499941513,0.48220614287136954,0.34669586374438666,0.3692203585177123,0.5877319894022512,0.9515228286103954,0.48100368687741446,0.571398804140643,0.6303341595934161
0.3471182834687829,0.013144105632271945,0.490069969569618,0.4024583165493539,0.35509497626260017,0.6145591424869787,0.9659065145270321,0.5769673400639128,0.6686628906627154,0.6736866435690085
0.4688982729272188,0.027486254560697112,0.5023761313171382,0.4458516636664664,0.3427092870083228,0.610883744173262,0.9603702796536372,0.6105950885919218,0.6486759894795957,0.6558874275958063
0.3612461432467911,0.03920102536122376,0.4446984466825555,0.36075077178844295,0.3872920331445037,0.590487145708366,0.9667945983944441,0.502320537686742,0.6458141950932781,0.6807158173383101
0.34707132722938977,0.04714554639601385,0.46520464131602823,0.38511707738026973,0.3557344075308629,0.5512378909425587,0.9457457217265484,0.5505794293444994,0.5986877775844193,0.6343602594424629
0.3938222893168182,0.02221049809895874,0.4602789354018817,0.3374547115933188,0.3245216125827429,0.5652428553766651,0.9863436727278502,0.5729030590535744,0.5721429103544478,0.6584888841266896
0.3233172728111004,0.036455626523669446,0.3717814391791981,0.39458604552645604,0.30655659393070267,0.5031076711114035,0.9734971397925017,0.5556895687696841,0.676483276111906,0.6691851086430081
0.40021361756866014,0.03694071154312521,0.4311888028338499,0.3048748172560848,0.35202150671350313,0.5540173197408416,0.9349389891167005,0.5643194709832978,0.5165996420100025,0.6267077484885023
0.39306576490133116,-0.007643811676729627,0.39438455233052766,0.41394829036741326,0.2791077257215659,0.5597154076378563,0.9717116005207849,0.5893920771546997,0.6576207513381035,0.6678496637773335
0.3811510921628049,0.01903466687031516,0.40912945911248905,0.3173265200427203,0.3133447685951433,0.6380236996984998,0.9992921030649649,0.575660362000306,0.578411581162799,0.6714690678557733
0.37383369074694406,-0.015878128306880165,0.3876625986970124,0.35975606561653684,0.2922674275977023,0.6529198405462004,0.9790290716794239,0.5633967618881464,0.6459169848753942,0.7198436455486943
0.519661768739171,-0.01625064027926632,0.4324192403526784,0.4377889340862468,0.3088660542277302,0.8013905953633537,0.9926149611614338,0.6277651044134505,0.7109782491506829,0.6784325464222694
0.4474614819231328,0.08746066881740752,0.5288774668333373,0.4559857366286309,0.3583102470105474,0.6426968222410219,0.9408429515568294,0.547007579457855,0.6319077138051123,0.6049053261873553
0.378552238893522,0.04264439059649476,0.4398632803158026,0.39653990433151387,0.3595554029880731,0.5119098828558803,0.9768182126801261,0.5255562811843684,0.6291625794753611,0.6650718283122264
0.4210387459032924,0.06294398556803366,0.4860114824049318,0.3788529438966898,0.30478108542761934,0.6242585755758054,0.9599996212849705,0.5851185478550902,0.6445264636323083,0.6325616498827444
0.33914856126444654,0.02575143531584707,0.4793858018600227,0.2921658424088602,0.34675574026027534,0.4986460261516088,0.9655768421860373,0.5279907240288975,0.5463538553218831,0.6379817682179894
0.39767366500816764,0.059232253277425324,0.5020421417764582,0.43047638803403665,0.34574344228796877,0.584057471615162,0.9488277303225601,0.5752970187210331,0.669083919039654,0.6503827103808346
0.40437631875660845,0.027270564697610297,0.4515770123129343,0.3713615530810819,0.386851745989276,0.5618779580242872,0.9610297415586625,0.5101032004055286,0.6645638636940953,0.654816822217573
0.3939414055130665,0.06568175294387972,0.43042431571091183,0.30789170432391527,0.3554940828554099,0.5968834830413602,0.9200933255198809,0.4934771797320183,0.5613809465434357,0.5910473480806849
0.45468777511258496,0.06221545422607711,0.43708587985442315,0.3961252505044193,0.39372736280346354,0.6240807354544025,0.9582004022522785,0.5070268365554467,0.6275566535344013,0.6330177280237022
0.48124276689773565,0.03665403546015786,0.44729494228849226,0.40619999603242485,0.35528959000451227,0.641195174887904,0.9689518145786175,0.5336619263803628,0.6313811336504965,0.6527456104627736
0.3636308045024191,0.04957308570110361,0.47573084691590156,0.2765160425443947,0.3567222047697052,0.5887498153425517,0.9595853462361834,0.5652386011841293,0.5618997406702841,0.6364196482770801
0.36294358212081074,0.04508394511313119,0.5001651851580665,0.3499779674643931,0.3871275244524838,0.5109692815479772,0.9758293471190735,0.5554162949330187,0.595668550985956,0.6296876818183871
0.39869617177429945,0.03504870257170371,0.44651378691416993,0.434893071270627,0.3618706957512545,0.6173277517691136,0.9528915381168311,0.5757987271070819,0.6781545033831577,0.7031047202582796
0.37437470916894877,0.03259490634475095,0.45180751075469133,0.3652527688153272,0.34991273817784496,0.5604879663529125,0.9723526280552911,0.47910072434406814,0.5706405664656955,0.6691853634112868
0.42851177490861486,0.07205273435933833,0.4689140542415983,0.3488796529795398,0.3536801720362287,0.6439942782671784,0.9374349956084435,0.524781007286881,0.6191322266831161,0.6323679813152647
0.453879203044215,0.043956769986701984,0.49976129551427756,0.3192743611934049,0.401846586598481,0.6036158134190326,0.9486622972450355,0.5391621729306073,0.5732598637882391,0.6222495214691309
0.43781080252603444,0.043562407961294826,0.4425940500882901,0.34860801444484235,0.3514857721002579,0.5784701842343314,0.9523858551958171,0.5968106070427118,0.5910691607112177,0.6863765274429123
0.3350530538292321,0.03894526984615422,0.45545199565209876,0.45881366626774767,0.3472052143360457,0.5652739453657477,0.9468559571952678,0.5594736613671598,0.6912435995567077,0.6383487628931878
0.3563994046967264,0.03332884932816473,0.42018801805656997,0.4133448526092066,0.3179421460424819,0.6374765330559333,1.0081719323652767,0.5642629592859943,0.6735321643568946,0.6415092002235769
0.4017080677921168,0.03426888932239481,0.41881385326041554,0.34957171423905187,0.35462712560789067,0.5647027267706752,0.9650518429989693,0.5459961506478495,0.6453077562301357,0.6768831984813843
0.41909099053482446,0.06914307061419199,0.47377421121276697,0.39904949525028266,0.38376955597392853,0.6655936771582802,0.927487970640432,0.5137134306770315,0.6737021907435702,0.6071431746339944
0.3963897475387855,0.06460250125585071,0.476022614043737,0.4238380941842909,0.37345797281277376,0.5426396766434294,0.9264226526790699,0.512462879876199,0.6203753405584868,0.6263600035514822
0.4278115050080964,0.022637832350259464,0.4809246796782771,0.5004626208855195,0.34841872670784546,0.6530259402985539,0.9675390259505108,0.5765413263365535,0.7150987836429343,0.6526060090255159
0.406534870667611,0.08224915705517791,0.518618710183292,0.3994024338405506,0.38650908650429144,0.5202598843068917,0.8979145597891943,0.46178665013257936,0.6505364687519228,0.6321129788310086
0.4664709851614595,0.054699026824592774,0.398699355863733,0.3438893622247993,0.3609995278290595,0.6185693220899194,0.9654139375813332,0.47551829813519264,0.5924586244890713,0.6708621680216964
0.33648251337958274,0.08428775584783485,0.4549553301473393,0.28359147102163734,0.3641785700736399,0.5231208038431658,0.9364474708411453,0.5418913780507716,0.503123882529261,0.6305308739583426
0.4247037888521616,0.07242877292240768,0.4409261106086394,0.4505347233046087,0.3780368206003776,0.6341494617031678,0.8879488053001828,0.483826637946311,0.7038106563032751,0.6554105829013042
0.4241719082694553,0.008576499093244259,0.4103646050389046,0.4035912968376237,0.35177175134227073,0.6750085737007688,0.9820981360775921,0.5709102455101622,0.6393546250987647,0.68830761529341
0.3129428983546569,0.04045196406902475,0.47529162596694363,0.35233356200584875,0.3727997335727983,0.5379113539810845,0.9540883792845276,0.5570870796346405,0.5808981605913428,0.6337127785677649
0.48761710618055637,0.007816406819497496,0.4370247401185824,0.3597190732015775,0.3425660985599416,0.704943816963575,0.9823711960191207,0.5493201253624025,0.5654501648437549,0.6768719260042247
0.2217075979714438,0.031454553380874536,0.4546866811768827,0.3363747753154434,0.32402224925937134,0.5047298897375292,0.9506676799580546,0.562242396580175,0.6263191479814542,0.6662416067565268
0.37604574800358365,0.013858591896645641,0.4544130045488373,0.3912454335417186,0.31255972233204954,0.6091756787858491,0.9904013453168007,0.6066720434418222,0.6472767835043077,0.6904008571800351
0.4239763019648512,0.08378045635443071,0.5397695534153303,0.43748482776789116,0.3553059960522122,0.5967938373072637,0.9211993461656816,0.581221079786356,0.6446546359194725,0.5758284043509998
0.4428940445788175,0.03508152618426371,0.43410347084312173,0.30500872721165834,0.33981427820096266,0.6260189189958043,0.9720845341384309,0.5444142534608447,0.6256142321840794,0.6493712005310068
0.40814082949204555,0.062468049971568934,0.43792342173614907,0.40050684335860454,0.39733126440904676,0.6322467520449788,0.9356565341465073,0.5155840669756528,0.6414827688362343,0.64285867544123
0.3908035430754318,0.013000027109445079,0.3879387249510818,0.32897040303627867,0.28676728522561984,0.573507409482993,0.9844276839968874,0.5439326424999028,0.6552361062052123,0.6958221429832788
0.4211740649080647,0.06622486916423495,0.495302344291683,0.44369446223664954,0.3719800138143047,0.590039622621517,0.9282580152445912,0.5282253029722854,0.6714282819768063,0.607216768354115
0.458702941476049,0.06783510592620909,0.5069615928222083,0.35032281343555577,0.4004823896302579,0.6517336322858,0.9408279188235751,0.4958512141625092,0.5906261511459925,0.642736973696856
0.4303490409077874,0.07393218431140962,0.5423433914870899,0.3952978756323866,0.34918599905896036,0.5828238403262846,0.9488293145690218,0.5852555681135203,0.6357825992155783,0.600073381384579
0.3611658634386271,0.07470602163761614,0.4790192902750951,0.39757092483779205,0.3645676072329871,0.5640565667399213,0.9181784777521648,0.48288814144140213,0.6390675269505248,0.5891440382116477
0.38051466281680707,0.018982075529112855,0.4411079304261395,0.4849690946024415,0.41242534013647597,0.5839467105549003,0.9727529783398797,0.5513773668711175,0.6864899608529849,0.6337791179922381
0.375400040442149,0.02222781183478962,0.4234042566028197,0.347359804342993,0.32631752732518116,0.5946930539686506,0.9849591360287532,0.583920799406278,0.618229535006757,0.6942006929843256
0.3399118126008164,0.06254764376126207,0.5702342778556229,0.3717043833384053,0.395128625002425,0.5876358243621429,0.9451265317957233,0.5431086982452504,0.6447722700420582,0.5904278960058835
0.3826780658133517,0.033447770416947395,0.49743716094921603,0.38228758892530873,0.3321817054239387,0.5964123006731257,0.9575700161924819,0.6380260076402493,0.6232759230911282,0.6355108378203642
0.3484352260082762,0.07066659360969114,0.48199935268410954,0.39993002918370646,0.39066886830498004,0.5799325066637804,0.9479472712856949,0.5494056823177919,0.640021905970499,0.6140950827367067
0.4406572735379638,0.07175995172294178,0.5440479374298357,0.4484446986503281,0.41035528428370427,0.5653160184169536,0.9105595900901393,0.5220934580559401,0.6644706088328007,0.5607605243819642
0.4127956528527529,0.03385236239961705,0.39419133238067977,0.4448106024019941,0.3980895160949869,0.5908300693560755,0.959017108317808,0.47871801759984844,0.6429362048618323,0.6813031005649881
0.43020215879231055,0.08624309028270744,0.49335919782173754,0.38400856662958555,0.38898274225908774,0.5749906293930589,0.9290098080461952,0.5297888952128271,0.6262084812691993,0.639206340871068
0.3841704940974291,0.029629695191157226,0.46458459010630054,0.36143563000687673,0.32689420898138716,0.6016906938006148,0.9967149362371575,0.5458536267576264,0.5893070069833691,0.635026987872314
0.4697940941322077,-0.014565051143097717,0.4108807474348035,0.40344658607967604,0.3060230851593895,0.6380081741984712,1.0305566003359687,0.573646550275563,0.6672584143187006,0.6900746420168128
0.2841770295045158,0.10550795020522681,0.4752339093476803,0.3096985717561418,0.4382034932257923,0.5480776628343309,0.905232123144951,0.5145111086517591,0.5391239620061414,0.562214421542048
0.3852815742007383,0.019044801310250766,0.4056825308334598,0.3868124039797239,0.3330941429118796,0.5178151367538752,0.9701205670843784,0.4927856057280692,0.6142037033862954,0.648654510404328
0.35318001242487457,0.04046794351204457,0.4283998529761229,0.402752819334236,0.3052969836976903,0.5495062934196759,0.9737586040341984,0.5293244222858946,0.5991724933866984,0.6788189385233999
0.43427905948277257,-0.005084481913914836,0.44160322438887956,0.4009438870495151,0.3066276682559006,0.5487274492129878,0.958169886806495,0.5286488055856107,0.6730822146937365,0.6774049601685173
0.39880764242434497,0.05852460474924349,0.41824832653589367,0.35735731724767084,0.3561889925702527,0.5874522506280921,0.9551229109376383,0.5518711199313553,0.6061418078718588,0.6465636121896933
0.41992352612874434,0.03858571452568828,0.49160236150738296,0.41657449050444856,0.3090763983382882,0.6099204189608878,0.939140264381561,0.5919745247306265,0.6551307210303638,0.6335227782831132
0.4075400951403129,0.06842003441227602,0.46779954429082143,0.3542304922000049,0.36328984391123476,0.6051966708714502,0.9338844036354208,0.5365738759454746,0.5868507052685024,0.6142747356465148
0.4792608636793255,0.04425648016849862,0.5360748710591922,0.4344505176949283,0.37706432529320233,0.6340411728948645,0.9494001328430337,0.522362661058674,0.6538757587284703,0.6440357516974988
0.47523838924920564,0.07716534214719212,0.49023966905936095,0.3127514803576144,0.41546813123513315,0.6700123641217914,0.9417823297348425,0.5207310901378374,0.5206895719166111,0.6208460534177264
0.4765364593199028,0.04371462790663,0.4134453547294903,0.3163598505849199,0.3476576478717006,0.6000190103124157,0.9770713915939454,0.4977689967137946,0.5421567288897684,0.6793285867792827
0.3074087215778265,0.0031374847199431193,0.46045242856621416,0.3888243191320428,0.34965371736424455,0.6076661914768084,0.9868021469015249,0.5462785211442598,0.6274073740819369,0.661747123714156
0.46869728472092254,0.1050142652791379,0.5447577851304456,0.3052293882013405,0.40862785955480424,0.6844256026341228,0.9002403932940727,0.5374241888879925,0.5347132928360123,0.5867850452433888
0.40501015899216214,0.0597822096175298,0.48704475892413,0.4116819565252017,0.30505114205236666,0.5913326099759721,0.953448919524884,0.5156600827045377,0.6500436021662097,0.6276154622903602
0.406909422555115,0.10007134021541061,0.4677108131415602,0.4087241554981455,0.41795047760651044,0.6242491813951141,0.904528509082181,0.47919646421130424,0.652404055140525,0.5824265214569926
0.3533468937570735,0.015689433831331777,0.4435040579983059,0.35737899704797993,0.3538137627217814,0.5603716986891634,0.9810087633243002,0.5161553869264932,0.6244646317835749,0.6481334131529818
0.4554220792656217,0.04924797614499782,0.4209347996524679,0.3545142577985561,0.331648431203141,0.6152415099128119,0.9741152163584309,0.5796053141631949,0.5461597161076509,0.6708967723885928
0.36634548770027925,0.01744948381769825,0.445848434092725,0.29010700427915026,0.35341084700960196,0.5652887593601877,0.9893005555809223,0.5151111281732108,0.5840200195797197,0.6206301646104568
0.33883973747823737,0.04125777494391629,0.49001445392249254,0.4085037953579889,0.3935737554171012,0.5334032642172652,0.9486183357504187,0.4902265579529027,0.6226009474747023,0.6191205634789219
0.3977202870448358,0.04036482423974388,0.47879923402981117,0.33073213191096035,0.3110533543348262,0.5554107651805715,0.9458663779132989,0.5831536076793205,0.5691286446517552,0.6610360108097564
0.5014103653131973,0.013613545364107993,0.43321448449186223,0.3875533503191652,0.30130751446868387,0.62472588134793,0.9978438051460529,0.5725404204848129,0.6461250256752963,0.7190047357499935
0.45992886770229824,0.03944523987507484,0.4361854260795079,0.4465575677464992,0.376500710917936,0.5598834533266152,0.9423696898283678,0.5083232568588545,0.6455244729900995,0.6441897687707268
0.47377700575837794,0.06801162108361944,0.419202830924995,0.37613998030749324,0.3559125393663085,0.7029323735093687,0.9405922613707048,0.5215016225754776,0.5782459923903811,0.6578158346884466
0.43620852109819575,0.045237626406090935,0.4646848427871823,0.43207260098037,0.3918573400359046,0.6129879520140926,0.9542580119808075,0.5321997501351454,0.6757563193657375,0.6168738278634405
0.3851834515649597,0.07928400013748707,0.47115613075871954,0.4019125152819658,0.3515360467725988,0.6384922178848065,0.9363275443413255,0.5388796556863382,0.6675311843136051,0.6220255025292445
0.3696684709702416,0.08939349321571546,0.4255048448668349,0.4446917193033474,0.3587610999637872,0.6590716443487636,0.9512111498910488,0.51183832748676,0.6513454628714705,0.636272149718832
0.3172642309942431,0.035699640149670905,0.48518553098845935,0.3736557425350687,0.3740043674682359,0.5528498924684098,0.9471887878138927,0.5423684707158682,0.612345037777462,0.6398644838295158
0.4413652204483409,0.04668465062660956,0.4715655686689224,0.3006916192735274,0.3684632882521517,0.6439549014535837,0.9880344155667211,0.5687642308895856,0.5657288552685882,0.6441904290578144
0.36782979195804544,0.05106242297959492,0.522254096379207,0.40494099977427106,0.35821563755498814,0.5802244858078721,0.9040844325948431,0.5247860627214864,0.6335739738948052,0.6329397439628277
0.47916370789916096,0.04869798778978098,0.42782270833207064,0.3427834681604567,0.3510553043819718,0.6318971044752477,0.9541133631817624,0.5163008438851613,0.5399227859375193,0.6717493632498823
0.35165722201302346,0.05146292922634538,0.5237279021153067,0.32588424725759735,0.3644272951435606,0.5761935878762849,0.9432830592138407,0.5677454367659651,0.5668682553810147,0.6159755668874685
0.34277039328956316,0.04917726545279133,0.3674280350209018,0.39152165685571716,0.3597426123162023,0.5553492942674252,0.9633655619477365,0.5349563246851841,0.5997946361341144,0.685492670496723
0.3396619356041525,0.04085702336271086,0.4493416512269551,0.3731707621425453,0.3655068051788245,0.5169417200760564,0.9427075988075353,0.4941466992197878,0.6156274037714553,0.6257938776765849
0.41319800151982083,0.03990118658557292,0.40587516316597183,0.3797570277251534,0.35471983857663386,0.5703903374936035,0.9699955820199945,0.5390830501908648,0.6461239057081014,0.6464938245389569
0.5270023859879006,0.0422266056720726,0.38820029672070283,0.397788541932383,0.30848856147130643,0.6849871323398359,0.9619534486306545,0.5763691852109127,0.6048068746227822,0.6795232582130962
0.41738948657056696,0.019521384088323816,0.4649908446650859,0.45024659894945546,0.36782486501963485,0.6306174445651298,0.996996366504545,0.5613386625546651,0.6675928690061719,0.6454162420114808
0.4152666419403362,0.06960050418533713,0.48469809242996764,0.4242747495489493,0.4098653715199088,0.645800471822082,0.9163599161125863,0.5077446979400662,0.6221497491780852,0.6155757682355583
0.44635446695889797,0.003827867741572895,0.5006530280467963,0.2994485408166541,0.29877852110607883,0.6090041812915987,0.9680269140635757,0.5961432064813026,0.5691148169041946,0.6334881698831092
0.3361386525128788,0.0589944194373621,0.42400585030209975,0.37898077371934324,0.31457673956350735,0.5417611919409451,0.9665581403373884,0.5394485892677611,0.6209741894355663,0.6706141640363779
0.4238156603444678,-0.02452295313002548,0.4057771738638951,0.46032801908585946,0.2903853365052548,0.6323889229324644,0.9936931155904772,0.5763427399126053,0.7592728742757512,0.6650614480818875
0.36478453847309267,0.05253236507829568,0.464334544319924,0.41767654833413254,0.36328569798216304,0.5428884170915433,0.9398411943432287,0.5313976724843429,0.6184649795336441,0.643739399140058
0.42381941701650383,0.04035384528620764,0.4264909400080059,0.3680955577936978,0.34225224705128865,0.651252876574719,0.9765391334783642,0.557014016828722,0.6094830995118714,0.639238896593652
0.38501726385511087,0.023115095121649738,0.4556746461735525,0.4331989134287221,0.38167481697416517,0.5630380611310355,0.9672109709592214,0.48772263347130584,0.6997974251465037,0.6395760825938794
0.38952119445514943,0.05727497326736681,0.5250257384491932,0.41430453672033657,0.40156971984839784,0.6003581364283341,0.9446419729148774,0.5690351773820045,0.6745900363347495,0.5704563760098524
0.4460260258091196,0.05699309709465506,0.4616307515747108,0.4061248123633838,0.41666896368785444,0.6970996944947706,0.917016928341805,0.4967138016024272,0.6625899041015286,0.6361166579559903
0.42812847554771927,0.045203706274872336,0.44249556188950356,0.3802600447589526,0.3906116450771922,0.628994138517718,0.9588554249828407,0.5049300963159393,0.6366503682697248,0.6597645838407789
0.4409849305113709,0.05408791692234558,0.40528564548397533,0.35856838582205597,0.3586443885377085,0.6057089675997728,0.9617084994627483,0.5385626332061927,0.5851213122955269,0.6563437758119299
0.3979476470665923,0.045918703838719224,0.4817424181114065,0.3552575885860838,0.36387989135223325,0.5605365977972678,0.9552712498778853,0.56993463216067,0.5396124787775463,0.6344973236248084
0.42047849718502733,0.021212395269593235,0.4951871657467907,0.321407554791711,0.3456498161012051,0.6059298064550824,0.9598201174067686,0.5140984070416934,0.5942641468520378,0.6367810035669926
0.4414784607762583,0.01900035249567594,0.46897378910659904,0.3518916239615861,0.3384870213512894,0.5949372352600497,0.9856870910259433,0.6003480853366592,0.6195113326527308,0.6651753251860376
0.31557714939019227,0.025400525198682345,0.42053705169939426,0.3991901968699097,0.38514907218721794,0.5223598042391572,0.9769263513377727,0.5787972646102653,0.6747088549641482,0.656027328252484
0.3315580804960531,0.05892177532201751,0.49399106493336825,0.40845115052020453,0.3219650275806206,0.5169608660563874,0.9431957168721549,0.5413878540546355,0.6554633375622275,0.6355721687690967
0.4222292880743698,0.0274644124477655,0.46784213769143795,0.4539337242082128,0.34405928680311865,0.6132293935505271,0.9830607534084221,0.5554089558410749,0.6828414786824795,0.6496404931779891
0.3524900869782919,0.0789048089661084,0.4494669615074809,0.4281940452238325,0.417654719754225,0.57325206208398,0.9148934749406227,0.45724758613114114,0.6635715309515393,0.6170826653229331
0.4209822268416788,0.04845299490702133,0.46638061795601315,0.47265612250213485,0.34840172073185427,0.5953907047751339,0.9599564172542391,0.5512586271593103,0.6174302330067055,0.6291386336143023
0.3945426549118395,0.09555042685821608,0.5039891968385649,0.3099800006320909,0.37640840680809273,0.540850285446207,0.9398722819510273,0.5315513703542056,0.5490243772822182,0.6221077337953411
0.38413071174204555,0.0012021702674616197,0.43415415775299115,0.38438431792019034,0.3540870201058726,0.5807300119067368,0.9599459544571334,0.5313747058152789,0.6129626329266193,0.6801001947456478
0.4032971054201927,0.008290315348255578,0.42992069758771984,0.4050613023333652,0.3510519679903819,0.5803891744472389,0.9909837116051775,0.607112188784864,0.6302515401592024,0.6418046640717072
0.3729369012896902,0.029425434244423856,0.4308759631534375,0.38651106031938076,0.3491646775500242,0.5973857346418598,0.9821941680928032,0.5587470948644111,0.6358214696371015,0.648805739300608
0.3946736225738891,-0.0294762405439002,0.4639794769403754,0.37937473293155205,0.32603664232489576,0.6077797067444262,1.005849845292325,0.6007694214641323,0.6383926567732908,0.7187727777578914
0.3546180029959354,0.03468776482821335,0.43322091210012675,0.4048527339954163,0.3604287860019237,0.5816280509262255,0.9752188455188083,0.4936794444701278,0.616082920147266,0.669044890192561
0.41661857565952864,0.033401595827550784,0.43918091773346896,0.373613327694257,0.30508898429431824,0.5164073319912591,0.960179941859404,0.6134694317311639,0.5893895520266459,0.6592508554053635
0.48022011880635385,0.018942607854957997,0.3687591340553761,0.43809042339705767,0.35505794812831576,0.6110749317243853,0.9840312896016192,0.5286316626490666,0.6277740434884893,0.7218732245192689
0.39297768011714446,0.05620310251398146,0.5056019745393958,0.29460806769694853,0.3159049491099811,0.5290285627550382,0.9241554715494076,0.6007328822632351,0.47812521561694143,0.6268066917623814
0.38478865801060763,0.07517973078161068,0.5039907308708598,0.3491041766111237,0.3795422404500288,0.641493116912765,0.9270944226362199,0.5343622205134649,0.5680830169787147,0.6041727816100357
0.4750863192132498,0.08220445516690723,0.5326003899527065,0.39731776538899455,0.37860904246931926,0.6088424237028215,0.9322620804122838,0.530599584563048,0.6068819909355492,0.6104287325856956
0.4392234011062216,0.09800028184725833,0.44523432492399373,0.3189568740693572,0.3868147450337401,0.5851642363994416,0.9351276426366733,0.49043907571551226,0.5545014259390932,0.6321519960780921
0.3595318693033784,0.0551998110394415,0.4740276074251503,0.24538224876127007,0.3235805924042517,0.5659461176573424,0.946478377040064,0.5274906445836638,0.4827883911602362,0.6463288074504804
0.3775231235163736,0.04774546271796418,0.4337151569987082,0.45740622216042415,0.36580276256337496,0.5852942430207595,0.9434114688896096,0.563189791435904,0.6546454121288804,0.6473223872924216
0.42296091876318753,0.045872766517030844,0.40381666162824886,0.4752430450947217,0.3826072654815902,0.641064965000652,0.9569133385855704,0.5572598798535406,0.7081662140113734,0.6705727090567972
0.3351585060248309,0.050644803339088544,0.45612117749874914,0.3850599934731414,0.3325470019514601,0.5488364837554487,0.9585699435611598,0.5325170805142101,0.6239466282465661,0.6792112870448511
0.4614670081249145,0.0326507499295409,0.443320199666343,0.34613278546215037,0.33105156620003,0.6074324627317762,0.9458493064977287,0.5328623645298671,0.5644347167767936,0.6474604928252821
0.35180486872286026,0.023316537272308875,0.44673647244271375,0.39230701537577994,0.33133780442192823,0.5381079328003088,0.9740485460505866,0.5715201741612981,0.6475025068866883,0.6425009141467702
0.41539036918722066,0.05090829715151907,0.45396624702112587,0.42204421039122686,0.39163795072420976,0.6707065607337963,0.9852382547957912,0.5556048863437923,0.6785290145850337,0.6423982041389568
0.35091323512219796,0.034571973952704,0.4769715859612704,0.35559254326501805,0.3679299546891762,0.5865351517283208,0.9487908561580063,0.607411539514704,0.5382787112990323,0.6183252624044029
0.3549184050114303,0.009819603773688445,0.48245920665306125,0.26980037921075684,0.3113829010524055,0.5972483600889325,0.9976963051307005,0.5894009467243471,0.5707709935260656,0.6968689436726705
0.4767090393337008,0.017677342494672246,0.4762189998718075,0.472868216052986,0.34740730261218805,0.6582622837957663,0.9819752739163092,0.5105669657709493,0.7206563107955515,0.6570976776925559
0.3600769265671485,0.07971486259373745,0.4470488493488551,0.3642931891971048,0.3586586308521749,0.6002069889575842,0.9261991548607171,0.5210382333584697,0.5949769891867815,0.6355640042871582
0.3867538671999535,0.0315693003684953,0.4812975043752718,0.4157006696939994,0.3850773406964112,0.5636470663013029,0.9512727206399026,0.538543680580964,0.6219476726277029,0.6477425341703675
0.34241023254507635,0.015270341734911711,0.44777359379332243,0.37200655595719334,0.29382321529241834,0.5236498797575335,0.9680240991736749,0.5423012060238224,0.6581310764356831,0.7008768015163592
0.35282422195641044,0.04207953308830912,0.4620091662434312,0.4044375106398743,0.37711471004798763,0.5721677157166262,0.9250583005080815,0.5267955844147737,0.5917785533197537,0.636308318318108
0.3104648689374021,0.021593396086209995,0.3778367098138479,0.3502597613867573,0.3702654203086948,0.5074307048360875,0.9751909082387373,0.5192031152141587,0.5896052534860896,0.6706472743432979
0.5219307297325472,0.03401991627535356,0.4573663165185563,0.37897009927271896,0.3536792491613855,0.7493356858504927,0.9923512822422299,0.5591899375807017,0.6129421115908167,0.66983621978784
0.4783195264209076,0.049829085673547435,0.4528696292781329,0.3738589422184427,0.3351772377745926,0.6543466076137547,0.9702324766852038,0.5894770655414339,0.5977594135244609,0.6641341174547635
0.4517720851142479,0.0390044168295597,0.399856539240779,0.32504082077815527,0.3986713299684899,0.5930979633830682,0.9582425416309818,0.4859062304459989,0.5698375449752278,0.6403235086055952
0.35844131042227,0.07526014741548616,0.47846607076046593,0.39239364281503725,0.36958791435362176,0.5885954172324408,0.9525359563001771,0.5256756683730651,0.6762198829866498,0.5799710143334649
0.3944081988504557,0.037878306079257865,0.46891098150812616,0.24531231477790116,0.37562429524339286,0.6487563283731921,0.9993768523677851,0.5365688692471404,0.4899761573923518,0.647552914936353
0.418841165205123,0.012363353268615275,0.47062257232386473,0.27889042282772475,0.3403518131201681,0.6626693541639201,0.9904834483944303,0.5803032617023866,0.5473193484688005,0.6389664215852502
0.4346310147014189,0.05483317305204412,0.5089340915218891,0.3634530556175369,0.3499357711161461,0.6849143095771664,0.9554776664497993,0.5111888792274901,0.5763454266805712,0.5969791709201406
0.3764218051497304,0.022330441503104894,0.3964133641792405,0.4444913772044855,0.3241495542998449,0.51221906594422,0.9652291680027457,0.5490407421410508,0.7324967677801533,0.6939337344464335
0.37057100658781966,0.044508905732350265,0.45116543166948414,0.4020966582766231,0.3601244320001674,0.6135854423019355,0.9539875151132897,0.5847403988732709,0.6394991446535941,0.6341387095653532
0.44460833719838966,0.05777265777927548,0.41520588508156653,0.402313999652376,0.3876975382845956,0.6918857241179485,0.9362251037131597,0.5206306951277575,0.6268058519443893,0.6285650686177385
0.36599826344625314,0.016383597101330527,0.39937100634082456,0.3510517629476198,0.31628986444091073,0.5621198826467277,0.9733829010758864,0.5568494400447712,0.6819088559501656,0.6748254812606007
0.3556230307070642,0.031238304754319823,0.42617304774980314,0.38596312148369033,0.361395987393227,0.5585112763574251,0.9506672618893353,0.532793470274595,0.5834387278413344,0.6832307101459144
0.4257433260652145,0.003450682815770684,0.4442243464360214,0.3770566422571681,0.32808619912048254,0.6369297102849569,0.9886778772127104,0.6020374219436646,0.6252289143460266,0.6783330314035796
0.4467767002020583,0.03682872860321982,0.48582878482459463,0.34454158050925815,0.38566974396111575,0.6445505014170907,0.9324173123377174,0.5338101322063109,0.6122027956801183,0.6236886125859957
0.4187579250441573,0.07521621173372232,0.4519604032443341,0.35921021365185385,0.41513817208993037,0.5927289587674622,0.9243069752657077,0.4680657412340057,0.6129842615627359,0.6167188319136181
0.34513235840817214,0.009391657735274025,0.44299589095980163,0.3679103473619497,0.3175112569375233,0.5312773864967326,0.963237822966989,0.5312930734783501,0.594944473204749,0.678564656696379
0.5097704700583324,0.04577724923046019,0.45771058621225147,0.3440740784499241,0.3724568812194061,0.6427413144649334,0.9530051505635277,0.5844786229218122,0.6105538493167648,0.6549250566016067
0.4081502734546616,0.021586750336127204,0.4649663705096725,0.3091345645242936,0.32958192963319527,0.5798975559926742,0.9505614585618236,0.5463226360354813,0.574789632373214,0.6193568031176973
0.47063916409108014,0.052224557027622534,0.4325855726049363,0.3293426979631074,0.3760257809947963,0.6408027578040436,0.9493413824473346,0.5301642063747909,0.5892469685671539,0.6700759525006836
0.4095988512318431,0.09371545994028649,0.4778359168614365,0.3571622563923969,0.38828801882634206,0.5397744066062526,0.9084690678296947,0.48823224143962374,0.5608562011817422,0.6175354602045365
0.40479352385388256,0.04658514612025298,0.4201226275570296,0.3700625333882894,0.3335661108756242,0.5329849597241577,0.9544135488217809,0.5389216238476329,0.6084239694619841,0.6343610587131286
0.4262076057456723,0.02424067039635338,0.4117496567184896,0.38624922828217556,0.3230655705266955,0.6447185403359776,0.961843673908186,0.5630855525911609,0.6042149448937253,0.6703441396810645
0.39478063088830645,0.037629840558167586,0.42490592722746334,0.3874730157363422,0.35191683125329826,0.6338580049764954,0.9795456697278454,0.4537116426724367,0.6088140244343234,0.6516660484915734
0.4284796643048377,0.050769727191837685,0.4619745082113764,0.4248574997743718,0.3867293676771464,0.64536392398805,0.9426403638930865,0.5234240974113658,0.6439005274979401,0.6283650999510513
0.3379750131595676,0.01200224302995349,0.3790798687481507,0.3043769130704275,0.2885077134474967,0.5646831703161936,1.0065738228133112,0.577551851719555,0.5869763151676208,0.667864643619055
0.3738624224461943,0.06611734448013476,0.4894471651319479,0.29959938123602536,0.36062257595539243,0.6611140322007869,0.9859936911743975,0.5514991385720801,0.5618139846972294,0.6307094500919269
0.3723196120296568,0.09735851570007645,0.43358133282666056,0.3290817905273386,0.35880348262915635,0.5536912654940118,0.9398800791360693,0.5134554810608789,0.6208502473558788,0.6335307990567378
0.45395827213550627,0.017739011905522482,0.41921549631315996,0.28657500977091666,0.3782222472874215,0.6419339753535142,0.990094201529266,0.5560516963938694,0.543981733699971,0.6882917892719763
0.2821154414109385,0.08014803904398687,0.47090522787585887,0.38388988043912536,0.3709259940335746,0.43563863553510407,0.9237889300805846,0.5066500981043407,0.6290029606406793,0.6086936047048701
0.36199165024069163,0.039954908588918404,0.4822321507737941,0.3339319419407053,0.3531473508512094,0.5450182362298606,0.9341022656634538,0.561233880729812,0.5795602827225905,0.6458532079464262
0.4352270310279723,0.07561539840258769,0.4477419202820718,0.3425406324055493,0.35544405363246184,0.581205205172203,0.943991283087457,0.5250223522887217,0.6162114240219099,0.6249082754550676
0.3649058934799049,0.030304378443323007,0.45117170941237517,0.2965844339105716,0.32612573836952297,0.6170642333079774,0.9850238936918779,0.5427363895021905,0.5358554105507489,0.6442106596898474
0.44656403338884504,0.04019981498300618,0.5331888091754581,0.3930102356205588,0.33408293954553814,0.6161323080439567,0.9543309109638493,0.5870713295771017,0.6083250400328764,0.6510447317213313
0.38322271705408045,0.03518372757772999,0.46020988408843305,0.3111233018951708,0.3198166328014245,0.614698459148879,0.9857844430421419,0.5875488064826979,0.5960431396505483,0.6759426676214558
0.3600581819159507,0.02027312519280554,0.3768454978265237,0.3519271645945809,0.35145663859895476,0.5959170988375277,0.9763598542700149,0.5642174384769638,0.6110539923559757,0.7194357592083864
0.38501267227731456,0.014048701328434323,0.38343597572038957,0.34334029393731536,0.3840352053911613,0.6482023761317639,0.9692100535508082,0.5317210666537304,0.6242070560922715,0.6676406415856424
0.3348875337665565,0.03941572167154591,0.41119283928205264,0.39523655642027783,0.38288503802446355,0.5308706616795658,0.9364575601983945,0.47953184115120295,0.6944053410157248,0.6715098622738361
0.351782372790856,0.047847700771535925,0.48411088125296003,0.3360964740019652,0.3807373662003861,0.5964422295834125,0.9447213071597704,0.499346759347717,0.605808837316459,0.612421221858658
0.42175360423634406,0.03764357169095325,0.45467339526926864,0.3817157443922141,0.35679360194534404,0.6413452886693667,0.9765852502977813,0.5057449564912926,0.6011000157399222,0.6668417045765205
0.3258638636475544,0.02309323022487315,0.42324975837472034,0.31893120476227765,0.36454995875578644,0.5728390986349021,0.9873616706794521,0.5429136695171919,0.5630831973381313,0.6848312901310796
0.47956489875540054,0.037386857879938576,0.4647046019620822,0.3253164579772952,0.3322677131131877,0.654177695777182,0.9414931215461166,0.5770510786118461,0.5331538470003864,0.6439750286516369
0.46857752444375356,0.014925980776613827,0.4180350955046303,0.331553249820284,0.31608041649796714,0.5505866171174287,0.9773910456738215,0.5780020767350231,0.5608298591662317,0.6579689344588567
0.3274388549270309,0.06691088927520776,0.4690997997745835,0.2794837928808261,0.39496158595418185,0.5651163612523927,0.9346253903907993,0.5349206039580221,0.5354145953738048,0.613933500944271
0.3890160032288089,0.019907893486607233,0.46386576346562336,0.4439626452000895,0.28487985150586254,0.5244407770226588,0.9683789978696705,0.5450010993548747,0.7153281859222224,0.6827427789158349
0.32896521979850923,0.0592011070167,0.4587398624071143,0.391515938646647,0.40262853404007193,0.5172082706339016,0.9350234270599943,0.48348091174730257,0.6312137703998533,0.5846284825606911
0.42360947151790174,0.06669134545514746,0.45867560957044434,0.3574401293837875,0.34711281532396066,0.5873647199337166,0.9394910551457606,0.5410278203305462,0.5454007640615046,0.6594335218528088
0.3677249167727096,0.015806839485936853,0.37372271352251096,0.41369793843533975,0.3611398275655883,0.5965237958362155,0.9857138592065473,0.5452539054310723,0.6222641656364527,0.7000561609163847
0.4454497809093267,-0.02720730315076685,0.49072952954357335,0.38328256464047905,0.3110401731121735,0.6403890205783296,0.9926770054126104,0.6336359653154735,0.6130887068347097,0.6828200718718698
0.3957312435548308,0.01221009738187867,0.42877166663536304,0.3014697771555904,0.33583612775020893,0.5182622090356981,0.9680279120631495,0.5517776450180819,0.5730763544920052,0.6830747603380289
0.467683919213255,0.04550974950808552,0.5053605705673181,0.4738112595235839,0.3715010611221998,0.6789603237206925,0.9515592396239769,0.503150857646421,0.6939796820642282,0.6342841271974826
0.39857511403841706,0.04567276625631782,0.48052415880326216,0.36588878431397637,0.3898788352542311,0.5744144675542109,0.9510395476588233,0.5276452714633526,0.5608634624586544,0.6434918796153374
0.4374425459494981,0.048616698299615416,0.4143483080880907,0.3696963543996188,0.3419655878300535,0.5517281450986208,0.9700622118100855,0.49085425481570033,0.5871153027956555,0.6368874061470701
0.47648198217780724,0.04109640649764879,0.48382706282898685,0.3431349135495836,0.3397469463028372,0.6200365117703523,0.9548458975397409,0.5373620108941191,0.531754416842867,0.629372923957991
0.4251353843274,0.03413614386888849,0.4535951792101818,0.3239427532668061,0.34074904212882073,0.5385931993175619,0.9689124736389144,0.5191125955172273,0.6517766368219531,0.6536256135682941
0.37336383992521477,0.049465569923255126,0.4257266205054324,0.33558902370221577,0.3718521400980484,0.5598527878512347,0.9471073986505091,0.5619571134155756,0.5632629263972437,0.6475479191079554
0.4474039685897691,0.09242077738182755,0.4977867993343909,0.37432874742059824,0.411778802690409,0.6675341796155152,0.9138122416840725,0.5212772540091133,0.6335566501947942,0.5622465820057041
0.3250211810639788,0.031211969482404876,0.44833778420516346,0.3710788609508064,0.3408465900770789,0.5437418104326686,0.9720656479649604,0.5344374093288913,0.6185048725753661,0.6241763336265553
0.45446149909775796,0.03599811172430159,0.4674524538792549,0.45360920810218713,0.3466965556004043,0.6440969224654256,0.9358692970419124,0.5507823324356835,0.6785582053960226,0.6628716070942222
0.371533815693883,0.02014532787057447,0.4968893655547127,0.32879510053662564,0.3537758003976255,0.511443603261787,0.9657747791327331,0.5915045519599917,0.5957098783050886,0.6322780851779082
0.4120634674785969,0.015659837027771555,0.399893461410736,0.43507393913687015,0.36917977732758567,0.6324145325789927,0.9908564020778776,0.5313178702429175,0.6720459916042287,0.7138524857083781
0.3542897199628835,0.056977380070277486,0.4508376930410149,0.3539842710263827,0.37283137857819904,0.584660897916877,0.9746500530306409,0.535475195849326,0.6158173649260781,0.656003746949165
0.31924823421142734,-0.004318280361338986,0.367618001802888,0.37967096587514376,0.36339804815669796,0.4977414148634819,0.9992898323172312,0.4743240293998787,0.6293990651117587,0.6481805664717692
0.38390374119086734,0.05484603779922294,0.5028127101580461,0.4348813571647725,0.34339639095966595,0.5668091104208168,0.94427982170984,0.6049039440297073,0.6819487248059853,0.6344682571297504
0.45184403978945203,0.07705363664704723,0.4849207390877171,0.3974756041048301,0.3926889478025144,0.6600326927018139,0.9280546810165533,0.5066110295211902,0.5735156383396238,0.6394446417741881
0.4932569505807116,0.07088062480310922,0.508906103994171,0.3345114582687953,0.38292833619878636,0.6052248076004413,0.9411152890550262,0.5481323478282011,0.5043630984769061,0.6116589710318252
0.3692652387109661,0.10483766371656573,0.5617033626086497,0.3445280204814366,0.36537768949474164,0.513674695472573,0.8935747809843888,0.5188113592743137,0.5896542843414023,0.5665680742986671
0.4880992242502117,0.058498193276842636,0.49625075340524943,0.36258271769170536,0.3804363026374204,0.6373174640676926,0.9244697733263787,0.5854630727995704,0.6166354090573007,0.6224665223854855
0.41956986492650805,0.040737227028256086,0.43977374858730284,0.4644692229805526,0.34970496139475876,0.6213713787260884,0.9725830586187573,0.530125189575162,0.6764338371711993,0.6786933189124094
0.34613927825939694,0.07166319533685116,0.41429939843551095,0.44807669065297095,0.36385396376417883,0.6187171532102622,0.9390103224680075,0.5421794105568529,0.6684536624857504,0.6423471891509607
0.37407718493253533,0.07591108767315316,0.5251502443256988,0.2913258174430118,0.3516598873806436,0.5741351060664064,0.9241307657993818,0.5859525950779501,0.4746536360955165,0.6187207408164477
0.4379843881542624,0.03143263650424251,0.5048094343722255,0.5002911594466598,0.3680329151573991,0.6665621853734502,0.9518929996460959,0.5919102683520672,0.722292438207759,0.6293528124544856
0.4343862684136015,0.06604423795270899,0.46821188064156244,0.30738952785094675,0.3764063058612171,0.5880709226999792,0.9347872426042361,0.5326998026208465,0.5095369893312973,0.6651323661932877
0.36604622108194024,0.044901428145138984,0.4687031247362774,0.41301399684724904,0.35722029645202386,0.5252742296216173,0.9672067479107828,0.5436141535624222,0.6276845654840278,0.6382686679454437
0.350778819927842,0.018024019343027466,0.4327759255765769,0.3780052980337746,0.3544839623059131,0.5178419561532571,0.9651983263636204,0.5583102481587132,0.6299899810313294,0.6912923523976355
0.43060205343953734,0.05606956754492712,0.4676679343064935,0.40566145889136934,0.40656514836297614,0.7030192294033422,0.9257307159230891,0.5044541197234162,0.6168379124410697,0.5679820439211895
0.40819514812445973,0.040644202330228724,0.44367588764268495,0.3319335719723211,0.3545783570453702,0.5459288677786304,0.9338294407225294,0.5236861597014637,0.5736763522113804,0.6231064030010528
0.4817838311710466,0.060890532836967715,0.501410143402108,0.459322482472072,0.35302025858892366,0.5552882525790048,0.919756372394607,0.5188648632116037,0.6667495353112999,0.6271724649845524
0.4850937940805376,0.06778466783568432,0.4632125365581332,0.30401580150723123,0.35320825208166184,0.6188311367597794,0.9357383433774491,0.5277646351694649,0.5126971588372197,0.646035542293882
0.36139323997989825,0.02511354855043278,0.41151085636456336,0.33654602536592043,0.3299210846862897,0.5998888935411577,0.9826226253148019,0.5540823222094484,0.6231608331932998,0.6710627133366369
0.3389302858311038,0.03779102609427136,0.4489918569522217,0.3215884889230915,0.3607276794034797,0.6047420574851827,0.9279408006095251,0.5265212982206624,0.6240210576804119,0.5914032614351779
0.4714502039315851,0.0669735356194485,0.4363009902489918,0.4110361017843493,0.38214228018963636,0.6556926986394043,0.9287641041269802,0.4851757255111493,0.6521912149718914,0.6383580501791531
0.37587309360075,0.04586138972664276,0.4655496715786285,0.3978123639956471,0.32199115616394997,0.6355853715899832,0.9318151173515413,0.5517613089445877,0.614405574079987,0.6507551634288129
0.4660985719224963,0.047836255920947826,0.4777705250313047,0.4031173105619053,0.341599523149704,0.6475095087168563,0.9643419912126624,0.5913593796088206,0.6495768709109957,0.6526941057882876
0.29698706896690846,-0.00011568340989260197,0.3988591196239269,0.4377314922091081,0.28886906166277054,0.4967418059270813,1.0064108336471718,0.5483863373250044,0.7181993907543676,0.6986075816063853
0.36623731563072087,0.05551796548588126,0.43204291126475247,0.3644245114814068,0.37084822819793856,0.6190168359246403,0.9355384864016565,0.507127262385249,0.6155806378103873,0.6537212766709182
0.4105858966808946,0.0671188665347902,0.4956329659662647,0.3132013940664226,0.3496245003021907,0.5732176342189972,0.9432687156463363,0.590772324768203,0.5472458832053777,0.6526623001872609
0.48613804670341,0.060704941204570415,0.5401676863382364,0.442745685657082,0.3970393198823249,0.6353863243218715,0.9160991563020033,0.5142998282585627,0.6061245468358143,0.6158664110599263
0.4435544003114122,0.018613467526014987,0.4337467795387483,0.3978940008618954,0.33957304481877604,0.66453680503229,0.9693958073723216,0.5701855575944534,0.6449933902173607,0.6992200355072263
0.39796446405994623,0.019935730506722735,0.434290307517742,0.4400445355139318,0.3633964339041096,0.5468141748114779,0.9801068883029641,0.514368883294441,0.6511587029630297,0.6834866413589264
0.31933769242647964,0.0300757593815935,0.3870031605755422,0.24618842384039757,0.31548279333722573,0.47128709748359465,0.961045244200263,0.5499783700000436,0.4623581626060017,0.673924969050206
0.48348029946896465,0.04902784299877405,0.45881398874548573,0.3759989915577917,0.37393189026128165,0.6617210708708281,0.9454169406190894,0.5359387204219861,0.584405820624527,0.672206174048047
0.45574688662237955,0.07058724145778193,0.41356858524690676,0.4154285517625122,0.38949791960159935,0.5904451326833438,0.9182088939829042,0.5280046960581913,0.6427667099823388,0.6546320521958948
0.4486076905612216,0.05869213201473508,0.4876902544963111,0.3920051202204144,0.3486793119557468,0.6106063952117768,0.9235424486662508,0.5085516797072756,0.6447802911782493,0.6285441935354534
0.39941099745630876,0.05550574396442783,0.4645907413427112,0.3587807814366904,0.3685172628716179,0.5642960880084984,0.9430342475593263,0.4855357904049543,0.6280723781369482,0.6430245932879387
0.4710304790834939,0.0500878432120853,0.4929510977788833,0.39829264761214095,0.3354030410555078,0.6806957897231527,0.9685006912110449,0.5973935768733748,0.6199591473994039,0.6608430710475741
0.33383707907485904,0.03042563805205212,0.43365000873646947,0.3703871953082467,0.3746511906586712,0.5530822018220773,0.9763236603006027,0.5535071150519953,0.5330318559540401,0.6304992795695892
0.38822118077834117,0.02936661562788094,0.42742631868222336,0.3543502708978648,0.33781316811263845,0.5371064877146636,0.959100053406214,0.49605143664924756,0.5686303309258874,0.6307889314598892
0.4309004967109749,0.018573383236076126,0.4871427311025852,0.25644207546950004,0.400489528521287,0.5918421293046808,0.9529328588800152,0.5457726599772907,0.5579158361234561,0.6420592572279766
0.36644863100191877,0.04243862245791717,0.4369866386193632,0.44402808817704015,0.34451835810378384,0.669209203633709,0.9325117880491991,0.5783940880841194,0.6858858059707198,0.6033764714400927
0.42482792245128087,0.06729405272594137,0.44822827441014323,0.3550041526598815,0.442557672981912,0.5955387452403134,0.96671667554454,0.506805357636494,0.6012887351965732,0.6873080958406168
0.4835326437835128,0.05149759048749653,0.48997651096795247,0.4153724659485248,0.3483027907372786,0.6841675160337812,0.9463823958354975,0.5263106798637107,0.6120384871965101,0.6240035091778666
0.38229080380874847,0.06262242574793506,0.432935025998873,0.509236864762154,0.3358336552135541,0.5563482383796509,0.9369046155753575,0.45456737946918446,0.7342601837021129,0.6538661246458405
0.42411038699509385,0.025690461601853065,0.40736670243040596,0.4990632823269848,0.41200932493628795,0.6477824229272741,0.9541312472826443,0.5180102411614775,0.7108622523546382,0.6699540704945828
0.4931178243803699,0.07856089093874433,0.4876363402874439,0.38727598333009616,0.3739716731734826,0.603605250042941,0.9494122044665193,0.5381730000021574,0.5948648635439442,0.6172808740430599
0.44627622919334897,0.04865605846953787,0.423206080376678,0.36983387269526175,0.34295772525946977,0.5258985122397574,0.9837901415618585,0.5505510238125306,0.6171178329808986,0.689296784531356
0.3796474582795872,0.05653051018536702,0.44050277257074144,0.32875476558417627,0.3094440256244228,0.5113966794890406,0.9142126330753146,0.5550244064021681,0.5705673766940846,0.6557140435758814
0.4064410957625378,0.0576332127726922,0.47796219488460734,0.40477134864566217,0.38175424371802424,0.5676885003795601,0.9441723488408686,0.5546502531995214,0.5938551154379237,0.6099719274750706
0.35529682511784605,0.03452140304595003,0.4411825395573293,0.34076415029467394,0.3658639663227092,0.6057487613220067,0.973590913395688,0.522234463599236,0.6134889092115275,0.6289804523910143
0.4292465669597078,0.036269719910932474,0.4408512846310158,0.3566629176684397,0.38740555383066755,0.6124935642191474,0.9775482069334969,0.5684689664765232,0.5602843894218421,0.6310280140679814
0.44165241452388154,0.0344726428621058,0.3957292590265068,0.41386967557293114,0.3126971894556287,0.5937467246782182,0.9596662179955887,0.5542144151563405,0.6012097085680297,0.6675428888942609
0.3282733677318851,0.06084706095680701,0.48272267954024106,0.45581505515486226,0.36022607810823093,0.5092648985734209,0.9576103168328868,0.5584419547432913,0.6446798300964041,0.6262546102430375
0.3481261243642176,0.06882560811671844,0.5212471323709799,0.5267215023752766,0.3429083512303498,0.5180705070994711,0.9205916916380814,0.5488003133433577,0.671965127692441,0.5803869469369838
0.46296867985207907,0.009415789164566877,0.4438438306667792,0.31556963672121613,0.3383045434292432,0.6629180627964838,0.9758896737373268,0.5641191643026622,0.6155714865695596,0.6990061998617079
0.25442324020944435,0.031367361054204325,0.4268275002984004,0.34409890380923464,0.3519873185052703,0.49195991283467655,0.9435865727792789,0.512610083111801,0.5622706509155933,0.622706975712668
0.39288573905442964,0.051619690193725185,0.5128270871838415,0.41068877642640067,0.30388285689774097,0.5953892843702524,0.9706569195035668,0.594106619641215,0.6176765690459929,0.6570145222983437
0.3979219062637412,0.07504816373009364,0.46457197825971724,0.31585474308074457,0.40961636622452047,0.6331669952963246,0.9323408731544683,0.5425282755550409,0.5405996820984942,0.6316319422268538
0.3465958913108406,0.033193288541550965,0.45391650261478717,0.47178278937098833,0.3673464093423141,0.5731959954918615,0.9534167459124158,0.490426205245186,0.7583702400477631,0.6037952826329154
0.4909335912024853,0.041155288806907116,0.44974698274557495,0.4276791264826018,0.40142820516811517,0.7080145523694823,0.9523023713717645,0.496512750996257,0.6789246830764216,0.6376451123234059
0.4348888635263836,0.027239835736195556,0.48209322773905877,0.359691857694701,0.374116255516201,0.6303107205884475,0.963704522239383,0.5601108169193871,0.5957771429315692,0.6361164061273527
0.43632243300322043,0.04893030299060781,0.4209776576496178,0.47694176971162383,0.3983792527531784,0.6510401494292872,0.9502004395424694,0.5044690485265959,0.6293350896659242,0.6191509126416532
0.44294125818070723,0.07016904797330292,0.451229372881268,0.3950291738353751,0.3957356559292357,0.6353209729436187,0.9310193358276648,0.5051793236388951,0.5265188430549756,0.6355291065053885
0.3805961508369505,0.028892662724442544,0.48413589445379324,0.3801593684245676,0.3650119103311873,0.594841385636332,0.9701303211885445,0.5392354826808909,0.5966006656395941,0.6244714694829154
0.39130131199711193,0.051752287042569636,0.46190671218430956,0.3309482203545021,0.3711069054297721,0.5121485609875982,0.9351465786316661,0.5093058312896523,0.5739706245769272,0.6256369737352268
0.46279223294099403,0.06274450815130928,0.4641737251881333,0.39616209272621433,0.3863325214972023,0.6729553822033401,0.9385259403131079,0.4671900776883311,0.5828961005830715,0.6169168595995606
0.34440132536374957,0.04509132374875541,0.4310371843568239,0.3739922595070112,0.44571563139571996,0.6038057670280204,0.9269353263322269,0.4619903881537383,0.5921512344297645,0.6463460716148783
0.36596525571873806,0.027762977244054445,0.4586969361290231,0.26039637475926736,0.3553726835631992,0.5759946388894648,0.9525624414238971,0.5786469014033029,0.5207384665258505,0.6436662785530568
0.3712146379388591,0.02935791848885327,0.444896540019408,0.3491172195248531,0.32882501674364584,0.5711140308283466,1.0206702576876332,0.6010673145940395,0.6134259665895325,0.7078962383722123
0.29605485708329693,0.03462521411363581,0.4942305025009152,0.38152237563042196,0.3552112307569519,0.4782337073687495,0.9758644739389298,0.5357385236888664,0.5414683925422941,0.626111085707391
0.43721666789563224,0.03610339928248367,0.4243627546313152,0.3589812099983987,0.3167282343231587,0.6151881719209868,0.9693713471400937,0.5852542434565599,0.6096799926388322,0.6816938597104268
0.21450970979700262,0.06133350152022606,0.4452352461345979,0.30914444969261673,0.3792280176357343,0.47616539995425133,0.9302410330752333,0.5019975372056942,0.5462644129912257,0.6346311826368682
0.3661452494420482,0.04421896889852022,0.4682635040768703,0.3429883386123862,0.3714868491638383,0.6240645358921718,0.9513282181270828,0.5703808921111804,0.5710645355490935,0.644328990250649
0.44659463147333267,0.06413214675996803,0.5207689836880331,0.37431746946323774,0.3603770110990067,0.6675184683245505,0.9396386637125197,0.5696627357927935,0.6241077577234598,0.6582186338504452
0.33134532034143593,0.028644893030600437,0.4766010914998109,0.39156853082364096,0.3485531101201036,0.5150116147846467,0.9706049211083516,0.5672800390036274,0.6618012258801714,0.6483125343918033
0.39659755585919376,0.021828223114166195,0.4889070057908211,0.4155666765557985,0.32167064242639337,0.6279392050715809,0.9791857252708136,0.5861955894100244,0.6223465673191438,0.6665334527226608
0.3843958540672255,0.05241864658213786,0.39342204632757,0.37084351931983545,0.3393586232646929,0.5288748600034682,0.94325785471892,0.5540587633164477,0.5678125408230172,0.6419001428160789
0.35641412797968897,0.04514490418090557,0.45968497558688287,0.46716050954060273,0.44262736568470734,0.5765049791658248,0.9321135262765047,0.5186917887043982,0.6963765771364783,0.6322635030437445
0.42131492409916965,0.06607437176230675,0.4414526596184614,0.3761635487270249,0.3386889618710379,0.5527285064904135,0.9753848976023944,0.5659543500153843,0.6244168123656708,0.614604072864098
0.4536819982084144,0.09114582252427005,0.47595034683984966,0.3940528891806298,0.3649493330744302,0.633987420112681,0.9027560089317304,0.502983070454212,0.6651226167037569,0.6037674788282192
0.4580996381237197,0.05169891818783095,0.46525838336371284,0.45076198201378737,0.37651425616146444,0.6388102979836567,0.948305113701034,0.49291085858274075,0.6649388092961772,0.6332726406881417
0.5089463765903264,0.06635964082389323,0.4822216037744605,0.3422106814906539,0.39404979877834745,0.6715620488333587,0.9400118335074079,0.5172232675376609,0.6344057740134597,0.5882076921813069
0.4041338724048157,0.05260616075732357,0.46441834856228487,0.36832923614578905,0.38512968993906943,0.5930433187082406,0.9445536110150591,0.5408709585804061,0.5756462779846074,0.6498621140371736
0.39778753815467544,0.03464876569957521,0.5202515488894044,0.3797218515062585,0.40556703362035024,0.5966828935558501,0.948429137696133,0.5221139019213428,0.6595265674219807,0.5727511835647396
0.3611949567563351,0.02672143836569009,0.47985924920896555,0.33170871801070967,0.30924448015938916,0.6006245511142176,0.997447539742215,0.5989125262951797,0.6300992318411627,0.6902263704047527
0.45075770171998447,0.026767911084156614,0.4460707024680922,0.2668292445705197,0.3249852854530933,0.5744882843146395,0.962194062447191,0.5482380423013253,0.575840467766767,0.6416220347225632
0.42752561321645005,0.046849338286376434,0.44247161723215567,0.3514046108500022,0.3314086601921436,0.5974574272042282,0.9561559507990512,0.5270657098376832,0.6130891917348863,0.6536871723041955
0.31820906963016127,0.03993930559892756,0.4746849805731173,0.3992306972461792,0.3152405332778585,0.5128422187842656,0.9547693719021648,0.5861169987170678,0.6215806830687378,0.6428913762712315
0.371657637978399,0.02077364532477876,0.4681911603671495,0.3821364234099075,0.34033646565942915,0.6140381211521553,0.9867002492253226,0.5520225791706612,0.6536835100403913,0.6290149360720956
0.41364741170174885,0.05052653282220333,0.462566767899833,0.35739727108978375,0.410902896164813,0.5873295117411141,0.9358704682950879,0.4977300238739961,0.6101128614062621,0.6236277426679273
0.337698556505497,0.01694347651988091,0.5257811683356176,0.36307067212861355,0.33401314551787126,0.5647607746440868,0.9778152020316555,0.5875410046287423,0.636227218125863,0.6064606246020519
0.44013315474125186,0.045175500405835074,0.48746342549244775,0.4689691319009196,0.34734062995875525,0.5979859024889974,0.9506583886318978,0.542473228031561,0.7093330706083483,0.6152317308734765
0.42644645119508645,0.08141400221117234,0.5226963305800789,0.3232333145599091,0.4069058608098171,0.6219750301219664,0.916461670122723,0.5073328483218165,0.577138320796716,0.6019675340491022
0.38386753543655694,0.05236598240387261,0.43954512252214045,0.35580536198239193,0.35750971063811365,0.5611450524226618,0.9711488074428885,0.5195479378820413,0.6087812905594963,0.6357395483949124
0.4402538250363512,0.03227645614928944,0.44353530389894136,0.403760566842124,0.35625011664319167,0.6104437872481927,0.9591749520756352,0.5945014167882401,0.6534745757117895,0.6662532920274413
0.425744321300542,0.026862772496731357,0.41873924669358187,0.3474301205930024,0.32940309178753413,0.5661040768171735,0.9856790338169531,0.5188667484612799,0.6224095148663626,0.6372605139865777
0.5184060546507799,0.08345420100443499,0.4519284940040147,0.2816882974076864,0.40155089389896353,0.6874867179444961,0.9349705841078726,0.534417329223104,0.5717998066899986,0.6363876940619007
0.3324700309567176,0.04706853440028404,0.46785297901852957,0.3555450801451533,0.3605450989295837,0.596002934883471,0.9414608769501278,0.5594662692793011,0.5950273487688704,0.6427583533537227
0.3557482891683518,0.007981280948762307,0.45648245556956635,0.29571283140995946,0.35836686433835285,0.6409002619498994,0.9795885048591793,0.5385102840593468,0.6260581169501851,0.6425531833048252
0.4347790835027791,0.03294095632662139,0.47036853742223317,0.37528981889609664,0.3519254901234436,0.5990461258859194,0.9489452379223838,0.5585070391753248,0.5958467050799712,0.617524592129229
0.5228939655094827,0.08058386262390234,0.601798371039408,0.3473676518314119,0.37858252654589003,0.671602712695123,0.9042896005609466,0.5760658880206773,0.5320378525040937,0.5852847791912299
0.3695079328929358,0.03754918125625851,0.40528827784907073,0.4006736055978495,0.3304397540114208,0.5322817906989753,0.9608202828585944,0.5215095612186016,0.6554497622036223,0.648551780914415
0.5602004961029998,0.03072425730137091,0.4697045495051256,0.47803953175371616,0.30054617722242616,0.6716900375974277,0.980314166526383,0.5814191510255966,0.6481649041245519,0.7132070075652774
0.420079610902935,0.07849530648695746,0.4099635361046472,0.41206915847419245,0.41842814603121115,0.61715554112889,0.9213569482903541,0.46901517859290587,0.6319380518232245,0.6631766869293085
0.445835452176414,0.07094144900077384,0.46469417275595465,0.36207547738504486,0.3732268315241634,0.6218057857177566,0.9579619535773468,0.4661168598932002,0.571128629466012,0.604643573280842
0.5285951682288856,0.0669451267278301,0.5180433482076673,0.4430775025949712,0.4091463210938914,0.6580642604677703,0.9329811056936953,0.5457299718845978,0.7043790121555722,0.6134788523716574
0.4443072993064668,0.0348880498520905,0.43974473589823593,0.39505005011589317,0.3435001569004899,0.5949619322502421,0.9580834256404351,0.5313777185191989,0.583657506907135,0.6689155322964966
0.3416312104372545,0.03673854084347703,0.4156862523050168,0.33020965791413553,0.3668410914446062,0.5344328654021645,0.9474900175381664,0.5367291935922744,0.593166944754759,0.7018876893579411
0.4854338237470183,0.05101804768072596,0.4715647837561465,0.38867625169399056,0.34287579794719714,0.6875704735330017,0.9527642953275747,0.5795246462649828,0.7178332916792165,0.6544613874436582
0.4158562913705152,0.06683238373562257,0.5198289897420956,0.3021130989104976,0.35523163868497076,0.5859817080263117,0.95077785841679,0.584850620182773,0.6000732581687422,0.6157410922261306
0.40617631760059775,0.04414520229609835,0.4478283177232447,0.32922553516857966,0.3213189529380503,0.5545686921261734,0.961680326745241,0.5572288765711078,0.5641873609601861,0.6675477390407656
0.41658330587243464,0.06347328565726748,0.47451019218464596,0.40007937131642846,0.3212663428175085,0.5773555851297205,0.9356046921311088,0.5817600497249278,0.6105302355394362,0.6608373755169281
0.3616527417208452,0.018516815320807914,0.423034876619245,0.3276885014350768,0.2912529036666074,0.5509784520123451,0.9906146238461373,0.5561324653277067,0.6189375942506147,0.6512639640765256
0.38749776133073166,0.04756972477331407,0.4714508801660856,0.45029384558616287,0.34896827752045123,0.6102077570794031,0.9324464423218437,0.49515966887601615,0.6790354359231886,0.6437329710033576
0.39306979740143105,0.06623552533376337,0.44565175271809887,0.4267969829695902,0.35252199379417615,0.5601845738507748,0.9321798080940562,0.5157187821546647,0.6940770804344882,0.6324436341289087
0.3150688941916117,-0.00010415322972768458,0.4388326272740529,0.34324932052575097,0.32893707917110526,0.5016968688934447,0.9471499496505275,0.5148446762175147,0.5475155416265947,0.6273998679218689
0.36311500464799285,0.05722474088141939,0.4510395061641789,0.2872209041775006,0.41706340860309454,0.5809638517348751,0.9432407686066039,0.523849691141326,0.564820115062501,0.6891970249179777
0.40824027519187067,0.029844339771609597,0.5052145721874445,0.47125473136282053,0.34035588461316496,0.557092737229715,0.9999547668634318,0.5544199958509028,0.6524779419011547,0.6545515922206009
0.4396562541204319,0.034536105898293507,0.42247437685597233,0.37059054365339833,0.3905505018143487,0.610548245245014,0.9707796484935781,0.5321163502470656,0.5635956644849744,0.6539569045122766
0.37238606704764166,0.06597099662831211,0.4898047830520956,0.38896483123971165,0.354630893323339,0.48338885725428593,0.9235442875739464,0.5262125432614244,0.6270035804478178,0.6373504748557648
0.3506970294366934,0.04127603436522561,0.4226727577530991,0.3457380941563442,0.3105015857748179,0.5199245870980364,0.968548529740651,0.5575018822015039,0.6310373347647871,0.6844984033149364
0.4462460213421459,0.06693480395221776,0.4988391268082712,0.4021677286670438,0.3604543392371724,0.5975376303308685,0.9396608295818945,0.5659537139841985,0.5845028045489276,0.6216658514470572
0.4336238472716956,-0.010795694212524645,0.4613327643199846,0.33745023748112657,0.342108982007732,0.5834641529277997,0.973982665325755,0.5645403322487823,0.5875234700321483,0.6387291888991928
0.3833089085644301,-0.005268753789461947,0.4164095044634704,0.3302474279528254,0.27844352828222435,0.5907992822205208,0.9989401368779073,0.6270032386411981,0.595774229234336,0.6714228241073916
0.3513272970265121,0.038517323340011025,0.513153686747636,0.386140245403859,0.3691710303158117,0.6347806268029261,0.9526366276848606,0.512785102638166,0.6319287832840879,0.5946618923097231
0.3909454343420075,0.051374464382517776,0.4968449678327997,0.3388208237110172,0.40105120326932897,0.619123665165104,0.9305770947963393,0.5035902874115485,0.6480796290942898,0.6263600155014764
0.4030721101652273,0.0521929788188064,0.40838875089104554,0.398632307490747,0.3621699369532766,0.5961081989680164,0.95693091443296,0.5298912815731209,0.6278582507612156,0.658561781390979
0.40156262811260507,0.06492496832980042,0.48187738270525643,0.3107946359471508,0.3797503995614257,0.6598320632059619,0.9415137699236616,0.5521347759644141,0.5497340357921134,0.6140340145943446
0.383116986165722,0.03723702608718188,0.478473204379748,0.38723977689614003,0.3786658818411886,0.5583158729124349,0.9552338757241287,0.5046865390983879,0.6745751043179966,0.6181946982289283
0.4900554337137631,0.06099989119873063,0.5007332411802482,0.38132764285521453,0.3705833817962528,0.6504411216771497,0.9393257452191209,0.5742159533535962,0.6140943551642581,0.6467797798374217
0.523941155926252,0.08804665470023738,0.42319444561357905,0.29330141159127415,0.4046730159942186,0.6066866477164158,0.9217940881631494,0.4788772056456585,0.5574846668481834,0.6291215179058542
0.4729060392295935,0.10032233767014027,0.5863902972718433,0.43505448319428974,0.4123624504921178,0.7269418045504596,0.8854267194015426,0.5343427884566598,0.6346536171481412,0.5686011149867524
0.4397756776398228,0.04218735472722155,0.41537744506181484,0.44568587905450063,0.3680101486245763,0.6624620933575064,0.9582183920442768,0.5487509460034738,0.6560461839903851,0.6825062230174513
0.41574318566942947,0.03722002018421619,0.41687011580672667,0.44510201697204044,0.3394698635325563,0.5915342499119862,0.9648595658765469,0.48947056527707644,0.6974764162994058,0.6604203861327338
0.3260356750502479,0.05783189018984438,0.45616044227583435,0.4157166863447778,0.39734855161057353,0.5072305429221866,0.9548892950173605,0.5450389440050822,0.6525184394131579,0.6162062996297011
0.2985467001676316,0.05383863573101701,0.4532625349721333,0.3713307453014329,0.36013619089791193,0.5360462908063641,0.9499651366496525,0.524348192757487,0.5509768281188756,0.6244111041941778
0.3579258996424458,0.03889212579223815,0.451390329362009,0.2692348613618006,0.3260380749240351,0.5454944375082393,0.9582581129586505,0.5473515517393427,0.5780952666740692,0.6099262030224634
0.3192003891416844,0.05848693984293993,0.4512245315282562,0.33370586585540096,0.364898819796051,0.6066823013922565,0.9654564890206844,0.5051415873164504,0.5827665808933493,0.6411872781070895
0.39342313049514577,0.07045426619151131,0.48554887879996356,0.39910013492660534,0.3743752483617498,0.5868015741132508,0.9565016309552528,0.5683304196425265,0.6345091000808416,0.6148384150327062
0.3417121358868836,0.052346653561668004,0.4518408187789772,0.3038054582541917,0.401383960801897,0.5691323522643019,0.9487420935004467,0.5395139202289059,0.5613112567373664,0.6321367101014276
0.34384024552614667,0.05539882260344021,0.4889116920343218,0.33157807812619977,0.3794200122752557,0.535973990147996,0.9677231068276391,0.6109256487291602,0.552208685365047,0.6219791628249343
0.3648735666065846,0.03459384974958172,0.44708589331058085,0.4713257647845159,0.3129987570004628,0.5216555693803608,0.978970533078243,0.5297750789901736,0.6719650852492346,0.6641516807281178
0.4265809435871157,0.034183386294497915,0.4694739885134891,0.34694982660507484,0.35322561025751203,0.6223664039674919,0.9604198966685508,0.5690936420921,0.6255405191361785,0.6326802889216763
0.3343778997750781,0.08708841321028464,0.45649072874285224,0.3676177209009241,0.3949493059315244,0.5351651150799286,0.922292367465809,0.42997905710295514,0.5699142691507542,0.6284893379597007
0.34152120365124683,0.02421867389437471,0.5194506917927675,0.38279939478796915,0.31210001500846857,0.549234423825709,0.9729082907729726,0.5898461862483638,0.6080975493691176,0.6636579732667628
0.34648623880819696,0.04412645879337485,0.4294608424862517,0.40483182086726904,0.4091313165055025,0.5504591483387313,0.9710401278158469,0.47627301209352324,0.612506399885261,0.6240174489584036
0.4159232119114249,0.04552998063000468,0.4382905720046116,0.3988075374612943,0.35951550381975195,0.5945060288254601,0.9307528144258651,0.47416389399765513,0.6478170857182853,0.6462155360184876
0.47709755671893017,0.04180197334772641,0.5123955734158561,0.3604818198078736,0.3137736795262925,0.6171827057033967,0.9473530190802664,0.5952918705051387,0.5850079679342937,0.6332643005437768
0.43494172131135617,0.052000619776193954,0.48710811791894054,0.34280762511014856,0.3346180858620254,0.6183088064994526,0.9614277239803339,0.5548627077422439,0.5980259513982814,0.6375027872336589
0.4551917344528622,0.04430751558130739,0.4382973525524953,0.42212901866870917,0.3525574971424849,0.6886080780120156,0.9519423855262314,0.4915880676554184,0.6191859115566499,0.6380173883843941
0.35130929560709817,0.05115084782016911,0.409597965488018,0.4480706649588912,0.34440508315629853,0.5717580910034495,0.9664377509088947,0.5292760519233557,0.7401184736702245,0.6455668401247501
0.3923055129132203,0.023192194324993014,0.4620385737178033,0.44911420899783594,0.3435376892149511,0.6379868271812756,0.9788622894164843,0.5678018317535647,0.7460919898848981,0.6535781482451772
0.4256433186516066,0.06925006949237274,0.55067221750691,0.3866837654189943,0.3409580053230657,0.547432369828913,0.9278765791696497,0.553433237294037,0.6362724562742477,0.5999570346360117
0.4496858061211439,0.040366416421509725,0.44239765075704024,0.4056302083272201,0.36301908774837066,0.6554584172787539,0.9696167093890404,0.5148974566443603,0.640099338749464,0.6189142498500324
0.3986194900362446,0.042270522827585255,0.4267077143136303,0.38650348960112296,0.35940100238237926,0.585878776037996,0.9439716409928726,0.5406996830829017,0.6197881299919881,0.6526027548712314
0.4774161926516124,0.029509121070137253,0.42134063302504887,0.4123321564076355,0.3532293867914534,0.7112078427065065,0.9560726053251613,0.5288571549597072,0.6919090620269569,0.641689358146648
0.3237069937480962,0.04945051028153349,0.4488200012683028,0.3705954200266897,0.36161400288076195,0.570366547943169,0.9417672766084181,0.4972495345182659,0.6424708140410755,0.6247866534834949
0.3079578288445691,0.019992928152038025,0.45714256286296223,0.3565266962835791,0.3196000995060604,0.4968586943084021,0.9876117068260711,0.630687426362185,0.6073750300999867,0.6396304610355037
0.44591438080201967,0.07942045963994918,0.46657235078057074,0.49162906956113706,0.3870645188927373,0.6455274312033366,0.9308196237402949,0.5310319409228952,0.7045905780740818,0.636507910028048
0.3956210235013858,0.05607941553277836,0.4773732026521524,0.4865614141968576,0.3812374399969387,0.6602553898605161,0.9592354272698281,0.5281183406010763,0.7144039226496095,0.6306464633480665
0.41093123978319385,0.0592487633827576,0.5688094487988989,0.471227770980604,0.3274376096457063,0.6323973575264661,0.9293088733944025,0.6015402371648366,0.6548377257650813,0.636625451562077
0.5060091770752545,0.09560605406522495,0.4845266218145752,0.32832632103040094,0.3927546186253353,0.6289392235028983,0.9086933069536802,0.5238239357536169,0.4360499541887556,0.6277985833822761
0.5057769182894385,0.04207558238048059,0.4948517668609154,0.3642332204157071,0.3389772094770362,0.6570991138291873,0.9502773522886958,0.5179820313788284,0.593380979161336,0.6419018870524356
0.49250971258298043,0.042545943587541386,0.423130036227995,0.4613242293382298,0.3664730094197792,0.6535132220112514,0.968707510049534,0.5543671684210465,0.6824090132893417,0.7022550966962928
0.4024188917863667,0.07443652678035886,0.4647394311901217,0.4300500172506713,0.38641219266905275,0.6486856837207511,0.9102945217156677,0.4997344197185064,0.6361564368904057,0.5952660741899112
0.3744543748530474,0.058115019778262486,0.4917959548893552,0.4610431909706206,0.3671084135463513,0.5991554879145551,0.9371216866306684,0.5080560135796486,0.7034465173285952,0.6373555965500166
0.3422498196913033,0.03338063220681962,0.47017727658951375,0.3324407059139412,0.4073626315026142,0.5627248174992697,0.9577009885642435,0.5449074581751343,0.5727815637751152,0.6061924056446948
0.4591414377697983,0.02899506520129806,0.4118737806049801,0.3308894699197145,0.3376076751566363,0.6589964132199815,0.9603826854234914,0.5779344370794781,0.5953730379733595,0.6843602292054204
0.4648156683341413,0.054375240389497446,0.48793358008212656,0.3672438484958885,0.3693884495955532,0.6392668113494454,0.9569327297822425,0.5679801468449168,0.6203804980774175,0.608641248309144
0.3489703092894299,0.039607888403726775,0.47605795922793614,0.34036955389709467,0.3520007693383082,0.6170172941646194,0.9797700287459552,0.5684071742514215,0.6441914363825947,0.641160242143666
0.35182784580653664,0.023443871843066358,0.4737799045021513,0.35598494985475304,0.33962964888274566,0.5378303285240935,0.9720740245553137,0.5492552190748377,0.6567058019370777,0.6593482851494318
0.3912739665228274,0.030033534212382394,0.4562965536845957,0.3475619610734551,0.33593413088922086,0.630512806484063,0.9689558945630771,0.5638529041625319,0.6484837618438681,0.6503523143176555
0.44898680811978964,0.06055011257180062,0.4092042382289296,0.39743662617348186,0.3636619068735149,0.564838350789427,0.9463617089926363,0.46998628201838455,0.6439352831710494,0.7160908355000822
0.3962807531696378,0.061524083565106226,0.5075433355294865,0.4382762220823472,0.3992799763315067,0.6043669484028242,0.9099749762654519,0.49196258974874696,0.7110419891414798,0.5722539160723307
0.3353192027254624,0.055704481385443594,0.46634183685684255,0.36808658280930584,0.3759924544650156,0.5316529745621092,0.9366346959564902,0.5681824467207435,0.6029559502513323,0.6262347537623247
0.4015879870238845,0.030932354686813362,0.39821626685975053,0.41246415690261984,0.3879816094535822,0.56418126268086,0.9728791306506392,0.5117216290674189,0.6792540392940756,0.6821461674438869
0.39139277313297793,0.09133382390166808,0.5655966159843875,0.39274454036261874,0.4080093316424538,0.6105177347201329,0.9497529740173588,0.5315944492255587,0.5984418469274216,0.5765643704929175
0.44491690155771124,0.024336348109417327,0.5004238941857445,0.4481290740878664,0.317939286967345,0.6247003484545761,0.9694564201609378,0.5575537970863138,0.729580890249808,0.6289908008674608
0.3959793671564553,0.03933661277598265,0.45769578084565893,0.4273536824108148,0.32516998860515545,0.55080053533843,0.9723155049394615,0.5162442989516116,0.6314389411790202,0.6731411376321812
0.38581170508288043,0.033021661569940484,0.5176012954474012,0.3535931050471099,0.3657688407911163,0.6051299992570074,0.9426517062589741,0.5292950713821636,0.5595953601767127,0.6094235798169894
0.3120033469800718,0.01700051367621697,0.4104515119036335,0.36566416969819554,0.34065115524193584,0.6172267520221345,0.9571246007655059,0.50562106038071,0.6066498112680692,0.6721200541381802
0.4262631884277578,0.01742601144815324,0.4357097408097303,0.37619344057368787,0.32555981921200683,0.6411732539307724,0.9516345114772777,0.5617375807409091,0.5896820865292889,0.7126322474619747
0.3165086841085506,0.07044075145851258,0.44585094663853647,0.36460130228324383,0.40129159774338524,0.5231306239236404,0.9379099381260485,0.47501464743024346,0.5763454145618357,0.6105747703015213
0.35334752099783356,0.09005628192160944,0.4881291554361055,0.4665626701066059,0.3703595685885635,0.49401776065406144,0.9421559246197901,0.49052521661442416,0.7250105442214049,0.6052939343113444
0.40677159551951314,0.06003405997659061,0.5115690366087778,0.40058924737523266,0.38704699186321245,0.5931530416177584,0.9211191049323589,0.5005424313336493,0.6628874711694954,0.6359883448860897
0.4501881659208793,0.016308560467589966,0.4248863297181064,0.4096108321026824,0.3500799023402892,0.6479802375036052,0.9935323774571209,0.5900487099480702,0.6268337333924294,0.7100630680055418
0.3340208570603125,0.05790834830333278,0.46176520020619943,0.3734940487801378,0.3403561521046751,0.54122279213596,0.9156031836108752,0.5244257556109713,0.6120146254937928,0.6030592294175402
0.3677857660262772,0.02918441126397681,0.44165472228541297,0.4244536739086801,0.3192697362700337,0.5942751044032815,0.9508895550982408,0.5742028668870296,0.6484733688133064,0.6564982934073413
0.35888279813077695,0.04675120773021317,0.4658653492062971,0.37354538235107543,0.3437669758622802,0.5494856859022872,0.9450663403703848,0.4768651550002311,0.6285221989012892,0.6317663048209285
0.45700677226802977,0.04220343252478542,0.4439459623768927,0.39047857047448525,0.3774169318349307,0.6485792120031613,0.9430305551600284,0.5238989158213592,0.6578883179200876,0.6274497140923427
0.5374557261683822,0.054063110978003655,0.5000829424684251,0.37307711567431034,0.3320756221149294,0.6608284899754497,0.9608666269832186,0.5562948418454201,0.6428171618191934,0.6377106453290706
0.32781696685513323,0.061358819479701114,0.5099749578622164,0.42371114695003764,0.36156762505888196,0.6081101027015618,0.9109410152549979,0.5654581636260084,0.6448691044039687,0.6281207460210069
0.42082384956388563,0.041326237487642754,0.47189920931459367,0.35627648860968697,0.33928959179744345,0.5696830437336169,0.9810631734835406,0.5598198345804302,0.5600327501933571,0.6291836287148924
0.34485174014908754,0.061100535836984375,0.47034467043005496,0.4353831642034222,0.3794137673297086,0.5550231046976986,0.953342962057395,0.48210101604821387,0.6673730790713179,0.588352654154138
0.3588430145049508,0.01030056279148385,0.40893438492047185,0.3682959267441771,0.30274264938276385,0.56829632846817,0.9796930318681949,0.5570786632814404,0.5954904480644057,0.6647258340173672
0.3258813491993933,0.043974767444833716,0.4768860172606704,0.33140526717043833,0.36013583565914775,0.5833974494019205,0.9774924079866386,0.5097064178643803,0.6270286998818037,0.6007149832029359
0.4042936844482013,0.07140666739236592,0.438026518770107,0.4324486545868649,0.390356252412393,0.5779294675634923,0.9342600892324369,0.49649299270481506,0.6485962058288615,0.6080765462296552
0.4200108399911694,0.04250779657805589,0.47624746228270814,0.4149380104341912,0.3644911092202532,0.5402351457835715,0.9464012859390424,0.4885728808448375,0.676416807493301,0.654301937400291
0.4590947934701967,0.012107110456539083,0.37338278031207145,0.44470476573478196,0.3198182431918679,0.5919907201375412,0.970112653161588,0.597489903758389,0.6414248465998653,0.6798258731481911
0.37299377879373896,0.04635261636462982,0.4542721460774466,0.30656999516071604,0.3935927613982305,0.5753175358986373,0.9327703368527056,0.5699754982014815,0.5243013439287831,0.6564281797921079
0.4610860420228542,0.034371645040821124,0.4701550639469505,0.33195258401042615,0.3793061633103887,0.6684128073507256,0.9444237029975139,0.48478445671059855,0.6100495871448008,0.6552923073934795
0.47941124151410086,0.03940432022261726,0.49067120154391414,0.42822756068666407,0.33287710377209495,0.6331800090295958,0.9587104182924953,0.5842407606406257,0.6216067275017843,0.6299849378970426
0.3637164825621485,0.0854011990399017,0.45570513440747135,0.3580288465131212,0.394919749513469,0.569564964750505,0.9054266222747326,0.4890773375996348,0.6074636385967362,0.5879307872677395
0.39670611368541464,0.043621513818818757,0.41736915635481425,0.31741547665373465,0.36809657845086674,0.5895490557213983,0.962461330893325,0.5243048932260763,0.5747295592368207,0.6631397442532155
0.4553859077941769,0.07647297792096117,0.47238320503220366,0.40872458314495513,0.3965243292229668,0.6666645075805329,0.9317315186555479,0.48880074045892774,0.5695550119482797,0.6252983472060054
0.36596050080270276,0.03560271146105113,0.4542701101936536,0.3787241917081225,0.32881720034761136,0.5797927813827586,0.931806809655576,0.5349156402114011,0.6636345846701515,0.6485375980487391
0.372764108948145,0.0313028497103897,0.4426005510987741,0.37122119393680925,0.3542398503538962,0.6138737946822569,0.9747554167191266,0.5278668939985094,0.6703100703226965,0.6629618150351325
0.45192327359687706,0.04999284013965766,0.40813307180318353,0.45083564753598404,0.3706027316647164,0.5900095730500983,0.9437346953130661,0.5442583742221642,0.6875401474776677,0.6537599896078415
0.33694224888938396,0.02779309681748105,0.4400785265363915,0.2681694191152021,0.36227367501434843,0.49249161709540423,0.9681953666878356,0.5473888500823263,0.529195761177816,0.6405516313700884
0.480430153306159,0.05124743098091502,0.4718927114000039,0.33382610840163385,0.358171190965089,0.6466184388063709,0.9400346181520202,0.5638799742320388,0.6248317325675177,0.6679663825990154
0.41319012966902785,0.05917220664171761,0.4903608705753789,0.35064070270209957,0.34952902549597575,0.6357215818303809,0.92272676880862,0.496979467488775,0.5706634686547254,0.5873229247780982
0.25252583414692475,0.05835209795220622,0.42559546078217725,0.279098673595659,0.3733405241206183,0.4645409778999616,0.9313385188417901,0.4961547466337378,0.5088307979207708,0.6376040065077729
0.4571801494929494,0.06359449487441168,0.5187843695541393,0.4920676808178405,0.35680640331803753,0.6053214790877097,0.9168042829544824,0.5455588970277269,0.7193041148253546,0.558157038670727
0.3606003069259309,0.017313817654551894,0.4610415082530503,0.44955680595625347,0.31903732187765826,0.5027286969510196,0.9566327439106665,0.5604334054908133,0.6639838194890206,0.6460446966358354
0.39108732510758343,0.04944017637570045,0.473765163882341,0.34884794970517435,0.36124595842323404,0.5782445966013856,0.9570705844241851,0.5459652693088021,0.5663462932167536,0.6459962047256995
0.3728069213257841,-0.007420046574772839,0.44664179692067185,0.36021132096877095,0.31852857331252743,0.6509821511520961,1.0055959869078581,0.5584925660325784,0.6216785392034644,0.7134728278474802
0.3709022444550994,0.025776914443300707,0.3978286502614259,0.3646973043494143,0.3371371719900614,0.5288537205463141,0.9549150739149763,0.5815560081626765,0.5631389422276033,0.7044363629888561
0.48212005698215066,0.052920815659807614,0.46823989672908833,0.3879251506049653,0.3763296510564224,0.6214288955813279,0.9367467824806248,0.5151703131904601,0.6010949837734194,0.6278479408239377
0.4310636445454288,0.028739475550788054,0.4439741027104859,0.3407905348189403,0.40526172739617533,0.5764862789398664,0.959165929636819,0.5320010883724262,0.6353221238381581,0.7186818356628629
0.432461715802408,0.025196266967538825,0.3956191417975913,0.38319000912997475,0.3018977455121226,0.6000941107609084,0.9702381116653503,0.597786418614524,0.6121381481340291,0.6780816745017026
0.3485773581976205,0.013634400305434275,0.426212590278602,0.34870523792402325,0.3061345576076866,0.5535414639446709,0.9591171726102082,0.6184477417412515,0.6289238982795644,0.6462518252609943
0.3698190678770699,0.048420496281871145,0.4023288786266703,0.3634778504521629,0.37092203473017604,0.5974653168413953,0.9686491727844787,0.45145737712996215,0.6811982676028431,0.6832667114896038
0.41782314383972036,0.05154009188865936,0.5114961454456545,0.3206427946110359,0.34505873294503014,0.592709131714132,0.9714455025839097,0.5490327969285844,0.5794767607468277,0.6344286458066433
0.3609785381430633,0.08709177277066375,0.5069462574494806,0.4415150527214022,0.3444425779231386,0.5776971468142169,0.9058946778181736,0.567832415709458,0.6376861607760109,0.6052822908762956
0.39994540207692486,0.04236998589199816,0.4604977971144343,0.3203642782103141,0.38248580948070754,0.663751358924493,0.9635733112075662,0.5221115960167475,0.5990970614474237,0.6584717782458755
0.3845291893419053,0.05939869052773846,0.47262023450786145,0.3521874654152751,0.36501529478636174,0.6094321529024573,0.9431207194837138,0.49293412082153765,0.5707248614349154,0.6263823076104178
0.46585997595401046,0.04066030743014105,0.424725714915682,0.3065553664857799,0.33555426078767386,0.634209387726355,0.9683486856999577,0.6273063801231357,0.5813694860176244,0.7144525885402824
0.35116441831797207,0.03105284629025458,0.43178888180551417,0.3469518140104187,0.3496532080108102,0.5910682897992632,0.9530691746766221,0.4972680161856732,0.6180394655968164,0.6380523490188015
0.3761476208899594,0.02795733724177507,0.4818872473009054,0.3420598809792585,0.3851671501147286,0.608655360005766,0.9594439580960467,0.5237006093787522,0.5981558073948954,0.6437723148866579
0.3943719178592734,0.022549526391635284,0.4209324714198676,0.40153012331790555,0.3292922029560799,0.5871642356243114,0.9643688164441981,0.5479549538640271,0.6892015613559515,0.6893172969436772
0.36332365837691194,0.09817295535027402,0.4984504441750107,0.3918799834627949,0.38498520353939014,0.5250591896859002,0.9201615615502525,0.51914429030792,0.6344911339444472,0.5992041051475432
0.3730498790193372,0.03020060306681528,0.35374957733121337,0.3871806380125416,0.36096447406868515,0.5826808322911983,0.971022360867739,0.5272129754813288,0.6132885086380739,0.6639370384785455
0.36260823111780516,0.010588006849145641,0.43180409971415434,0.42561991739107036,0.372107465333838,0.5669120043688118,0.9525135860370101,0.5088216878584417,0.7249273986337101,0.6577145884810087
0.493027928267421,0.01222262979344305,0.5201354474565762,0.32714178637436203,0.36316462824144935,0.7033908465509393,0.9935910631664926,0.6064737127572164,0.6665467825542103,0.6286716994135171
0.31549960968061735,0.02878761771142562,0.4312363262230233,0.41555474600046366,0.336137224011917,0.5460690473372614,0.9518416058968561,0.4904065547925621,0.668158499111215,0.6564293444576739
0.34613121483771975,0.057201732072536225,0.49105060306473475,0.3469863473756527,0.3524917961388019,0.5080286141653012,0.938347437915006,0.537411515507443,0.6389730620178964,0.6574137452604456
0.3890635757045215,0.04185031990902444,0.4630037755659595,0.326666334615182,0.37323144291573923,0.5704240255380866,0.9717316739017612,0.5624274311632789,0.5446349522479298,0.649430263873834
0.3898237730911948,0.04762700231949779,0.4467456950758056,0.3145531603579008,0.39999395579532077,0.6211121424754955,0.9754390075772085,0.4996346333403555,0.5640087629992072,0.6026344607129583
0.44952371074932324,0.03864009971006764,0.4827987970052476,0.4303932749664611,0.3337418563236038,0.6619378343466149,0.9687764030827233,0.5310423823481558,0.712895627262436,0.6354134219497805
0.3974684095210485,0.061724021421749924,0.48061621330285237,0.3172311166285781,0.3686679854578918,0.6155212843043418,0.942649185647544,0.5702781708667033,0.5875156576775089,0.6399638626837809
0.43106960515399584,0.04198946491118771,0.4737414934018168,0.33659446930217585,0.3771860049251108,0.6069232503420681,0.9421793537632382,0.5217013355368164,0.5885000195592069,0.618522904510299
0.49648367001525634,0.0787745854475806,0.4839337588259221,0.3129350211964958,0.37129508395025973,0.6635567230395211,0.9068276067479843,0.5174078751348902,0.5764633415824988,0.6451540430290419
0.347162370270934,0.03967981499440713,0.44189464311283955,0.4351747387506059,0.3579702219394148,0.661609435095855,0.9565943580055933,0.5485108114831256,0.7792481043423639,0.6179603272733043
0.4473855041943485,0.08400410413226046,0.4854365307023394,0.29849281120994625,0.41012080364555775,0.5429781227536666,0.936589180673167,0.5004026468309448,0.5387397386516284,0.6643871963864205
0.45298460754393244,0.07526817352684902,0.4467530358440506,0.4030284174913346,0.3979164880522038,0.5738421126427495,0.9319872682811035,0.4865240454663382,0.6163762134983055,0.6420058146135893
0.45009166760102004,0.03272242528584709,0.43379699594252247,0.37699653230510044,0.34387814600681565,0.5417065776504728,0.9335727914600597,0.49753371543135494,0.6416400707718737,0.68985239136626
0.4035413044668986,0.01789051583678336,0.3938028994373969,0.3892389469277865,0.3299742196537154,0.6068857018697662,0.9830240202177691,0.551896080723645,0.5882668478347431,0.6779810707942401
0.3716860468363447,0.05079327526823245,0.4976066622974441,0.3800813887645601,0.33396585382349153,0.5853710466459168,0.978330908735443,0.5570140484814973,0.6172334818251333,0.6000032977319727
0.5059404720929608,0.05080962917405531,0.4760651641698065,0.48493155920921527,0.3509197702506445,0.6677724017193509,0.9619404621926487,0.5868235134311615,0.672663744668665,0.6451825903862207
0.34944043219158377,0.023610387336526158,0.4827969075942336,0.47996941932970666,0.3627267652586026,0.619917702322792,0.9574997196206415,0.5741720166324547,0.7250904188014002,0.637443782397296
0.38042469260448664,0.07760027078335009,0.5188144616402528,0.42041331334668985,0.39894755206702964,0.5972377219251116,0.9400087183970307,0.523024925804444,0.6355757600317236,0.6181818406796125
0.4508974539437632,0.08912299793870626,0.477490680532993,0.37753475319394164,0.38009780456503767,0.5878648462752375,0.9229514599084591,0.5717109528395321,0.6103409948713026,0.6327875819074031
0.38418799788994273,0.05306610861483109,0.4766279225000589,0.37515939563472184,0.37351105258790374,0.5443992674662728,0.9292961586596931,0.5507015279064719,0.6188707248729828,0.633727612042582
0.39748085896717544,0.04245881520910201,0.45427948168057547,0.3133829110653288,0.34064571417054246,0.5944982388741067,0.9565589403397425,0.5953074600008684,0.5365895824679803,0.6221036386494706
0.3655661793599308,0.09228164051213658,0.5510914360276298,0.4132577163164495,0.41287005546143307,0.6342932430799466,0.9413824592530191,0.5044886936363466,0.6765226531155271,0.6075367054850587
0.4711092444717018,0.04873918724297564,0.4777606504201234,0.3053138564453423,0.3872161307067097,0.6034906683387524,0.9618832957657978,0.5641427799540731,0.5140014782867557,0.6704225915492511
0.4967654347360116,0.04476834597283456,0.49836280903777797,0.45140596572759134,0.4214642735443236,0.7113121299180032,0.963960574540231,0.4735096164950413,0.7302899962771827,0.6330111095071522
0.4547694059105639,0.04026578254829524,0.45208911864021306,0.43185935635725414,0.3344866530623355,0.673489314461029,0.95504616527188,0.5614181600237825,0.6934617214871852,0.6105592976839118
0.45366088585149206,0.046367299269561846,0.46564530958181266,0.37025656857035205,0.3637302637258115,0.6053225112466682,0.9429831422090391,0.5476440572340373,0.573516498917805,0.6518582371947645
0.3738856847381993,0.04633180126492581,0.4380692861822066,0.4985260216552856,0.3849424070395093,0.5582042811071786,0.9501578193820689,0.5238114813308041,0.6876225454679603,0.6594803891378593
0.45587105900871217,0.03732250876928559,0.4175898057273058,0.41426095499866616,0.36659979746217947,0.6559912718251649,0.9685240898081265,0.5112284940846372,0.6155331003494053,0.6312461046540501
0.3756616025472479,0.04690347015006754,0.4990058663002015,0.4021889169788064,0.3612895814328963,0.600700920448495,0.9532937499848626,0.5358499544473492,0.648785883187627,0.642234824593487
0.36752623990351885,0.042943277907635184,0.4380412390078207,0.41645702177826066,0.3614539390827558,0.5201537664361326,0.9507269193722145,0.5350885617728856,0.6477831153869593,0.6408042836034519
0.4321573262464747,0.0783472212546114,0.498253912101795,0.41966017598433436,0.39860284102310184,0.6484260536698481,0.9045139483088539,0.46534498539809144,0.6653419672026559,0.5861400202510674
0.43547476995271717,0.051531445538901585,0.4074920235479971,0.3580112523436949,0.35162751334781656,0.6375465660843924,0.9590128066472337,0.53542140430126,0.6029556870464627,0.6824322123131448
0.37602276214064856,0.03255421279539823,0.45797390127553145,0.3781155506400344,0.35061678921650474,0.5250624269517191,0.9450919513646673,0.535100610076922,0.6492981956740995,0.6442668666920617
0.31849229384068983,0.03539710428128974,0.46926190162967435,0.4251261114029411,0.36496310398256476,0.4647428317133975,0.9342573480801388,0.5398488253563232,0.6671519305712093,0.6148918964362436
0.4176743304661151,0.005067165792901023,0.4675822957941007,0.3844884495084256,0.3556385368590629,0.6653727013003222,1.0145935601936589,0.5799507740101527,0.6510389243006564,0.6465463953381281
0.36484540899440465,0.006152546544032509,0.47295622651917735,0.37899101633869847,0.30245983585005476,0.5608724530163265,0.9868930145001844,0.5695412525357032,0.6805210568654528,0.6579979734883497
0.432145283052547,0.055899831592118435,0.4313194649887255,0.33272133037360946,0.3754772400784262,0.6964500460357059,0.9470090526526432,0.4765122831779095,0.5535761312930351,0.637668154428554
0.4252762654416093,0.04812994783451046,0.4527154636854393,0.2956557462147711,0.3869792789436071,0.6092842083525758,0.9289075345922335,0.5226051905305117,0.6317868832275344,0.6513991308046868
0.30725121974389275,0.061369923370649226,0.4736930641097215,0.33961507081782427,0.39520119855424224,0.5523456058002351,0.9495089659482184,0.5280365666421574,0.5653444288010618,0.6083088203744423
0.343324208520071,0.01761328238464469,0.35284878705918465,0.4142989767670346,0.2953089872620068,0.5304471449294369,0.9726249505657217,0.5663401569149078,0.7106254074352184,0.7064520584462084
0.41465383662444955,0.023440160783536633,0.5216471797567089,0.4141754365404401,0.3755336806893983,0.6560940845968594,0.9553829996364325,0.4878268249780673,0.6638275528071811,0.6055154908692315
0.41330348449439763,0.06182152430278811,0.5047627368183046,0.36851957409677927,0.39064941060360153,0.5323289634492986,0.959793977819587,0.5621580205968852,0.5990927201971163,0.6305297211702998
0.4251442454274709,0.029497824556374386,0.3971962100049025,0.34818351910468615,0.3579196601695453,0.6689505295256548,0.9688008271205848,0.4917878274576777,0.6494417593307631,0.6653067254478202
0.390544948880357,0.057283831683555726,0.46627218689595945,0.3792415719768263,0.34419759085589335,0.5140989549357347,0.9810724175171183,0.5664645035115956,0.5795920690137348,0.6591402849904167
0.4290896467428916,0.07542768117975159,0.5360208908336708,0.3608852179867314,0.4164104567679543,0.6210576592690037,0.9396994580324389,0.5710689531764132,0.6135510958956821,0.6179637367462043
0.35984520284153565,0.025543551728498932,0.4904968824235803,0.43927638521871404,0.3300862746550643,0.590454518150301,0.9869542635324563,0.6217698429707919,0.6734063776779817,0.6778771334664146
0.4764655527876183,0.04800525048822007,0.46822126530701574,0.4361616013073813,0.3693741461884889,0.6177094036984616,0.9457787712094764,0.5287477020403977,0.6645129869478972,0.6205575600716651
0.42983301821214165,0.037343366598530874,0.4087232259108002,0.4253551109548508,0.31495740800403554,0.587698687583796,0.9712066479396244,0.5668921229136137,0.6782755459003968,0.6509366788693152
0.4449035205829114,0.059771737054983766,0.4335966819182274,0.38504368605737466,0.34682542453943743,0.5235963667883434,0.9493391394090889,0.5653422190610338,0.5715656035532835,0.6692873287006015
0.3704043460928263,0.03606067611006408,0.4415084294521977,0.4509574387521445,0.3076845772689604,0.5594922270181513,0.9756976326891981,0.5881322648824168,0.7626553632786535,0.6729820533721647
0.44004423595824377,0.08335522422261894,0.5184288726649087,0.44492667005193326,0.4200579879339611,0.6098589409111744,0.9310669225911588,0.5106011350333839,0.6704039432512946,0.5813199490064194
0.3803417059147942,0.044122210360921205,0.44906259360784284,0.42727782929385766,0.3868231940131191,0.5839167141958927,0.9472795759319727,0.5090875237181163,0.7111113879215484,0.6405829100597706
0.36530135995862595,0.04885148603149424,0.4376833597007636,0.37261367379693827,0.33986076043652086,0.5570663449744686,0.9427249327611628,0.4987175627936431,0.6705695799445373,0.6438743701822025
0.4001382992917569,0.045439350962178764,0.5151828613504972,0.35159875127758156,0.31793096834046053,0.6114973137520836,0.9480526527556795,0.6243644720165035,0.5806983790479535,0.6415173558900522
0.37697429307542524,0.0621463379424113,0.43839946321421935,0.44337279108060135,0.41301237336459745,0.6016415031285276,0.951573720256222,0.48958415334496697,0.6676534953483073,0.6483346357257098
0.39990622137828874,0.01082099017074226,0.4652839449975225,0.24449191204364973,0.3202953282574373,0.5944940425326313,0.9949086066404642,0.5741991324224478,0.5501835482118209,0.6316076839524873
0.37823991979294624,0.053491653707793005,0.4789818142645911,0.3597422989980846,0.36133195557866865,0.6092899556905326,0.9663216007868259,0.5209910443099464,0.5870658802845365,0.6726848806233579
0.3640103628546569,0.03430932882401565,0.4071742633136691,0.37070890539651596,0.32986176014939533,0.5789018894567951,0.959178471181402,0.5135055757086351,0.6207423617883637,0.6346402491189325
0.39000818995359615,0.02162997755824825,0.43458779535684483,0.3657527783840891,0.3584517818879555,0.5579241255552818,0.9880993958436889,0.5393870177253708,0.6118968387287288,0.6429248431197983
0.38001132178636976,0.017119959170755168,0.4797701203209354,0.4337783711378456,0.2900970767160637,0.655976234349611,0.9860941064718705,0.625462114973052,0.7473635035502417,0.6671704761544162
0.49049489699886845,0.027573036072085094,0.43124181255428234,0.32411200545660085,0.3384442444608168,0.6651808798066472,0.9540110832374584,0.528305633538115,0.5389165210357671,0.6559935987548395
0.3960889952710793,0.05569961192084081,0.4591213508464417,0.40812486421336136,0.3820113435133235,0.5393164069816183,0.959257955491454,0.538359496635271,0.6390160602342447,0.6450921064866462
0.42788159649186497,0.06792722641330598,0.49373797495611105,0.3945102279952095,0.3644341500554195,0.5997132220414154,0.9588096810435458,0.5305370455424655,0.5770972063929648,0.6214154791134752
0.2569759934988133,0.04290944610786186,0.4394652224567097,0.23352924368630507,0.38017349052460087,0.45840962489450054,0.9540109093787257,0.44156790043372385,0.5116586526552043,0.6371798234973571
0.3664395584879679,0.07338278660952043,0.511493903073518,0.4658065194992218,0.34697160032418606,0.5218708183771812,0.9496459549362549,0.5229253420181545,0.6350443216442683,0.5712861309707724
0.3116862546685013,0.010119570708212807,0.4376981698075432,0.3637201459104355,0.31447883026180523,0.5216236925517078,0.9888473546815479,0.5557774509803595,0.5652979690514004,0.647746146050888
0.4420367144256499,0.05152224950999117,0.46685621324690235,0.40481765069236925,0.40897534251319706,0.5631818526281948,0.929520646457835,0.47882349033979477,0.5827672178602596,0.63913953424959
0.3956750450937243,0.030183490317516062,0.48285577602586743,0.33964357835589715,0.36817748191904187,0.5769890164450617,0.9724990640894005,0.530841832627333,0.5936624672538379,0.6373638789239775
0.33785267620986176,0.07226351982061677,0.472044835725837,0.4076058797842376,0.3670416017232332,0.5374476810497257,0.9104783917708318,0.4859190435959513,0.6182358946340258,0.5575878645557347
0.4631240942531726,0.05174936216731969,0.47989471921487575,0.35885208960107084,0.3881669966995071,0.6175388294703359,0.9281841880430013,0.5117954792398487,0.5711845044245494,0.6239938866175556
0.38796632532287545,0.048891311039166954,0.42775509938077205,0.34661385815180745,0.31398835234117767,0.6129851792825921,0.9994818628129846,0.5843642755519601,0.622827976185985,0.6800543879211647
0.2893983198771179,0.011242118022382027,0.44894005455855435,0.33400828170058483,0.3039498074173222,0.5078818409496504,0.984408216952472,0.5448939598770506,0.5698398744864366,0.649750928266697
0.5213754096136141,0.03910993596929163,0.4441635494862817,0.4196835241853552,0.34708403933808996,0.7136264580679887,0.9722473791284321,0.526464482855429,0.6278762493232248,0.6779197098940324
0.43781756222474133,0.028091411996426466,0.4746618989746743,0.37076978262165455,0.3603513287673452,0.5614163915393221,0.9607073112802742,0.5774534256683841,0.6266720462941944,0.6754460112439162
0.4043578155754769,0.09221327027950198,0.5140001613116538,0.40593222832344095,0.42968921668841353,0.6721478573995174,0.930767840781712,0.5098230597866837,0.6889770216403945,0.589141258521563
0.26421284500194414,0.06755962224208853,0.432007623933514,0.36292825353584035,0.3496858824587593,0.4868788026198384,0.9456528212749262,0.4993450675007305,0.6132541931743275,0.607874739933999
0.43580415303296344,0.027915252815777544,0.4332820843144764,0.3834460662779325,0.3342985278859689,0.5413112910044787,0.9741725382705763,0.5718262753679774,0.643092505693564,0.6677708399551243
0.3788121460113037,0.03720979374305095,0.4607188413204878,0.41714791955170677,0.3712661147282584,0.5696613320975776,0.984113528595478,0.5270836473243172,0.649231599674967,0.6475910698658853
0.42384718773528557,0.028700294858037774,0.41668733601669045,0.41339981169797835,0.37552479127244154,0.5878520572894568,0.9846439299193988,0.551014160685545,0.6845101272957963,0.6392239036431846
0.39273565824329676,0.07562847618917201,0.44832448710254696,0.5162999589101388,0.4086930838009316,0.5644572421165325,0.9333247792577047,0.5082872980096569,0.6625599354347174,0.648022787353574
0.42502799925526596,0.06887405906785883,0.5186391113435029,0.4350870075208871,0.39184570608483626,0.5928485450600139,0.9324731202842551,0.5121493324092705,0.6354278116548268,0.5932246957166196
0.45753998411217267,0.03649892857886243,0.4524300781432496,0.460234428271678,0.3716098490063096,0.6829655606121802,0.9606771396037277,0.4849599864371621,0.6936762791800106,0.6396787639214978
0.34749310475488726,0.04565120682832089,0.523422744805451,0.40921678524933475,0.3561380177234076,0.583850623060354,0.955618544205941,0.5789391015593182,0.6353258199756311,0.62025235572436
0.3719188423659674,0.05126643061978329,0.4453100404846364,0.43218739199761885,0.3783433459930042,0.6366701139129702,0.93243204512961,0.4968160694794225,0.6911704683312361,0.6516438330378242
0.39273432353035137,0.07834218857581231,0.48966730944536646,0.43527176008839974,0.39213329763225546,0.593688369221491,0.9323949339717152,0.5274010900790227,0.6494851476587067,0.6049524928745048
0.2645000803997026,0.044271824306495275,0.45158724792558086,0.256228260560619,0.34374007700889275,0.48615928193735836,0.9458176682135937,0.5337197536295952,0.5184468071956084,0.6388399455694077
0.4254210983449274,0.014843490922533545,0.46825388452991196,0.3500981815675173,0.3405536911641867,0.6289993439547253,0.9717136010372713,0.5304643229534713,0.6651521252793522,0.6738500434256622
0.41384272352105417,0.043097502375553674,0.4808496359359246,0.3191636370703587,0.40271041981885175,0.6218685981318455,0.9615237055216362,0.5235205118418993,0.6315868548433667,0.6266017070007912
0.3985766000123201,0.06205156173057155,0.5038389276139292,0.4260875076646274,0.3685387887028108,0.5600035552777474,0.9492710878278552,0.5669426705746438,0.6701810837412282,0.6505067504869495
0.43782898661463915,0.05141487074924217,0.4432682159384775,0.3558948028647213,0.35209710337616046,0.6650119240688195,0.9456593782679255,0.541140159419988,0.6681423560020587,0.6236573292399888
0.28553935040842104,0.07084416285084444,0.47167851063186017,0.35562626821498533,0.421940449868753,0.49255199499367985,0.9286095644554525,0.4302753660165286,0.5908114183533295,0.6059424234237644
0.45960879823791206,0.06939327396571379,0.5486837819680355,0.4017157130141578,0.3822201094166075,0.6112703653379392,0.9178376209874215,0.55988144375663,0.6877581664888732,0.5455471704895338
0.4455978107307208,0.04019580927462252,0.47296916415053136,0.3444390923944091,0.3691825078133744,0.6266915427492996,0.9733762406272612,0.5311580792755441,0.6516318946327297,0.6746184169551721
0.4241951143681802,0.0893911469208126,0.4322027700504237,0.3798291361899534,0.37222979486058766,0.5379503335634567,0.9191486180004284,0.45463378501120355,0.5716645020627997,0.666034883108457
0.46939612970346783,-0.010647549605340709,0.39122348814059416,0.3244024121049826,0.33980817131635666,0.6665740959657895,0.9880320973464937,0.5067585535401424,0.6168225759168354,0.7284916046213119
0.4448907663617475,0.03501141713457147,0.47811132021478225,0.35324802156663615,0.33401113145720257,0.6412213606086843,0.9804030965403243,0.6235345908739809,0.5798363642255242,0.6742898370674526
0.41031636362950374,0.07995770749176606,0.44572513908636835,0.4776983348614211,0.417521321753864,0.5625440921794072,0.9319861144616954,0.5329997099616768,0.678056855041937,0.615642907644163
0.424649828075527,0.043424074096046976,0.4777930109110845,0.4822003760286376,0.3488837811209605,0.5733017568280765,0.938537957845959,0.5605926152882839,0.6686140146410826,0.6069429167340155
0.4240545354832114,0.07787701332598769,0.47587283112328377,0.49324744384178953,0.3891909999870124,0.6141233238520634,0.9286126374651413,0.5099651555192127,0.7125227418125835,0.6049417171621748
0.4307457467539701,0.039624320859432675,0.48541185931628644,0.3911690691247889,0.3479344429832048,0.5594250094208759,0.9599955326095083,0.5453005305618033,0.6489892793848495,0.622803726724888
0.5158844154096469,0.06662669626089918,0.5069842202302042,0.41576165935124776,0.3381615907270097,0.7220053679667786,0.9138868404078685,0.576393722437673,0.6449363121435041,0.6408633067297661
0.43389806327156294,0.05813790170248833,0.44363278869397577,0.29758425918030046,0.3639483823872378,0.5713725180515652,0.9656463971842604,0.5183478636714065,0.601172061888686,0.6671312915121539
0.3495747233456354,0.05409226324560614,0.41306121089991277,0.36860824677254006,0.3592177928429128,0.5127828400079104,0.9684815774703872,0.5314348084699727,0.6162944500485974,0.6488527701871493
0.43334033876722,0.05124840858020403,0.37088566736275747,0.44583591157141506,0.3940780291995562,0.5964832090210094,0.9454155687853962,0.45402622254412284,0.6590512804109845,0.6325589783141325
0.5088680810951156,0.0406996719556056,0.4437671981225049,0.34729688200237674,0.34254812740369217,0.6431341090914489,0.9544073959285891,0.5704979513060227,0.5655327276273523,0.67596348128441
0.43086750885686365,0.04311497528436293,0.49659867031307914,0.4609602068857314,0.35330249484922976,0.6616594540169325,0.944005065620871,0.5658535535183404,0.6930653556419473,0.6427007170932489
0.49350811378940984,0.0063010551475102365,0.43098267298517995,0.3733763489474365,0.25895993572519216,0.6733674868827191,1.0386870004935365,0.6626967446179681,0.6273871398866933,0.6990749355437514
0.4265031851273107,0.02915122485636699,0.4405738609548538,0.3627806557149541,0.2958647215892679,0.5205393453769233,0.9847698205564659,0.6161923980665535,0.6623662481991524,0.6415859505252188
0.4621780093691855,0.03523791487694685,0.443871482748504,0.3283392611381533,0.37792486777447026,0.6809019497693127,0.9669685287493565,0.5423863145827685,0.5492235875509504,0.6624447374928452
0.4001017106164255,0.06313974187744545,0.44102478725737615,0.3043399235516571,0.32475822793417136,0.6278758079777502,0.9681126495202637,0.5608833975393601,0.5589486969946706,0.6552397226718345
0.4208437527509916,0.07416810073730204,0.4434148225811928,0.42524412622249086,0.39817867097210363,0.5835804665651769,0.9306227499495074,0.47862735333420814,0.586257354080505,0.6512404140209315
0.3228384973503009,0.055361245256336025,0.47271968906219686,0.3969551868546568,0.41410729416129044,0.5019944362924649,0.9554524435682283,0.48876022449323997,0.6319208078152976,0.6050679530498542
0.49212856303952357,0.06133540741043696,0.45414876616721783,0.41367048213955615,0.32565858420917665,0.5953236122157419,0.9846232194623588,0.5279739304271881,0.6396170559136718,0.638475140502004
0.40245994681146535,0.015547289700023871,0.45469248546118396,0.4653615143678328,0.3183710883663882,0.6353160507908653,0.9979730614501202,0.5227205298202449,0.7593814198453195,0.6371129347727711
0.42903468363239583,0.05584168668855353,0.3859017407111375,0.3218945447468694,0.35003006210594856,0.6265262891954386,0.9717783017208553,0.4873024189319881,0.6052050093939667,0.6998430710818855
0.427750396070338,0.0433596664196892,0.48876184239970427,0.26147486637185885,0.3700621752921249,0.6093515051128335,0.954687068373616,0.5498328527233287,0.512424375162809,0.6115888515676006
0.5171672091042674,0.016639563649901525,0.4021980508827578,0.37892797665080163,0.3609206005843149,0.7576057329461244,0.9672192982209529,0.5546538892106123,0.6769725732534955,0.6725244558978698
0.3916577535392629,0.011621601062644,0.3943166458130248,0.2885374828496198,0.36251832993506344,0.533885359723472,0.9737650990029489,0.52149512669789,0.6174048419082053,0.7217848868090206
0.40005817401004373,0.018628313662974207,0.502636402262971,0.36829025840123536,0.3306938724703814,0.6153135001077836,0.9790194191949895,0.5620806464399086,0.6396041912238953,0.6754245424755565
0.3662377113953862,0.0589892917879183,0.49331207546155675,0.3830485953070272,0.366592030784086,0.6054569666503158,0.9344643541767423,0.5428264163093008,0.6650245912532142,0.6411103130953705
0.36780483097988964,0.03627282945020004,0.4743641962989715,0.44696696116337675,0.3557055804281822,0.6009033152641758,0.9620735953067079,0.5381945917578244,0.56509028642266,0.6359149862535258
0.33497384027604,0.023374955200166244,0.39064326832351604,0.35088029634850054,0.3357300996608619,0.5665979720981679,0.9573838126752454,0.5174599982762982,0.5981488269873432,0.6321949987102702
0.4227818861765729,0.044001637067453976,0.43185041236289984,0.4004324867720819,0.34838427948280765,0.5564182612669117,0.9414382315311698,0.47536219058385465,0.6454791061517068,0.6577171892076363
0.3903304514121657,-0.0029868383269015053,0.5282568411340325,0.4075903413575631,0.35910019531568554,0.6240815176262398,0.9934276510508965,0.613721712641227,0.7014946483474382,0.6421399479387454
0.4151303759945574,0.08295039466880509,0.49125306390782597,0.48941753325201925,0.3641052352288678,0.6103599923316055,0.9501818173200379,0.5258470472039307,0.6839519948561658,0.6478405665627711
0.44078319834142193,0.06197335738519871,0.4769010030547415,0.43377838696549104,0.3375985588938137,0.6077497156702805,0.930020349246383,0.5489171479575731,0.6809729012946513,0.6477372027280525
0.42675789640083117,0.0580709515617998,0.49716687404668547,0.3233804405950155,0.3560192022592998,0.6520668045247142,0.9238064369779081,0.5325566843179156,0.5703511885894399,0.626327842484732
0.44238264163313323,0.08236584333220875,0.4792484430436277,0.35526153788736725,0.3505694755144182,0.6082469261298462,0.948015068868844,0.5641761278516297,0.5395752813028167,0.6130652573874442
0.4017051382791605,0.07299125643212566,0.4866435927525684,0.43325681522855075,0.3711927576776466,0.6241904148761961,0.948968081576895,0.5304290825581763,0.6702344699077332,0.5936505493045564
0.3880774871648533,0.05750416072509644,0.42756174355076865,0.39779845316024065,0.35257125741825096,0.5891814647533714,0.9298379027952401,0.5408805024010737,0.6540438840116747,0.6322739747012837
0.3329312273880782,-0.012462780201425421,0.440435199979185,0.25174925786933716,0.31768501016627704,0.5969756998699386,1.0278392298862122,0.560783525209993,0.5549433172314616,0.6679053701001553
0.4771310785351546,0.028715199738428804,0.4941952454690696,0.43374642284278087,0.35430979104553784,0.6544168848014362,0.9437483070698206,0.5630223177798167,0.6576617497843926,0.6658557525457078
0.354971959564728,0.04191299780192913,0.4676477620440766,0.3866079661121978,0.3893685217340266,0.5846167056927398,0.9623245853088558,0.5066182725630635,0.6296000978673527,0.6097744104881679
0.42312095524006754,-0.023434891055114877,0.4033172137711342,0.3860866454971916,0.30380968424853794,0.6104395550762813,0.970483347457664,0.5577278985441312,0.69566950146447,0.656666835286315
0.2884186551923829,0.01844824868688175,0.38237124784248455,0.32060497871845334,0.3327290184880008,0.531377489196466,0.9848513814761253,0.5015152268983519,0.5896633374664166,0.6719434957674018
0.3782817194642581,0.03534693682728868,0.4778784362259533,0.42805493583478166,0.3399587636069563,0.5361806694340914,0.9835562757801315,0.5868234808052646,0.6405877908904279,0.6519950719666354
0.5181787432722929,0.0938747590517588,0.4714239213470549,0.45375582936104153,0.42419613181984694,0.7093384239607552,0.9338724790259948,0.49714652757862177,0.6472039001161245,0.6158336821066439
0.3592535193275088,0.06565574458810551,0.5322927979816762,0.4284006209539285,0.3552661213048469,0.5694046947946184,0.9438187720645806,0.5899701776559394,0.6748804799318282,0.593054470793251
0.4134160733579931,0.04869259769051705,0.4698651802368669,0.32281574416415654,0.3587361296347432,0.5976626666363087,0.9396574352991284,0.5579909812782611,0.5576743670162234,0.642197285755097
0.40909516217474423,0.08432654564535098,0.4256311502087312,0.38415072760798724,0.36574587242582973,0.5464364773138712,0.926399668232234,0.5006345743796767,0.611123921990854,0.6125928342069827
0.3930316374565938,0.05298462891693932,0.4352740948642954,0.4055059432505742,0.35425839829513867,0.5996058086618701,0.9321696471585286,0.5393515436404999,0.6311726247838184,0.6561744272962602
0.41058497875398725,0.039526880353240285,0.4469128330740701,0.27579548192498987,0.35612003346384746,0.63833612342551,0.9524787414819229,0.5048838451691245,0.5779249089370762,0.6530070942991719
0.3284915067722346,0.04387507269893575,0.46964036182407987,0.41179366112226584,0.3504392904523419,0.5334335997961793,0.9551208921909371,0.5661209908113176,0.6955091232266691,0.5954454814066052
0.4859738562706847,0.08636521569319076,0.4694493586554251,0.3179414287869099,0.42830110205960975,0.691209977861857,0.9100691734139723,0.4884081203404397,0.5179148267162861,0.6251222673657038
0.3484096566542338,0.04988711212072943,0.43381213512811984,0.36513152323832565,0.3900657883030715,0.618224187001075,0.9611831257001915,0.5468058164447472,0.6560073299303235,0.6439082783513075
0.3838657733388898,0.0811660576280902,0.5099801935788031,0.4166356038631464,0.36804804880197406,0.5501108176393157,0.9165621862140393,0.5503086307021829,0.6489375288878825,0.5679032852611179
0.3920564442904235,0.057239264411830915,0.41429278384188717,0.38478628461165454,0.35648535235962575,0.630668768678523,0.9470747422954713,0.5575086976999691,0.6702149055040817,0.6470456066779147
0.4085529872533924,0.046885602971815876,0.43330876528473633,0.4339489057178164,0.3735685935363253,0.5944732447038881,0.9449177182853976,0.4451937034629493,0.6062217685141607,0.6848432368625195
0.37384553684571403,0.04218815052085157,0.3985194625550223,0.3265669383284978,0.36237811303092443,0.5997556995817057,0.9743744280047791,0.5431696045267473,0.6144742077050858,0.701110645383175
0.4340002549680781,0.04606364457155534,0.455752622320275,0.4029056411278563,0.3403236625203663,0.5456943845362392,0.9495947059509025,0.5754629259949693,0.630219960885164,0.6686766217168455
0.3191274564904777,0.07519290503769593,0.4854051078679071,0.4045186864555435,0.38236232837176126,0.5713642236885728,0.9064711431614404,0.5154845161168504,0.5783361451976072,0.6057455361539347
0.4246966925099103,0.04947862791469528,0.4463092354360199,0.3662103206725568,0.3651602315552204,0.5828263831963214,0.9481861369697516,0.5520039998746069,0.6521459450286589,0.6845380909985646
0.4157406646175949,0.06710568905556523,0.42279380657647453,0.35798955055454834,0.37048609623062767,0.5912312103838107,0.9563428704824419,0.5124487400680915,0.6042213875700813,0.664037438616818
0.4655424019467809,0.04696549757102136,0.5179131692791066,0.4325639158013134,0.35488375125004823,0.6555884429074004,0.9617631585784522,0.5533164230520098,0.6843710671998735,0.6424384543749135
0.32100001938551,0.041626150680195664,0.4726404245490383,0.40955882635123736,0.33511505484504656,0.5638887607185483,0.9488454502573931,0.5550730631609748,0.6881635471846292,0.6243340794390053
0.40135579361580265,0.028930080484608676,0.45103773409735637,0.5079811157830892,0.33621072775503386,0.5747017745920421,0.9763864724425739,0.5677416015196571,0.6853939217747598,0.6843384652656564
0.3811260363677034,0.05288113078775557,0.49386292972377926,0.4595747960769165,0.38800384280400474,0.5784064357727876,0.9543696903116748,0.5356368333293817,0.6557616496814498,0.6268681156355098
0.43154024599171487,0.04466382532657469,0.4625791470213344,0.29633450993448474,0.36789503439986176,0.6534576922403841,0.9338882227904767,0.5448272312122788,0.5080994150748933,0.633829406864231
0.3946707120722278,0.056864726268276475,0.47692665333891193,0.43498653575395546,0.36626214052708495,0.6233745700652962,0.9507084436370221,0.5808468488065366,0.6322095087504821,0.6842991025754661
0.3866888421769002,0.05096006137552539,0.4756499292663992,0.29675678414753115,0.3885065188277372,0.5863998998188567,0.9538501110854312,0.523342764195134,0.6168309251133143,0.6364469572419119
0.32134661316893465,0.08047996274991837,0.468319167606791,0.4693863925873015,0.36003902805723975,0.4836110005727543,0.9234302272937751,0.5403386292754964,0.7207586348370081,0.6659958027196942
0.3667710159754894,0.04476952376382438,0.4474709094011933,0.3198403258521741,0.37104689847552014,0.5603687197273016,0.9601352126571753,0.5112189649629331,0.5923912595306842,0.6522048530917434
0.373886871902885,0.05456338561262686,0.47618277240318774,0.37152559174083993,0.40325813232185365,0.5790726619657163,0.9677852475193061,0.5213277032480292,0.6154442167058722,0.6724094620935801
0.4051839227165522,0.026775809743757935,0.4451245244418335,0.2931096822330087,0.35895372637190714,0.5200182063108478,0.965769261900502,0.5477383430743514,0.5727888537936998,0.669192699222843
0.47866644063214014,0.0257233274821281,0.43460402305093265,0.40320338561171204,0.3082289044754892,0.6684840705483821,0.9928916880164176,0.5740059295073525,0.6781516000548007,0.7098188741566349
0.40217442704509493,0.05542836234208524,0.49447363501791586,0.38152639461341264,0.3534185034271945,0.627706753743055,0.9326529526739801,0.5340514114881774,0.6370426135815708,0.6319525315313625
0.34327307197176804,0.016838912609913912,0.3916000196030617,0.4444988245936219,0.3078571945069049,0.571810739009693,0.9543495481675947,0.4895323829998751,0.6789177856082971,0.651455172945713
0.3100202827236352,0.0707209520889757,0.5381059029207836,0.3561545467245301,0.40304029427683574,0.587338140526729,0.918839319951994,0.5124209686830383,0.6223162693173181,0.5947445711618835
0.48091611152258,0.04416407214558717,0.45778218190665465,0.3530221516933505,0.372830423967169,0.6536430314376804,0.9693610651848003,0.5254892460239335,0.5865225344426931,0.6671840137565652
0.46543804566218827,0.026573871701052236,0.38665713381129935,0.3968523134167631,0.35746166862200063,0.632270304563092,0.9508412155375534,0.5106807419290177,0.6472073009582434,0.6711371237980668
0.43288323130386885,0.05128210810701681,0.44895275339981267,0.47728569175741464,0.3518300084271856,0.6354320208307703,0.9559278614776244,0.5373060718494664,0.6969938980102547,0.6549852934039606
0.4604675897600011,0.010746219734334816,0.47510585270487876,0.38314978279182976,0.36822489479536413,0.6388525744319593,0.9638921560572249,0.5263669105139623,0.660000868559738,0.6394403077067683
0.39398380309205194,0.05800152858526156,0.45236982089028144,0.3622701411766331,0.38270595320277545,0.5834084829221554,0.9694953962569806,0.5211598113827345,0.5710115527028474,0.6030577963585757
0.4876450552308344,0.09520988084895855,0.4643074717023632,0.4084166821405014,0.4155294631839872,0.6294503769922472,0.9210904638450818,0.46762670875423695,0.6709716010622934,0.6142558028133758
0.39638314139963926,0.042085281158125064,0.47915875562951193,0.39170264562496315,0.3044119555910387,0.5592519190618555,0.9677119685269671,0.6112122643302063,0.6413276212273679,0.6267086675768685
0.38901408339530913,0.022055826781817178,0.5147551813967709,0.4590576026418322,0.3392598594756791,0.5879745754716628,0.9807724336445061,0.5959403285440705,0.7050709740998923,0.631810305055079
0.4170006609329303,0.03051972920836717,0.4304011584087423,0.4146177185106979,0.3339774755507426,0.5786429229940651,0.985136615231728,0.539764411812581,0.5929831844742002,0.6874117110246649
0.4483046890754236,0.05453202250300823,0.5051718468129912,0.3044561098632445,0.3269130161047707,0.6470629517845183,0.9709679706702077,0.5797978616847794,0.6035010973499504,0.6017669453698683
0.37626039305221914,-0.0005687746559204678,0.42731946092503753,0.39536322372288635,0.33202945984400173,0.5404741480258805,1.001242865192196,0.5788365364893046,0.6390651247379784,0.7169851865077721
0.3988579794913235,0.07353085562343976,0.478338753521215,0.48834017379094413,0.39920946512069283,0.5704758287932634,0.9329469876157157,0.5009200767177044,0.7098437850299725,0.5885525709348556
0.4474990558915423,0.03182578109744479,0.44932538597702276,0.41297904037772604,0.38108049175280534,0.6474064497691061,0.9747893196413867,0.5661530598348274,0.694103551081855,0.6829638665901603
0.36618064407240863,0.07026424743045323,0.43886283870382486,0.40419676309135316,0.34314865889914303,0.5324725583233416,0.9353201422267999,0.4984163961602609,0.6342010262113555,0.6524752559392113
0.401670427412482,0.03892339252270211,0.36466890621703785,0.27869431439664427,0.3445959870983775,0.6493599254153972,0.9721640692384681,0.561323068604167,0.5966479131721681,0.7019178726603886
0.42102421234551035,0.028683220975712395,0.4406960001450445,0.4117213415695162,0.330221977951295,0.6036875808457985,0.9586186583290113,0.5578740190475664,0.5542041148813313,0.6269755123958487
0.43360180575203155,0.04559001874240756,0.44911060679378967,0.3721750800798923,0.3821527519101808,0.60595415358775,0.9814494403271009,0.537969901211596,0.5959070128408568,0.6297373092424872
0.392800123983016,-0.020658663522368732,0.45019891280881824,0.4702366265568799,0.317917331993412,0.6442365262609455,0.9757902708520558,0.5610875300762574,0.7045583731724481,0.6953832195478031
0.42474840795083224,0.050290022907737854,0.4956454816157774,0.36755897644109575,0.3613658618076438,0.5672383574108322,0.9568537796995888,0.6124449958000814,0.5512012966120108,0.6451004410441301
0.48845344200853336,0.018610196542698708,0.4198901814820493,0.3631631164908709,0.3440825539392531,0.6834254638203869,0.9896108118899279,0.5720445519167532,0.600965750518775,0.7084402561756413
0.4468884279049797,0.031388694190342306,0.44954709717810754,0.30489684298251285,0.3744070127395157,0.6507167444248301,0.9667829030183326,0.5437970934395613,0.5790565949843338,0.672228109427571
0.5276619510147382,0.050084564566456956,0.44649554504180367,0.49198177171109747,0.37532573199901614,0.8176440561985435,0.9618143280946304,0.5780318422354871,0.7050113862188019,0.7135015688534021
0.48860836248125944,0.012864793395745602,0.5038319168106246,0.4056462148801278,0.29652050254622503,0.7225072514877136,0.9404480199458053,0.5501822430319929,0.6037568464810585,0.6254378655949271
0.3892407194182335,0.03197065455626506,0.46128047340747336,0.3954148150464642,0.3506208000361583,0.5676191182312331,0.9579068450145499,0.5035824045601995,0.6108081465696722,0.6449539383992478
0.33686597506933136,0.05571233862820851,0.48801272883734276,0.3592734526842681,0.3869305019161967,0.5076205728467552,0.9479104714207622,0.530173692619271,0.5741154925487939,0.6150670499320382
0.4570709733356704,0.07635660671580338,0.5201741981222968,0.42473151806040255,0.42898386496601404,0.6136306159615077,0.9251589675002397,0.5076611362622752,0.62231082081668,0.5855596928958708
0.361156170121443,0.011604317835424439,0.4289081584662821,0.46390425316497685,0.33341309210035186,0.5789427350583399,0.9406827874011517,0.5014903405887856,0.6675134862210041,0.6517925905031409
0.4277397263562418,0.033540132625282854,0.4997050431770305,0.45600700073698175,0.34723338038722334,0.6044101193500906,0.9741757578227269,0.5848652724627623,0.6799982539778715,0.6259633236208564
0.3216572668268169,0.015358496674078907,0.44342690729868306,0.4794615957265525,0.31503614288529497,0.507950067744118,0.9771501732410979,0.582838187065484,0.7103896812852692,0.6554693771714383
0.4290822352615727,0.028812041536904424,0.474630406897476,0.4112520733242536,0.32315325199194767,0.6048137855711213,0.9756591857058423,0.5730386253914175,0.6250347641797134,0.6506861116632143
0.4378645445332626,-0.014332632066597451,0.38767394540962014,0.3829975910080276,0.3369218982624372,0.6209029537664663,1.0147060014525138,0.581807950780125,0.6345089215375629,0.6980861174710598
0.4356351406366238,0.0166154246243313,0.4924318674167304,0.38493736652328137,0.3279070203872366,0.6624703195356353,0.9913667341159431,0.5966149823880156,0.6939020254531616,0.6686523901115868
0.3688808235283302,0.0588302916565886,0.47185879116331186,0.4303535485206538,0.3707946493103226,0.5602813247123922,0.9423973937532002,0.55355900336977,0.6286199506188047,0.6089068801087256
0.3577580942418184,0.03162557103212934,0.43343740454694635,0.3935484173290031,0.3296470020101212,0.5354020953549001,0.9589445484533263,0.5814541906298516,0.5896929699162434,0.6559419698454171
0.32988322580555507,0.03884372535287139,0.40909023683562945,0.35595371161365036,0.3375539168092498,0.49793917714297675,0.9553495535868693,0.5149783198278663,0.6105905295166436,0.6545588945852501
0.4342788532552602,0.02521445930330873,0.458087375975241,0.4039060725160589,0.321049612175876,0.6473857573979058,0.9900324046250362,0.6043286854122355,0.6828010521181614,0.7136738250534151
0.5216386895635123,0.08501946793983813,0.5239886982106318,0.4575304051725627,0.3928703645684569,0.611069391007727,0.9286014341929755,0.5464969342283217,0.6389211011163793,0.642436345695291
0.43376240754534595,0.057705310166471846,0.4900175126594508,0.32923509413947377,0.36836359196399326,0.6557329758435458,0.9410667417899012,0.561138629537182,0.5319464685670575,0.6300353575085845
0.4148664940459616,0.025467072188694553,0.4499302312637716,0.39471950409969686,0.30313217882607685,0.5794513394356129,0.9615769008054533,0.5744667758086737,0.6404486583811858,0.6575201733135773
0.3994784826382337,0.02476658538841935,0.3997781850102575,0.3962608903678434,0.36508374589411136,0.5750979982682405,0.9726459570742061,0.4854491782173961,0.6198623613478991,0.6524741782681183
0.42595083805446243,0.04732572772712034,0.46579171210993076,0.30092395877332573,0.39739044776876814,0.6067396579355349,0.9519567846217745,0.5335055219991008,0.5581382501725494,0.6408318960824088
0.48366122195026856,0.023119548007016794,0.43950900691024347,0.3839401642648706,0.31483379896010355,0.7416882907228137,0.9858311131859555,0.5517872097838928,0.6350437476824142,0.7186485870211108
0.3909557179167655,0.06807759250297178,0.45590451354758227,0.40634011899335903,0.3178831552160094,0.5671285605582492,0.9474425431305046,0.5529054041969721,0.6554510886519896,0.6425952726743729
0.41641364744410375,0.063284298761337,0.49428144524865725,0.3632625126961379,0.33503593127291353,0.6409422864312802,0.9330015536972637,0.5923131052180385,0.5969625074652289,0.6950131169411358
0.43315724195284844,0.04748480798923686,0.4913783035891694,0.3893547739417035,0.3210823634221001,0.5999345240484282,0.9698539752834036,0.5541414396944208,0.6579259405706348,0.6407134198591795
0.4375630015928084,0.05839842044554812,0.48058211589318833,0.3743675619930001,0.34932553512953635,0.5573199647048479,0.9529333499703323,0.6028424794846208,0.5941544595104179,0.6407898826252485
0.49014954067731037,0.02920784535037944,0.46884498698924154,0.3015775113870297,0.31843158861008286,0.6920956900379168,0.9916051350949237,0.5961428198553989,0.6111420411070537,0.6652668885006139
0.36351799882616337,0.015016808270436763,0.3948509741192351,0.3099218043245575,0.30842482454606873,0.548102293830538,0.9815589052743442,0.5352453867587078,0.5350663716094841,0.687047952540216
0.2359656491125723,0.044064951826170914,0.48113734439606076,0.2646397413122749,0.34825395263480025,0.5562040587099341,0.9480813680822174,0.5884098192355637,0.5548456533936099,0.6404331013229004
0.4196975506129496,0.05324220708915636,0.49918058886699396,0.41881406314748476,0.36818347129177514,0.6387786252340779,0.9380072096855514,0.5016150431393878,0.6127494113458177,0.623679450025118
0.4442939042426966,-0.005736869217574111,0.43042695695124533,0.4230470400279471,0.307820266788788,0.6085514290864321,1.0085903464476995,0.5993913543649895,0.6521987972128702,0.6474502860963206
0.46025247621282395,0.030408938999781247,0.39306915793608427,0.36160530823300824,0.32588716404559653,0.6023116865304962,0.9774638365416994,0.5749186348462867,0.6205008263070129,0.7404751764780789
0.32310351386847735,0.061695817853638674,0.4560534367450534,0.41582700790104987,0.3634362549367692,0.5397304743291613,0.9375129853700412,0.514862549205125,0.6105099665700602,0.6365545725838873
0.369790439280503,0.07496627026333871,0.4887704951006601,0.32494289610794275,0.36989092364708787,0.569328750280993,0.9360296780080337,0.5508836549891316,0.5528647471900507,0.6343539493274419
0.3802041490230614,0.0489066082919519,0.4957600623871118,0.41691182597052917,0.3877563137779062,0.6078095243464209,0.9142874606884341,0.5533211024326028,0.6981271187409155,0.6336019953275993
0.5515533313161404,0.0022251818963234886,0.47536544309455575,0.4579274484404559,0.3352199816113911,0.7657789105912642,0.9892959480031045,0.6003443790964322,0.6698080511417133,0.6663638248438097
0.46058766522680833,0.03516181225536735,0.4988900509481852,0.36532648935762174,0.36715278834090154,0.5706497065933633,0.9613230701896673,0.5520486277497474,0.5942544660204685,0.6407731745642959
0.5196804864622565,0.07308822966748738,0.4422174990006389,0.3520265856976941,0.43106427918170004,0.6750369530786815,0.9124308048346508,0.4382631522510563,0.6381163908107914,0.6380312418955685
0.33499896189186545,0.053877269187353485,0.4679087483658074,0.3778423107604054,0.377723346543861,0.5310752574080704,0.9246357145011116,0.5000856121388209,0.5923925487224502,0.6043695844266624
0.40470748126571554,0.02421229746992178,0.45939604332076583,0.32275789159533125,0.3361722813115906,0.5832520664704834,1.0065348279180921,0.5804339148378408,0.596756474422711,0.6569169303289106
0.4479371402802615,0.03673387001560169,0.4348820422779846,0.34273644226921696,0.3362020929569226,0.6266741182007094,0.9401321158755945,0.5699326705031238,0.5975434075068857,0.669003119543738
0.46493361108499104,0.04939845079100366,0.45455583581676606,0.39674056459440865,0.34843904882616306,0.6545953886901072,0.9801166657617566,0.5215333054989026,0.6133419975583047,0.6244325473215684
0.39447593927569385,0.04593888554010567,0.39518281997642024,0.33622711890439216,0.4061082734831345,0.5524687100046172,0.9338641713429089,0.48159026078188316,0.5625920744819166,0.6406822599081111
0.43291918245377636,0.05807451886219981,0.4901961869470272,0.4059393864273065,0.33414009278465195,0.6074062074452122,0.922263309359563,0.5721344310979636,0.6348643546790682,0.6315030389787263
0.42113115631496745,0.0537140976836917,0.45633120312670256,0.40685302882055013,0.35509970524313583,0.624387537803698,0.9223168350085198,0.5437861707188061,0.6957880874953497,0.6225420137777181
0.3858345665567883,0.054804629976417406,0.4865586096457475,0.4096637596434982,0.36277535308914854,0.5798582583166456,0.9229228606816402,0.5542248964490196,0.6481662981262976,0.6013915299843542
0.41498440631680455,0.06809324221451195,0.40726717162163095,0.2767402789657685,0.37708017139973,0.6263208248380301,0.9442920929872526,0.507503814188982,0.5593645936678411,0.6569133211872813
0.4319515751352221,0.10347553638045426,0.5633348432138744,0.37575531148916946,0.40159367103809984,0.6132701618056888,0.9085261831641277,0.5437952334037212,0.629864186640724,0.5896235173102002
0.40552779407068074,0.09158281837762243,0.5188901888673959,0.33989880784185433,0.37633632742963763,0.647059914770381,0.9236451181368145,0.5001349260404686,0.6212409853295981,0.5988664488306963
0.3852261882883446,0.06508984591539871,0.45712129079007313,0.2949503806697824,0.3732704637003342,0.619752561508268,0.9560941956728012,0.5051664821881439,0.5433783665216272,0.6947078515509845
0.4012501288624997,0.06579758904152111,0.42175306064821366,0.418551677968108,0.4226054800713673,0.602599861513748,0.924848336350863,0.4406511646844553,0.6274481387275288,0.6402304647759851
0.48064431549283576,0.074752473976809,0.5467452856501848,0.40328641829899325,0.3467770913042423,0.6547716779251476,0.9287742780849194,0.5818562368197517,0.6179837466797524,0.6227189359252205
0.40713354455673145,0.061003341059759415,0.45219837033459875,0.27914227297259236,0.38976256039087387,0.6120098449264133,0.9554553324526492,0.4886075669555321,0.5049795227452689,0.6177531438688895
0.5215185326498258,0.049219662073690953,0.5124636723454702,0.38164476290671007,0.368146246378118,0.6798080117175842,0.950693393780012,0.5808457177814113,0.6287385492888986,0.6480872573496277
0.3361974100018179,0.06476826731478935,0.5383497869581669,0.2855723138780717,0.34542813472739203,0.5729155041366358,0.9153741322376244,0.5064525285443479,0.5933996610030678,0.5880619422312743
0.4160275910402579,0.05454060406785635,0.5007750464898623,0.4688736248244141,0.3694095926403883,0.5146638039339742,0.933413090105512,0.5442310035541791,0.6802111036625799,0.6391430051672361
0.31683485250760896,0.03692020414699317,0.40621059880446037,0.17551626157053762,0.34736076997857324,0.5761388740878358,1.0079146010978743,0.5270025421453478,0.46060838852428243,0.6123945319470725
0.3789461022538367,0.022103020807020632,0.5177434845871908,0.34509644612735857,0.3553084144990049,0.5939026416103836,0.979672811356144,0.5595330478981044,0.5608096379087938,0.6110241933910665
0.4006272565200757,0.0015340674540161416,0.4595959573167175,0.3530110373140159,0.2760902770850188,0.5869667304234502,1.0015878652624446,0.6097140837461831,0.6967472282442653,0.6616874895167071
0.3701300538675585,0.045656311592941035,0.5267104536944662,0.4135326631366151,0.37701926749336223,0.5427173116613911,0.9738034543732322,0.5589165922220252,0.6987002394125909,0.6330525324405087
0.526174466296378,0.021846694935296243,0.46538414084015767,0.40757610476579526,0.3091965294987345,0.6544691368338997,0.9728443381610542,0.5837270845764628,0.6408654657775787,0.6488537665455545
0.4549554239461532,0.07657930897098589,0.4794195657118471,0.39711271393273967,0.3500162597281265,0.5832486104241412,0.940766387097109,0.5671825781205877,0.5477785098972454,0.6152162935500531
0.43265494149390593,0.04639254207277543,0.3860963390059549,0.393702454067603,0.3189733025518341,0.5052968613715771,0.9448829914402722,0.602283900205073,0.6382198178749543,0.6329216684000052
0.33574910258937923,0.03685469196220656,0.41259623939673234,0.42917710597655956,0.2944238328604493,0.5132983513405651,0.974469064472978,0.6331936085083284,0.6603980746767495,0.6845291515082883
0.30700778484050584,0.016050240556450254,0.4541759549791078,0.3702107916514663,0.3317588073685696,0.4614341940203057,0.9724192003303783,0.5473451331198178,0.6290680274857818,0.6817372856312183
0.4376967947285771,0.019985922780319118,0.449034917760364,0.3342799634498565,0.3142604034418478,0.5298370296069292,0.9939356313200552,0.5991877838229245,0.5344619739862144,0.6816966790809404
0.4025502785257323,0.0724597738313138,0.510571063070517,0.46879244779806095,0.42494020559914875,0.6120127568243083,0.9231099934122723,0.5121339413167353,0.6891927323035154,0.6439025222263846
0.457214410016269,0.07038349219237502,0.5160031982555708,0.3125348231560918,0.36429341614835203,0.6332241466320732,0.9601193482065257,0.5719267106095556,0.6029439143676891,0.6114788623302859
0.4352802467323288,0.023996463491512708,0.5097907097799939,0.3928497378659489,0.31639806055258785,0.6300139109834293,0.9512072804758278,0.5631964298218559,0.630129922813282,0.6388784189404215
0.4686006165036004,0.03211991609927478,0.46658523380391465,0.26730231937093785,0.33648627969000294,0.6453509639435109,0.9888808382291617,0.5999541565932742,0.5171305907351136,0.650996043742136
0.43298959094768213,0.02591389284103125,0.4100626547260219,0.4245276262586672,0.3437460061565354,0.6534719630447868,0.9902828585445264,0.5267231141908691,0.6140997989491328,0.6546383222065462
0.40463374552656267,0.007752461139299641,0.47975019939835933,0.49551358993139166,0.31565516824464057,0.632237589070154,0.9767477775096858,0.5777000133120138,0.7092386026046404,0.6430226790785912
0.34097840498192683,0.04689889939833426,0.4864681030954777,0.34212586343186113,0.3331725216123049,0.49385978863502433,0.9314314797861183,0.5307860729944112,0.576930580872743,0.6396309902740082
0.3900763353794709,0.08055273626861462,0.5345746742632248,0.29404503816970745,0.41260816650702264,0.5842004025589778,0.9419805204927345,0.4881049791365295,0.563105101904154,0.6397360080923546
0.4366837637724106,0.057760316311386325,0.494136853533529,0.3598130205091952,0.34852378588900385,0.6025819868509623,0.922254706842649,0.5675569034761723,0.6008002302610989,0.6335585090393303
0.432022821742027,0.05568605710682921,0.46427742743584416,0.3699757616771297,0.33355421288503934,0.6509718022430722,0.930066907893944,0.5591940971234042,0.6310325628940759,0.6470863055099305
0.35734556124648925,0.030022107002085654,0.5043867688102526,0.28768529827798445,0.3493731642643066,0.5298434203937936,0.9356647238896966,0.5444205950565368,0.5821629086197724,0.6484668273220404
0.45205185359306044,0.0553172828373535,0.4898019355630917,0.26587407621853554,0.3482294587682898,0.600933739404119,0.9475995158945366,0.5789495991061473,0.5038751202237703,0.6555860501104429
0.37021334348454304,0.05531129702782519,0.4650221694233955,0.3429623434439301,0.3561519682454937,0.5723693938524435,0.9233710458871951,0.5100513043713382,0.5522174321323288,0.6208411090318435
0.43688467462836195,0.05188047575186042,0.5210198241601945,0.33343669265185794,0.31128016021737465,0.5948823586976397,0.9465600535068132,0.5836556183301371,0.5237988606326891,0.6052694690801952
0.4821935304289496,0.04002810968449581,0.4994497496632047,0.33686157755283536,0.3306077638098595,0.6400490915946385,0.9406326553421195,0.5994227186173191,0.6070294713047455,0.6165162826917301
0.4750616101086303,0.06680324763761913,0.47727741255116424,0.33192059804752083,0.38204283837714964,0.6579895957410108,0.9478905238823255,0.610886653103978,0.5885660152546066,0.6367590397415512
0.4179866219043751,0.05544927048415583,0.45171747336508333,0.4106778153440828,0.37429311082381367,0.5597386896128915,0.9580591923619008,0.4857588377646883,0.6434773607549413,0.6646795902470637
0.4529140005779402,0.020746703641228315,0.46515314538500246,0.43276978995046433,0.324034523360318,0.5836362570161774,0.9774647627105146,0.6011630067999375,0.7109978128624806,0.6738454424084934
0.4213367056326938,0.017234197684647557,0.4113015183658939,0.47633675491733446,0.3591592753803895,0.6023270187908496,0.9708040691081286,0.543939376995634,0.7010161092323214,0.663291294872224
0.39809641317432554,0.06588987500819023,0.42430461153600446,0.39440684942689497,0.36958114099402756,0.559459709841962,0.9405464495313541,0.49195225018529154,0.6380080258023543,0.6040623584213027
0.346716244081026,0.03878408983207447,0.433786920471009,0.37107126901525483,0.36283007597995776,0.5131658908116464,0.9861983584063637,0.5391583674684536,0.6329215862422973,0.641536557816845
0.2923518826196623,0.03969311273528716,0.45676720553778366,0.3832089121002329,0.3136308865471301,0.6254465701985329,0.9514317514721419,0.5297928098953941,0.5944156709826778,0.6083417147812896
0.3902489298807629,0.07240165247820136,0.46098601529224276,0.49785195548442857,0.386229414919642,0.5601194115484518,0.937563400121826,0.5376709448632545,0.7210204384251075,0.6387789434951838
0.4312801529096778,0.028747678199168156,0.46631618766260235,0.36883812351060413,0.38653327516421454,0.6363279819652279,0.9568966721174155,0.5171263759362477,0.6300614327274743,0.6138235408457406
0.45788452827326537,0.02918479826643329,0.4226006001955331,0.458766310980321,0.40828192299178,0.6232565163973176,0.9592090464295562,0.49353091735183674,0.7337436929200577,0.6643252984265747
0.4313014967630281,0.04645760371778954,0.44603034717860696,0.35569838918843927,0.3636416975626033,0.6224024475469092,0.9880505132028772,0.5417725101243741,0.6160354932596599,0.6524656758436491
0.4011691334403282,0.044089945374875025,0.5233073907948576,0.3633168126896906,0.3945266058453469,0.598379935429931,0.9362676964091354,0.5441003076004352,0.5814570772788507,0.654289320293258
0.4538117859890557,0.04205030210556687,0.43515940537050884,0.2721511178057772,0.35942659626607315,0.6892035552527014,0.9716521725189327,0.525237838079948,0.5651411940979921,0.677112087318672
0.44373004644040315,0.056535342359395925,0.4614022650456619,0.3490619908155372,0.3501091723418299,0.5527399835552378,0.9610816027407292,0.5597582377516963,0.5397873137469458,0.6597107739266042
0.36055937876910005,0.04399185182158756,0.460026099864937,0.4162895002388587,0.3226643115562053,0.5521747091541448,0.9819666237257711,0.5928795814631631,0.6230336612482161,0.6513097433194296
0.3520935197886268,0.06344749586787382,0.4789135220804899,0.4483312520350256,0.3812455448371258,0.5727359722709784,0.9523462456374381,0.5363319940624718,0.7236639147097224,0.6054962625021226
0.3656628277243566,0.02808266598984142,0.5064866589796438,0.40527245148095414,0.32587900215017984,0.6062064305858785,0.9661407528129519,0.5610628334419278,0.6134340825321158,0.6183562457295773
0.36866073140834327,0.0635398108935321,0.4974840620155119,0.33109321618551757,0.38397373068485263,0.631045168270306,0.9574679897581371,0.548373855791083,0.582498606601388,0.641311628881341
0.35873216380387735,0.058852827934321124,0.5004327294204678,0.3820244922011587,0.39248195284413184,0.5839321723051637,0.9500536273872617,0.5363604997546971,0.6106774670703898,0.5741311596622434
0.36443315228599443,0.020391959658650153,0.4697352655261178,0.37983925591251877,0.35103230066147706,0.6194073909292057,0.9598777741906296,0.5708440319306947,0.6192925102921938,0.6923225288750064
0.34067490305735215,0.059669718769703804,0.4386047431103307,0.36836773384427135,0.36879729815877543,0.5362934081420463,0.9387406422666983,0.5132742101891856,0.6194119021952531,0.6189768561618832
0.4056276131658085,0.045583575110944914,0.49571636038827877,0.3303858606360079,0.35426020742571135,0.5993117861540734,0.9621757088205308,0.5238567567066013,0.5480515943059203,0.5892185046788367
0.5129385778227202,0.041780845298234184,0.49548130434112114,0.40627576749818833,0.33358282159040203,0.6725634346214311,0.957807629869603,0.5155985784425237,0.7163025516844999,0.6655344219399393
0.4076991459390726,0.06530653965416992,0.4494812202052675,0.4653468303666961,0.37167835407333494,0.6812468620351608,0.9378146060416578,0.4770954364231399,0.7652960342595642,0.6427641442920708
0.5064264125446103,0.09160960396180316,0.511656397068663,0.42559112671856836,0.43664974291705194,0.6529105339265043,0.9343428224645318,0.5093798477362919,0.6606012879421393,0.6327552049325317
0.37928675319472127,0.022011474957995283,0.45108630850249487,0.3421502369462199,0.3267775055678109,0.5317641554901726,0.9492744212948155,0.5501122176065351,0.6012413422434362,0.6915163174032168
0.3281120656099639,0.08290731502954155,0.4958490553860956,0.37914035927440515,0.37984098179908354,0.5151507890385926,0.9129147951035053,0.5386845794882484,0.5855955188446811,0.5865987490548497
0.44402621315599433,0.0712972455906738,0.4538453974838403,0.3503088734182122,0.3836298569357437,0.6417115059024825,0.9611224734647753,0.5032673324938717,0.5739978916112973,0.6715606272306807
0.42492132953660877,-0.002993121840197677,0.43798312195380357,0.45607897081559595,0.29524919439355485,0.5792049155343197,1.007532227630623,0.5592652963569045,0.6904662039228535,0.7066255952278442
0.36110699928075385,0.05676212880056031,0.4306994141530108,0.30910489452008905,0.33059792780817787,0.5122624708960506,0.9524393618282594,0.5521135584215995,0.5629084893515105,0.6622676451405334
0.3947574669106487,0.06268691619809963,0.4998451959607782,0.4265601924205532,0.3650807705253256,0.5832132299190477,0.9476529233945852,0.5296326318623198,0.6374411313353399,0.6184318285701043
0.3888322019174434,0.06319717786211959,0.46621673447313156,0.4856074512651454,0.3650101463918871,0.5889032208201945,0.9340986298426652,0.5121655071023032,0.6759093425893525,0.5924189639490494
0.3146247629476144,0.05593519077304648,0.3906630749908015,0.29157195906163247,0.36542903218347556,0.5343867831891527,0.9493343915287824,0.507452299223824,0.54640111370504,0.6472263848279033
0.3034494089107664,0.02497972136335628,0.47097205695033173,0.31523112743632614,0.30384939466860894,0.48465853268252534,0.967106890185743,0.5435291638518793,0.53123594073895,0.6423787542642967
0.4150525161167957,0.023525008195216114,0.45267157441124894,0.34335363436325333,0.3295487735658843,0.5593667678766905,0.9716245039332891,0.5458123597514519,0.6210408715442359,0.6739851785389774
0.3802556383693647,0.03844642562870258,0.49625993573467175,0.4503043838978563,0.3483123874047974,0.5758415055617483,0.9627812527472857,0.5498038153692548,0.6953202289173954,0.596881762071706
0.425999913741473,0.06588184930734295,0.4801853892295832,0.35638190526727287,0.3694689208344298,0.6647087534018652,0.9452850721583905,0.5047445710750118,0.552775722981935,0.6745827018742818
0.48576500056256083,0.010735692797468758,0.40702315061431615,0.36547808571119217,0.36950363644717743,0.6441974428207251,0.9710411196263425,0.5248492091587761,0.5748527677561557,0.6715383941342532
0.4817164755424353,0.008440240197254213,0.4590589604930082,0.44603407160581565,0.36774135377020073,0.6246982693678387,0.964041948295544,0.6086628648779138,0.6811898622873489,0.6426022284463405
0.4055765649257275,0.03743016960908701,0.43637729962574995,0.3809407953868866,0.3256648755348864,0.5234277656643449,0.9726368963726171,0.5284185679492946,0.6232809536539161,0.6835076135846265
0.44745369995908885,0.01791249199680598,0.4917548601473787,0.36914691066774113,0.3090210074144762,0.5564193567357112,0.9900362909771967,0.6058954706948314,0.6653917669559507,0.655557959826749
0.4886557534072418,0.04656121390763087,0.42600653254859394,0.3380565574591675,0.3685411817828809,0.6889581030260727,0.9322794518749724,0.536356718066346,0.5633711757888451,0.6326061178633473
0.4511248512195062,0.0627156018335761,0.4856892036068369,0.388142916544682,0.35120848918695985,0.5484948337619373,0.936142682253321,0.5447767689391745,0.592196302306895,0.6344525481987076
0.4021558193222254,0.07875720137921255,0.47203348753374613,0.41247752735946086,0.36199820565755025,0.5816342722828282,0.9648894637934152,0.5178837523948716,0.6859095720042434,0.6415006523694071
0.4587922536468396,0.05098640530162071,0.4797878487030204,0.39227638943051024,0.38470104926750337,0.5945004909577866,0.9344842134442203,0.5419342310083939,0.6832265477613731,0.6668373436947106
0.4417968676766148,0.03244748142164272,0.4516575655998068,0.40103005598921027,0.3470782283937332,0.6342340483145832,0.9707918969367121,0.5513841234602066,0.6100817981679139,0.6623228015743656
0.3700942002413487,0.03329170778648757,0.49673776725152113,0.5297198105488843,0.37698979501650276,0.5833551682583323,0.9570279177227822,0.5822200829246977,0.7402338872842961,0.6356421359366036
0.36248084423455845,0.07390049052657786,0.49737522064709155,0.3846742584371658,0.3878523880744824,0.628185513192484,0.9224556227474182,0.5180438887177481,0.6069991308250438,0.6198239217437769
0.3456667554060404,-0.005672085319173033,0.42264924970323764,0.3159476843994293,0.3492003609242453,0.6105733425165092,0.9754265288014891,0.5255223118120835,0.6573108413434325,0.663458011771171
0.3632076240146227,0.043517398140795374,0.46968608514549914,0.42146166908551397,0.3734971391774946,0.5402534115630977,0.9544341451918315,0.5107912956163008,0.6913471476910298,0.6438387947099584
0.35431475039605564,-0.0019808410011395955,0.4085901490052119,0.2834223616391311,0.3017974420926761,0.5540727669773544,1.015357409710733,0.522747436186251,0.5928841392547988,0.6604982944680675
0.4181120943300905,0.08190106921948376,0.5373152079647092,0.44686284582128116,0.39643411491865027,0.5934159958510137,0.9130067026395718,0.5733360187664002,0.645099935868569,0.559363456425032
0.4177098060123598,0.021703673055990386,0.4244175555404831,0.47219584321926295,0.3046544020896042,0.5847350826033033,0.978657179398375,0.5745927760856213,0.7372159388092979,0.6766106591429619
0.3149264376782516,0.04211667362304882,0.48058736086002934,0.4105876518324879,0.33317503984645297,0.5209234537252307,0.9266858364597422,0.6113015208197811,0.7113673748277893,0.6153824566885864
0.38011317109488624,0.05144438967169438,0.5161592358119436,0.5025477213194041,0.28364923294648775,0.5894621263299168,0.9458475996573578,0.6138308565153481,0.7105113425557458,0.6489218116929931
0.3369194884598341,0.009526312277863753,0.47396153998657087,0.3122812940968545,0.33715961998428445,0.5412945500594153,0.9870457860032683,0.5740650335321256,0.5333373437828739,0.6206888724793443
0.4269494397695313,0.05407527412657049,0.5299040542451469,0.3716074540079705,0.3678735251072966,0.5492891281501786,0.9319880155631212,0.489493529235017,0.6106824443369538,0.6086685166456198
0.4644821907001583,-0.002742157746986903,0.41592674407689495,0.3393298721541141,0.30270739890515,0.6876945835146262,0.9848905206239961,0.6164703033791272,0.563729561097485,0.6767459648047062
0.37181595092873915,0.06894032663779263,0.45413784525358697,0.3566836863078378,0.38626056289224664,0.5696293146759723,0.9213974449453408,0.4796779947955425,0.5651334186488456,0.6001526237906794
0.4428939946176605,-0.004569880204757029,0.4415602799998719,0.40359911354064043,0.34763911534753006,0.5851398064232098,1.0151192345670228,0.6500660384357531,0.6969323083285741,0.7130577896589763
0.5522281993854818,0.06305509566876336,0.4821880709348959,0.36302288968510626,0.4002267622161853,0.7801780617429221,0.9460971234459802,0.5097605059670518,0.5534651187941553,0.6486588755819049
0.37124977537219694,0.08032164806534264,0.4993071767301635,0.4255098655266322,0.4232245539555886,0.5512683621670149,0.9417347192116444,0.522553240157521,0.5955094732059294,0.5953409362859465
0.530870745213451,0.024775610338708138,0.467990728248983,0.43854943447151123,0.40615668677800526,0.7601054077242859,0.9542924183183856,0.4967180926008027,0.6510998614241106,0.6836744336181777
0.45605159851409466,0.021069749332585503,0.4444522483660666,0.4299277434717494,0.32475808607016193,0.584747013458129,0.995167261306137,0.5881219413001537,0.6821744290807268,0.6516961996840194
0.4618904687622153,0.03911471803039138,0.45043927361451613,0.3249200054678048,0.3569492340499255,0.7128589321380436,0.9404053514464863,0.5915927006748312,0.5469834691638134,0.6114789241890544
0.4841007717482368,0.03377087741012577,0.42397132765904527,0.38734762410301316,0.3021249268036123,0.6428745990092866,0.9694378704900328,0.5808298864845336,0.6545057604710801,0.6719763782291359
0.41459361728813804,0.03649190745414107,0.4749716453414871,0.4045816942486746,0.30336305095561467,0.6389805320294644,0.9811601657216492,0.5721543358605018,0.6759239266240756,0.6538485914360358
0.38220131458371687,0.036769381475740805,0.49990855987770244,0.33256758604850645,0.3374096320538081,0.5771178893817832,0.9792401227751906,0.5881099253376645,0.5965594797381474,0.6156805145978095
0.373837796674022,0.05644275145927467,0.46035185846730514,0.38670757869340494,0.3748384370370457,0.6356377938593102,0.9727977439288291,0.512099263267338,0.6612752922172447,0.6159373335732237
0.4596366909464664,0.049018747418396263,0.4124812146027311,0.27860782941080997,0.35219409535283663,0.6318198675096741,0.9465701637040602,0.568045019456573,0.5027683488456776,0.663529918941479
0.4916812851633589,0.04911411681695902,0.44323133632640394,0.4278826972174706,0.3747883599732124,0.6376299740079552,0.9470590809282023,0.5173194646594137,0.6579629190408927,0.674957974442066
0.3766104059578744,0.014505334912449933,0.39256006297768475,0.34002805743925807,0.34148396670412795,0.5972637750822267,0.9723183415684112,0.4755420270908046,0.6082321051504318,0.6239877074150681
0.5024673853091665,0.05163056540012401,0.4366871240991621,0.2850148452795327,0.36835842776879407,0.6641403820201424,0.9619762105770069,0.49867281279048525,0.6236744217781025,0.6905411656472398
0.44683116168040343,0.05958810736163357,0.48107731363673695,0.30409569515161283,0.3727275018889566,0.6562647556309342,0.9291313863507956,0.5822391327065488,0.5474227289538047,0.6310650611114972
0.394778292916651,0.01762668061191397,0.4948158218047567,0.28448233705245357,0.35960855055894486,0.6119911000561125,0.9672386746510666,0.5334620541903983,0.5361479643183593,0.6644746655982687
0.388962231773998,0.03667078066790173,0.4854153941346667,0.4684370085110299,0.34661763560388154,0.5701828291231318,0.9612280441679711,0.598481896895726,0.682742979068058,0.6935074151876457
0.43037277174457195,0.037631286258134646,0.453621058852709,0.4252576168784119,0.3842632435830889,0.6255604303470907,0.9451823042919958,0.5324095736114627,0.6616527452961363,0.645942916369337
0.42737932583265437,0.04462452866439569,0.4434145036560489,0.4183260651729442,0.3580039108867087,0.6305412538228867,0.9640048252716398,0.5534227773236996,0.6643297172459062,0.6613463550062926
0.4186359337832428,0.04482735542817812,0.4822174766655788,0.34185755213098085,0.35900637766558424,0.6007623669686846,0.952945940984858,0.5283365835121931,0.6048027304454608,0.633200606464716
0.3501786305974554,0.0630830934054662,0.5041722803736753,0.448082801694849,0.4114681245256677,0.529360623201317,0.9666200224925129,0.527288505642287,0.598286741607442,0.621521183394433
0.40719629640869187,0.07668488841482438,0.4833815803993094,0.42026182642311855,0.34718932560925775,0.5719844481897585,0.9435042134065462,0.5732237989630338,0.6358333586059081,0.6117645640925575
0.4499209233330284,0.021273960093700705,0.5035444387840364,0.3236715801988821,0.36450166655175237,0.6525696171213942,0.9944620560658995,0.6288643549986651,0.5899915853879292,0.6863340691432513
0.36625451384663055,0.03589902567339043,0.44488360159778345,0.35840046718429486,0.31158718005924163,0.5924486931858823,1.0181580768268736,0.6124931171893444,0.5723601287289068,0.6944341947038191
0.40123419234292484,0.030946779151585634,0.43555965428783794,0.3942621429525832,0.36456853954893753,0.6160092824520396,0.9812990814061135,0.5756885996355197,0.6492362231358075,0.6563376817880062
0.397261708800333,0.05111444209950852,0.4495758683504746,0.2742438420382494,0.3496381219943681,0.575585179333716,0.9864214461736797,0.47225568045001776,0.5471717744512581,0.6955256299364971
0.36271069073099116,0.05551475556183499,0.41485516788412385,0.3731971378001387,0.38196348319673323,0.5476504120022233,0.9430977758234289,0.5211460985422416,0.5919063968503675,0.646233511606107
0.40600341317772876,0.06668196113633194,0.4565348979849623,0.42004366057731385,0.4265962554437962,0.6159518434182761,0.9318420461094252,0.5257465691283001,0.6570847781378367,0.6076063774670906
0.4267219476797279,0.0069136562096799685,0.43213549689195085,0.41970389876064257,0.3879587623926753,0.5793672892868469,0.9786849395272982,0.48772264041986624,0.6524580746038033,0.6654108161062614
0.43760613977987967,0.04261297149155961,0.5138409758123128,0.3434930305247553,0.39230056525759893,0.6192088156432651,0.9572764517727467,0.511303880890374,0.6419907968257087,0.617064573396088
0.4712187343393107,-0.005694061564068506,0.5044405319025121,0.39392870908275207,0.3082433026095705,0.5974185050156757,0.9891912686996447,0.5669682222430247,0.6531116595146842,0.6735751411393798
0.3562609563374898,0.0470067833776719,0.4509457174091811,0.39895478436055504,0.3623340736308557,0.5683642825773787,0.9386209137755055,0.5929972017518834,0.6131605153712516,0.6143543184755511
0.4251762662842395,0.0588196960912036,0.45575302314741944,0.273928399034915,0.3707966257442391,0.6587279443518272,0.9651220739268299,0.5590991907994177,0.548072676068786,0.6406558541349465
0.32633234176886067,0.013630945712851242,0.42646004170197954,0.3632024799131291,0.3606640409848875,0.6422015322034347,0.9829634558376723,0.571618064200007,0.6657930792054185,0.6554325199882645
0.39887876601428596,0.08357070826665222,0.49438290223322,0.4484552330018017,0.3936654513650688,0.6263200975527039,0.9211923210161576,0.5196643262888043,0.6140928591394414,0.5865604323613446
0.40633955851615,0.08509402087829322,0.469396567319221,0.3660150226837135,0.38866673724678374,0.6254373182401594,0.9147835872973541,0.49877064314027963,0.6145516043346447,0.6664463362062509
0.38170347511209546,0.05911527603885598,0.45012491086030354,0.41519635949280687,0.367639232341203,0.5881412848792072,0.9490144345509921,0.48681812810014924,0.6243551915234962,0.6347537932511118
0.36470133678571104,0.06416178421804347,0.5117935067963286,0.3612658569549594,0.3962375493818391,0.5987821200046171,0.8986822844088983,0.5213597863130679,0.6151829913317329,0.5985804976187288
0.41726210044406525,0.018685498688320944,0.4322251261786522,0.36488271240881637,0.34344135305214607,0.6413652686701489,0.9901609249697461,0.5537681975932224,0.5917703497902085,0.6664130617580103
0.3431352201927009,0.020677732250590084,0.5459876710430734,0.40134264565645494,0.3530648259630821,0.597523769962129,0.971369397167893,0.5114601337234622,0.6775509085879989,0.614436881208895
0.35937323075439664,0.007711938624649738,0.49304261719167664,0.35713122650870305,0.30481842949075355,0.5767125602952918,0.981455241717179,0.5844726869466811,0.5961736704796766,0.6722872018718172
0.4143650028793806,0.05666501814541869,0.4598351053295123,0.4047519978704859,0.3841245205321868,0.6890865374157096,0.9458836049744511,0.5084526238472442,0.6767638955439814,0.6107442717484732
0.4705915503983552,0.0532418597440436,0.42741902871857157,0.3417184790369482,0.3969224709288661,0.6651032801619818,0.9618415243411899,0.4867731395404864,0.5764044018047259,0.6355366128739899
0.35716381618126913,0.03008848436431003,0.43182101334185014,0.38742736534299826,0.36192848952030227,0.547103395603334,0.9557308426520683,0.5193458131748365,0.6236256279554058,0.6591886551547352
0.5544958781776198,0.09114208475239262,0.44143155099995257,0.40770166187498275,0.39371370888537227,0.7282895044001529,0.9262526604817499,0.48873832734125455,0.5927222260820193,0.604538073717429
0.4895876702768851,0.012769556461506328,0.4405621305993913,0.4194766047379642,0.3249848184668323,0.6555306536323019,0.9624451527002894,0.5801534035754445,0.6749804328963885,0.6655289697060698
0.38725408543445045,0.04985430261739509,0.4897108268249896,0.31681906908435714,0.3444583682941068,0.5810913760005647,0.9680906227940225,0.5617725726275621,0.5989173028525643,0.6415875384596335
0.29365984893698066,0.04410621794315952,0.4738238722587656,0.3297147575619871,0.34238583052412247,0.5128659631192815,0.9808212756251268,0.5318422139759122,0.5625870277536986,0.6241244149092686
0.3523786759700725,0.033422308975301684,0.5174559597974315,0.33602012710804485,0.33645704277209515,0.5870826513609135,0.9510988062813787,0.6182042764757268,0.5710567983587824,0.6437333841118238
0.40771700615192885,0.04678952112430808,0.40648047610915705,0.4500832214245716,0.36529530386258835,0.5455424907087059,0.9657948528172513,0.4939866998241933,0.68967670985178,0.6140349837930003
0.402567676752678,0.06764714034522508,0.48709774475571244,0.403684244546177,0.35055679125167066,0.5939189914871151,0.9312863682770272,0.5589372437988831,0.592626158768781,0.6134038905531751
0.4464623529800156,0.053507427420388616,0.45208099198962565,0.40988482041313706,0.34784606410930347,0.5610490392319846,0.9539186248877598,0.5585576827357177,0.6306847326717112,0.6740995729045742
0.3342433925697512,0.05928546965020513,0.4696080450048573,0.4076832647037683,0.37640566729345887,0.4841949761958415,0.9493594547957337,0.5237880615193682,0.5855875730652196,0.6194369877646828
0.3362480744388814,0.007208841448574349,0.3877043861494256,0.24094264834693702,0.31236608153699336,0.45249496705302494,0.9768225337964127,0.5423702423120826,0.5180504439461404,0.6835761602761472
0.4930199416939686,0.02713063536870729,0.46347524110717886,0.24632227200958282,0.3730970469340197,0.6403332592955948,0.9491347288272424,0.5460903739826922,0.5266997651587526,0.6618869596958689
0.4267856967125425,0.0317015011374249,0.44218988867973935,0.36891987845329327,0.297416759909568,0.6239622689452367,0.9831570045735172,0.5594633273367058,0.6811041836744118,0.6686603549527459
0.40195950693747773,0.04508852954198315,0.4616572987694128,0.39743883076180153,0.36104788013312167,0.6347108134716493,0.9574451244170435,0.5754784756097414,0.603968270455363,0.6562380122198437
0.4216724951422892,0.027419749382729723,0.4420527469700375,0.4278280322109366,0.3292786543767525,0.610547642925696,0.9586798131254288,0.5812539182017087,0.7276061238343936,0.6282296116550623
0.33775653080086626,0.04599250605452909,0.4177326050498873,0.40131227330277897,0.36225668200803146,0.5555799238704238,0.9590565115611714,0.4881079079912134,0.6372229578505912,0.6158556978107241
0.42595063297120817,0.037582670866687845,0.4212681175473991,0.3744209321101604,0.3487661326710036,0.6136137978940531,0.9671067053934481,0.4918284410682936,0.6578318513086333,0.6649861008681225
0.4092012363214996,0.07132560739037905,0.532814097555887,0.29437759581773243,0.3910389224024518,0.5551688781342894,0.9179779401592169,0.5815742525750944,0.476111433597745,0.5636100410678705
0.34852210042147336,0.040222889063251825,0.4618311301997982,0.36857129887337403,0.3547683600828385,0.5217383431758491,0.9586699258424529,0.5529924935403103,0.6160703774193963,0.6313392794045407
0.41765289900126545,0.0016369772235313605,0.45510198414964365,0.37888587061183193,0.31735405065971933,0.5813568438358385,0.9814551495958586,0.5521565836346939,0.6212687167715425,0.6777105081767184
0.34242641246021077,0.023770382412464514,0.44459383103725386,0.47254073257292667,0.3524393080356375,0.5579560003343149,0.9451049248369494,0.5714803912907379,0.6557944122101071,0.6675255127108788
0.43322641166586756,0.04419476348078381,0.4256606794719629,0.33260276872473493,0.3264377286683321,0.6012407299992274,0.9786797073116891,0.5389648949736265,0.6184643302980863,0.7145240498148545
0.3626570838518637,0.023634235271364695,0.42868809899018634,0.39157744423722596,0.33406405301395525,0.608161898945715,0.9739353715826825,0.5766334063677182,0.5870565925441371,0.6421338292219678
0.44458911365508696,0.07360914840810913,0.5048728755962647,0.3475430574075144,0.3691189989484228,0.547461466578923,0.9375551133297098,0.5719403376264136,0.5836426929615184,0.6134249238946533
0.3846526983847269,0.045936083219887375,0.40293212396947087,0.4275430765991601,0.3947057552771259,0.5317134235546617,0.9278542772652902,0.4586250778159662,0.589235592639137,0.617965718077182
0.40672385407329154,0.052784880064139186,0.4827183302275127,0.4029576598776204,0.3550123280733897,0.5485870922026699,0.9270000331475645,0.5251984720992192,0.6269659910114156,0.6150027552446036
0.4012335015975874,0.032508778290213175,0.4494370618552128,0.35001736507252473,0.3107114170230383,0.579040287908213,0.9805642023127573,0.5945993508063429,0.5843340813560922,0.6308228591259974
0.4255527560160873,0.025721445641055975,0.38549784297957473,0.4046785371408193,0.3113413705723862,0.6631033055106527,0.9762336572442614,0.5687348717061533,0.6675697943530565,0.6657585410314051
0.4003602943255059,-0.021090957000392787,0.3891203428197219,0.3543192794822522,0.3643267322030747,0.6240112159705684,0.9952941868905055,0.5429474048594742,0.5884136675583738,0.7096911731816165
0.3761538312958738,0.05350885926906579,0.4783586931348155,0.2978483462282021,0.32324686542177405,0.5797797541956748,0.9340583593054953,0.5901500528269221,0.5948085243712403,0.6202495799906518
0.41759390443304845,0.04480037509471192,0.46102862799027117,0.3090145174977817,0.34758220133759027,0.5796503093806895,0.9776477587082825,0.5759569398997237,0.5478198338212692,0.6777800958013902
0.3699390175936459,0.037704472578686775,0.4271256393330846,0.3893253129524463,0.32673736104719503,0.5924001966447903,0.9726852371040705,0.5016742968609893,0.6289823489589603,0.6131846649543317
0.34030191080672123,0.014756187941898981,0.4133833851973306,0.40357868481999387,0.3774245280240609,0.536673374009287,0.996028408267818,0.5300663740384519,0.6565327905391867,0.6100548354906232
0.45323597736174154,0.03696053138118338,0.479174014900633,0.4039044686780436,0.3849544743315798,0.6828510864629508,0.9634370284937736,0.5131145838823719,0.6759225222953298,0.6434732251689206
0.46492906782603877,0.03653747286383308,0.4753890582451968,0.3139437506730428,0.3099517447041186,0.6323460209100755,0.9529792773510062,0.5941008837165649,0.6186968269733409,0.6301224336346597
0.3827306036552721,0.0261754774198382,0.44789188337275554,0.41078819738020506,0.35149765074103634,0.5446922119360267,0.9315177295231806,0.5448938141197234,0.6377882488387774,0.6379115699624466
0.42223530645165985,0.031066858356830433,0.3843395155114297,0.41354256323929556,0.3572658808956529,0.6174910772748957,0.9801333735130296,0.554789003108177,0.6155156760830152,0.6590311425713379
0.38336616398214074,0.05622223386501471,0.47262724878430645,0.4462528493623791,0.36863017611124077,0.6127017624919668,0.9463655314445334,0.5432995123455739,0.6536096207087454,0.6431733239073162
0.3443127563465117,0.04864722294229182,0.4437178755042334,0.37383444148795425,0.3439455386852283,0.5373872232373558,0.9485967817575063,0.5262783482182791,0.5939892760670289,0.6740700075876885
0.39905166819641713,0.09698126925902226,0.5436443300516186,0.3726061364423912,0.41952437891717514,0.6134707864375096,0.905096040961151,0.5427854431063546,0.5424651698515112,0.5684638585118752
0.3705446723132992,0.06090276051337711,0.4977791787122715,0.30589809003603174,0.3979299817251356,0.6291969533512398,0.9385607787282512,0.5692113854974548,0.5680112878379535,0.5890803716025192
0.41777181673048197,-0.003188808663012224,0.4433583149780459,0.4376735701572802,0.2872559677080091,0.6283822142581814,1.0050170445768407,0.6064522064205615,0.6633281671003648,0.6280118475448413
0.44257535564328737,0.054508050179401656,0.508907289476845,0.35726343645581554,0.37163628969553825,0.6366635924912051,0.9156485309322947,0.5294397759228793,0.5808108308401625,0.6502700416598235
0.335007360417261,0.016442648153234502,0.42468888604710675,0.20451568487952562,0.33989976203077316,0.5493497453744531,1.0136531073642077,0.5127704115003083,0.49812630882488684,0.6830989166568312
0.3435157746671257,0.037768618030918404,0.427597050186686,0.4304925409335,0.35429210108363507,0.4984699259849993,0.9777811629406183,0.6361699346416789,0.5660010582020476,0.6774871640665896
0.3208998259817602,0.026147133634896923,0.4849875740151213,0.32966611978815963,0.40016080232389384,0.5167229450390214,0.9478230140965529,0.549983150129145,0.5931291667235836,0.6405855023142374
0.419047197031461,0.04597532270304027,0.4638350944022271,0.36034721739112385,0.37243906021002865,0.5876461880812318,0.9475465761833533,0.5654206768281411,0.6248816257175911,0.631350413382429
0.377663213643512,0.0526507291971898,0.46357918850450647,0.38619803603112207,0.3859368622821894,0.6111071407840156,0.9249061684325923,0.4815806408231589,0.6030983916613168,0.6342910279490044
0.30782407515890203,0.049867437783458445,0.4870261032778196,0.3885275391151209,0.3794196936935393,0.6321878488664945,0.947593394315167,0.5662967124786549,0.615814074104294,0.642501614963204
0.4420814414004242,0.05833106989353663,0.4777114258136288,0.4088914387223439,0.37388705340959605,0.6572755208889823,0.9338252842513398,0.5007199397597002,0.6449145798841922,0.6008845721296059
0.3746704681985844,0.035396882167619666,0.4457645382110651,0.3249789358593797,0.3768410627744316,0.6347047948873048,0.9462766286137984,0.5416545809500817,0.5660298283811399,0.6519951419836763
0.40767779080779554,0.045853648959505354,0.45807919130935754,0.35586656127167227,0.3701495246988424,0.6188302454881531,0.9715950940373699,0.5480415266106948,0.6214330745736116,0.648851279296758
0.5950345120488996,0.04402710972441631,0.4892994746032873,0.4356322803268349,0.37082128518843904,0.7545512332561313,0.986942282257441,0.6049897853588027,0.619660067383146,0.6793407305488824
0.3949359148480802,0.03312650362884457,0.4490428182434784,0.4223442890764765,0.33870149995410465,0.5686604304871261,0.963364241867299,0.6176973677725872,0.6105191706259112,0.64111788666423
0.2834766071745357,0.03414507120220048,0.43053908994191603,0.3817132659857831,0.33050723342832294,0.534107622797799,0.9870659439260471,0.49512578651470407,0.6179308695481721,0.6532570409641207
0.3638567452974589,0.02492182219805748,0.4530971555582124,0.3640687977245245,0.3114040291900505,0.5558510723126961,1.0122662582220998,0.5696527143802035,0.6689326165358025,0.671859277716983
0.4891779731892702,0.06052173151720883,0.5237805233874373,0.43997965426635066,0.4016412793672908,0.6679704884035735,0.9304897338864956,0.5026916003631758,0.6536707260438841,0.5952397131623341
0.4099028773706009,0.035990007676833996,0.4461267070467773,0.31297917727846375,0.3689584178163968,0.7150262972271484,0.9520096780412127,0.5815411643317215,0.5766089554819671,0.6337183727935095
0.38904059002359964,0.060268079614528895,0.45453589644711523,0.3430412693534425,0.33789025315941973,0.6044014369824642,0.9485975951668589,0.5634247727761875,0.6433830663211118,0.6448682208617602
0.4380006145361089,0.0022977887429384497,0.3865798456096738,0.3276817614366227,0.37865066936031055,0.6122183107669379,0.9565198674385799,0.5175791430172612,0.5763784306313764,0.6961660409645798
0.3751367884167261,0.03959677985246505,0.49389845756531936,0.3059285785313865,0.38568048444484837,0.6522131331107374,0.940452826303168,0.5422834001046366,0.5746507511169359,0.6239543913985558
0.44186804712297445,0.0701963009515045,0.4707712826176856,0.2933667343279203,0.33852396631424186,0.6402970239778474,0.9635387582767957,0.5841074839874147,0.5908653287321126,0.6680994039030392
0.3202640193953813,0.034280124313101,0.4194786906784138,0.39766792050466543,0.3806217429184184,0.5414114757440002,0.9527146226208905,0.5391985088722856,0.6155650034737842,0.6197827712723385
0.3813658165312351,0.04925550113980286,0.4532513289692861,0.3152182496526792,0.3359842362244204,0.500487770081256,0.9622820214361419,0.5387616203657075,0.5418695126833479,0.6636096450348736
0.41065314359840593,0.026418258745315348,0.4025544974715056,0.32079890187327986,0.3506958814574925,0.5868954905474125,0.9740704524059848,0.5086937398673235,0.5189100032528771,0.6622240487441615
0.470820119118174,0.08028353305231564,0.5177292842838843,0.40532020059947166,0.4320732852785088,0.6527094718188642,0.9123360646402159,0.49111054875509974,0.6649146244285831,0.5667600668492105
0.4065330176273661,0.029755676300415562,0.4323881283649156,0.3547355278351643,0.3394787208979998,0.6056918968426466,0.9528054871325912,0.5422278356002654,0.6391258841086468,0.636003136966913
0.41669617335608716,0.058082219882983,0.48593315172270224,0.3732654121423283,0.3703370837317662,0.6087022941281981,0.9436754356936161,0.5302808840493328,0.6328873216579493,0.603519110242418
0.3133750764176038,0.058346486050165285,0.44088571840792684,0.40689638641288084,0.35154445210181906,0.5003522517516292,0.9543605695016953,0.5168271443365312,0.6109344652389154,0.6172141102072521
0.35444065447236756,0.08647111886101431,0.4231954951425362,0.3196515469933906,0.3384524647130752,0.5599051145112766,0.9278157293500335,0.5053272093864916,0.5531445577729128,0.6523876657873288
0.44681107271640214,0.017648373903133757,0.37922446055945636,0.3926022070267138,0.38178957552141124,0.5972437290616963,0.9700926552816307,0.5391498845870001,0.6278490465923496,0.7042439469629358
0.41186609551914,0.004010429386128409,0.46253847481175464,0.35709012237430277,0.3239450748778112,0.5950737870683718,0.9968009454246629,0.5615459465989794,0.644771529555157,0.6338789668174973
0.3815784494789192,0.039623239669557726,0.45070611165248253,0.4296990393420148,0.31475354866185973,0.5639374023425604,0.9640445467689633,0.5637233762177454,0.7205479571023534,0.6354820271354459
0.47359963118926857,0.04936098904122256,0.39279418992296367,0.40320316516346405,0.35294540411484326,0.5933480679048942,0.96313118438185,0.5478536676184538,0.6218882881490169,0.6856052635057814
0.3272074828823045,0.07045210287209819,0.45777581961958685,0.3912495543683799,0.361063028818999,0.4746373602249456,0.9369536403108039,0.5657538758874594,0.6436610541774828,0.624763892754246
0.4216406877728524,0.0620939879486321,0.4352114603875947,0.38199896385518567,0.3896410182613994,0.685445791247431,0.9614705913753888,0.5519955639162439,0.6205258693705833,0.6311105155531926
0.4116295733378351,0.07319891096355752,0.47288621326327,0.3340113212142331,0.3787302305532001,0.5809098092457294,0.9358350255338279,0.5405487421110586,0.5939527836575701,0.5930322775180666
0.5121305276676168,0.03888272853757415,0.4015185602571998,0.44326468695844773,0.4353100045598917,0.6813713261897444,0.9793718149384407,0.4770424407563163,0.6938708134543464,0.7077757264385648
0.4149691114884631,0.05147888095538873,0.5181594360599776,0.35055880537882184,0.34544162432030034,0.5892574681878229,0.9580826295844614,0.5976078055023921,0.6000662643776516,0.6130077401087648
0.4114396844147032,0.0695774383874038,0.4359346046915307,0.3650272381441393,0.36611030829054897,0.5750860791911697,0.9552722851189865,0.5383985379113796,0.5480389899379898,0.643659946731895
0.49577153048521516,0.04985793056270396,0.41415967867329,0.3916885932830698,0.3650230026718562,0.6541528982809068,0.9370726056384513,0.5046746546057483,0.637120122672524,0.6313773327762732
0.4323900015343197,0.017778228493931708,0.45783532882940614,0.4296147979227127,0.34385651431996606,0.6196800267185676,0.9679514511900963,0.5378478082084668,0.6835596027614682,0.6551438549527117
0.4344638238400931,0.0307157965039268,0.4397768165330959,0.3954462177489813,0.3384592859971099,0.6376973491321931,0.9553418870850899,0.5562927924036575,0.6324349896272434,0.6339837387917202
0.3984761163865041,0.023336748117629546,0.42385618295241984,0.3779104887602635,0.2988384402309506,0.5119015182260629,0.9517638812565223,0.5467497475189869,0.6378095843713958,0.6524794700304514
0.3318375948001015,0.07027304763725327,0.42022973497702315,0.3674862151032152,0.36865347859003755,0.5493411219087524,0.9093569197952264,0.46401579398065185,0.5906886336784558,0.6238144863370476
0.3951379030589331,0.049308945927967224,0.4720322420154958,0.3856661270159369,0.3751270568978544,0.5738245485022335,0.9429995710076642,0.5111332493078055,0.6158047458138637,0.618108676350971
0.36361193644949835,0.03874507002602172,0.5042165794088648,0.3345899528078727,0.34110413155401675,0.54090882886539,0.971009221164296,0.5628726287083927,0.6495570172536865,0.6407228699922214
0.4452871422418491,0.049113804592922805,0.42276217283456824,0.3530412743954498,0.37719868574778015,0.5386521569481262,0.9580017005241614,0.5365388106087632,0.5314010921442007,0.674326606528207
0.4868463062933383,0.05774898274976894,0.47899203502451987,0.4282427267285268,0.35257379262542266,0.5936870490451137,0.9245862421180282,0.5492230945485801,0.6312682874726961,0.653768032433462
0.44509592688673194,0.04786375107754028,0.4539989279865683,0.4049014501955797,0.36243637040096915,0.6321717410105855,0.9728423621831269,0.5814124775592804,0.6866919816720325,0.6525421646174019
0.31950890056849524,0.016633163242703038,0.42586584953645706,0.39246887050299156,0.3252847849083829,0.5505892278798254,0.956745733135587,0.5696830375976829,0.616734526231428,0.6536857114365948
0.32330298849549594,0.03523452792009802,0.46131718375283076,0.37967285326677197,0.35512723486518555,0.5619705352723863,0.9489611877221422,0.49453302267743215,0.6386928946140322,0.6219670933838163
0.4984619250478031,0.01881993728516411,0.4801882077142465,0.35863284663052497,0.35189262516312614,0.6864136875220606,0.9701433023915397,0.5866037607881678,0.5804505545620324,0.6717403315404391
0.3947990312415227,0.027839522606053903,0.420487579779514,0.37668708361394887,0.30727723328514733,0.5266361308562182,0.9479611342197856,0.5520972352069652,0.6099398815467062,0.6655396805389808
0.5232493735187771,0.03620518270954525,0.4995900599862461,0.4326441962680855,0.3537690357118867,0.6320419851573631,0.9583280524123521,0.5880701291432732,0.5756941625249135,0.6553752194251219
0.28832760960530907,0.049560685864952186,0.5307560273637337,0.31807896984319256,0.36207144362230104,0.49777241961084895,0.9359307818448467,0.566160416719761,0.5355642833367673,0.5945545697857444
0.3642368791818789,0.018894949183134866,0.4069835075100059,0.3733760494945136,0.3551967603181644,0.5292361674165964,0.9697347469109583,0.5252091705406504,0.6264050024543828,0.6687491097729477
0.4550884875266019,0.030369284495881086,0.4017758409989768,0.4121028761252047,0.355737320565559,0.6179973045644458,0.9652609051726746,0.5223533067295544,0.62362680336328,0.6888182441875332
0.5250860506752405,0.0700197162401374,0.47203931091158524,0.40238660505791335,0.3635805704066458,0.6786818893893063,0.9373169084894577,0.513258989957526,0.646542086487057,0.6611025836250124
0.407139697148773,0.06778103342585219,0.49776863676799965,0.35952731941205057,0.3914817612964458,0.5832024921302144,0.9326768528901616,0.5359855146780693,0.5573348501015449,0.6324839089353248
0.4147207226224864,0.0635014308252194,0.47243307408630114,0.40331064062116845,0.3680223854196419,0.5875987967506677,0.9412473327744169,0.5392729833295242,0.6460709952084334,0.6370615761217286
0.31519756402883653,0.038558646586135684,0.45103539813897414,0.26251465887022035,0.3686265485761581,0.5578600077798939,0.9942351571230804,0.5524130991432621,0.5859974550053908,0.6538352581607428
0.3667388737980793,0.03859069262201276,0.49442552548462504,0.4116155384268788,0.3432954788870465,0.5503717017778628,0.978805327979268,0.5698805237158,0.643723744290408,0.66446883724003
0.4452545712600793,0.06333988500667781,0.486853922904154,0.36574542150648276,0.396534427298063,0.5977490505820311,0.9042253200955134,0.5069996739411369,0.5864224106846622,0.6185466886972368
0.44041331079853374,0.05132049630346771,0.420134484745844,0.3102389445385551,0.35526021460108154,0.654165475439173,0.9502061504940273,0.5191582331819291,0.5815178220545036,0.6350618464970419
0.29407735066662793,0.03711721901207327,0.4762674905852134,0.4135647276596744,0.36518985662918685,0.49413951422119606,0.9396023959373352,0.5335471338869897,0.6965764376431649,0.6486116372487389
0.43561460004449387,0.05445741630570405,0.42233144848511356,0.4261539727714093,0.4043359296426694,0.6184748075196944,0.9390756967584893,0.5339924906889584,0.6768299396853528,0.6623036774723108
0.41594446819177533,0.07748387993491633,0.4845194879199823,0.3942078606894426,0.4052481398338964,0.583883993032589,0.9334016653398178,0.4728272208073582,0.6407601726376162,0.5868055034131414
0.3472442918780298,0.044782629923174014,0.4931863291494618,0.4442300580504195,0.3344904603457355,0.49044955399841994,0.9466222436873868,0.5164835667374628,0.6598267718198907,0.6163045145549653
0.3635262776807547,0.050459345509114954,0.4243036123407417,0.34331704271204994,0.37769415589349753,0.590777459952611,0.9623186453319721,0.5037406651007721,0.5427622891961021,0.6678959346002844
0.49361912131829694,0.03701041977949726,0.47677225117063227,0.3914114283970865,0.336792075478472,0.660451306574217,0.9503358557096377,0.5458597309361333,0.6402800681224208,0.6555015939627966
0.3860434169290946,0.06211399409168091,0.45798539869527277,0.4855141861209368,0.36423003047685193,0.5847711071506686,0.9291632860204198,0.5379190502707591,0.7125097117599549,0.6557210435668825
0.36441051508596956,0.04537814697911435,0.4989846154567873,0.4906091269680061,0.3029943746742849,0.5407871990572566,0.9400510141697307,0.5865377425307069,0.6993050519449515,0.6231112331157259
0.3924752766816167,0.10070746267356037,0.4625434416149471,0.47596764295929767,0.3400536405626903,0.5363536680009465,0.9236274764897925,0.5383012885398453,0.6399891800310717,0.6307941070759822
0.49294408509936294,0.030316862997699163,0.4749047585497261,0.5171621935730543,0.34794232752432697,0.5917293216964734,0.9551755088037619,0.5634559793440992,0.7091906446033596,0.6798203450096172
0.3968742728515096,0.06820371808729724,0.4818096303546365,0.39323135852214414,0.3749070019434497,0.6065844763901647,0.9213027969493683,0.5494706729782632,0.6267630614293977,0.6438919255889675
0.3619450815798331,-0.001491263159200781,0.40036272832494435,0.405513481416084,0.34334969133352694,0.5630747564170108,0.9950606533428402,0.5684930219571769,0.6483308709371434,0.6757373244912839
0.3279107376829267,0.05723935083329272,0.39532202783280707,0.33659490163594047,0.35952770785210375,0.6015267861153808,0.9567762190415118,0.5104618492175796,0.613865702589063,0.6700060798753094
0.47435518634931756,0.04019120689077267,0.4877979607203538,0.40104363625189415,0.33316450823758226,0.6755860870176233,0.9616876341200574,0.6138757389992311,0.6494223666163716,0.6584130768835095
0.4928294437169154,0.048335716970890764,0.4664914818918726,0.4586853603717852,0.37518556664076214,0.6103290535097858,0.9350605709665206,0.5280967226123376,0.7074718172164896,0.6396640485072088
0.3983489398580496,-0.01773169265932927,0.4079668011640449,0.4267642221257055,0.3459316591755405,0.5904681303549582,0.9724924888975872,0.5508674361082322,0.686854318545629,0.6427957963809166
0.4366796565614352,0.05520512505027525,0.5339337654338787,0.43582058987227673,0.39217841055567293,0.6629039914494194,0.959375797889672,0.5562292512983708,0.5960358444010736,0.6296661329315436
0.46814547809471213,0.03759765811325558,0.53749370518193,0.2517499599439888,0.34290693015909135,0.72532045898632,0.9656850172787238,0.5923249505126192,0.5608320420507913,0.6292493098013123
0.4254574709948675,0.0831172306199853,0.4531019595901364,0.39313850764812724,0.33717812375628053,0.5715787782651617,0.9477859145654569,0.5679242820395248,0.6171930248869817,0.6154206120289026
0.44713691219109447,0.04139344490878234,0.45395718353259895,0.32757187573561025,0.3978644734858293,0.6519475985963195,0.9305998849544073,0.4990065497467653,0.5670196268928958,0.6251262796942957
0.2852861072801784,0.023461540573767575,0.43151120489525113,0.39905466769373543,0.30720036273228535,0.5055745323120546,0.9758960504218128,0.5894536422054392,0.6764107299447595,0.6248456478675759
0.3892976925333305,0.03930106252366259,0.48728187882015334,0.34464538335160666,0.32688700117398084,0.6374044810130337,0.956845841371789,0.5895925958782549,0.6336799099666336,0.6500426070750188
0.3883269347455649,0.06473047020155186,0.5026953200502196,0.36973914659239776,0.37898818201371465,0.6384204935342396,0.9230996078475442,0.4587146837303311,0.6573136814757976,0.6131367711337294
0.35126118217239444,0.06324434279811482,0.46803091434050126,0.35339270500166403,0.338608545275866,0.5390589856632806,0.9647430194990244,0.5371474469163562,0.6082182326193872,0.6413662394838626
0.3981038576986311,0.014892063962815411,0.4419169530237275,0.40632280536594223,0.34330592360225215,0.6017624502423193,0.9736125852843354,0.4960257966256856,0.6693194093373507,0.656792022550132
0.39870468286308136,0.027869087587194145,0.4803640743996162,0.3860156806619727,0.3883997685380949,0.5847530345049055,0.9428666504952176,0.522719582509835,0.62305355329018,0.66057040315155
0.41438207323944554,0.08292031994366482,0.49113466157624175,0.3677597172951971,0.3824904708540734,0.5482864192783906,0.9314219265362474,0.5473471971637092,0.6251949392331423,0.581799863717377
0.42223911238654604,0.05391118052577497,0.41760104796404496,0.3182572373718806,0.3590376047793592,0.5740458774028669,0.9704963259684326,0.5178500640264262,0.6065709455898021,0.6063098122696633
0.3515845583947897,0.059229142007921474,0.45695848373622805,0.35764756799379516,0.40161800463728153,0.528382388996427,0.9470107764995005,0.48178829248307875,0.6437153253239916,0.6414999333559571
0.4272128089296816,0.03045063295783201,0.3806511492296696,0.44072616599622194,0.38564329291803084,0.6517207193214709,0.9717622103908989,0.5276003624823119,0.6275473134846357,0.7066254452292446
0.43154177990250947,0.036275642673866036,0.4720772351185997,0.3838131787198604,0.3851503375531428,0.5920984944542147,0.9328907240191816,0.5171126221045665,0.5724675234367795,0.5803351512420951
0.3222494950025208,0.0504959389969401,0.4872162282564207,0.4019312349575188,0.3783743546171516,0.5644202109332997,0.9313858007191586,0.5104766507634475,0.6376680300272619,0.6305592235662412
0.4129485301138529,0.06279959778323264,0.45366796520447356,0.4256922239373442,0.356005647450247,0.62757672648062,0.9391848284921752,0.4800658917580747,0.6983877791137234,0.6404581465909447
0.4814687353640144,0.08858109232530216,0.46408966329396606,0.38891991835997775,0.40931837812265537,0.656536199664912,0.9389626354035393,0.4976655155826336,0.5590815661066386,0.6404529423174052
0.3992224195321519,0.060294585303923315,0.4559743692868607,0.32696886540506226,0.34790858655872625,0.606193330716681,0.962609146879378,0.5397119909151591,0.5561964158173238,0.648180185958394
0.3642903256955626,0.004338091059153213,0.48787955981490533,0.37899385388910295,0.3059470258066568,0.5988318994021102,0.9867168918703944,0.5597943553123508,0.658391951044726,0.6242462069453184
0.4081701341328858,0.002117537325514898,0.4079073789710832,0.3751487021695355,0.30964319132809176,0.6266471344564482,1.007111122862621,0.5588955631851531,0.6368518009087907,0.6372246039504628
0.4743700668705618,0.006974007020894345,0.4631613910062616,0.39001913035169855,0.300435034187608,0.6991952634398915,1.0130729908749334,0.590323239074654,0.605955491564024,0.6424600325653458
0.3792525573304667,0.04098683836956896,0.4591117586555554,0.3458130876886977,0.3504280616633947,0.535418023026055,0.9466816271043862,0.5723740636542669,0.5756577010518249,0.6236693865761147
0.3573542801347656,0.023717676986100385,0.4423784041148653,0.4114368053434372,0.32076957074495765,0.5955196785396256,0.9876779030822765,0.534225018995063,0.6717870056557809,0.6957159969967539
0.36250445129117737,0.032084681072984914,0.4562489616921023,0.4076374314686867,0.42055621479924055,0.648342805588642,0.966050750869344,0.4887217692196678,0.6423110366092838,0.603554564243887
0.3481578871227051,0.06516459513944506,0.49392549654154716,0.4398808427757737,0.38322887538977723,0.5687183172223673,0.9107714833802774,0.5276995583698632,0.7106236611204672,0.6032896843692215
0.42217153130246304,0.04239003651152936,0.48776216887435647,0.38873636570826525,0.3236341988294494,0.56315035167906,0.9329800625345774,0.5487904713006693,0.6176189413252162,0.6626799561021554
0.43213663572581534,0.045089433617521435,0.4650631268751258,0.33162329657475126,0.3660462965021929,0.587072454696711,0.9634551000458776,0.5837110109838552,0.5030646003213322,0.6149829932585842
0.3836136856254022,0.051770756713879915,0.4333329938559613,0.4243990628783543,0.40830728932165855,0.596189620476973,0.9436589337836472,0.4879560801595363,0.641924879466863,0.6041362257279578
0.4034135200857097,0.032019961157575154,0.5166308953937411,0.5346337036888741,0.33481342167854083,0.6686446793231168,0.9786069888433797,0.5193615126110256,0.7748944491805054,0.5984137291414174
0.3714813444566128,0.04379087454349158,0.45238725455408035,0.4560878881927477,0.3868297337711108,0.5574010838294718,0.9624998572051435,0.5362711902309241,0.6830911372169881,0.6440444187515794
0.4049819041709042,0.031024094456128026,0.49574690051610737,0.4887679317488006,0.3604125242783962,0.5487414523824741,0.9390718142187144,0.5301245036281967,0.7264356611803411,0.6481498018384493
0.3957665425755889,0.07804000773841188,0.4447969912767714,0.4676605785960076,0.3861269459487957,0.5738989274684269,0.923979493859191,0.4995198093672084,0.6298942984370448,0.6461778201470202
0.29169717968826425,0.0007474714127365696,0.4030168978898855,0.41785244662507637,0.31546615225481694,0.5372320181333577,0.9995867519828585,0.550101671604569,0.671180352877997,0.6842490470969314
0.42336484559143195,0.03828097125138637,0.4645738408347991,0.44398387437983616,0.3897142865357197,0.6756821752787272,0.9449845176714078,0.4846187113858501,0.6785943069971059,0.6270085013245055
0.3067517870378606,0.03681833052766762,0.5207959254782971,0.34144364469091715,0.33939061784516267,0.5526903359081228,0.991074748764318,0.5825278823159392,0.576586223492529,0.6330645979888523
0.43106660754965,0.05273456137090472,0.40583526167314943,0.42323629600604945,0.3119185808432476,0.505608667385296,0.9334749311217713,0.5109598368757284,0.6014080730279324,0.6552093875338465
0.4305629729760751,0.08990430869749425,0.5116035922650373,0.36871879127761925,0.4118024569612276,0.6661295661334949,0.910857325963009,0.4467724001820723,0.5844158395209826,0.6095375549744021
0.41577783297582055,0.060767230485978735,0.4339108759139913,0.40024303375986175,0.37318139634409275,0.6053398394566272,0.9611945758569644,0.5355748133185625,0.6217803443762091,0.606603375944201
0.3166308230449576,0.05286583489118187,0.41699847156327596,0.3237537598360303,0.34764974731213494,0.488440881778603,0.9127189042976285,0.5275684591749172,0.4704548041977755,0.6257122804636952
0.45921808296017536,0.02120508172542451,0.40925387075431013,0.31652448535085986,0.33522171354362423,0.6487841667373262,0.9934279519746402,0.5068041553412747,0.6667502370160018,0.7019015895372065
0.37808145863919557,0.06496185801831565,0.4777711549560344,0.5023476362805696,0.3632214290050447,0.5573155250612917,0.9419553758403099,0.5407313192271337,0.7567774567314572,0.6288952518779456
0.5034604110095177,0.03550930137884006,0.48777977943932554,0.3301673274875691,0.329648954466878,0.6862320166319464,0.9362934537231457,0.5980125458796437,0.5828568135640172,0.6226244237144627
0.4137679628223185,0.06391637966827829,0.49042772088971337,0.46580739896438983,0.36591828704881857,0.5906497935654345,0.9410889547090989,0.5856434668628852,0.6869732102206185,0.5890076608162715
0.31685324525663955,0.012896812350769084,0.48395228666624635,0.3262226327426117,0.3292799780775834,0.5183074022072389,0.9553594514884256,0.5755552777128723,0.5768470338037219,0.6732593256474626
0.3672396514299061,0.03290777116675378,0.49925787165679597,0.3587736437555745,0.33484511069468387,0.5860484351758513,0.96412284081023,0.5777839954076984,0.6229862476248909,0.6522795972271307
0.46861776227310914,0.014666792306301784,0.45925539547500194,0.3835294887008885,0.37834469012616895,0.7439521570355165,0.9656544514583691,0.5259874101805541,0.6522447115245446,0.688792157071347
0.3369166869386663,0.007509092314369595,0.40824847883045007,0.4498745933194186,0.3396817891502522,0.5117252833556447,0.9645600267413377,0.5254969467653402,0.640370421459558,0.6689577360489518
0.5430315194120703,0.0756947794220749,0.46837886332939854,0.4344646540605436,0.4071918786610887,0.7276646160672047,0.9511746931729423,0.4746222815340928,0.7346805464349507,0.657870353846709
0.43030287355826713,0.02182404440040135,0.4023823555930019,0.29024314253658984,0.3598962177997241,0.5911798257962416,0.9979686362606035,0.5552941092754252,0.5892361747660333,0.672117950757086
0.34177053531804863,0.07355089506402061,0.4796532830202542,0.464057039225539,0.3719235061868482,0.5624425945827893,0.9301790832586243,0.5796982255719052,0.6779462617659556,0.6134019495769498
0.39011284326851176,0.028086855421373753,0.44586979123405013,0.3098238847951952,0.3362020311862809,0.5589679792602742,0.982168107493713,0.49556081403669805,0.5660230106263102,0.6377936884471962
0.40222621279260645,0.027196537324931547,0.4443927658425719,0.3369345796619876,0.33171204122259645,0.5637590140512408,0.9820545244728835,0.546467469661555,0.597385173170462,0.6759757714199053
0.5487888352729533,0.0727323184083706,0.45840640360486057,0.41450866224014127,0.41272337900422723,0.658193603731966,0.9299861802892407,0.4945927688314654,0.6604423056462372,0.6636984062048086
0.4394430910402954,0.06338689343444665,0.5006747158195226,0.3573454207482223,0.3888151898156322,0.5944153952804514,0.9495733730441446,0.5221663243384532,0.5545088957474099,0.6090591247699745
0.4397073363948167,0.06365022039080567,0.48182853592984265,0.347465830284589,0.3744573383122044,0.588535606685106,0.9408790373505187,0.5107885367766678,0.6249448231391409,0.6188054336495303
0.47602402127027194,0.043140178595767735,0.43744330861230984,0.3369173391938738,0.35720256956562585,0.6152394262880565,0.9655976692491319,0.5067738008648828,0.5930286329932658,0.6029370816730499
0.33124869895161985,0.05468855823099026,0.4749539341109418,0.3473085145325472,0.3540093185683266,0.5604064473819852,0.9585393523674488,0.5770175209917705,0.6149660719831943,0.6324323019388973
0.3983168765794825,0.0030998423187485703,0.4121669331526057,0.425219640084866,0.353822682430925,0.6224105754478807,0.9902100522641215,0.5526503993564611,0.6542241663740256,0.6495459022017345
0.3662878179801447,0.04192347453936324,0.45683738805798796,0.2943419640887421,0.38127674198761097,0.5429970084028051,0.9308133681888635,0.5333543370610344,0.5842395449217805,0.6473760977695955
0.41204877395269224,0.0581547141603421,0.4794001848039128,0.43237760809122244,0.36205367427894336,0.5810725787430937,0.9549646051616234,0.580472685609808,0.6568202116207438,0.5939831694217046
0.36838783825719007,0.02587317320341117,0.520862541286104,0.3238308175236636,0.35466586614763973,0.532550032759949,0.9799429839764158,0.6231101288109725,0.5887456438319802,0.6379290021366298
0.4243484127003546,0.05294641002225136,0.4323256960502515,0.43060224006038317,0.34406678451620326,0.6096563830222504,0.9403735658145275,0.474195142186595,0.6460529094652425,0.6325117431230105
0.388593950275232,0.04240422069432551,0.44614786608618323,0.4446752312972342,0.33681820020828945,0.6435335898638658,0.9686054114294699,0.5506117370387345,0.6627409996719846,0.6289378786690483
0.454061232694439,0.03772982734380852,0.41286217565358924,0.3965008757481083,0.3509850688287529,0.5742973945759594,0.9735034425071688,0.5202619602781818,0.6538726029556867,0.6248521099729074
0.42140891315170403,0.04953569158664232,0.4560553130415581,0.4003760176231708,0.3576531347162956,0.6225663888953632,0.9447779742036396,0.5232452000448541,0.6358577568056081,0.6534048155580434
0.4534850172911293,0.05056063336100635,0.4597208231708036,0.4700949691958892,0.3893888924549156,0.6637983352375121,0.9385946065120866,0.5556902384707151,0.6656480441837278,0.6253989372490509
0.4248107076341977,0.05285007473880796,0.47136802823059354,0.39823271711985175,0.35321557128456477,0.690527381268434,0.969659409993297,0.5322869493259564,0.6639698213632235,0.6313090836495086
0.401470213151465,0.026089062856917592,0.4655773978618948,0.36841839154546185,0.3412573519567076,0.6250373161474874,0.9891187271630588,0.5908732944330934,0.6150086266987157,0.6657958806102482
0.468062639612951,0.016356219929815792,0.4141399940344846,0.31799014241908974,0.3295763204092792,0.5753291412654767,0.9910599729672671,0.5606377766551853,0.5477543745795252,0.703481636669562
0.38634612247318767,0.04914737113920429,0.4460322748096271,0.39955848834019614,0.3573984564985181,0.6129745185719121,0.9556807973126468,0.5107119661062757,0.5668525956422543,0.6395434272509657
0.500140695147871,0.03482320540740801,0.39343802523612165,0.3582020614909836,0.39136325693862734,0.632398764568904,0.9898178195347794,0.507239393438615,0.6085474952974792,0.6527070988953732
0.408073464272529,0.005911440983039832,0.4410064741596085,0.3025861183787796,0.33343653066689516,0.6298313761994323,0.9842033982511892,0.5363051503536382,0.5991605575333709,0.6695803077545819
0.4859642429300313,0.06844542696756797,0.5180953171439506,0.456459419219395,0.3930643847983037,0.6593068840074261,0.9065499476640619,0.5117998967016246,0.6235218356622982,0.6315295713784691
0.42570506605183095,0.08133807896042412,0.4410787496567714,0.3440768817649192,0.35952092369345545,0.6456370432014533,0.913547119786275,0.5321262403414806,0.6045451539919664,0.6071940995270491
0.3718526218265139,0.04509013560466334,0.43334616212727134,0.4137994994503209,0.3178830484140501,0.6167789186851571,0.9697212707944219,0.5645654588595763,0.6233671516199959,0.6308432161796302
0.40347895072616835,0.029729480813080425,0.3966334984263558,0.3645749380149038,0.3371834290540998,0.5631719943177568,0.9580900057919167,0.5341363397163802,0.6169756766913345,0.7045682746974353
0.4285746289586373,0.05014489713295709,0.5355334367769236,0.4036848293503678,0.3701649465813976,0.6613693504555112,0.9377114737588097,0.5696989881582845,0.644916004843969,0.6292870606522092
0.4654156697295056,0.050733408513786805,0.4742202759510945,0.45847651291261116,0.3741137373546733,0.5778469977302412,0.9386178125182933,0.5188231757848343,0.6173342816581979,0.6165824210398774
0.6043436145847736,0.0887964861986118,0.5025438685526533,0.41615335455019514,0.4082966231121046,0.7251774054676223,0.9180471836038387,0.5471194942847414,0.6449284154760538,0.6198126750563671
0.4546790539962955,0.029211625757941388,0.3921648897765353,0.4918673605279721,0.3500241557835787,0.6273224152808781,0.966931603587964,0.5399707095667501,0.6851768071951534,0.7096660533138502
0.40013221042825226,0.06108789385031764,0.49017975791865576,0.3716547890222268,0.38341764401741557,0.5911353599093064,0.9144398121657742,0.5194618513886587,0.6210981287845119,0.5928969968069728
0.3402067036969306,0.060072244280298386,0.4950154900369124,0.5216601850064742,0.39934688692959097,0.4865775282858721,0.9348460566162379,0.49755838305434286,0.7583663943849699,0.604424256519418
0.41220605992493187,0.026020046498016387,0.48396118629834833,0.3285957936652886,0.38301813044317234,0.6107258178466575,0.9728596894124758,0.537678774651468,0.5414833962623655,0.6116987150323457
0.48057933027446925,0.09111035575053271,0.52358702201063,0.38675171275595205,0.3950108249784013,0.6521133150651341,0.9189299537476314,0.4976448262522267,0.6682159639026546,0.5987537126160278
0.4367545098537101,0.03574270847499989,0.414713876551795,0.4897353666678383,0.37858887296508453,0.6371212014202591,0.9296819958740351,0.4890354947658063,0.7154388407843402,0.6455817057096594
0.32369668792249956,0.02930011706359554,0.4350751144320221,0.32915693115026196,0.3499967432584133,0.5219399462395525,0.9678128032060512,0.553487412079603,0.5675671200535141,0.6946911752440281
0.3913787369561919,0.07381699053115934,0.4763378314991252,0.27254990263800755,0.3819079912993843,0.4986181535096871,0.9607502730117461,0.5255712274717474,0.49200045240526924,0.6076714275481687
0.4507612407126417,0.05621812975817132,0.4819361827784891,0.4013583788099911,0.36611257151044185,0.6665269717958573,0.9664862968535888,0.5696892058857008,0.6135282046448844,0.6336532406831412
0.4488788110254875,0.04016812585396992,0.43241942315314535,0.436551165982429,0.34212889286029663,0.6122918164015954,0.9840004827464085,0.585306777266668,0.6630885778210591,0.6843742202941042
0.3439248484307099,0.07823183618761717,0.4931013694393634,0.302409014471803,0.3723861143933506,0.5819949575633454,0.9441510789963661,0.5444568991450067,0.5464666524647455,0.6282897403602771
0.40706929814764986,0.05907049785418779,0.4825760385918082,0.33387757462044226,0.3600771350493953,0.5787974940057203,0.9643172036128556,0.5575937782684434,0.5772983191762413,0.6406781821561083
0.34686408518244627,0.05048722204566341,0.4423367364967072,0.3449351206092897,0.33460787405375214,0.5242848896134675,0.9524450916204931,0.5145851734482165,0.5562836596161971,0.6527068232517268
0.44334450786542645,0.0477366572234244,0.46696281771468334,0.3402376751544213,0.3350257649729422,0.6336597204935559,0.9555345343340605,0.569140111602416,0.6020843321621101,0.6317684124244305
0.41532291518584064,0.046562280205629726,0.47212184106507515,0.4375365602870406,0.37087900856971934,0.5791805921147686,0.9639854276651018,0.529104955147093,0.6125772233322906,0.6360080341849105
0.4142462976704142,0.04992624581679928,0.4141158334943429,0.3556520113948393,0.4066795094281007,0.6421054540375652,0.957518546609645,0.5080465451472309,0.6156752329175643,0.6785788121191039
0.3946794382800555,0.06707993466026019,0.5365305434173411,0.2800902540803666,0.3516722271997126,0.5958343400736557,0.9444861500348452,0.5560804122573539,0.5422917502740074,0.6079340110565072
0.3947124459387978,0.045552508714831824,0.4799598082086495,0.33932420641429145,0.33959939893082486,0.5528346789468359,0.9715094275438039,0.5648248571872361,0.5554179912330821,0.6393109040076956
0.44783230520054035,0.047787297417024796,0.4469274918507438,0.33764942414115773,0.33329877555795634,0.6576979734701894,1.000279470276745,0.5677278789829461,0.5286688689157949,0.6887541109115909
0.4164068529970006,0.05133123878164934,0.44209484682475936,0.3678697021934367,0.34314989285855424,0.6095216983524638,0.9793601761124717,0.5704427257491655,0.5885046162798784,0.655269049466943
0.3398065355924478,0.04048661097840769,0.4092168077916037,0.32029794954938534,0.3670713638269511,0.5210717714536652,0.9792622422444663,0.46814628208352616,0.550390615870707,0.6401672834375371
0.4224654667780639,0.0480302685848903,0.46244158478118336,0.3343128208110436,0.3545143588286387,0.6491128687480925,0.9652726038238996,0.5703537974005246,0.6125370612906891,0.6450710054063737
0.4327528554679734,0.025965842637535007,0.494609212925182,0.465672993900109,0.3124472066513987,0.6075961348687636,0.9590007333262299,0.5775482214292229,0.6969616220435425,0.6475706271418897
0.37312136548770186,0.04643044873101742,0.4970842132583897,0.34283429823902295,0.3723654823899502,0.5676112223591264,0.9512242817500943,0.5475369410566717,0.581800912337519,0.634287751728449
0.416710725401937,0.044934887911537415,0.5085821292778498,0.4149914550623777,0.3474585653175143,0.6588217930051768,0.9797871463681359,0.5911030148104046,0.6700817981488167,0.6321937071605892
0.3120057923001498,0.05599442851335562,0.3718155473124916,0.3253397579817545,0.37418795372051583,0.5096801335244439,0.9635618962195566,0.4915105774273838,0.5686947846185859,0.6467692605542333
0.38673940100906506,0.05605543702433839,0.5078297929226929,0.42242064455603007,0.39254664463250843,0.6242505461729332,0.9323613548597257,0.5470710052413299,0.6516849048414812,0.6678479458591845
0.3411100480993379,0.013632669756948958,0.47230943913929646,0.3616791556037302,0.2926740075792821,0.535114505444579,0.9767196306838828,0.6058099238995738,0.6036457186960369,0.6497928295680393
0.43881850526625554,0.07929265219733142,0.5380472820065139,0.34824272480985224,0.3524386255698487,0.6947968151573073,0.9495305942792747,0.49461682975969923,0.5677165101611199,0.620410646147792
0.4150170203281395,0.0421860756912035,0.4655287554813698,0.4409786614707568,0.38624222068454167,0.6052998841734851,0.927757342667129,0.5322551086139524,0.6434853059219761,0.6550090012802494
0.4137009045092684,0.03680763916872441,0.4465998953128211,0.45682183176159846,0.3667778022678089,0.571385813867934,0.9622769775422094,0.5235629834642861,0.6737563696752642,0.6388507327142137
0.376758516543447,0.03799150009610705,0.43674932001480277,0.38805510160869516,0.32434706989287415,0.6006322984241597,0.9661563757496737,0.5567024514466934,0.5929307585467731,0.6213816828854205
0.43475738130959696,0.051621813982891014,0.4379347705441185,0.3885556750229288,0.3728082700393206,0.6141545124933382,0.9325314530533596,0.49658712718762055,0.6574859649631368,0.6254627625414999
0.4557863692142406,0.013561196213092859,0.4085466082521007,0.3753184056669094,0.37060534364787145,0.6932704282930933,1.001308942289332,0.5104507507512687,0.6344920264850402,0.6587607408800686
0.4422367005348001,0.02997674830246042,0.4768962973378945,0.4517494184697951,0.3243616371112859,0.6190917238718358,0.9577043741424767,0.6050894265242797,0.6730186170773086,0.6560533165409117
0.4367831810037762,0.061645104549227246,0.45033619854126034,0.42478345358895686,0.3607257802117505,0.6314390374377518,0.9564752904411115,0.4896588219775022,0.5791807015858792,0.6348106324541536
0.276588739320576,0.052558187495887046,0.4005538203834063,0.31080680429979995,0.36541218776795603,0.5403862930089794,0.9520394281927225,0.5009267802415145,0.5750220474175302,0.6332930162242815
0.39890865164037176,0.0420264376636155,0.4761743184612833,0.35042167843854855,0.3105165270183144,0.5828747288440541,0.9558349299099811,0.5077988329758506,0.6065670473161799,0.6232817432496083
0.3236023982496955,0.0328172320586625,0.39022806177080693,0.4582345057608841,0.35226495099370386,0.5245392480039193,0.9509870554064349,0.4632165251631589,0.6505253313476249,0.673085767323869
0.4161396657836535,0.051449302760657144,0.4693005735716981,0.43762977036958783,0.3747442708839061,0.6124729045999202,0.9423138427647875,0.5770861047312035,0.6460153910853992,0.6680803569603371
0.41952825280223954,0.047857609273112806,0.4392226580307275,0.3685259709380917,0.40603671600279356,0.6191736716803762,0.9492926173273569,0.48856394682928506,0.5665027160712208,0.641769892419884
0.41721277946674934,0.05431386722044144,0.5152179103965734,0.4039469826947137,0.36617450965875503,0.5789774857069765,0.9285009860182806,0.5651008349433435,0.6449283685575684,0.5695264485622824
0.42892132528008936,0.036312260647181537,0.39902215520338974,0.29736587545333637,0.3242580073381626,0.6136295591999468,0.9950973929782748,0.5241717430865261,0.6107354843157604,0.700638092583854
0.37246929945017776,0.009686267604758636,0.4272799258611185,0.4330733316849364,0.37296943683366807,0.6168410906138541,0.9670713875225188,0.5277539310823467,0.6913195077609258,0.670000772819916
0.36943093481784806,0.08758835590932645,0.46038610954608483,0.26837805059165226,0.4214336102350729,0.5933776701288606,0.9285521927217844,0.5235718849732682,0.5185204626462715,0.6138234984318597
0.336196476387917,0.07084574219154405,0.4254024335585631,0.4817277379352719,0.35250824986775764,0.5485825119022503,0.9348962528472502,0.48600000862731785,0.6927378421682946,0.6319724510150566
0.4434086842993882,0.058473564613889265,0.4935407521957278,0.4691273643505274,0.3512888353790107,0.6063424866394019,0.9316830371548344,0.5517065170918108,0.6427915422647343,0.6710159909109805
0.4972540501516855,-0.003866676786276687,0.3848269510891254,0.43702989334955655,0.3572649126726265,0.6986489492465033,0.9584951359904003,0.5246263191359017,0.6587915646368971,0.6867383622351376
0.37780533721634585,-0.01581265620428498,0.3405316402511655,0.34935390021101964,0.3286267436138125,0.49576072507864144,1.0009576632412058,0.5554901804316836,0.6136840367962835,0.7103416306223183
0.4245604475848395,0.07135507497421059,0.4846990567747416,0.3633835327424456,0.36710877755089244,0.602930184310593,0.9010878924279504,0.518585853355891,0.576911534155077,0.6623997466719571
0.43934116195733675,0.05087701262851429,0.5254377992611634,0.3037656049914602,0.38754938728000804,0.5776853087418055,0.9539220984058618,0.5671312756865295,0.5567380914193196,0.6476522033882175
0.31470323257741456,0.04376944290608099,0.44453765254766753,0.4098900307026006,0.33871319549417905,0.5547100569983059,0.9452689272275364,0.5064437732001944,0.6792431192010627,0.6555209746020425
0.5354393887241516,0.021361033500977875,0.45617494318447305,0.38877127236238807,0.39251806501193615,0.7323835346691514,0.9757468589517727,0.5426073642813956,0.6604383487992851,0.69469438575123
0.3578763805216021,0.042394268825033395,0.44270626448954914,0.4394062314210925,0.36612493580685546,0.5729238675006639,0.94765984271854,0.4699421854954843,0.6180503107465709,0.6435488518918413
0.417909262671633,0.11573911104853607,0.5205707691432151,0.4204220559277288,0.4116984455966397,0.6409824066542164,0.8895749351172868,0.5030102112849311,0.5275397480562021,0.5706350142173591
0.4307273560565955,0.028092627994563052,0.5090838949805518,0.3081526670862902,0.341945739962211,0.6037436119110936,0.9903534833642701,0.5791563123328893,0.593053442797752,0.6733501328144127
0.37235963627066965,0.06873662362975973,0.4860745834320858,0.3639369830032502,0.4239882136555873,0.5497937203080718,0.9301727387312961,0.4702264212793008,0.5435305410288728,0.6348187114224975
0.33756127186913304,0.037735861046641686,0.3866344545712911,0.3415176517492489,0.31199962380532265,0.45761474350984255,0.9767144438083949,0.5042691219610085,0.5386104028014723,0.6401321111955025
0.43233160611280286,0.03993241328032747,0.38646086382150924,0.3944727846815418,0.35762095796963866,0.5497087102852158,0.9526346602734341,0.4903631953586771,0.6163603236705513,0.6668658755267378
0.49142314026393114,0.03594915391824864,0.3743955869380222,0.40724534904951243,0.3136194161611204,0.6698699681433866,0.949729883292853,0.544833769931547,0.6219745746298675,0.7107324105614328
0.4090381544775671,0.023046182136844923,0.4304121506277608,0.4210997001305436,0.3384946040606245,0.6051181635405808,0.969256556574889,0.5754650412638789,0.6228419090958639,0.6939305624189218
0.5202158277645311,0.094259594954443,0.4606118816705722,0.4315993901303222,0.3761487928469688,0.6517705020134807,0.9144861957998307,0.5243099387976289,0.6384184439193752,0.6051083429329742
0.3803715188420761,0.061576672278480675,0.432303063170403,0.40619007572823823,0.38759580275679445,0.5760991166143827,0.8910078723610306,0.4611810598686106,0.6044487436701751,0.6243922088504339
0.45229033769269633,0.08293600867019703,0.4421231956207354,0.4231268047930049,0.3759812483326253,0.5453058927539814,0.9297027235900234,0.573626394022338,0.5833261321093479,0.6144899477626197
0.39788776550749755,0.03782015252372864,0.4679322865051312,0.3325777743886621,0.38862453129141916,0.6111450949900996,0.9365786839786387,0.5005148265006762,0.6235863752025537,0.6653587328602586
0.4462750315117143,0.0243529633089755,0.49446329721566495,0.2994177988018985,0.32051063913124406,0.6672860467820588,0.9924258235901943,0.6688857630301732,0.6005203008700635,0.6523277285735982
0.44936696490118516,0.061640700724071705,0.5013766992068728,0.4390257784719085,0.38328662376070893,0.6398842263879031,0.9620124864099142,0.5368928880478037,0.6207627896598916,0.644471435856407
0.4117110529169516,0.04190857880478973,0.44040175292727457,0.4016179495168152,0.3161348569719676,0.49698125615559297,0.9451670360052378,0.5518612418865516,0.6642375471534964,0.6641217243265705
0.4428931907323831,0.041768015740367224,0.4687120805772898,0.35979761789141407,0.3961209970983219,0.6619897054236754,0.9434858919125859,0.4939966639919441,0.5848580097375421,0.5956384482617839
0.45274776449539794,0.024629769733284318,0.44692029203245937,0.4092804378563351,0.3538075078652314,0.6605305716294304,0.9766967525619591,0.5670377395452134,0.6298912719330064,0.643957057553178
0.44970499364838373,0.05225773855167204,0.46786118439476965,0.3455566326021948,0.36536044792054,0.6284944743296403,0.937954059046928,0.5210727158080741,0.656341652098074,0.6174147473497431
0.4523002721183725,-0.005378499882126273,0.3634488472048337,0.32260663512282445,0.30254141951358215,0.6447721976787313,0.9949287795131874,0.6205117486872413,0.5544614395079462,0.7423510104136024
0.3994014105309398,0.006274893076585737,0.40404485690059416,0.42571485893231314,0.30663107938808504,0.6303248064841802,0.9697152129610233,0.5598718579733104,0.6850422217348551,0.6449621828352026
0.5088446681686414,0.007236352490160711,0.46954336281038883,0.37410537406498107,0.3475469615466757,0.7167724943036785,0.9948008139342294,0.5917220480008543,0.6087993108623994,0.6677943777908983
0.3567106219100938,0.03912101203919598,0.4528278836132211,0.3849354774141278,0.3568732626356982,0.5613028719685544,0.9600330840017419,0.5340970822484101,0.6120505152230729,0.6591589924900578
0.38772664152124486,0.04281607820521665,0.4405078609033912,0.3989907504770122,0.3710756164147658,0.5277970347190292,0.9690780313132932,0.5747048158285673,0.6311545103792835,0.625922692055963
0.5335697892947768,0.07383675721613284,0.4944034291577078,0.4708828489854463,0.420852484495155,0.6250633677022868,0.9130802891598799,0.505532634888195,0.7327784048580256,0.6055000265661975
0.491981409434985,0.047877947535854344,0.47318003901845357,0.3244500438128574,0.35404690150858553,0.5845365466479892,0.9658994444156499,0.6044109327654228,0.5392217163583378,0.663679485263084
0.38674948014423677,0.0064423481166534045,0.3958056715225154,0.4586757162424886,0.3345830569779194,0.5711043128753539,0.9752122992648655,0.5286611598605613,0.6999160839430643,0.6888381064062346
0.3938017192973163,0.057636612230848296,0.45050056467308736,0.3593961889481678,0.357636627185365,0.5770561802083374,0.9630600903517849,0.593303728632246,0.6288272790388563,0.6659780747948498
0.4447836949510013,0.042732323964477445,0.4825137371839773,0.43390842373910943,0.36793411206112253,0.6495301472619881,0.9689574678901909,0.6257823334784631,0.6912964271778537,0.6488490825827131
0.39828564387886795,0.052200759804045656,0.44086414780513367,0.4149616863963523,0.4167091979127811,0.6075311271365693,0.9415921446883087,0.4870858464098621,0.6463579675421158,0.6530614749812189
0.45781832236613723,0.07042809560807532,0.49771001503994555,0.3645789618218085,0.35652720664550386,0.6151768583234805,0.9655985925864408,0.5485866823789745,0.7160658277135323,0.6339871648455897
0.41014404564652296,0.04058119990982213,0.4846906434275043,0.39301916673183357,0.36246683829392323,0.6330810078497271,0.9877981666304562,0.5518448404569809,0.651008265075201,0.6307034271078078
0.5030472392672423,0.049723854793505426,0.49796929972535064,0.3547812897823484,0.31869843853305824,0.7226818222916406,0.9903967978264968,0.6385771735598851,0.6094366689381802,0.6768765780787023
0.408443161584895,0.07838752944568556,0.4862145190207349,0.42107574338060694,0.3636718692893766,0.5783757845273565,0.9387643531818284,0.5468912147642737,0.6025318546501461,0.6157645455527918
0.40187167015337744,0.03804558762740366,0.4594680303094889,0.37936232376823475,0.34834701310759103,0.5819642019018645,0.9528761367934444,0.5394800429438359,0.6250795745909306,0.636247628333064
0.5180749402277526,0.051150463341555284,0.46991427308061684,0.4017706795080361,0.3332416165141945,0.6929855705128596,0.9423853183305013,0.6002213505979404,0.6316536228633958,0.6753654368737514
0.3811630351290569,0.051104939531949466,0.4562041741869322,0.2895013236856272,0.3829121028221121,0.6070005182348083,0.9569711587100982,0.528289760402872,0.5663802948621346,0.6678795115743
0.4826954192103355,0.06795256209633074,0.4095514971397163,0.2502093056319538,0.3685379786677641,0.5749975338903381,0.9400740956220142,0.5227524172154057,0.4907170678178725,0.6590213881257476
0.4176144170619021,0.06455910573912273,0.4362822424415016,0.33559957931985057,0.335878490280737,0.6105416760869937,0.9615956123715377,0.5535700029069577,0.5818848628035951,0.6595810845886562
0.3515746769871523,-0.017351496261363834,0.39958131207504355,0.481755016439169,0.31507212905538984,0.5523201746016293,1.0109860526187096,0.5729949390855825,0.6906224837600505,0.6966139741063919
0.42331607685531314,0.08053959740491043,0.48788198873128036,0.3919843165404058,0.39677619371885997,0.6334375889686841,0.9250910354462226,0.5142340954756933,0.6091222938380306,0.6130109609726625
0.4103809407178276,0.06339024977820049,0.5083182741491596,0.3188671094717726,0.3417701592149411,0.6297039982090582,0.9839244715010377,0.5925507343828533,0.5405042900119661,0.6693152277373187
0.3693803267726888,0.07520303314773912,0.4993491097260271,0.34927023977540916,0.3947520398446928,0.6662992310813298,0.9304918379168187,0.5504506332539563,0.5867908745419017,0.6273082161972429
0.4603219619151195,0.04569697254695195,0.47083309973943305,0.38859689694565186,0.38854360280249756,0.63193616775444,0.9668097720600319,0.530020598781531,0.6345282976076994,0.6227059565952169
0.4513733052167159,0.03086079640105923,0.3962980118816455,0.365158928674588,0.3377728049975398,0.6210688003229713,0.9955927046078227,0.5357770278758547,0.6154517872532164,0.6944411195923279
0.36196695273482105,0.028710741109422525,0.43045691473833697,0.38685565702106883,0.36731422892064136,0.5921213930087428,0.9853278077795201,0.506428176272005,0.627389531975881,0.6631093004935535
0.4808089048192405,0.019251654175193506,0.48944472865203026,0.41720267393289406,0.348251704436825,0.674248401215606,0.9720808479547929,0.5600439048396944,0.6394824154694405,0.6332528841494975
0.5386575251804961,0.03579590241513003,0.5163066710987332,0.41408432436599135,0.33028752942141437,0.6653947768571606,0.992264064705377,0.6043965219015157,0.6539532077673791,0.6218515064509438
0.4887448452088444,0.0828813363811541,0.45848807035872663,0.35080355251097006,0.3949090000630736,0.6284651811095534,0.929196273269545,0.493897894155665,0.5686890067228354,0.6503413627746117
0.39831976335739344,0.04333722038458693,0.48000442413644284,0.5032157777546197,0.36353420002839454,0.5337713772011115,0.9541390359577777,0.5853353000755237,0.7637480578168925,0.6377151829618471
0.43519465116411143,0.011762225419437186,0.450882071272512,0.3676140384995749,0.32224410750179155,0.6671334537110216,0.9825345046349244,0.644525044301538,0.6684920920759144,0.6959787240308096
0.36288685570959334,0.04206766610667068,0.4246966035621229,0.38883396497603157,0.33392023198415455,0.5689241275847073,0.9501020842505127,0.5347649750830856,0.5930996395666586,0.6514180076686735
0.40284006964737024,0.028970824064547224,0.4728241536788039,0.33583695632991667,0.33223130568987963,0.6039231655577888,0.9870293255946774,0.5506466401519762,0.5470017841660213,0.6778751006805668
0.43742475818463133,0.05161967527048565,0.5061065838622103,0.2572015034742742,0.3501796502459588,0.6421362811037958,0.939951576219677,0.5466149603462614,0.48670603367095255,0.6115580274264993
0.3486398152161623,0.05939804016886379,0.45835815228921944,0.29461656693079136,0.3887643099010152,0.5681077406206874,0.9534680200440165,0.5134893056457018,0.5821143070227952,0.6279797894380318
0.3787386606166748,0.024366308211454493,0.48701679745566356,0.3362650263717295,0.29489434302536555,0.6083986139062907,0.9873321913111301,0.6696910110979601,0.6003496586898354,0.6588937617247165
0.44504132652902095,0.025756543319082784,0.4219715376308021,0.33248874773149345,0.3557801758688994,0.5796071358590336,0.961344119012928,0.5591605379751785,0.5788071482157948,0.6530658687759409
0.3986787092780421,0.015661629728247067,0.4365000401620425,0.4384697778944704,0.3325539555953974,0.5898442426707851,0.962039911087395,0.5472548665099222,0.7111711565529858,0.6393230648474766
0.4164341976961859,0.018945299734023528,0.432597332021805,0.4418074224241153,0.3112472652813613,0.6029794728678545,0.9534065524371874,0.5855968372181591,0.7182076433521938,0.6924370797592823
0.46867940845128997,0.058133679581364534,0.472580032485818,0.3868442219297503,0.4156989794180809,0.6292718757347957,0.9723983244129955,0.5184492636240878,0.6037064870539964,0.6402631078919745
0.40434132183300975,0.018840622063958624,0.45601172689210473,0.35024401663135724,0.3501129403284234,0.6809255087758488,0.9869095978566185,0.5586598137448497,0.6169790141023599,0.6644877666609071
0.48283254963454625,0.054552736125223426,0.4351870017714667,0.4249378174179249,0.36541945238648493,0.7118436855074033,0.9498167950194913,0.5198066084469424,0.6705419522688287,0.6610431534819694
0.45314145661804056,0.02515238527207981,0.5119360630489659,0.32243061286762237,0.37438510499246797,0.6652336731481199,0.9618411565081602,0.5282212078379426,0.5884244966510112,0.6212576375235694
0.33795156539803484,0.0748744757347007,0.5043568446772376,0.32338883971825405,0.3626323995519293,0.560216378569889,0.9271399028901114,0.5244992787766722,0.6061303944494629,0.584457135571149
0.33696904891703316,0.02561336898968984,0.4125109813419104,0.30064268095262564,0.3472885427339862,0.5348906146570347,0.9814070976504228,0.5309278130146027,0.5536459689967941,0.6217762191431868
0.39650514280327337,0.016306343382139977,0.4062392328229331,0.3137390815087875,0.33015499065914977,0.5608873889789836,0.9698746055136959,0.5287696939842084,0.5791546275018586,0.6903870711526222
0.460900514338435,0.03729421871743863,0.438208376573092,0.500802268013601,0.3420581503087047,0.6538229549145389,0.9816253984479922,0.5566824299164368,0.7019604813161373,0.650316631884081
0.4318942628550774,0.032813264379559455,0.4906174024024927,0.2733064674624865,0.3707103493999411,0.6333706478537893,0.9652593257786654,0.5520031758153171,0.49703317296292504,0.631234518494026
0.401192304852811,0.01404649322089281,0.4516761909176884,0.32143171843521784,0.3358507041993226,0.638703182841798,1.0047548443262202,0.5864154787129521,0.5694312544128604,0.6323545632535356
0.4285605594581264,0.06415171126929599,0.438989093354837,0.3761431725345346,0.377361918432315,0.5936747630930046,0.9440551872716177,0.5116081571881707,0.5502669717960578,0.6306386803094394
0.38707954464903227,0.042787792101880745,0.48670363585956866,0.26615604256591713,0.30884717540405254,0.5817312898114881,0.9796711890074988,0.6224661253159312,0.5169864678227396,0.689467915700035
0.4881926117599592,0.09350428439440144,0.46808608450274114,0.44899402642589054,0.37482455397435965,0.6390473681789919,0.9067245376506949,0.50169159384523,0.6138554562575849,0.6069073572961607
0.4523603915719271,0.07553291939123236,0.42269601577827176,0.47868916386715193,0.35929605523218694,0.5525616396543264,0.9266882606371049,0.5409367972156247,0.6507769490488646,0.6447532624528394
0.33535033308294127,0.0369367142951549,0.43904345936126077,0.31675400268270903,0.3278899298855604,0.49055064947549254,0.9672990336505902,0.5693861480879929,0.5062368957958137,0.6388566812464871
0.5033552007456216,0.05538301728063544,0.4587035550925968,0.40321477616264967,0.3449881730143042,0.6984752833841232,0.9767906681422168,0.5739248184768713,0.6258926594746517,0.6777626397309373
0.4538466967084508,0.016147869247760033,0.44245248706035795,0.3656697010916477,0.37350263494250224,0.6021506537640449,0.9605323912297783,0.5502284695098345,0.6401434568746407,0.6476186090481358
0.42272168977676877,0.05928906854708755,0.41718427836567173,0.420900739849159,0.36951124093246435,0.6087998913792712,0.9547587246329419,0.5173791883534624,0.683693832450858,0.6864189599306187
0.3782439847329505,0.0676903757231577,0.5523086122043888,0.36403904425310196,0.3366921746993006,0.6146815544762253,0.9451048259409498,0.5181852726450428,0.6148102807659778,0.6178831119146311
0.48333738884858707,0.07911629453185891,0.4444875402788057,0.40068709149527443,0.3455678841933821,0.70158653290209,0.9458105923935177,0.533680734018469,0.6832609343388776,0.6391128618869037
0.4700159985501146,0.07516435038857258,0.4840170926751874,0.460276393914538,0.4204813548198657,0.6703285756450752,0.9340673352651356,0.4438948848915134,0.7297308839049488,0.6352884664337031
0.41503584903213314,0.0720539873840064,0.4534134427795087,0.5170065494613514,0.37256111943781145,0.6020012325460427,0.9261161017993329,0.4967148536747541,0.7325109338887985,0.6031270276083923
0.4185070487752146,0.058219692234519387,0.46314461073153995,0.425706914499163,0.36847968233407363,0.6250078472051226,0.9516920105752019,0.5836881176358899,0.6203671051478481,0.6411970083908692
0.4121941503433574,0.038718789060747334,0.504080474998375,0.38119373624257097,0.34272761721713596,0.667758973250356,0.9514749785622497,0.5880866124314853,0.5913290538040314,0.6233990077276678
0.42044225010643305,0.028673654065811165,0.44274326438805706,0.39952255830042416,0.3251475820942504,0.7170971070591265,0.9634659192664948,0.619407072435194,0.7387595586268422,0.6626724850298026
0.4175696066117143,0.025460637186381047,0.4797316882170847,0.4081492370072831,0.33096833653950863,0.6406638526049508,0.9497176145211471,0.5777984303767258,0.6314602852013962,0.6326122255345608
0.44632935624824344,0.0017997025478694378,0.3797421963277815,0.31610661967472314,0.3466865199529333,0.690726790607301,0.9772778463675246,0.5700106034137886,0.6207844761458317,0.7036676086679061
0.44401167253205925,0.05273418784972021,0.4912539827213877,0.452653868092443,0.3712512911454028,0.6054161311414032,0.9426578213348584,0.5509820376380867,0.6914165285110192,0.6379990487135754
0.4029892583825039,0.05096897889280962,0.48866796934974943,0.4432777605088214,0.31886479704992804,0.6028281772468203,0.9548238548439563,0.5689976051002584,0.6925404202044716,0.6490624650945644
0.4333566065997485,0.06206869113716317,0.4698860301344731,0.3517350563721582,0.40051606616365654,0.6230868465750962,0.9275411036427565,0.5496478166447414,0.5679681069542621,0.6406373146275347
0.49611948428260644,0.05096401804653612,0.471942496806066,0.4277099490349549,0.3348792675503177,0.71389511855187,0.944417479773918,0.5512028700819088,0.6608387305541273,0.65016350249337
0.40768998061881817,0.07137999883051147,0.5225969551032303,0.3706254900650693,0.3861802907012106,0.5640338725651434,0.9371828429171682,0.5584473113183368,0.6242492625356012,0.5904344792357339
0.3705884610962683,0.09537670458005518,0.48729658582622587,0.4311920009281478,0.39113987773080183,0.581175270648303,0.932428802351367,0.5223259840284936,0.6101270587774095,0.6329807324582151
0.4086086835940919,0.024644835995090562,0.4905598546410622,0.35390339072569255,0.35788779377450913,0.6475140543952504,0.962499678498679,0.5748760331528932,0.6857848387068322,0.6897071769596976
0.46272671697439455,0.019287761011462467,0.3831015306920218,0.3766448790646934,0.3523229048578769,0.6561919958599245,0.9591738950528941,0.5288196375279502,0.6230447769293812,0.6768251440255664
0.5027353385089938,0.09614646719884863,0.5134315687895215,0.46915301390645175,0.4222048162042236,0.5964359549745315,0.8946465946671947,0.45818668264882423,0.7238500249325985,0.5925855965724017
0.30294879655398244,0.05977090558465495,0.5176582141245862,0.4218621430396479,0.3500123724440718,0.5445051782909439,0.9361447056545005,0.5622764347040295,0.6974780137349974,0.6212831308114286
0.34741081494189185,0.0006748758413440578,0.4212020177141768,0.29803548317781486,0.3412817899302631,0.5722781059187664,0.9904497916946218,0.5764268617527692,0.5586655133131089,0.6832730909584028
0.43780804859715666,0.07454861815446663,0.49272874206139894,0.33714678704290957,0.38625418473356155,0.5578967188945856,0.9211345138238004,0.4840343551625049,0.5501606301410421,0.584626896201262
0.40138555320929803,0.09700387276872979,0.4701223221604012,0.3394930897284427,0.3454698092257979,0.5691862587973657,0.9220997599752176,0.5138171415378561,0.5913069118354064,0.6454091267920266
0.4441844223769612,0.005024016098272506,0.475692539862557,0.42707794821055345,0.3349982446654483,0.6295808775802967,0.9829628412869605,0.6379712542727513,0.6702793885240723,0.6494377238378017
0.4126062882146098,0.07570694068642556,0.46804249673453946,0.40579474658685005,0.3959500111979924,0.5883169155304107,0.9282145044545178,0.5369350503677575,0.5933004216662507,0.618691620272787
0.3667473611026942,0.01248864063959561,0.4333987732575029,0.4244095505942423,0.35586159154679387,0.5488549578213432,0.9802561014188061,0.5478673257836482,0.6420136605691487,0.6548769063278715
0.43417187018113323,0.10357511800349027,0.4841388235251483,0.328118060665318,0.4497676815848552,0.635584116855354,0.9320684943966623,0.4319390902760135,0.5375227984465201,0.6197156907403645
0.31645360614683227,0.07017096838125528,0.4264302988321179,0.3485720571736591,0.3545622659315907,0.5016729339979883,0.9064522090892049,0.5007110523632301,0.5482658155868381,0.6267177996232343
0.4108440851540885,0.07516504526486402,0.5232829045997727,0.38301750421051056,0.3393131220612798,0.628228147403604,0.9126120513409248,0.5901208740836812,0.5706765930906317,0.6190430095140034
0.34273843385404057,0.04133752451455663,0.4688452835385786,0.46269431575247855,0.3335387445442699,0.5534947426964727,0.9420505219429343,0.556605265999653,0.6898359300038512,0.6903169219165182
0.39167508208042995,0.0793725380143656,0.5327278794944604,0.36985504991503637,0.3807006276900856,0.5513739266813307,0.9168624254998756,0.4931157401700804,0.5936313885116221,0.6238855525681026
0.39690237826831937,0.042497375632267534,0.49800062523249045,0.35046436843886464,0.3521533041805138,0.6071589264513224,0.9606378720709737,0.5685206113636336,0.5841107132244071,0.6294203021738214
0.42841809758262844,0.03460484757572298,0.5049123958371483,0.3006354392361206,0.3852185574809745,0.6702106516794142,0.968127043337974,0.571434099199381,0.559408223357445,0.6101191667284189
0.3746128739046528,0.07004219126556925,0.45619716738300264,0.34187334137451775,0.3814176998658315,0.555618983634424,0.9312001286789742,0.4862369631589467,0.6281965265367435,0.6529614292217408
0.43858284964434757,0.08331556766073764,0.4575787921028998,0.2802798198875265,0.38329829470035165,0.5701906330560305,0.9063527140581046,0.4836555284470281,0.5801458700937508,0.6355749634064343
0.436586656658731,0.0928527979942875,0.4642037026970034,0.36230392546527995,0.42499042199190984,0.5330063004088884,0.9093385617459657,0.45103810589259286,0.5354784784243314,0.6244225028903732
0.4765723593759549,0.04426661381924933,0.4860059328867274,0.4534354153116742,0.33967427405595774,0.6062037903375356,0.9305277379740752,0.5734495006233544,0.7292465015654361,0.6247570758287957
0.4583942311895765,0.09001437981545223,0.41480340290304446,0.36587695386581276,0.3546330614121706,0.6261447322227068,0.9508269981109607,0.5187316188632429,0.56072512164887,0.6227671634167318
0.38345739597991374,0.04923650068654854,0.43606332801628644,0.34841755968523774,0.3696137170636207,0.562492836055798,0.9767639304841019,0.5210662880009564,0.5893191390415033,0.6877738623930929
0.3931541275697384,0.0467681214522212,0.4408055026825166,0.31670374155152387,0.37219093382964763,0.5685615686115976,0.9557154631153185,0.5115511439035627,0.5975401020332696,0.6737756415892868
0.4720845584002488,0.044903539847807775,0.4648492330375353,0.3454366709412748,0.3425630114634025,0.6286984570483625,0.9430624226248118,0.5195752406861527,0.5790011414264349,0.6523158156451181
0.36729584220489586,0.03045505932988751,0.4543545045943316,0.4294613039026008,0.33710399165523225,0.5697569856603548,0.9549404148150181,0.5297350112995329,0.6616109920649822,0.6602899096094638
0.45445122740805033,0.040676778677970434,0.4440418099317133,0.3404595010347054,0.33837609065097907,0.654961635266328,0.9777567801965499,0.610802380285654,0.5710164040944163,0.7062317663165587
0.42098304169593825,0.08416093657219938,0.4213785266906884,0.43367740073228267,0.3699875648217256,0.5835130184219162,0.9536769413813053,0.5152282073705132,0.656818875522609,0.6296296088889244
0.4196587573175857,0.08218571549631376,0.5391767944457213,0.38863400437230167,0.3320822731554096,0.6043691121134456,0.9277770577374034,0.5643646910923201,0.6356288688414337,0.5765354883815332
0.3634362739557874,0.07870899899978945,0.4597852130400329,0.3773195935395283,0.3799680847613405,0.6565282540884856,0.9392137831052303,0.4820527047893588,0.6452910113677086,0.6301441502149635
0.4405475531778157,0.047028311650314486,0.42382400796259967,0.40241300868034036,0.38219286145898335,0.6816742353140501,0.9438418711040778,0.5248349085560066,0.5967521531393145,0.6497100507990322
0.388649096329948,0.04961201038490247,0.4912127806538478,0.3573486925699974,0.36357908228282865,0.5287854488365582,0.9478920798822283,0.5368956000841346,0.610775017504261,0.6158699460134719
0.4532560203722068,0.04823334663555377,0.4438871032046557,0.3825537024049228,0.34556464263390757,0.6145991904649527,0.9702013228325642,0.5322712597604145,0.6097931231556168,0.6409153508180779
0.3854159941937463,0.04904456834895069,0.43976260963545477,0.3460585945942007,0.3880731179284278,0.45820982344585837,0.9425588818883422,0.5154967601408535,0.5158221791398742,0.66691573623221
0.37977984122053515,0.03442221296227255,0.42945526395704825,0.24938091275248844,0.3914774525080073,0.6088338452284235,0.9540454453529947,0.4749226987921846,0.5182604098519379,0.6672044119463427
0.3808021424996787,0.03314919808317382,0.4275014782993061,0.4678092565823408,0.3406743575588565,0.5791394513557809,0.957186171387839,0.574845725818722,0.6995939591497192,0.6975320685735489
0.4505957523027871,0.027733811442685174,0.5080274658579378,0.43525057429661695,0.3324660239369316,0.6283446920402964,0.9669405620972957,0.5988412962425149,0.6552690993193133,0.6437562476573232
0.35728526221031526,0.049899403566244345,0.43697903496850304,0.381099639599834,0.38237603017684546,0.6121088992083346,0.9227163811758364,0.47080558233391234,0.6876183312044909,0.657476725404259
0.5206707684787315,0.03703408541172742,0.4339481727340278,0.3830533732104401,0.33925860925959234,0.71782915238821,0.9500499285299442,0.540586699001764,0.6244251457193081,0.6534609351442238
0.38279981586162454,0.02080880626754104,0.45348054462295395,0.4032302709419759,0.3128276028231415,0.5545159167714862,0.9773999452215404,0.49952187486364763,0.6590569115748293,0.6695008327640721
0.5044809565837963,0.0665715907652537,0.49830138314562467,0.29996552507141777,0.38197325263392856,0.6056476121396712,0.9389289527869205,0.5359352589514232,0.5823091297215721,0.5875050192867908
0.42710586883119633,0.02467908020525865,0.48180939670006323,0.47973549679757743,0.3754516025535149,0.6316722618210375,0.9622756551880709,0.5322766369011691,0.6962155673304857,0.6538641038418544
0.4552785971473999,0.029680124162986425,0.4351517639088971,0.3319941527884974,0.37950166028929516,0.6188510245064005,0.9744647022022983,0.4960766432091751,0.6514456396894162,0.707515194791176
0.4830350535168276,0.07200465352135144,0.46354120075562577,0.40241760519655073,0.38761014060829097,0.6109880494638927,0.8888522732886814,0.545979969310168,0.6072086867481457,0.6145278493655155
0.382481868721502,0.03564446957608922,0.4254823450697848,0.33803995190019154,0.3292444047208678,0.6014885316513353,0.9692389558954909,0.5642814251227748,0.5821317820995133,0.6433701163432732
0.42259114450247837,0.047959756066142854,0.4927040244862578,0.42564446911139164,0.33168059085659896,0.6060614876862811,0.945095465512959,0.5629280289868728,0.5902440504073672,0.6567126641681423
0.3270376673390099,0.06175512889557214,0.43295845319916637,0.4765366158507121,0.37296274309098926,0.5774589187283672,0.9442398013455536,0.4875958505442861,0.6809986595452674,0.6210970485032337
0.43110554909068866,0.01070725605698163,0.45226780781528775,0.40147072360557345,0.3012996703763027,0.6738610023585225,0.9995426877144206,0.5996819015637742,0.6736211647646317,0.6570474933214101
0.4524493390419174,0.09149990256740786,0.5531878101064617,0.3574680698308044,0.3739858588175079,0.6375861183358837,0.9228469437415598,0.4945705711975462,0.558915057308466,0.5526810317630235
0.4151778335865338,0.057346291702339416,0.4353989028874319,0.40788456648770977,0.34924038651521094,0.48571473774569784,0.9577922392368915,0.4720907379838726,0.6759171405085966,0.6812589687785281
0.3789765001681947,0.06753581740965606,0.39917091714898834,0.310607980028694,0.46837858855313286,0.6407858111231409,0.9615561754698643,0.45244759941735724,0.6038774202855046,0.6371919625191134
0.41026376717536,0.05809600886155914,0.434959727002017,0.5019114108906707,0.34274355050349414,0.6133250912144066,0.9398808604796509,0.5713963099089414,0.7009156578719392,0.6764380896458407
0.37425370676942366,0.003815204277657838,0.43762773854521375,0.363751285401796,0.3109595274993868,0.5215888652394827,1.0059396483107805,0.6094197286185146,0.5940598296548366,0.6430334035224832
0.36956374354953186,0.09018186617838973,0.5347044301489231,0.46491766796067086,0.39853818391086687,0.6221656545421004,0.9282875709272578,0.5542370191564603,0.6618857728131454,0.6084768981759345
0.5332981625672242,0.06044654352917402,0.46777804771628656,0.43515367841088576,0.3438529035232451,0.6769270959822593,0.95150191024744,0.5298236273314281,0.6687555544479482,0.6958300878615442
0.4212481528108364,0.030499022407319578,0.46745064021254373,0.39447959057326654,0.3800626337372212,0.5972367965875354,0.9715089216404582,0.5127459318711445,0.6695567089847232,0.6312684234333237
0.40927169312262635,0.06128563475495724,0.43528619466458823,0.4216053176296627,0.38264672286558915,0.653401976757958,0.9394699810241492,0.4722302498373995,0.6443726992822874,0.6003364511574398
0.4454792616942756,0.056423801454923816,0.5292628908193148,0.3660904782713037,0.43730990172622325,0.6198117758212518,0.9334041794970764,0.5821589839667414,0.5191527949065138,0.6130554350328785
0.40121969153216414,0.06930725215855085,0.4775137475399117,0.38677816081897765,0.34878696049228985,0.6176282994483476,0.9592434385507936,0.5716992241237804,0.5910538506267853,0.6036227625427268
0.4294666071138819,0.03933534695058711,0.3806542395869537,0.45377549591673516,0.3761148492498233,0.620337422640437,0.9625182938502924,0.5011984617977092,0.7221828559664172,0.6508824402064324
0.420051403015041,0.08788525503511921,0.4284886399657202,0.3739575212712335,0.3786952950387398,0.5938873996505682,0.9193367179363098,0.4861079490792448,0.636161153393355,0.6514016755464123
0.3819767428704673,0.049053682384461866,0.4563044315838763,0.38052604318728267,0.3485667824365188,0.5426321949371546,0.9187958708056485,0.5181378091924734,0.614172158374894,0.61897714793177
0.37292995071248036,0.02920453486444528,0.41357385453720313,0.4029260610524168,0.31629150385790183,0.5287444514585162,0.9351852770006466,0.5347066868312138,0.6342882136211865,0.6538306039724127
0.4388802308559964,0.049192749194122344,0.41084205730860646,0.40987695733975565,0.3497038715337281,0.6083938300418134,0.9384016878391463,0.5331809483312397,0.6420403627356835,0.6743785874823802
0.439417647490529,0.0371338224731688,0.41494188493266204,0.3582062561914598,0.3999402422750918,0.6647143678807252,0.9643925396418997,0.4937010986463721,0.6299383818752307,0.668243605358473
0.4199946222320979,0.08048574123187123,0.5290965505915275,0.3685507775728812,0.35695536552238627,0.6441899556641001,0.9148043902063208,0.5423299569782327,0.6268064834224111,0.6079075415523277
0.5239380940393586,0.028092991940357144,0.4307702187999534,0.3630882579824565,0.3578575981911252,0.6980872803188037,0.9802732946479541,0.5344454868760264,0.6479608570647872,0.6759687683489517
0.48870288034478665,0.023508813871037794,0.4900411596979285,0.4504625849313894,0.33237180957836093,0.7417067827898699,0.9823234375518719,0.6494383271472678,0.6158866241642498,0.6834407550229165
0.4296793008196298,0.06084355895601226,0.46531834955595175,0.215870272506595,0.341228098426927,0.5622165823838682,0.901487881107447,0.47242087008209543,0.49511743466545366,0.6167993065028006
0.32673449669681526,0.0700094280368632,0.48114967039394096,0.4104795790790699,0.3476086035150752,0.4820768702432362,0.9497613189477336,0.5214410558177196,0.6722767647022494,0.6148782145170697
0.4237414971588661,0.03806150427754952,0.41409471937170667,0.46716399071130243,0.35026112182164265,0.6336057204897976,0.9466858164075337,0.5226804115780206,0.7197681674271456,0.6553824336497516
0.40315094060409434,0.021298307537468194,0.4253548049659342,0.415601451457652,0.3734558312432757,0.614398691047082,0.9648400697895405,0.5504156892504379,0.6325278132434535,0.6475026249694494
0.3905435585702968,0.04812179599189453,0.46366800621413395,0.3232245522651812,0.37229435050282467,0.5797056146574995,0.9523697178355632,0.5653679923086364,0.5290189149899953,0.6268340952097143
0.47096850249052274,0.045183939423195325,0.5056576486753057,0.3925745879465155,0.2783704626456537,0.6028709114175519,0.9905125996721083,0.5972454728938583,0.6588196727632549,0.6592731982929274
0.34109388274960456,0.009683307869454543,0.42447336685679155,0.3239103586303934,0.35019136325412153,0.616180337708923,0.9670362503877185,0.5086578666698147,0.5828298758700622,0.6521851784869872
0.422706708550344,0.0782086454780573,0.4830166688155947,0.3874757472017255,0.38569435819605274,0.5688915669821814,0.9310029291061847,0.4873798108302788,0.598158175967259,0.5969151714413687
0.2941410878567011,0.04080273861196338,0.4105920366776038,0.28416446457568056,0.3420200783179237,0.4666358417899704,0.9701579160027947,0.5619324081022428,0.5296856367922398,0.6324364675265723
0.4404476130885815,0.03174091696020206,0.4956625363833851,0.35296993477332234,0.3491814337444401,0.6308677362360438,0.9529099056780945,0.5059479626207313,0.6370912731676264,0.6326261180556159
0.438201308045586,0.023187115657056077,0.49008894478926757,0.3837856126593982,0.2989934235556622,0.6350964853127953,0.967976902114111,0.5973472941864033,0.7272813978367159,0.6653335653321963
0.39514609036189174,0.06038404201582611,0.5350777400777167,0.5322483306879835,0.4105689955283014,0.594674144725484,0.933646676337765,0.5286948379797201,0.7577130973876038,0.5859571159607153
0.3944936322539424,0.05645181137626845,0.4737953759727885,0.4111333211547131,0.38831610062905597,0.6242315374560399,0.9580114302650327,0.541210967065805,0.6732977745343185,0.6194278289125471
0.4214847024581266,0.011576318829812481,0.47612461855713234,0.3993990452734021,0.3224383312878505,0.616950893298144,0.9485913547758305,0.5511411936069592,0.638250013556731,0.6099912879748806
0.4007301284117105,0.0379368346822796,0.510429450469547,0.36663776762896405,0.3379522939281854,0.5998521745037264,0.9426490306241602,0.559341546125165,0.5876185576549047,0.6183704254209899
0.3949943415157796,0.011691212471610781,0.39178813868560103,0.39076042535263456,0.3419624046569367,0.6051695340824765,0.9729456036957664,0.5142272924120224,0.6251143487087353,0.7024074839806929
0.2543309143326365,0.05240349849775116,0.42569003890407897,0.48194699724573775,0.3796323692209992,0.4835406717314874,0.9303002984055136,0.46792246924716885,0.6421720096650004,0.6159768135117195
0.4196385931483326,0.05916700887483102,0.47919372088521667,0.293784917415243,0.33454667322794657,0.5912974461548036,0.9453858289276242,0.5601342729419014,0.5954238331584232,0.6584296895546109
0.4038147264289643,0.014419216118682219,0.42010792259578134,0.42642447922157556,0.3483164472262578,0.5860530953867455,0.9801406823229253,0.5455829002819335,0.748557545429116,0.6799655515787393
0.3059007306648889,0.06886866523712984,0.4751805730432047,0.3950030982519544,0.42195856402711385,0.577293118218349,0.9323555332996626,0.5037303717553239,0.6619328873152224,0.6261728823287176
0.3286991247607295,0.05677954353784145,0.44675670588078586,0.40288283763579547,0.33380984335773595,0.5072447029375304,0.956702176206643,0.5110848261550289,0.5765774196219419,0.6675200549645093
0.49626911927825706,0.055012612424720005,0.4679217948252157,0.3947532814239443,0.35374099521519353,0.6228535246136884,0.934806746946806,0.5571365477116572,0.5922612639166014,0.6610261891588407
0.482948820449882,0.04766305153153129,0.4488012303068784,0.32006834258688094,0.3542841499353143,0.6518301650025313,0.9813244374644142,0.5581040612151738,0.5717773548796156,0.6224648385753935
0.4673064507553747,0.05336546550901885,0.4365551901529632,0.3765971270472668,0.34916255516069217,0.622603018172774,0.9756725433956663,0.5016643797346196,0.6515732831416717,0.6586423532343442
0.277764381302418,0.04844188522056229,0.5235601233297967,0.37476966344129226,0.3272474677246859,0.4986390259453011,0.9554306078863449,0.5707815226909263,0.6531335707775029,0.6347561704617156
0.4087743064563703,0.031449220109470905,0.46481518687214457,0.4148809410087609,0.38675671035702186,0.6348577871352175,0.9322346925902686,0.5079132751630391,0.668490721034646,0.6179195489273026
0.4364189911834955,0.05963417649435617,0.45811096435508714,0.5147293967439139,0.35048380228017356,0.5921634122641386,0.9268998523616576,0.5321446270725319,0.736256552840173,0.609005414855623
0.49102409098869715,0.054938200592068324,0.42708528821879554,0.36012414308778895,0.38407742411947754,0.7019244235514404,0.9466004575037035,0.47438578866510606,0.5393965569859016,0.6333691645204592
0.44116041297664516,0.030042678469944874,0.4282708836873386,0.38837719704451223,0.3276631393108677,0.592659951161765,0.9766019889583997,0.5803426305880828,0.6809978584010847,0.6255316303940917
0.3977756739726355,0.04389704266329927,0.4438069168469705,0.3653953075512203,0.303895570843502,0.6235069020754959,0.9766278791994267,0.6717195674665523,0.5911405619518051,0.641489137024771
0.3892205728754398,0.08047065550867624,0.46660040301834393,0.3643174126470448,0.4144110880609406,0.5179963950551891,0.9006481141818277,0.463626360457982,0.5899734299283749,0.5707740525412752
0.3282924915030624,0.028212057533175086,0.5159508178564509,0.4001313688999499,0.34931782105239506,0.550669456591574,0.9238137148525546,0.6052358092740285,0.6621502589376382,0.6508543591942906
0.48543935402800087,0.03941241217525956,0.4427156318230843,0.3493542128029152,0.3643879579826632,0.6110433908742212,0.9443075765872104,0.5379445256807216,0.5559247078607177,0.6574279006698344
0.4065051908227071,0.058482034426136045,0.4534487361295732,0.28517584336934104,0.36190913628051224,0.6041637521445704,0.948473590533569,0.5231817672649859,0.5572131585600603,0.6314234755755925
0.38003623952141535,0.0486389077232052,0.4673215712288053,0.35724622829899627,0.3593650857237914,0.5828943044809926,0.9546455703414228,0.5281893891731988,0.5665715442940791,0.6346350151054825
0.3302744282266937,0.04758126918643673,0.5108517954051238,0.36578800977633824,0.39969609733094524,0.5585224901205268,0.9429464980387391,0.5258305627023792,0.6704005341588464,0.626210379094922
0.39301174401247585,0.059882906636662146,0.48630703187004215,0.3064936314130055,0.37932532073990477,0.6158132737124831,0.934818415048774,0.4977738752279699,0.5683348428922954,0.6113760493613559
0.3345471333303781,0.04110597396368482,0.5177217490409679,0.4015751617322556,0.32932313158147025,0.5950516959846008,0.9659996299434841,0.5784822554459149,0.645559717142195,0.6018943957966043
0.4031501797077962,0.03192955588195264,0.47970829629083994,0.4937672314447644,0.3313446646967529,0.6197977961317203,0.9618852497401005,0.6373631295902378,0.7430482881846112,0.6226286694289315
0.44243468343061565,0.05037163337375963,0.5098017480878579,0.3902116091508156,0.35876176702157414,0.6967036726744475,0.9160156283563178,0.5584042683112842,0.6460999540617877,0.6609452837259396
0.4129707108787794,0.02881386821526876,0.34578450271192435,0.3762051129177141,0.36560788588756354,0.6181951407203143,0.9934457443539231,0.5275669094454872,0.5648726575713431,0.7307499441789762
0.41527236166909065,0.05867147292198821,0.44232968076938084,0.42430836586659915,0.3621005721761045,0.5971196487600849,0.9372765301928794,0.525020793758906,0.6024317302805184,0.6454079448351092
0.3559839715981541,0.08632179835142846,0.48186710592694226,0.34634375503908543,0.3612073537902288,0.5796640104230548,0.9388316995310152,0.5234775055809403,0.5696703205819442,0.6115799406870809
0.3681656331345913,0.08555092920924694,0.45785731412373426,0.4859908281717521,0.420953356661201,0.6236785141964666,0.9128220662821315,0.46078744156928564,0.6634838662720226,0.6140881917039434
0.49064732219080914,0.0560087620280284,0.4420507260700923,0.3547711570619302,0.4041305180526362,0.6976423889528467,0.9756664921756637,0.5554752611782767,0.5572985216866476,0.6519684091886744
0.4069164205937273,0.06620613829665259,0.47734974771244976,0.49230356959174665,0.3721265825778052,0.5743390881702934,0.9634161145366664,0.5070861783789711,0.6830173594953582,0.5992526765768978
0.34343124135816677,0.01808304744601303,0.4476875162994618,0.4791646071515797,0.34217211092004696,0.6109369149880514,0.9439542705160808,0.5142548868267971,0.6911320781377475,0.6200340533270441
0.45576494890375113,0.026035198533585692,0.470424450497428,0.39202854294240175,0.36849977612860024,0.6919292088025518,0.9459645048825536,0.5522244731551978,0.6195981227378499,0.6746221150821328
0.3325454403284667,0.05148145011639495,0.5311556596249037,0.3178943712291773,0.3334637252545864,0.5590166627145421,0.9507797991637466,0.5570528756494256,0.5428691928115852,0.6013858176627138
0.4318423065898215,0.04150151556573541,0.44418053685899217,0.38083001816157974,0.3114936761499792,0.5711366224922212,0.9665609706756756,0.566156574883022,0.6186389294630208,0.668908886801013
0.5274649372565872,-0.019684358522301926,0.4309925462204968,0.26987589515581445,0.36597274473100394,0.6698503589978106,1.0073275188670554,0.5243936015706698,0.5826994168377118,0.7034111473095033
0.4363961883370755,0.06575519392640704,0.46233056934520916,0.44457841938432435,0.36059997090099033,0.584076723364702,0.9540681436392537,0.5777068911772856,0.6695662573854041,0.637566596025062
0.4165674387630257,0.01770714828357022,0.4580676216055256,0.41381938795385864,0.36365550168228994,0.5815155203488621,0.9813676001678006,0.5637467800354079,0.6022686999451976,0.6350112779708237
0.454927020560123,0.04289257341135762,0.47340739855824787,0.4224471471553186,0.36940735801853125,0.6151000703075465,0.9199356746420233,0.5228931479460346,0.6446102122497072,0.6318564773610702
0.28510705193346053,0.03267872257323816,0.48094390180032665,0.3808976115221317,0.32306785760347545,0.5388283836235307,0.9879900621490495,0.6019380994994585,0.6325626544637197,0.6383708758036191
0.41188730907358695,0.046269067224314724,0.46206180304312194,0.31343764184928946,0.3470703656077141,0.6235511330716876,0.9848945011484278,0.5387066876996148,0.5615886044866916,0.675628877094629
0.4353909571226316,0.05077684398093337,0.45788285151349417,0.436622548014303,0.3061419031054951,0.6096155932695977,0.9504880124343518,0.5753039215052288,0.6446714215409173,0.6677221531989469
0.3767771419517879,0.06570037933371475,0.4316571846439887,0.3175373493743811,0.36924344401682585,0.6209187945694121,0.9586647760736959,0.5042421639401182,0.598207753763518,0.6672988148495722
0.3470696866058126,0.02529926181993782,0.3930723123012948,0.2724001832126744,0.3588760142403947,0.5490189050035821,0.9842860882645534,0.5198317203473567,0.542130833337104,0.7136196888672119
0.34922789349507516,0.041931864051301254,0.43647964311240556,0.470194693058148,0.35288789329759973,0.5419262158379698,0.948212494203451,0.5030242963381872,0.6800404397873692,0.6418104905068305
0.4088147331535858,0.059901813534968255,0.5203933824426583,0.3766987613167843,0.36056861826377085,0.5821492262009531,0.9345761266053153,0.5629081492680479,0.6052960538646397,0.6510689714601605
0.3815025373643595,0.04409905227977869,0.4167327371183975,0.3495497634966585,0.3358177487458102,0.5505650457351889,0.9472158612384748,0.5462429910821118,0.5975006692538087,0.6530238301147854
0.39481193992432506,0.04268046172428486,0.44383374028532696,0.41256032264749004,0.3146628000878391,0.6030332681218079,0.9846754301561245,0.5716001078061184,0.6226048666926889,0.6660832024243258
0.37256252983991395,0.07356012980319504,0.4573664359772608,0.35314093754472337,0.34389913929269034,0.5540430578640947,0.9321219179976566,0.5281738399973886,0.5954735470898949,0.6310717663690842
0.44403878970371774,0.015767756859519692,0.475275655894571,0.5177338736535679,0.34810110043320314,0.6609006232824917,0.9518839041798773,0.5744388792724824,0.7459851967190798,0.6276365823838548
0.42246326488579594,0.02057016146597305,0.37578703396443974,0.45085086634340577,0.3386769271930679,0.63930231996204,0.9954873980400978,0.5635146330811425,0.7117134626730746,0.6820280624450109
0.39086414405455405,0.03709839882700257,0.4511133192720586,0.37534203162536117,0.3296466832281864,0.5945851156242425,0.9670888307730168,0.5391740619929826,0.6093218897236687,0.6383801244401066
0.464369933553128,0.07102101227012465,0.48903621830306504,0.36658690573770064,0.36438950703389017,0.6280062580211614,0.9601798463490685,0.5608786977877893,0.5675075188945354,0.6442385839574128
0.34660639071876664,0.04870629810719656,0.3928768505017337,0.3247075973678811,0.3543229563923546,0.48889081947332635,0.9535385513227529,0.5104851229364141,0.6286523287543386,0.6833551320341107
0.3410115662457871,0.05602393669531414,0.522148681348908,0.3693248481302885,0.3556996320982231,0.5604662902718553,0.9539661760263176,0.5612173586156552,0.6175330611655232,0.5786056127902337
0.4561489218482005,-0.010893535837049433,0.44818293765184397,0.3959903311624405,0.3104406565202927,0.6953610977093398,0.9980478341045326,0.5759134454345615,0.7075176580748845,0.6565234944085446
0.41081525063798496,0.0505573899470126,0.4676701372236402,0.42081824261959394,0.3708755044041537,0.5779575641558261,0.9528927965155155,0.5675574000551123,0.6210470525663867,0.661445990067026
0.41315581234474796,0.05187684090139511,0.4639318496645507,0.3806910082154354,0.3118128039431028,0.6125141757732545,0.9423691199063177,0.6025008908937852,0.6156875894356345,0.6289508093066991
0.35241388889516784,0.032705577596672794,0.4679359060737696,0.3216609161414013,0.32182186845421606,0.5465165391005419,0.9523637178204916,0.5879341744032704,0.5308544295114932,0.6730551528643507
0.43761601515690923,0.05188591255837807,0.4570845453869854,0.45538919095041286,0.32657615348902624,0.5869678579725197,0.9690980562850952,0.6155191880465477,0.6726008612060622,0.6519894421550303
0.44244194449737867,0.01743772180552499,0.4971174783091119,0.4180644519004483,0.3558661826701403,0.6652312844889596,0.9713591164268269,0.5649044432614696,0.7283838238131974,0.652379150197826
0.4085914320104101,0.028568037198603593,0.5015712777784535,0.3911483134113749,0.3484376241905833,0.5826437825688386,0.9560410075622746,0.5603103380299148,0.6575443654870612,0.665538943322931
0.4670875988051022,-0.009406353722082312,0.4042275679337401,0.39559727511480225,0.35281705019045706,0.6135966232906519,0.984061840155667,0.590048162439718,0.6596459676216664,0.7004472175861222
0.40863369767617674,0.09627257293655303,0.5054794479967558,0.3808298556781629,0.3797313782723057,0.5782203198602478,0.914656042089741,0.5170508381462176,0.5627339036762107,0.591140241290186
0.4572185263448827,0.04819728603501992,0.5358144439063005,0.3715759424894662,0.38664998386779,0.6904966623483413,0.9386288795938763,0.5667216135866869,0.6255291853240159,0.6181684317611137
0.4363129860901973,0.034754539523086096,0.4745557318217324,0.32182169435892866,0.36133527854005654,0.6122580143140361,0.9733360559199937,0.5473305270647044,0.5882186948517988,0.6644943039650764
0.35308511671153464,0.043526132567711,0.5166992932947472,0.33956944780495507,0.38434524080996874,0.5714837484930093,0.9242688301818479,0.4915009016087246,0.5693456625739369,0.6061802076879689
0.33137243991832965,0.030287022399828556,0.5314981650118841,0.4275172077512109,0.340080643215394,0.5682282164587201,0.9764840541585331,0.5488196246110906,0.6309294687018638,0.613465077904561
0.3554825735826958,0.02393528971663737,0.4413939183563884,0.33051259363327157,0.35717181221935507,0.5532128217235392,0.964031350675002,0.4783778614748898,0.580335088358751,0.6541125111055317
0.4004888270820663,0.05943995969960528,0.47233257985073,0.3475620339561835,0.38276497648807867,0.6233489628886134,0.9541584878694797,0.48217667027536615,0.6478870752960365,0.6099951838627684
0.43717713160459,0.054550015487942305,0.4729649075730561,0.4731244594415923,0.34105932808346445,0.6362513198283593,0.9668082803409367,0.5136395354891677,0.7301162658518712,0.645008782981314
0.3826792002558402,0.03619560445422859,0.4306345568537968,0.3814797994028927,0.3663836864609163,0.5957215257038093,0.9814706276802232,0.5768507726005117,0.6181572957568536,0.6637913080704666
0.40854711872831423,0.024041027580567555,0.45557540894026727,0.35870711904914016,0.3029174539492772,0.5818444566543947,0.981075531123781,0.5583582782195484,0.5678435404203228,0.6593544589199145
0.46778384120429456,0.0763762761008485,0.48986240611796267,0.42278267905885913,0.46419740917947816,0.6871370263534069,0.9233262622831705,0.4034886474453693,0.6268080071764948,0.5609391793345611
0.3830505315465227,0.025418657435929543,0.4708967674801824,0.3905991781983725,0.33568548836926365,0.5080746930897702,0.9346136400620607,0.5431705599201588,0.7014872902019065,0.6340672728939261
0.39239519912458537,0.055898942651857915,0.43206269191507196,0.38453087065738817,0.38044921320298547,0.5642259502024409,0.9487753864050622,0.48026512384779174,0.6074597277095745,0.633166311759837
0.3665765359052248,0.06141335272873064,0.46285949999005094,0.35845628828970355,0.371096648262397,0.5417288704952812,0.9396774010391893,0.5694881840056445,0.6108148089134786,0.6336218617661379
0.4747054015394624,0.02259079763713215,0.43749083246730686,0.4038830536600135,0.3602609716490229,0.6004821661223481,0.9766865521289742,0.5878690741729449,0.6657288524776355,0.6411419529807606
0.4054840762584813,0.023378191038272666,0.4561689053069832,0.3708003428400891,0.3032354211532422,0.5266474537318687,0.9809820795564977,0.6345174451796698,0.6290501510796078,0.6805439411927453
0.3393143163332842,0.021109228318069818,0.44129849935832544,0.34424365021463516,0.32221186192101725,0.6001460534028636,0.9795167331001117,0.5759814095660243,0.6247595426498012,0.6381600045193738
0.34101218220258545,0.0468660326770616,0.5051040652059152,0.3432026866408688,0.33838803278388957,0.5508112778051174,0.9456399672076298,0.5646138292869559,0.574766406717103,0.6052765579322648
0.41507449572419114,0.05460956045087961,0.42019072895191417,0.4615979022353889,0.3940847767756626,0.6269872507871153,0.9417591260501191,0.5103854297814328,0.713848618176625,0.6638519113947077
0.46930179118660503,0.0042364735831472095,0.48284548934712596,0.32129030644523265,0.33705420095794913,0.6895840724917953,1.0102786990633486,0.5993351590513831,0.5743746990432529,0.6561736255630048
0.41367831840180963,0.08586486583512697,0.44196727519999546,0.5277218014985484,0.4028744671948478,0.5394847990405801,0.9170244657687534,0.4269086979595367,0.7095000398930353,0.6591042383654319
0.4197998620818365,0.05671756675610603,0.5056282582868693,0.4457936058997228,0.3325515320033081,0.5869848012745484,0.9525176291614746,0.5884161140409172,0.6997234255811636,0.6022901367372633
0.37162854788376903,-0.002254141195569187,0.4772872151844958,0.3743107597917135,0.2984956864595284,0.6653875323901364,0.9945906330470576,0.6162165225672228,0.6186288886545496,0.6325677832306147
0.3606025213524163,0.0917111281909388,0.46281742195072545,0.3747988104982854,0.3839799111411728,0.5845533066601583,0.9586398346757377,0.4774556767207545,0.574152520001485,0.608547776384132
0.35189535644935716,0.06265817693211452,0.5366379925625606,0.3586027214395125,0.3225527326232734,0.46452882990416633,0.9281588963982166,0.5691690488981475,0.5380620203112745,0.6019164463543177
0.32017599670611946,0.05077344110577508,0.4038609961531351,0.3280581068398246,0.3471380009447525,0.5149787767934233,0.9533254583560934,0.5247547104788013,0.6359502235976349,0.6433636352903077
0.5241194580306611,0.06030571151765476,0.45297213077192894,0.4541037883367799,0.395255165787996,0.6893549057507333,0.9458703127989847,0.5302817659344626,0.6602582090236366,0.6718445388899008
0.34830205479562465,0.02085886296833033,0.39063844728174046,0.34998753853181874,0.3144390367960406,0.552019309287793,0.9735338700315767,0.552812176274994,0.5900266213614234,0.6373617643491792
0.38096467540604567,0.02315432357227722,0.430578813237347,0.2914812240220588,0.3326056775203852,0.5650242950326173,0.9799624240139199,0.5404106194156817,0.594442544310559,0.6157133266880568
0.4341371533848047,0.08933534342901134,0.5334428255653517,0.44237103338987155,0.381979999936785,0.6376480365256866,0.9395961665970108,0.5455630309787955,0.6257432042768375,0.6128517717962876
0.40557733801827633,0.047639995102606136,0.530347289855989,0.45202071610318517,0.3652458101620985,0.6524803123002898,0.9749416589311212,0.583189293401333,0.7111843708010239,0.5846258768686472
0.3535041648655388,0.06772469583077358,0.5319499880375304,0.44257878449349275,0.4149433521654732,0.5670456636142305,0.9320449606468222,0.5426898798105931,0.6515062280761019,0.6081677334740219
0.39792388580384064,0.04576977425609268,0.4324246433837172,0.4082142177283091,0.36013669337138093,0.49815228323661387,0.9692873299084205,0.5394669512621806,0.6200010870878886,0.6879761931014894
0.30483271261037975,0.028834161871437735,0.5019759455279764,0.3951153079880721,0.35106179235769003,0.5323193247598952,0.9776331325981934,0.5229584006019306,0.6658845998165768,0.5907232106425517
0.3077845081451815,0.004845163257623936,0.44487787853869826,0.3318191181057083,0.33343339682020556,0.47608536197456686,0.9831214032301188,0.5354093147017884,0.6305859741826647,0.6382272525687842
0.43835831193002583,0.03185575763793315,0.4897414848466787,0.31252407597133963,0.3489684565031856,0.6249377152647738,0.9682131280346936,0.5759014913149341,0.5564193328812893,0.6571213258076063
0.4030452982662861,0.06638730990445525,0.5031043593333911,0.3793105718427017,0.3886338083465612,0.5809094154861967,0.9270834467556657,0.5075793159646922,0.6626507670939116,0.6172701388437702
0.4351944396908772,0.0937211782804561,0.4731210954226693,0.37933055880416083,0.3771300223702585,0.669686872985749,0.8988465601290294,0.5245125494729337,0.598628371609836,0.6223808500976606
0.3810409831552008,0.02353923781299616,0.42987200047870733,0.4185013260289501,0.314362196725551,0.5890020781268925,0.9784429647387266,0.5522982840146956,0.6356679124437716,0.6578992964729153
0.446531295434482,0.07502822894171732,0.4390232338646645,0.33985595596078993,0.42579254300468816,0.6297161240209834,0.9651467650445584,0.4946562856176321,0.5754796358749285,0.6198212014580883
0.3398117747212395,0.06220242428564429,0.4904483154086732,0.4420333154989099,0.42194244397194347,0.5455883206922201,0.9368071630547219,0.5120705244226991,0.6803292187185601,0.6108526361454469
0.45794321358787693,0.03749197876143918,0.49597729985441474,0.406304660290241,0.37862376519766333,0.6260557662011066,0.98298327895842,0.5355539832564244,0.6044358546260026,0.6114293448147232
0.3875296652754585,0.03979331015033615,0.46755189257378066,0.37377075415828104,0.3512368776735819,0.5923640389836884,0.9545416703294597,0.5701195726340184,0.6149481242859712,0.6184566386814756
0.4311568512658064,0.03589132398316079,0.4754424970035184,0.38056239063496433,0.3719457153517412,0.629703247816265,0.9624068650220629,0.5151110224370841,0.6361491001211682,0.6406116625844245
0.462443224344525,0.10789756224801422,0.47970004185636483,0.39388615403951976,0.37011569198895045,0.5635370770327541,0.9311213346808621,0.5063018095683947,0.5475858821273933,0.6482351776022638
0.39791256402199215,0.036982187582339864,0.5293204074432734,0.4296466146716467,0.3501143771094574,0.5861787686654778,0.9715139077183165,0.5966656264760895,0.6724550314283049,0.6388378891141657
0.3980793970455315,0.05092567123889191,0.4216181481953113,0.36748580438172773,0.36500987451592704,0.6288909682551908,0.9451321323304555,0.5301492598253201,0.5791428682274793,0.6927209411103761
0.2626292982433228,0.06558302166393629,0.3790325327559129,0.4098778397644573,0.35282220041970863,0.44059153910279825,0.8995662455188721,0.4746146127126557,0.5881141044181879,0.6341054794860312
0.461287300089148,0.07374069959308797,0.4914176692508669,0.3974630031094852,0.34555274142591275,0.6011158121261774,0.9276559595731326,0.5826290588901462,0.6512670507737865,0.616086051364472
0.3834435625429706,0.04790930356569642,0.4050222355660112,0.3744870331192955,0.3854427161792334,0.6485712050209131,0.9495340865583994,0.5374199416670729,0.6302045705577781,0.6860233191130964
0.332442836769357,0.02847061016070847,0.3852076473327522,0.3430339706686897,0.3768892667513603,0.5956922032161096,0.9738024307366797,0.5190801495944704,0.6101447322946821,0.6760049335043941
0.5140912326706983,0.03270760893349966,0.4364327082809042,0.35554634341308455,0.3547162747417869,0.7085942022636817,0.9275220975228042,0.5394164894772793,0.5835901355380596,0.6324527404505337
0.4137880825454905,0.06607001237706916,0.4324112639590169,0.3845560899108816,0.4355219934272439,0.6388441396589171,0.919225094883413,0.46126355318116563,0.5781582720071367,0.6656710888273543
0.42706021317280235,0.05997375764994641,0.4950198952372225,0.38236799027997337,0.41686570371566456,0.5913355732805626,0.9255701108174128,0.5076383405244496,0.5873799704464844,0.6196583884114009
0.5609537698059669,0.07854821937339035,0.48682200984312923,0.35624162334677106,0.38209408416823265,0.6402285496028031,0.9143316547217106,0.517482919139152,0.5929438650297274,0.6302672165050311
0.3915847898245428,0.05090692764382564,0.4660307538195614,0.38559648228907,0.3810267469096756,0.560643198966017,0.939922986208462,0.45733633433575593,0.6426078291554879,0.629399145296087
0.46703366740221286,0.029896000458441443,0.4856097645518034,0.3990909719452456,0.3480220600995654,0.6320609078052435,0.9765980706746411,0.5793132601708915,0.6468886375734733,0.6543524223064603
0.3096519992803604,0.04656177068744215,0.4895251458150563,0.31903519386354084,0.3500672386799107,0.5486906817332234,0.937417248378397,0.5002276647413089,0.6226439104293757,0.630728454109535
0.36083425531950086,0.0277644453778055,0.38321702352079495,0.41216699053875383,0.3386831260536878,0.49918907540841495,0.9634257570756283,0.5195863023966392,0.7069004023505496,0.6377132148859261
0.506284690539583,0.015580390308673064,0.5080278265346974,0.3652360607502079,0.3343017801753852,0.7359629894658988,0.9622663944100349,0.5945872068506175,0.5995448051758752,0.664936867722708
0.3612376776789703,0.03146502043760218,0.43709962767278093,0.395624947910634,0.36575715585522184,0.6290483921785743,0.9802527705155626,0.5380063101904107,0.6572730548223134,0.6609012113657019
0.39125715284479484,0.06907639446454852,0.5815678123049907,0.3466702111328762,0.3718792856244159,0.6112624743633341,0.9409238773411588,0.6092211255324884,0.6491722831421585,0.581074809187031
0.44157528397966345,0.047737284951685915,0.37059542124601785,0.3325203468307575,0.3913355147506143,0.6146530874147809,0.991187498360237,0.4942847711281332,0.5439336864315636,0.7069342405050817
0.38995401655103057,0.05121163694546607,0.4880802641101887,0.4104742107612078,0.3292294385306119,0.5997042987238312,0.9534115522440908,0.5555959933291781,0.5793483523150946,0.649543908797307
0.41564253915172156,0.05476530023929684,0.4835991657174432,0.37808869018661473,0.3529501193449153,0.7046435850512007,0.9767120015535252,0.5545812497007372,0.6095460940249806,0.6273554235020502
0.3380792737127041,0.046077969889645375,0.48287531466442496,0.4142551860941269,0.35229421602923155,0.5132758831898654,0.9551563763068015,0.5575721103740583,0.630807767464427,0.6292576113766212
0.3610149627559689,0.07719671354199109,0.4983130218788534,0.33454152145488486,0.36605807197302076,0.5476843225407222,0.9071657454177744,0.5003719755634803,0.5363156013750536,0.6127072708703062
0.4600162117142069,0.03617254216997102,0.4523084047429391,0.3015847811817902,0.33582506269313883,0.6059686104024598,0.980607267357254,0.5780440902070705,0.5785018840990223,0.6254285046177882
0.46523525107177893,0.11562999495457608,0.4689564248244041,0.3598792120383826,0.41915483380078483,0.6853506175059288,0.8926689528449102,0.48677658752633945,0.5001333475539783,0.6058826600546963
0.40813863162698266,0.07958579306748186,0.47884640372910764,0.40259184002926873,0.39161709294308095,0.7138119927015223,0.9663181443197437,0.5023463251275877,0.5816832959614813,0.6254616479811246
0.4460519455584723,0.03998272801713299,0.4497513150526911,0.39087097549828914,0.39415892436411576,0.6166451482547572,0.9255727057839983,0.5387260584548645,0.5939026046931251,0.6203512800166685
0.44978434305102055,0.027355678127392247,0.4404587425322753,0.30884025679344795,0.3166271998760394,0.7136851113365956,0.9774263100954869,0.5691899248043093,0.6288673228441424,0.6307820076762861
0.400445389814552,0.03681329234260083,0.4470484928212305,0.40811084070119835,0.3594931445624896,0.652522682620638,0.9709696284441204,0.5249048805639129,0.6571233829360161,0.6665736881052072
0.4363621691744939,0.05719664202401659,0.4352757843385602,0.39271499127605314,0.36957822437765464,0.6454856377434424,0.952111413047236,0.5405279523270916,0.6194318012097609,0.6775436566904411
0.44688497904211244,0.03627887898390896,0.5001488127952659,0.37177093653279913,0.3477833500674527,0.567439723532163,0.9647345133780157,0.5298342955938178,0.6680953503843854,0.6333353364368872
0.34270014093199364,0.07265257359399778,0.5442471325190665,0.37965869049076884,0.3835935587141202,0.6027063340070826,0.9078136156317594,0.5331474645754868,0.5751964600613957,0.569838084240978
0.38672955959136185,0.03346118085322985,0.49712615027232726,0.4366104606532182,0.3556801195164614,0.6091151980642966,0.9540497966090249,0.5949344304198341,0.6448853151517471,0.6322729021029894
0.4713342349110188,0.0903426840605111,0.5269736537624429,0.4091939630723339,0.37502802261327106,0.7078160096773685,0.9289063769303116,0.54937774154733,0.5965323831875944,0.6402719682940496
0.5013046081338747,0.04571102213048011,0.4621586841638098,0.3743510689788498,0.38368056375909926,0.6250989940849425,0.9438670763190115,0.48913033908521253,0.5882236040817721,0.6677148102129776
0.4991707943094636,0.06418643912443737,0.39931807385185875,0.5127867675067811,0.40305704700764255,0.6671105038396458,0.9273401426249884,0.4797262840492398,0.6981544778256121,0.6589888459094266
0.4149597796217685,0.036528321537200946,0.4742916720592268,0.36181602441148114,0.3537247924281335,0.6061041246006247,0.9777777805210087,0.4985167166176795,0.6007614200606748,0.607359327931278
0.49056637445043483,0.008616181228632492,0.5076806852535553,0.3511845470907264,0.3196764498648684,0.6894864343051375,0.9382560757822457,0.59963432803004,0.6512070653413288,0.6480087356429616
0.3736488083849544,0.05157728133427476,0.45409596832189975,0.4130260286291354,0.37804377844962145,0.5695871734465576,0.9503749429220721,0.499168735673593,0.6520997497859893,0.6308519030649526
0.36675589755899507,0.03211720828656503,0.44016610942502715,0.43348114369695817,0.3745902364614676,0.5188516713321332,0.9726719384615424,0.5190869333538808,0.6294945810567055,0.6822224346263281
0.42765234125212115,0.04024688533608592,0.4825901559221574,0.41502271430578946,0.39561279507322505,0.6281683143094444,0.9524548321985218,0.5472578926758325,0.5908929197473602,0.631770235162777
0.4354296245927024,0.02963985651515433,0.44495312274403587,0.4021015741390276,0.3292762072798544,0.6118515249624701,0.9750277842829721,0.5848270930547874,0.6457653659670701,0.6456685402791429
0.43485517505761023,0.08084254977834975,0.4589889768518171,0.44310072381345544,0.3327313563167127,0.5261008575727384,0.9413076781365334,0.4996922828758158,0.5897915183920626,0.6488801242321194
0.3755569361654915,0.02631882624193648,0.4291342479537821,0.3791721258051769,0.3586175104892421,0.6579063618270937,0.9778719056844013,0.5384165758020407,0.6495058835582714,0.6191214522398075
0.29750772936331527,0.024839882154936807,0.4846656943677126,0.3854510421420706,0.34245866883053766,0.5376434740813102,0.9597136184758837,0.5700565020444981,0.6002904640151425,0.6238276356674138
0.39709003992601494,0.04780123278124237,0.4321974815963021,0.37852757642556883,0.38092592979472845,0.5572285741998166,0.9496718132228628,0.5777285028271673,0.6202841534466068,0.6260617079039072
0.42709696303697836,0.04240022000764834,0.512701315121334,0.40949184490482127,0.3520329682284437,0.5855176602739383,0.9489713127151799,0.5263700104511302,0.6877344731624282,0.6509631664434474
0.4374182462548047,0.06469149858542539,0.38473628578172253,0.3800530487520146,0.3534509472832464,0.5567849619381753,0.9332713938705841,0.5203983325091832,0.6182207308734545,0.6809351775691233
0.42970459732195393,0.021841446418446517,0.47718120397181596,0.4130209008113461,0.35673117110981967,0.6726949739551857,0.9754187610843706,0.5167968906858298,0.6530776229200168,0.6341374768901251
0.3937638581304618,0.05493809481817092,0.4639690836581651,0.41124021425355123,0.3377926071644959,0.5359090879656938,0.9161979622548025,0.5479793349342973,0.6023529873862832,0.6052471911458445
0.3884522065086816,0.0547380251794978,0.4297100580076435,0.3605954706786485,0.4341195607408476,0.5553083602166042,0.9438572586618649,0.49185490579733426,0.5779311874943709,0.6483857160325747
0.305904570538336,0.033380085892771846,0.47153958895055376,0.2601997964757605,0.36205255514212886,0.5819187792384439,1.0024885696802222,0.5161532403723601,0.5394694665234571,0.6255559328578908
0.29902320545355215,0.05905496705106107,0.4486151973371475,0.3132879891320557,0.39273904176840185,0.5140940130285769,0.9512118430936591,0.5302382146532933,0.5724585168635883,0.6191428514378555
0.4846343496761519,0.0466340415573665,0.43678581302963726,0.40708723179189665,0.3846130075153074,0.6139161440710847,0.9468570305543038,0.5501955490817358,0.6164658791528468,0.6524706864694693
0.3822082739221262,-0.007301858540745811,0.41912314188591887,0.3646943206703813,0.3076186669855385,0.5501068178937439,0.9714221642255567,0.6018842021527873,0.6617762546695631,0.6600945369861678
0.38366660287764,0.03274053837426754,0.4887709924005729,0.3635264686016927,0.3610164982680418,0.5667438560428825,0.9852175029656892,0.5309437754046638,0.6121099914413606,0.6328078133530403
0.39908478267137615,0.03935352678308011,0.45669295748703503,0.36833603199696846,0.38465140015990334,0.6458509776733843,0.9413408079636916,0.541145684820747,0.6425066590981461,0.6504355793392222
0.3969553803314572,0.033917850294056626,0.4112578729504707,0.3769918713528642,0.3030072143456084,0.4864684958723502,0.9850015681545727,0.5505350493346484,0.6576804387293023,0.6842945313093364
0.42800294509001185,0.06275335852047736,0.4585677401931383,0.26959148505787844,0.357250355610247,0.5815546635848973,0.9398757499071362,0.5349863311658722,0.5373706678225576,0.6537282994432221
0.35514547967072396,0.03356879650631447,0.40570657963185325,0.33902821037740793,0.3322215634639967,0.4561855697806426,0.9793141431553427,0.5382721308698052,0.5750173960733438,0.6809725565711993
0.3918991068918272,0.06748248418978775,0.48573878373267704,0.41613068846056145,0.3716361210079743,0.6392110872490764,0.9513476507137518,0.5223661949614209,0.6887951334825556,0.6484115592782362
0.47219650149960435,0.060514802277497635,0.4740646246650247,0.48490992379220765,0.3672883651705292,0.6302878584677236,0.959724212922433,0.4903157541299419,0.7063752644998731,0.6709176139962922
0.3742104810366816,0.06035477921914537,0.508595732763936,0.5344544693244474,0.3604844052905302,0.5223841226394708,0.9482028296770858,0.578197175932627,0.7187519125774289,0.6221852224416453
0.4828778740350524,0.07637732732244751,0.5202142392660164,0.3841762597220896,0.3707880862557372,0.6513689887584428,0.9469534753556683,0.5413244954944054,0.6583597250789623,0.634313743770305
0.4632729982628063,0.04691577765410922,0.4640572710948625,0.5308563127388776,0.3859001789759765,0.6071058868839752,0.9481998058517962,0.5668602535912708,0.6707226437779066,0.6376419312703296
0.36343263018802974,0.025061141158264875,0.4097881888653072,0.3878387556671909,0.31384832529463225,0.585237555004814,0.9750717851086499,0.5548889514721407,0.6043550688438395,0.6783000625762368
0.3864638977822683,0.06437868726029719,0.46061556512326113,0.439584266617153,0.3854725341838147,0.5742104510197041,0.9443409727013342,0.5571852820045793,0.687071340521967,0.6635997528547297
0.44491804504011645,0.045386989150549444,0.4928214120087442,0.37127272730610983,0.31701884736792946,0.5953360861558641,0.9661907229916249,0.6081922257491322,0.606131837388457,0.6079488978186046
0.3957965026145541,0.08865375478453309,0.5173113287885145,0.39131883872629714,0.3915927888442259,0.5844635650050385,0.9333540011257899,0.49969613633941423,0.5829468834305255,0.628378951244019
0.4710494189867116,0.03667254543253639,0.4086950440839517,0.3483222747853691,0.37965846318490043,0.6380355970077172,0.9496337027821368,0.5374232959972702,0.648937893677457,0.6507894150235054
0.44500032211139906,0.04505119060321239,0.4307487789641104,0.41651241614765216,0.3662879550045249,0.6145042389085331,0.9438293901995827,0.5250990044107199,0.6683768582060748,0.6416243486654015
0.3584899815436225,0.019483614960370547,0.41625890859235176,0.36770152327739175,0.36315038705357017,0.5417634259999382,0.9463505514686854,0.4968307133418398,0.5795172000121991,0.6595060492515932
0.4797262592638937,0.07758808496671148,0.4496846266693016,0.4623538779597087,0.3702091952675136,0.7008314265855332,0.9145485283749164,0.5528479335468419,0.6434058396363889,0.5945458894284072
0.3717105620258301,0.019446091144587382,0.43851859995971104,0.4510798166598106,0.31137826383479716,0.6522276599759119,0.9761125741863509,0.5290558744658149,0.7052888682558632,0.6561934655327235
0.39994635341166523,0.06908428290761658,0.4833560677435054,0.41212609593387495,0.3305701272672407,0.5573830773471086,0.9771610058972127,0.5448370951728391,0.5996047747805506,0.6433558927180397
0.38548674076811207,0.00739820498238918,0.47736043627191255,0.247078222606689,0.3133585954690156,0.6500107196022977,0.991539363964773,0.626133822539835,0.5345988261409512,0.6646761657361977
0.42044296294868805,0.04586702044382486,0.4796283638525561,0.4748859508443738,0.4198283255043499,0.6004082963308108,0.9154399317156414,0.5629749183851089,0.7046421207139412,0.6102325592617984
0.36338959952990385,0.040121877457024,0.3854745570164153,0.3156372473635072,0.36777080905316756,0.5913012646494766,0.9574024597568689,0.5265506364824664,0.5587523797477992,0.7153699571892753
0.40870929535903283,0.05200751774576401,0.5044106943615623,0.42280396529910175,0.3378421196502414,0.5780970446768363,0.9421861844856423,0.539783772510265,0.6620991447033387,0.6419081589832769
0.4232172831222257,0.04961826095743607,0.4195742423207023,0.4398467743786849,0.36229475621170804,0.6045602706820513,0.9323150769457086,0.5226503885853074,0.6584252348313346,0.6464456075647611
0.41625925966019894,0.030308524961293454,0.42777015226407006,0.34144853113257023,0.35834405871827857,0.6296202901706895,0.9601112225056192,0.514802349801345,0.6193909997381889,0.6953758935191354
0.3711330278884398,0.08282642083193066,0.4862825484092147,0.2905697542658973,0.39846011818474697,0.5561461094414267,0.919298011792424,0.4639598279548184,0.49694510256436475,0.6035108388111
0.40460295150752834,0.05785071881352046,0.44535939291055326,0.3572492391054892,0.3554188847661935,0.5609582890656752,0.9632141288782157,0.5068023590896721,0.6389657006232485,0.6816727289406723
0.38541840530150406,-0.024195844357664788,0.4089991938502341,0.35778905382502346,0.3241764983194765,0.5685604515555631,1.0265441585260389,0.5356465916090377,0.6277388944249256,0.6859641472758942
0.3995124987831042,0.06849794639393146,0.5079638874908389,0.36256750054203146,0.3845863341323902,0.6088306697191865,0.926967094089067,0.5603346317908922,0.5991611061494027,0.6175234710877264
0.4718671374201958,0.0007959003293223432,0.44735870086750695,0.34962243768367746,0.3370590509231448,0.6375205237601664,0.9860688832287636,0.6388520542796605,0.5826408149264419,0.6269006663932943
0.49713842127375574,0.09271940239439959,0.46356401395060454,0.44973064196552437,0.3915388086939573,0.6383266333330997,0.909420809937005,0.48789833473545896,0.6565145328622572,0.6306808172275113
0.34732301542930283,0.07118177769261666,0.45833161669805794,0.36976040367050267,0.37252574263953,0.5721300664911235,0.9169569177662602,0.48769538664012024,0.5891135832273094,0.5845585216212106
0.32976002319359615,0.0328480727783573,0.45447087131606817,0.25955938958530944,0.39635618300837555,0.5326851374687914,0.965809004017897,0.5377876771159401,0.5123027353706842,0.6577978506021257
0.4169588254208734,0.006645518660142972,0.39595818099098545,0.3835196846616491,0.2945034833017305,0.6271387175398591,0.9802399823548025,0.5997305954411838,0.5653429077999907,0.6977419015729951
0.4276986529617583,0.04199911399058114,0.47225239090891735,0.3855822727284765,0.33731118766352186,0.632940245177352,0.9215790264937314,0.5172416717534472,0.5968507657840381,0.6255762858294931
0.3798776039038013,0.07421149661947284,0.460128987868467,0.42213099278106825,0.37723959839421134,0.5592387914438623,0.9280711790616741,0.4596683437821718,0.6461169574259937,0.5930954554703509
0.3768543018046646,0.03327258459246933,0.5041759863982518,0.394229421788338,0.3976818756842622,0.5622417499497847,0.9368975894493843,0.5635476291644531,0.6310942708690153,0.6155011247441622
0.42362938238881936,0.07456806447676546,0.4695388824115919,0.35448966790030945,0.3764479446260583,0.6080149540708313,0.9192380615829998,0.4873279312378961,0.5892681574174633,0.6434707820794581
0.4021473881490283,0.051629125557048974,0.42158519647834464,0.4480441004091564,0.3680781288363019,0.6662148279550314,0.9482496531775145,0.5136052383220968,0.6542602521452641,0.6292503843317876
0.501053871988388,0.024127907921780475,0.46506463019713623,0.28402123270794827,0.33526487612006356,0.6719012074212125,0.9971302520268063,0.5676576686405792,0.591740378622799,0.6900097706371877
0.37481350494413634,0.01536762897082877,0.40267868528062706,0.3766398294664267,0.34319752441445645,0.5607549183234319,0.9896988967004673,0.535059270051323,0.5983499078665326,0.6957125820925185
0.3498950846832054,0.03705581854034048,0.48775932596153565,0.3120955930142767,0.32049838051662094,0.48811639633781767,0.932090244978846,0.5707761457507291,0.5194105106555515,0.6268550037206788
0.4806917603335981,0.045988226942933995,0.4699279082047698,0.35705697040953244,0.3249169864050412,0.664973153313589,0.96251429144038,0.5550863474982537,0.6032003736408932,0.6537070627971011
0.3959339880838433,0.04117203236644454,0.48914829495133505,0.43940545778075774,0.37614119270443214,0.62550037689457,0.9301622221878854,0.505340113987711,0.705771614503523,0.6725926358847161
0.4738234246440695,0.05864684679747063,0.5347891860032455,0.43108284877495506,0.34794919598860047,0.6497565341726763,0.9401506634951108,0.5817010930979531,0.5768905975911955,0.6193913262941704
0.4256262231453209,0.03976422905648525,0.4370877050624122,0.41863306390103067,0.3511724442974628,0.598723253430409,0.9736029359513072,0.5086264907547229,0.6840017316160223,0.6800774742145911
0.5008320746295367,0.04587974076068927,0.5295527272475591,0.395835944213099,0.3675959580714772,0.6669322169239965,0.9578666822647105,0.5665023436674372,0.6718284506187402,0.6671334962728435
0.3576541677544069,0.05225726914605162,0.4868806452942106,0.4214916594971339,0.341005943542378,0.46289931740742396,0.939135485841988,0.5187354198573308,0.5842884193413416,0.6367762265940848
0.4720675497762673,0.036769346990672816,0.4504178113950453,0.41263920992157377,0.343096551242538,0.641255717426943,0.9826512315067857,0.5508144979692908,0.6522645304364851,0.6585804102896555
0.3870719187706206,0.03196487855012221,0.48269568997775186,0.46984972482592824,0.3454269569705409,0.6303929484290984,0.9546422596047339,0.5569003597743853,0.6857172225025021,0.6536468163609024
0.3913649793679253,0.05227929172832982,0.4297385709460385,0.4172488170878993,0.3773744961043448,0.6093379509463981,0.9330572308821036,0.5523548535910846,0.6465479552329676,0.6783275656265606
0.4181037470091846,0.0164561667252047,0.4846169538700899,0.3173705123701659,0.30071122878777495,0.6121577185080207,0.9882002623227721,0.6253205221243339,0.5398505609211566,0.6336765047331195
0.43994663268927625,0.06637533776284935,0.4995862687238969,0.4283247893676152,0.3650839306625574,0.6504737540372122,0.9314486847881116,0.5194342213470027,0.6556743680449579,0.5849463486956261
0.3548296953797992,0.02732525855137507,0.4718164368593083,0.39254848654546937,0.3901763237774718,0.5960676808801006,1.012463436116549,0.5658509584159821,0.6091244409572667,0.6531392618645784
0.31509664148415795,0.08184579131263346,0.4452652649345314,0.35345644293084405,0.38692513829554703,0.5559089172014516,0.929017704030256,0.48759190895253735,0.5697474065241865,0.6324744262973303
0.34798865468213935,0.04807309527956602,0.4708336662257353,0.3799096236635482,0.3467318639933979,0.5549399013434169,0.9494455464216043,0.5240685588758404,0.549110461453389,0.6078182557242998
0.5168483537906786,0.06022847044447406,0.464548550091121,0.3790475987015651,0.3413615376701842,0.653555423435898,0.9610316901240188,0.6428872577823896,0.5999610830508406,0.6550451093787346
0.4409480089222857,0.04547025785390682,0.4611238162185787,0.3527194674298354,0.37881040149975226,0.6750867507931957,0.9609623950764601,0.5185952819181483,0.5620837583008849,0.646168901854983
0.3710434305535428,0.029555916751826936,0.43854279837320803,0.42081168324432383,0.3066705635510426,0.5465258770707987,0.9640338358386474,0.5392684687596623,0.608392574227786,0.6524095150101421
0.41526590339479985,0.039300413995297476,0.5201557865901149,0.3327794990879705,0.3391406849987204,0.5722738999772932,0.937687366781796,0.508074583055595,0.5854409315073066,0.6396098248901448
0.3820974905540764,0.037821488563680714,0.409391836792947,0.46676246027550927,0.34002902046568173,0.5651358533200628,0.9592124482897814,0.5799349851317053,0.6614805938199324,0.6699730695382821
0.3251107093455775,0.04049922848506311,0.4493740662656607,0.36086058218973,0.3896872869767025,0.5385179271938497,0.9607554597641809,0.5171233558460081,0.6077698928966819,0.6105180291464001
0.3126677099550012,0.05351442507546676,0.4465275289193077,0.47335238990879863,0.3198624714953747,0.48645831412885143,0.9376854495445814,0.5223121398354335,0.6356694748532474,0.6425734643701883
0.4224437779344592,0.05072693008794155,0.44663853447377205,0.4397108281866512,0.37371501408352625,0.6410912862297125,0.9500088934783308,0.5529394649622849,0.6619723622793949,0.629729739871286
0.49784716282158675,0.05907583172315085,0.5402028556032077,0.3588207189207326,0.325370352638872,0.6365325812699205,0.94844859874641,0.5776252720843227,0.653478160318814,0.6669854937208598
0.47604892843419133,0.04987391045239401,0.4535182976563555,0.36215643951738413,0.3590753864546376,0.671599950216949,0.9491799135994025,0.6184195953712558,0.6481328548878562,0.6547370598996859
0.42971806961602915,0.04374773354863981,0.4616351043016864,0.47357911128481284,0.38545609798340813,0.63736777588808,0.9557786189918207,0.5036787751142504,0.7237696828816284,0.6554198594680519
0.4339995743441677,0.054214128906755574,0.438514613112186,0.3757345963560505,0.3739062227602118,0.6100118537613084,0.9535936258907486,0.5176009696276498,0.5606694051255278,0.6160975357210163
0.3870545989114243,0.027139062055612184,0.4993685889042479,0.46131089489437077,0.34092343330839514,0.5663016048984668,0.9687532431481141,0.5267369132613744,0.7420423242436336,0.6188874506223168
0.37817747712874666,0.04769225518370689,0.4785488034056579,0.4033201297214496,0.3654683928757568,0.5956306436111383,0.9393820919865566,0.5353928072888555,0.6577522125287854,0.6282305933264059
0.46948769172766275,0.03147126807912626,0.4870251098459349,0.40068079071371987,0.32990775970936276,0.6562719832957012,0.9554058872553052,0.5967183064916498,0.6618111930158274,0.6659219643809493
0.40033452309544104,0.056873182111501455,0.4633870925606129,0.32275312026506175,0.3358876891601477,0.4590739082297406,0.9544267243571943,0.5372943717845421,0.5689875992369466,0.6452122675119261
0.39101638021124685,0.04183215264819189,0.46566497092164466,0.41459563875087413,0.3549931351550295,0.5887934421162234,0.9593777214965662,0.5611044409644586,0.6534154375205425,0.6250798264688733
0.46358830667463696,0.054375394568612935,0.47868165632342746,0.36841467580509507,0.37341947802128245,0.619347619824353,0.9588721017256512,0.5366731661104618,0.5572716767814262,0.6397756919198174
0.386020115584792,0.0617777869097058,0.4623686354840319,0.3677102763279572,0.3744471092454044,0.5906041420309533,0.9598472420219014,0.5042141128584818,0.6257834003570502,0.6518493646260091
0.4530519889169282,0.03546700810352166,0.4888948014385094,0.3474336083572133,0.30852274666546836,0.5611443246609231,0.9771545526495021,0.5944604799274442,0.6443219017022208,0.6209575946659478
0.5089045002241919,0.07871455225738648,0.4491242742680628,0.35955076694726934,0.3709849519777612,0.6632608783412345,0.9645029051135366,0.5143253361814013,0.6508742148666308,0.6274548726149747
0.5318430410320766,0.04520833012131307,0.45747335754477286,0.3881376370425895,0.4079916849364789,0.6425880327421406,0.9364050289971488,0.5298545271525545,0.6368671923654147,0.6635170290513555
0.39901757612951416,0.017283385549385123,0.3855397976700608,0.4084474485252174,0.3167084833078356,0.6133067453169745,0.965870547027861,0.5526756592430626,0.6665755120323584,0.6546603892872607
0.44078556976982414,0.06249872429618477,0.44836785827258346,0.37954754460619616,0.3536892884510245,0.6376264672544681,0.9792616168078203,0.5422278180072732,0.6076964981469919,0.6389375774854014
0.39281295779947584,0.07335627406025573,0.4665363308133873,0.43798025274386126,0.4189565688112927,0.5983171562169696,0.9364796820442753,0.5489116200080915,0.7030167722974059,0.6331508831000501
0.36143416486401875,0.03773098247365083,0.3968824978926713,0.3470806193062765,0.3202725601732982,0.5909388949093201,0.9682827911801566,0.5247427303398684,0.56927080954234,0.6714450130524243
0.4140903849144153,0.011566837384899994,0.4393987055949563,0.431563174903549,0.4037482740742883,0.6529455076479306,0.9705940985881081,0.5000239231143752,0.6793415338971803,0.655129010105463
0.39702032541863824,0.0318556682559818,0.4679982494161621,0.26164185101481446,0.38113815438038456,0.5757657865738324,0.9533028251302814,0.5249166931453149,0.5385372150835572,0.6300707904498242
0.43978858875990146,0.019767185228988394,0.515164374469968,0.38953873969328323,0.3730090450712394,0.6807186147529096,0.9652495902118522,0.6252533412524532,0.6605556086982205,0.6600108684548858
0.3328870723766264,0.03577579833858064,0.4240798745795516,0.38175496254986724,0.36472580255621867,0.5603203178044249,0.9677891981251545,0.500347740177623,0.6726545943711133,0.6348380267435063
0.4762259760067313,0.05355320000079639,0.5183635701037267,0.3386279834087599,0.38119084361579786,0.6601464500525539,0.9672527089698231,0.5739584017408546,0.6277646047276388,0.6376054677600456
0.46204685282555535,0.019188700489431932,0.4684581952642543,0.2876207283043006,0.38317474904553456,0.6499536091204581,0.9800963670070899,0.5638562587163325,0.5330925099146324,0.6559638941629136
0.3963413945797954,0.03942107341673618,0.5149607194698113,0.3142117652858043,0.3617623060071322,0.6074976236470374,0.9513899852734311,0.6053512038163746,0.5845084049451691,0.62788612093223
0.4087966678688716,0.06906508922869133,0.4598968213633983,0.447903940194331,0.3683559220713751,0.6838754423280146,0.9696233740414429,0.5418480269693495,0.7116664488130133,0.6360006275060516
0.36383636400330976,0.09240548330083773,0.4892048426898615,0.3466507319678915,0.38505233250529486,0.5040665144868017,0.9027082627377159,0.5256104529526741,0.5684921441212627,0.5997069177482668
0.4692862547351084,0.06999095446907812,0.42751161981750396,0.3212610902972046,0.37616296547791755,0.6367057480291379,0.9658762092452516,0.49272687287725603,0.5484692016810307,0.6643592042577391
0.4893529188981443,0.025198445464811866,0.4487362993277839,0.35317374494302917,0.34235481966501985,0.6525160412886153,0.9582185329748584,0.5329958667298843,0.5782079281812963,0.6814292760379066
0.4264748081077312,0.07131734767841003,0.4917251510545167,0.39812724131210153,0.41351462045982657,0.6620708507684687,0.9170698901103409,0.5495559432777023,0.6384300997130266,0.6324836119467825
0.4878755717072561,0.02733826554975384,0.4357207940114646,0.3694657083713845,0.3420631845944128,0.6116139597474349,0.9673669116936441,0.5671800620315641,0.605773884842231,0.6453019336158946
0.3746417692513227,0.04649908526333637,0.49603107360215387,0.4536967306573083,0.34302196483004144,0.5987380847595106,0.9571055999245094,0.57922895464937,0.685308092801117,0.6426818055998389
0.4575794926558199,0.05969424928507844,0.4250942182474864,0.35747772193964433,0.34646084083941764,0.627269026858865,0.9481790575303335,0.5173115421761224,0.5890370299765293,0.6189290165256427
0.4432052415100241,0.035043738271611474,0.45326499534903736,0.46730811483441415,0.3641725408933966,0.5583257918371117,0.9707459535368294,0.5490795556179281,0.6648655029329933,0.6373464946838678
0.45060904241035976,0.013065561106335425,0.4927769947691816,0.42193714012280076,0.31728751955395573,0.6521013666176576,0.9659776622569196,0.5561993717116211,0.6528747109352251,0.6704918399231018
0.407506962732969,0.06372489253169365,0.47304600613357245,0.3090265029098266,0.3751576255178239,0.6361833981802146,0.9536139296362843,0.564124934191033,0.5214700312561823,0.6500303454668903
0.4083822136724449,0.05302432357167445,0.44423470624680483,0.4548742450602921,0.3789939252829886,0.6357007855748678,0.9314630742631069,0.49121988858278176,0.6477128461854864,0.6287774660681102
0.3549101595779921,0.04104975188607647,0.47030460308335714,0.45706828866140686,0.34150029676674837,0.5347507719759614,0.9499799407579578,0.5739728258015024,0.7124027767787691,0.6323497717197164
0.35575943294189344,0.01753975028145713,0.46842239394977647,0.26286936009150785,0.38478383188116383,0.5988837147659489,0.9479526526894405,0.5321158506533475,0.49968847862405075,0.634340603505794
0.38337054088525807,0.044654521744109145,0.45143059322735396,0.3457231912456792,0.35626611759862875,0.564777663892333,0.9830915977825875,0.527777786961616,0.5517095682775484,0.66432762492717
0.4468591546704861,0.062471382089911674,0.43596699386954624,0.3367413666474947,0.35023539257385305,0.6932945127315678,0.9679077004035888,0.5845472779829589,0.6180716822819903,0.6557630415578459
0.3941146267909103,0.07072273530112853,0.4519167369309228,0.4151053722520796,0.34765400812541564,0.611549222935903,0.9575886173827158,0.5216921977584259,0.6810798863079721,0.6292434392906344
0.44567858480447126,0.05489258397599705,0.36814582900617776,0.44989720275260076,0.3517638090453346,0.5761158310975809,0.9545010636984738,0.5411498635379157,0.6209558182634856,0.666430431077391
0.456478409093686,0.0786861476012798,0.46363101637443344,0.33999200804788493,0.3777715324270278,0.6391229932263904,0.9428571380121566,0.5359025807408543,0.5427230630983062,0.6158158188852672
0.41102703559588716,0.042396339653165256,0.4854083890427937,0.4299289291765587,0.3660328652407985,0.6759628408982215,0.9426518347413844,0.5416409367774255,0.6545185672441789,0.6552492611351663
0.42308130926524457,0.028863313227395458,0.49570726382390307,0.42359171510211224,0.3278073786936248,0.6880365178653745,0.9334140780329343,0.5965175224393294,0.6578516800884252,0.6482290592125071
0.3069197525270417,0.033401310519439974,0.4732139850490851,0.3651295758604399,0.3502127173785234,0.5368865692655556,0.9642501823753487,0.5562693014446556,0.6702700213897961,0.636047228299192
0.4082665476073222,0.028805508873619486,0.46904584717348724,0.3960199489082362,0.3312575937432348,0.5919640569740218,0.9543761323322077,0.5683067340377292,0.6552282883402463,0.6286150127223942
0.4503120948219331,0.0632228570340565,0.5150363311373068,0.4249031318705316,0.3394955349483356,0.5752407639456717,0.944935711006555,0.5718108214613894,0.6747115605079091,0.6151810968789057
0.4304796021120745,0.03809601658863273,0.4537391585124132,0.370999958806585,0.3430793261962865,0.49617067757103417,0.9545698079568943,0.5161258385870924,0.5810115156667203,0.6378995062860384
0.3883038368823994,0.04546268422953181,0.4283670165915219,0.37236748407453446,0.3578347734530397,0.5529559933443147,0.9586344993841281,0.5094799649684558,0.5584982146094628,0.6697254758963114
0.35232044448767297,0.059979354199439484,0.48654812390203395,0.3803708980612731,0.36556825398790443,0.5282844283326664,0.9600843022669265,0.5429917464143527,0.5643742561037268,0.6289091507116135
0.4480842854608288,0.02679760654408709,0.4426371463304942,0.46077931345420436,0.330544601904792,0.6289501698600678,0.969808092659141,0.5925839716505575,0.7095821654256232,0.6579126679642304
0.4614550422757283,0.05623949044967194,0.47357924148927866,0.46377922287109696,0.34214102064899055,0.5964526341778917,0.9409671636434731,0.5522503806234538,0.695954153143888,0.6706580300910685
0.40605667757541297,-0.01171002644395733,0.4381420715470042,0.34275554243438233,0.33699598209071474,0.5847723136725576,0.9702732222654098,0.5388124317810824,0.5953509254232844,0.6379043700460068
0.38851415895250413,0.05110384154389976,0.47103914359920385,0.28439649576640225,0.3615222294371864,0.5565675722872078,0.9474325670421142,0.5588449443474153,0.48706991053901016,0.6759067909043788
0.4977958354044396,0.0671874307361607,0.4554661498353962,0.4107656288790528,0.3941233843197352,0.7401974818171242,0.932849501189854,0.4915159603371102,0.6390021283973111,0.6756216149724592
0.34796408664461487,0.05477540456898921,0.4904588139601757,0.42732683969816576,0.3547195742943525,0.5983744436192548,0.9326006295024942,0.5594725022840066,0.6811992033621503,0.60453324833601
0.37553880273989937,0.018688653432055204,0.45081103332930156,0.326221083134483,0.32262428138040683,0.5593532935838738,0.9834175787915073,0.5400411681922727,0.6139178302020707,0.6704739191017173
0.31223535996352975,0.018809901923029122,0.4247541851306787,0.3050200843999227,0.361014605675175,0.5296038682545434,0.9558016763946916,0.5248738315078438,0.6114164245299601,0.6471387511228073
0.38350583599334703,0.04903660383389853,0.4025527780522057,0.4311312325662406,0.35782053814735615,0.6237342798442681,0.9648798463440785,0.48274488150644734,0.6471823396866904,0.6367618908238775
0.3322449746771741,0.043107859768808564,0.43086793378874777,0.27948288470691923,0.33879494507209484,0.5555383759184525,0.9664218140176335,0.5744276117155002,0.5966378450387578,0.7060594098294383
0.44038211867971294,0.04682470606082159,0.49570207597934834,0.3816642191689834,0.3573651173324997,0.6440844608488234,0.9563553992840071,0.5247003843049487,0.654193831952686,0.6036389733334978
0.31208144196617216,0.0786642955919498,0.4071755210521436,0.3541395525145664,0.37967687903726194,0.41712573034431333,0.9521249722951151,0.4613088895810097,0.6164976925613244,0.6530703422374423
0.2787290695862093,0.05200531328768743,0.5030796313666074,0.3591714617178516,0.3289025601983905,0.503646330912527,0.9418608352917053,0.5347811583969508,0.6126426508755616,0.5579673727217263
0.389051347014633,0.09878108473992923,0.42129639507934064,0.4067533047118488,0.3764885556309397,0.6217766401922435,0.9272826585144688,0.4730836855510424,0.6499720794793155,0.6467095264604225
0.3997432158286805,0.012476208880308714,0.4555063150460618,0.3580441921526421,0.3370610540003929,0.6010425171056172,0.9749902983355467,0.5433390702268325,0.6150085213785326,0.6795919304787565
0.3522318070003858,0.029986850770108646,0.3786942450709378,0.33036849649027417,0.288617342907124,0.5374261098456805,0.9882467420816576,0.5848598993280159,0.5798084559326921,0.6867887431995869
0.449602328141667,0.047341488015532514,0.46005320228788343,0.33978040088216244,0.37578262302329996,0.6520160554857675,0.9637902539011994,0.5135103848167426,0.5873026078974364,0.6387285288244688
0.28300551415979525,0.03960261014097753,0.42562380087018675,0.3244828509525823,0.36603325258112573,0.5240150714562214,0.9445657724949617,0.5209686316950397,0.5841434371118359,0.6504251779979202
0.44685540762746084,0.003752021962446367,0.4940714447064265,0.30067293708996135,0.35554306308980826,0.6778201710667062,0.974534776488855,0.591927554714353,0.5489137888251248,0.599369011145019
0.40150577329095977,0.05870925340083643,0.4307622873299548,0.27339933569866465,0.32822695951796527,0.5418127270506579,0.9562787813761796,0.5688102799100463,0.5582246700339903,0.664068724994403
0.33939699929931527,0.04877316107581152,0.4790591524775424,0.3795209627617289,0.3414575605572864,0.5081545105831791,0.9718556379610201,0.5862708078673949,0.6211236291474657,0.6401606350320035
0.33653225870603104,0.04922223797163887,0.46177946689402655,0.3705387089248269,0.34746923875182056,0.5814802631151927,0.9414607474128465,0.5248176264045532,0.6050120854598613,0.6221689936148793
0.40331987908819317,0.02415490291791983,0.44177376692229725,0.29411082541762573,0.3242223440495584,0.5608792965812521,0.9779324999541983,0.6119434846149385,0.5348186482767694,0.652771923955968
0.4487995073838734,0.06397689011389619,0.49044111366668725,0.33321171233167546,0.3568297042895873,0.693814817805597,0.9836594173593689,0.5663130183731516,0.5797347400553635,0.6348401681082292
0.3592195254005076,0.02934944910022247,0.4442230594403725,0.4002419027555505,0.36226004041477644,0.5855135013534372,0.9866417693022072,0.5961872100313048,0.6314843702281552,0.6142058981558627
0.4704205842480117,0.04296227420920061,0.4463909471057579,0.42937253240745726,0.34055971872202884,0.5620711000048855,0.9886838919740979,0.5557929736879137,0.6493994595867402,0.6564258010912527
0.35559940062786016,0.04072391342192532,0.49876736295295393,0.3431108636121692,0.33201891669814837,0.5628301973398094,0.9635704716499206,0.5296601201692592,0.5918067580121051,0.6481957556883622
0.41013647713324375,0.03296220002282387,0.40272496135505675,0.44097992450584306,0.39447639572857274,0.5725102547324306,0.9676205649604208,0.4325047159414811,0.6231620335313952,0.6520814538602842
0.2926705851041894,0.08072322894829549,0.45845817119516413,0.26613300496437164,0.3829280728109203,0.528333939537917,0.9514903398759132,0.5237145163709696,0.505524918781783,0.6097192726715706
0.42322265225962574,0.045043294935018206,0.5007174550908464,0.38827213926055404,0.33067867766719655,0.5962902678339159,0.9589702142423011,0.5505609601734149,0.6553831486271162,0.628215404858183
0.4329135069511864,0.02242449995657309,0.4090345099550665,0.33198471030606874,0.3680185976520356,0.5527585488142859,0.9442113988190804,0.5280484919531598,0.5575758338839999,0.6809545723016395
0.42385177177156624,0.03755616044378286,0.48685490187973285,0.19857318595725787,0.349162808859746,0.6374464179218532,0.9591223722421052,0.5148375362363706,0.4941385566959703,0.6780322007527704
0.33623823888829996,0.05089022167329396,0.5015240453577069,0.3617236348148855,0.4250167199787116,0.5420879286405454,0.9449781861447419,0.5138456114406096,0.604750853201871,0.6572708839648487
0.41262617437052224,0.043098659877060116,0.47350874040123436,0.32667787471229526,0.41102697754137524,0.6158490866544106,0.9527271618508104,0.49975712938095984,0.5854121635819793,0.6237272619042725
0.31253863753025396,0.07217314258171309,0.41412116415553957,0.32574788836341534,0.4208959414970434,0.5838920757753902,0.9489722114630041,0.4737251699113527,0.5724021715381273,0.6473239903302326
0.4114114750300231,0.03756297054347514,0.4906029269818387,0.3826486528306015,0.35679192035675716,0.6386162526806112,0.9789406439738774,0.5944649279853352,0.6050070544855964,0.622537831044857
0.3500251957303719,0.03292379824589598,0.4210373326700456,0.37833348825421087,0.3524373546445305,0.5306670659709283,0.9492782541811333,0.4992040037224882,0.679082847413066,0.6258758154391509
0.44394855648606923,0.08225055483453074,0.431465287011138,0.33916141307862707,0.36283700587519463,0.5757123433759432,0.932336016819343,0.5361992655271663,0.5524498862972538,0.6472175179151423
0.40382690575988367,0.004100906307379157,0.46931511732271175,0.3743897599829121,0.3355797057913229,0.5650871054396802,0.985586406354019,0.5282815859746497,0.6731506900393183,0.6934792030784521
0.396903730358406,0.05342081475094403,0.44671707131771154,0.4155562761528635,0.3914863255546593,0.5837197369575602,0.9211297817392907,0.485441146150951,0.6678611514016082,0.6374840892133933
0.3394114955181422,0.01112555273550016,0.4075734413375838,0.393974339686718,0.35159497686048696,0.61328518649379,0.9681663227551507,0.5447943894416465,0.6369433363120647,0.6499137542367586
0.5078745570056404,0.043696467417514706,0.43434294493838577,0.419734146864305,0.36256801930493177,0.6760549061348786,0.9719195171553052,0.5131418631900636,0.6603381166709166,0.6943287754216301
0.3903564862139199,0.06109217191624531,0.48308394343684063,0.3952653413356025,0.3810764760443019,0.6140637194595573,0.9545189467315897,0.5229364113641605,0.6450248825399436,0.6133946092479867
0.4311235338971388,0.08953783808333164,0.4658025992855738,0.3293725955172219,0.34106344116513826,0.5920913522296344,0.9630739441324526,0.5598790412319289,0.5826467102958417,0.6383417861926439
0.4220404697494647,0.09134468684732501,0.49211432210312867,0.3752067594850644,0.39909066608177285,0.7061025288731861,0.9340783899355615,0.5064123243603971,0.5381584377389108,0.6034106004949136
0.4068099926261839,0.05605342909142025,0.43667087823609335,0.4405894648201184,0.36417379981866776,0.5670420287077481,0.9501370803074509,0.5581380776066729,0.7037153790002293,0.6365293585775929
0.38959344342557223,0.060103507405978966,0.4594466545752786,0.3856166616852511,0.3655104784511298,0.6524132003130005,0.9474964461071006,0.4780638244336257,0.6211970481575394,0.6357273533140166
0.3046914162930319,0.05807732429408396,0.4381718443560057,0.32988479567951823,0.3523217449498973,0.5433947619280106,0.9590921531684307,0.5013387354412558,0.5796516269227439,0.6536886437725515
0.4220145492291901,0.0314722504607572,0.46454087679517136,0.32160717196896554,0.3610806989265551,0.6079033798256789,0.9298157160756508,0.4861867966887006,0.5886739269313059,0.6298353487176238
0.38815764599418673,0.051313417089146954,0.4980117181450406,0.32117577169956313,0.38498226855750856,0.540916513426321,0.9525407087651817,0.5518382419669869,0.5813680668154818,0.6562733373426878
0.4550917051215226,0.03040754404463959,0.4949253326314152,0.35492164600956133,0.3031894472443368,0.6144762050430481,0.9634096483230391,0.5804952562779231,0.6274406542827189,0.6335180316095834
0.39197254360684897,0.08371983923150907,0.46817790757493566,0.44627761335734234,0.3715886031903843,0.5342140727974567,0.909868439028502,0.575726140000137,0.6638534443860492,0.6515422901087963
0.42040602731724275,0.05552750128199708,0.48702177641218936,0.4221875626438952,0.34825595757645716,0.6008217301248777,0.944418153220068,0.5084610005303001,0.7055793773411341,0.5924762546839049
0.4144094188609824,0.01429517030263109,0.43593587465121614,0.283803927309329,0.34768935428070735,0.5799654829414953,0.9510744838746796,0.5569011218797562,0.5847693625544814,0.6409520165049305
0.4516588151432372,0.026984631779957094,0.3970863543305568,0.465546946353159,0.330703904540657,0.5485619322818855,0.9418511109628755,0.4862448151980707,0.6928544394172274,0.6524026662397314
0.45393270447720885,0.02846104805855126,0.44054783675041503,0.39764469588607676,0.3334442339415766,0.5964583442454098,0.9755055527601438,0.5845136479296711,0.6521148688135976,0.6642010822333888
0.32166251980305816,0.0619064984457197,0.4887233042305225,0.3725408552433193,0.3876062057970547,0.5693053707738049,0.9485820446091069,0.546713842001177,0.6497921948526999,0.6401260002845197
0.4284814702087004,0.08050863001821487,0.4910370142529848,0.37738417696065085,0.39269407093888237,0.5709671484765281,0.9525902583166761,0.5299489892988514,0.5440192171816916,0.6294164665941477
0.3481699095839553,0.03737023794233225,0.4684474780100293,0.41677487519160616,0.35799989351222933,0.5876100296171949,0.9367450673297353,0.5460123562578483,0.6508111075049974,0.6329516751190507
0.3077975711992268,0.019126037673244223,0.43773254796218475,0.30613071311615464,0.2919385603843326,0.46803389897184045,0.991255568421954,0.5406349685526405,0.5625921993397401,0.6770875624519548
0.39661148996754514,0.07405086332086609,0.5060389797723609,0.5247227724253524,0.41528858256624407,0.6752501201086996,0.9730484341325918,0.5614797468439192,0.7344045253789075,0.5886617810578056
0.47198151022992263,0.07886152179996424,0.41027569837515376,0.3809198354111265,0.3808204509437843,0.64650764252217,0.9507649353116248,0.5103527408751185,0.5822498855780536,0.6582317506028172
0.4406084725100405,0.07324822040371538,0.4291585660215595,0.5029344050790192,0.35280829185759266,0.6594237924566333,0.9476900199871232,0.49924755114689856,0.750090158328974,0.6446166522432479
0.48659165940524357,0.03866819603961011,0.4608312910593395,0.3604315352315358,0.4237457317899319,0.6745697592242526,0.9559536755814619,0.5565447760753413,0.5771587059104839,0.6611637577456076
0.33692696021774515,0.06817536750257132,0.538915412685199,0.40289325490489875,0.3622427119972635,0.5930399405487439,0.9366406227951666,0.5593025159551067,0.6360809166442809,0.6062529729426976
0.3967722568344661,0.035492905972671046,0.41496398552404246,0.33064462978369896,0.36165642696618155,0.5417930151294106,0.9665049330831019,0.5555948897185208,0.6091362030026282,0.6555055116276278
0.44065475081802785,0.07257734313250935,0.46853628172061074,0.48765684776345825,0.3720361189005829,0.7057839480908435,0.9459004781722243,0.5702395150600406,0.7503457904222316,0.6457537015551034
0.4463934106601225,0.0777367557429929,0.4661466266488713,0.40630812624065776,0.36802256622551044,0.593994732579157,0.9474034035484856,0.5670008358900469,0.6479047552314909,0.6779455489700591
0.42493552373063,0.044479482573007295,0.4827450970349226,0.3884679842904157,0.358596663099354,0.6624133464223401,0.9769494305683464,0.5069142782406073,0.617959623156195,0.6681603483143052
0.4699801883411179,0.023173604296829492,0.4402042142220603,0.4076794416348655,0.34944328738876473,0.6520890720581487,0.9749218810521902,0.5392565638847882,0.6205969177520515,0.6605147637379895
0.41345505307182395,0.026255330124557438,0.43368367244329564,0.42612821978129567,0.3616239158588903,0.5631125388994742,0.9794267281391407,0.5487796343568165,0.616352082384614,0.6635161238042575
0.4083415433532752,0.054416538130839895,0.43923678822258383,0.34351631710707303,0.3602658283867168,0.5659258508370397,0.9718832186929414,0.5691537673992819,0.6378827473681041,0.6682196808420784
0.4756044753045893,0.05682512320908094,0.4085045832863382,0.4268554837308428,0.3768016808983877,0.6638520840962379,0.9466537257497659,0.4955503746064871,0.6646113400394555,0.663711514366071
0.5681181198371406,0.03246412113036611,0.44336512266906597,0.42761627421995674,0.3401424624077926,0.7304362901047012,0.9522699999017802,0.5786793262569109,0.6520041021889799,0.6859782480512995
0.394473783232508,0.09328129050059102,0.5468805914631893,0.3224186081095192,0.4040550409659083,0.5780471571730927,0.9179589645852104,0.5090060715433512,0.5322554966055837,0.6021914253345627
0.36446435070184585,0.09176080908917153,0.4722774242736561,0.3588885046523625,0.42950231458640403,0.5697287969046387,0.9143616372404777,0.4720012652583385,0.5695078718844377,0.5773332187732809
0.5132987140553897,0.026781462480542893,0.40740352893979775,0.41231247258556186,0.37933437168979117,0.6528465971819029,0.9640775891688633,0.5457202142170213,0.6746626333887242,0.6523576315660992
0.458459385088686,0.05095400628336133,0.5045549690226584,0.400322115313701,0.32471141131701575,0.6178778884093034,0.9708620548696916,0.5699213127994988,0.6466385702487676,0.6174410812326403
0.4484207492781979,0.047182602501059455,0.4855054971662828,0.32697108203764647,0.38050011256853356,0.5858772733124031,0.9888592602613833,0.6204403650280443,0.5162280017942973,0.6485506067923428
0.3981035462721112,0.04620227229882203,0.4578103606469428,0.3358523945524364,0.3608950232673639,0.5481796915115682,0.985426643141277,0.4956315650385361,0.5085944424632215,0.6577579014907695
0.3964791614725891,0.04137130633079053,0.43133274292743157,0.4134753275854324,0.36642196857357834,0.5501399174334464,0.9555277081953534,0.5260807182772775,0.5861356727949613,0.6559669389495136
0.3427392700687033,-0.012618899732930405,0.4037431419050756,0.197727163049108,0.27499136392099893,0.537969937484124,0.9897058886173845,0.5969084410035492,0.5531408893501624,0.7188809965605594
0.3621179786221918,0.0305845097955666,0.45217581305252225,0.3397852267998416,0.3276334016351375,0.5892940850403634,0.984215911320904,0.5808885421814061,0.6262905705234799,0.6936616884856102
0.36128620296812597,0.027064996009993302,0.48277157615138894,0.36162978469755636,0.3179761977618555,0.5337362428146135,0.9645227904006157,0.5738182534132841,0.6141931795163792,0.6335113428130701
0.4149618567993365,0.049208317812755656,0.42660135643641484,0.35521056024214803,0.35069992519906,0.5981095374887959,0.9478269976239281,0.5322098095846219,0.5920415746381522,0.6502523788196723
0.40071523958510663,0.04168594657413398,0.45058939739102094,0.37136756206733224,0.32816302927512825,0.6248782012294696,0.9604982690938899,0.5745540336985167,0.6245160162163811,0.6443455295689425
0.4654676852879367,0.020607917705497518,0.49411854355826973,0.3795797413724084,0.3573389224465429,0.57780224315947,0.9841427983451035,0.5462181566314878,0.6030048329528425,0.6300972891660306
0.34625712229935734,0.03836198499983363,0.4583025086565064,0.43452556122865416,0.30611501743947006,0.512746711811441,0.9321778704588838,0.563155712444017,0.6920430393390814,0.6463454263916422
0.4542957407494926,0.020379559376561142,0.4259221101022429,0.3967434403599636,0.33403404613710147,0.6038103101420607,0.964306679561248,0.578820359519476,0.6756706675222819,0.668343430367166
0.47647674991266625,0.055041028295907034,0.4890739623587016,0.365139170004847,0.338882547244019,0.6220713750548011,0.9828254157040575,0.5518136519848159,0.5904543769924515,0.6675227733714972
0.4670069274391616,0.048038093583067515,0.47175926561190484,0.40058839240005517,0.3838818951337499,0.6531136989610542,0.953683259892086,0.4674944955094087,0.6727312743258628,0.6536733352115867
0.3880050131235966,0.07406764955621917,0.5022155798699531,0.39373380419853093,0.3683884625720657,0.5939775930582998,0.9432156559406742,0.5354027973504081,0.6292658670718412,0.6193346216459454
0.45838033783316645,0.07634453000339347,0.507821117543178,0.38437498911755813,0.3957950424890403,0.7019120118713023,0.9244296280290423,0.49398255178000183,0.5547296480572695,0.5971991479140534
0.39110035572636676,0.0377195819476414,0.4422529073013439,0.3906514956444917,0.3751941652688273,0.6254101428810583,0.955309340059115,0.5930129676655949,0.5904784589298799,0.6416815394748533
0.35559827703554014,0.020402577516386237,0.48444811366572854,0.33060668315397834,0.3649533423569609,0.5919549985497663,0.9561437670854537,0.5845050097044415,0.6613018650387466,0.6316522802869902
0.3997374180493928,0.06572324690411642,0.49015823357937593,0.47771391527627705,0.3797543606461499,0.5522159452115845,0.9320723546983888,0.5106470522392534,0.6873230719673458,0.5458408657886137
0.4533706218603443,0.06278798459166403,0.5047380801276248,0.4252608636058987,0.3562238030531217,0.670587367508912,0.9661466528777816,0.582770366856881,0.6664227830035947,0.6203506113177207
0.3418884810669168,0.04670757706244302,0.4845081013195967,0.5085439640136583,0.3434421602054478,0.6033449129770844,0.943442588868437,0.5330941391201935,0.795904461917491,0.5989344022718968
0.4084297778679839,0.01749062675694804,0.43388723208440594,0.446190790497411,0.3319912653899776,0.5904578283150224,0.9760171002247189,0.5600662638898456,0.7293085274977211,0.6902107518395241
0.3959048320443595,0.043677436363714565,0.49990889985466075,0.3530089513491038,0.3499694256558755,0.49416148098007306,0.9840801722490513,0.5962027286787299,0.6341565670846365,0.631746780962511
0.3887353841248139,0.05697564806032764,0.482040922398951,0.3545141861768186,0.3068215121121476,0.5718581558455522,0.9276676444987005,0.5186272278460162,0.582949049003426,0.6372494620913776
0.3369735206816556,0.04707488318580031,0.4415606250067124,0.371270224544455,0.36058936222417176,0.5470027760178859,0.9468681505797771,0.5613429191466403,0.607125078331127,0.6529763759756367
0.3949133475319885,0.053481686288152724,0.4086729075203862,0.36466654579241986,0.3728027022383147,0.62235046534324,0.9766258210797096,0.5543532222008967,0.6709402317323232,0.6744416568539516
0.4028654573142366,0.048679884953160425,0.46741371084104755,0.4029256495766797,0.39429208845990676,0.5903412261197749,0.9689702278032928,0.5403808863487694,0.6439832246558135,0.6679414566761763
0.5318553075385754,0.04977926455229346,0.4304697769650894,0.3625982531511345,0.3128794989276632,0.6983397770526758,0.9573173761401552,0.5706870391068223,0.6389610039611846,0.6831185906503096
0.3243847489691776,0.038777490031486915,0.4740395941472391,0.4786192762576755,0.35634882258039285,0.5145829419790594,0.9536293766389299,0.5111698888839913,0.6507759406331011,0.6507430391659248
0.44478645163291297,0.047913222767084644,0.39435232289874045,0.35873470036542154,0.37588352925140683,0.6228177710834272,0.9300554017202438,0.49407968321582774,0.6065090376174089,0.6661834366334848
0.49554705199776977,0.036315402125268396,0.48327812023464345,0.38042855804612186,0.31740123171864604,0.6808211937611626,0.9490748969492867,0.5920745320637835,0.559972171884481,0.6799218618018272
0.39634728213615283,0.004097420506321338,0.4208244289539808,0.37261809418228864,0.33470857274114985,0.572590041381734,0.971207532122786,0.5813484434876328,0.5805020573430587,0.6700168067321182
0.43443575908527865,0.08040567517550447,0.46765847500229724,0.40345145028426166,0.375994630014256,0.618234934241774,0.9335901050436577,0.4714936936899705,0.6215594579780745,0.620431532680223
0.3602637137460521,0.11530567079474469,0.5363440063924211,0.39144916115323264,0.44637967474824825,0.6118189275200376,0.9045395048332219,0.5134240029986614,0.5566179168469229,0.5974820093918343
0.3543131638408588,0.0549445797558068,0.4233029693311698,0.4032517577105953,0.3273567135678094,0.5777509940525181,0.938504487465135,0.5177810905368514,0.6638714041014866,0.6664880336598593
0.38589684010407,0.043061736750499714,0.40483702532543425,0.4623823085601696,0.3768101732696558,0.6012018859391259,0.9853440132482904,0.5349578056563317,0.6716048933332858,0.6639181188134645
0.3679422720232625,0.04341324587753169,0.47743887498036547,0.43111851422296377,0.33133037822071904,0.6143107286321636,0.9957051671537431,0.5920137233011793,0.6170224915503484,0.6580980571434372
0.4123085408484281,0.03183466226973234,0.5051863159744151,0.3751452811669947,0.35374092300619936,0.5980665060992025,0.9620374469687919,0.5635581878978799,0.6241340656618398,0.6194846960913503
0.38385959131340774,0.0413523825263237,0.4757248772259432,0.36053675302667165,0.3287161843856503,0.5593322404981018,0.9653907620530375,0.5738753717269729,0.6216510486382282,0.6768915893465515
0.4361665391811141,0.03126360799235255,0.4793976617772636,0.4265191362862106,0.3581175695852624,0.6033799454119717,0.9454417247492714,0.5709486989541941,0.643226471919329,0.621411462978941
0.4382630016824803,0.030367028001953105,0.4500535201098222,0.45380804602206765,0.3387439428473348,0.615572740571324,0.9664091156534238,0.5424804537400717,0.6937154079372346,0.6671109653536265
0.35391394957249556,0.06859044673597912,0.4243242839329171,0.34511385703524994,0.4055534210520589,0.5519197234323086,0.9470440723932301,0.48656630077827356,0.5438985765718296,0.6572916964988198
0.3697646301439061,0.05725191767558214,0.48943577104341146,0.35679303462064177,0.3454787974920322,0.5764031004779595,0.9583316677349535,0.5555637470766226,0.5651727126555074,0.6529567943864758
0.4178751783658417,0.04906080899242923,0.44923585473406324,0.34966304877256327,0.349706297356116,0.5510074686589846,0.9568344201893978,0.5647489112088804,0.6053825575256022,0.6314232831274913
0.31192913350421103,0.0609996349260331,0.5173206877741925,0.33014140359569605,0.3588570730626831,0.5611425602188314,0.9300413402348013,0.5955433356625013,0.6033999862344221,0.6293014048151757
0.440452230533655,0.0702476017725384,0.4637504443358558,0.3311357341567605,0.4348428971092,0.6692139539966937,0.9254705333711084,0.4575393228014356,0.5532436402075249,0.6363650542876669
0.3520889074589505,0.07934753230710524,0.5120383471224965,0.39853475341699734,0.35010227074817313,0.5888340569039722,0.9208209054615358,0.5321804563729188,0.585835817452166,0.6209325721746137
0.44811015492818845,0.05147988844889629,0.45207283719869884,0.4899340290755937,0.3610018189669755,0.6435406886952115,0.9349503510473789,0.5437314025500387,0.6459186710489466,0.6305564058198156
0.3396287618686094,0.09128261031218775,0.5213615554018535,0.3939114317713263,0.40372581249659983,0.5891012647901651,0.9112476340702724,0.5377885248927238,0.6302444265979827,0.6217802632987423
0.46410513174183937,0.08130098007753023,0.47568442764359714,0.38770976200502333,0.35951235547697624,0.6104211889141866,0.9336947259770098,0.579441177692592,0.6306393508551875,0.6420296634657015
0.32111461219278625,0.019562325510714025,0.42893485377312995,0.32295546756684756,0.3170386356460062,0.5162611219670064,0.9613501231775589,0.5372335970981129,0.6304610356525229,0.6395750975047139
0.316232723071208,0.030466368135275323,0.4550184813131236,0.3819213987559872,0.3547467206292173,0.5630446965625122,0.964995213742005,0.501200261588683,0.7032023590331083,0.6504556538731752
0.5609229122190061,0.055318759184656716,0.3973688532115922,0.4202962592708774,0.3672149870422807,0.7086996538377897,0.9815248017043331,0.5386730982921284,0.652099874273062,0.6564272752865675
0.34540641860978094,0.09208968639218539,0.3910060479776966,0.41888631671247223,0.39689766214575267,0.5203165022772784,0.9408429620524903,0.4935367872696538,0.6586134767627265,0.6938251675777951
0.4735293116604953,0.047123730670218994,0.46956118457668566,0.33203211130956833,0.3329604786522578,0.5853187379695486,0.9762535675826909,0.5783768136463006,0.5670748824210758,0.6369587691957546
0.4812152782722806,0.059007505803027376,0.545224048148962,0.276041962944399,0.3834609506639465,0.7197161557205516,0.973891246327238,0.580150414759778,0.5720535744891766,0.6221640224147318
0.4400858655171635,0.08826918893786598,0.4652603904380863,0.47927290946029144,0.3421795089172094,0.6491535850246453,0.9583651290893727,0.5515161298689025,0.6674864526797541,0.6727436365427727
0.41531772044474907,0.0757192328156712,0.49135020889423403,0.4126079414560834,0.39376585444925427,0.6111052060982285,0.936216219324666,0.5289663124355528,0.6695679594828537,0.6231591218688828
0.35910237868324285,0.04195773544207301,0.526420484834489,0.2992795093847354,0.3555212368514694,0.5551883563953979,0.9709462048415213,0.5457557837675309,0.5389467321861543,0.6523174345263176
0.44080951604765595,0.0267851455882655,0.4290977587893033,0.3578094988970944,0.33652499448951034,0.5368850529415923,0.9621180650744838,0.5757814277275335,0.5736020745332743,0.6467499755815828
0.2551644053156107,0.03490148312163174,0.442237614477092,0.42098230018036253,0.3405285054761,0.45297875910346597,0.9547169360504696,0.5254375256026536,0.6584400494579183,0.6387057848079616
0.47038402367573995,0.016925282969113345,0.4905613422627964,0.38201504276974363,0.3404310686333782,0.6895713209473844,0.9540542027523531,0.5515902930955332,0.6555826489768559,0.6486975614556028
0.3483519543090066,0.06664540207181416,0.4625003238795856,0.3196208870339959,0.36777727184199965,0.6088855259090467,0.9470578996929422,0.5207571243954532,0.5359544586177295,0.617989172424793
0.4342946515215445,0.037595819210754375,0.476432154410341,0.3952498506039905,0.3454590707461038,0.5712763820659171,0.9500176724658504,0.5336021613561287,0.6790747020759431,0.6611224934553027
0.324354208795268,0.01869024423390618,0.43015335408987193,0.36419716653898376,0.2931252183219549,0.5371858838177606,0.9818153770686504,0.5774173132738262,0.6281208045735709,0.6272140569114881
0.3923547854662266,0.03954046731675348,0.4588070952145294,0.3873315659380827,0.3704166788098641,0.6024260019857356,0.9417477262928964,0.4912574146107871,0.6447150433147555,0.6272639053728386
0.35695236791321505,0.01425539416877138,0.4301740454076362,0.39674239891916907,0.35032693630915474,0.5736892979185624,0.9945085316260107,0.5529870101746703,0.6526236793770926,0.6262744819454911
0.5467115963576279,0.08727639934627505,0.4205388591142502,0.4505660068211741,0.3769901110777313,0.729061775964746,0.9280786565021779,0.5385854868608055,0.6545945944664552,0.6294853311481994
0.4710046484832298,0.06482705171620207,0.5078963743975772,0.3123316220416345,0.41396682889991443,0.6603651700315609,0.9250360078105742,0.5414452912250295,0.5138621478409076,0.6101790203547244
0.4012241992797409,0.010414458776606544,0.49318646175997527,0.4466701636362873,0.2929023816612559,0.5888805480200552,0.9805197345583737,0.5907887627020796,0.665322006423128,0.683460627212676
0.3169076429646917,0.024655870206373432,0.4337063427900453,0.2536006210786646,0.329618427358348,0.5573491353679627,0.9556533107615016,0.5391537672018172,0.5508222722052581,0.6222497038079373
0.37153606016614,0.04693607752821076,0.42781193956665997,0.32706478216678053,0.3607581362803416,0.5192884868585892,0.9457011243641275,0.509240766062329,0.5879685532300445,0.6625389606387057
0.40588915319029734,0.08256200904942385,0.48520045046714905,0.34179596501882986,0.41930469107405527,0.58871939304394,0.9123013181083082,0.5133713626946432,0.5838917114852431,0.6333634192740369
0.4307513594519137,0.03227853861638893,0.5259874068470637,0.31634277088065493,0.3241703726344329,0.6125056849360223,0.9820746227718982,0.5901209636301468,0.5799631241539296,0.6653149964947962
0.3491715889299535,0.035339592769824776,0.4654586747211196,0.4049527882853109,0.3449783627599732,0.5985241870695945,0.9541137634349803,0.536089474397628,0.6827985868941996,0.6253372952720486
0.3735795938138831,0.04955950349522495,0.4605183424744574,0.29401096313598163,0.33073656103785587,0.6037159018889992,0.9716622280936531,0.6001979471876298,0.5519683740665148,0.6380607157776967
0.4991006730099096,0.05403602690339775,0.42267973410566867,0.37148375163225267,0.39514758652616555,0.6736167870574543,0.9251331725191271,0.5103448815006782,0.5805482323690374,0.6298938498916944
0.4101126433009182,0.057761201201164875,0.42611362386518725,0.34097047199627284,0.35629668718326485,0.5426318553091769,0.9403262079775897,0.5619999228247632,0.5808189902493759,0.6608887159405419
0.3013214761795398,0.018345620323518233,0.45616877499713426,0.4088526268245346,0.36585720019276424,0.5620376975243945,0.9884544463025694,0.5670068354624624,0.6604198312607626,0.6573230205649605
0.39790263086090893,0.04060483949690858,0.4387603987015362,0.29330792386604426,0.36395782098279134,0.6022437014676472,0.947021830870603,0.5566319322927171,0.5483456803404685,0.6395057165375921
0.4065994322731939,0.07587664223546688,0.4948182913794008,0.39628985427074087,0.3810962454245009,0.5982891233663584,0.9529742154811404,0.510905951360143,0.5916577852102216,0.606299889377181
0.28815839732267495,0.003789513080935194,0.40445652005815375,0.34368973034662414,0.3957185734478531,0.5264948703765314,0.9657598962235934,0.48101892497395593,0.6782038764852412,0.6594000446875015
0.4841067423553831,0.02979484764733075,0.4839765126127873,0.3049500439868333,0.4145734318743622,0.6637468366506488,0.9612123566163686,0.5448351506055329,0.5420212655926449,0.6444919080567152
0.41519845367350666,0.08916235422186147,0.4716873093306811,0.45575979533866307,0.42361783228770833,0.628082197386713,0.929716389246058,0.4692329008427055,0.6127012031754854,0.6475626018833801
0.454770869004665,0.033459426864831394,0.4118170816337662,0.4259265482890424,0.3300605426717995,0.6706691742716409,0.9554394775387998,0.5621565684751938,0.6896176313783514,0.6778117888906384
0.29212195876584635,0.010025283267300048,0.5005306329392221,0.38415147906212455,0.2477281398593299,0.5712218315346023,0.9432567206190468,0.6325524588286966,0.634580548662784,0.6127816233042889
0.3876522405562279,0.09999865813939103,0.4704783717372616,0.3851920636921982,0.4349314764402811,0.5488935086335864,0.9185682571581423,0.4893058099751748,0.606052528513336,0.6288411924116588
0.4030229685348064,0.06099624595197794,0.5316521841960566,0.38629967783623814,0.3716896360209216,0.588299192205614,0.9427744201914009,0.5524872747919292,0.6265958397093437,0.6353400055583742
0.35490939629186974,0.05899955154519245,0.46091770793388626,0.39344631676984326,0.3905156001989405,0.5560779380540031,0.9283634256356512,0.5076300925088431,0.5522811928120008,0.611148008836668
0.3987581061210214,0.0394909309372198,0.4617070320950653,0.33884891519085136,0.32864481770584303,0.5344350611815367,0.9726996184382962,0.5210236542254991,0.6056017237300692,0.6088972396166807
0.3522922930809253,0.06803022829120065,0.49185729376528947,0.3284332332713772,0.3801545193110017,0.5851308242113932,0.9385320508781755,0.5483513725157942,0.5651258854967595,0.6256312907206956
0.4443855875327282,0.036772812877620215,0.46767360209810477,0.4165440966006497,0.344323424732744,0.6543574243110151,0.9527577421360796,0.6169185177662755,0.6223626842686241,0.6725701142224845
0.43001869480884,0.03861047555075441,0.4338922805134885,0.42796252021412956,0.3502256590561992,0.646725432196675,0.9836887551972147,0.5563696793160922,0.6672829118502084,0.6973899391420948
0.41093825297724385,0.09342435967610384,0.4666995491523877,0.3847562182249919,0.3880828954310333,0.6043725391755556,0.8663818157371856,0.5208874847911116,0.5888862113183582,0.6129829389359677
0.4340564240066528,0.05778061645042972,0.42291627365007045,0.2957517486818898,0.3788019362256348,0.6425104935348889,0.9678805263718749,0.5635742920056419,0.5755954948281381,0.6797078230470331
0.4554033180735268,0.029968434007345956,0.4488731357752118,0.38188105815166334,0.3280370897692266,0.5925281216264291,0.9565112967890952,0.5216375441281774,0.6202491205740837,0.673170620597177
0.4180797064653462,0.09857049889964421,0.51734401373297,0.45222126689722386,0.4280141526929786,0.54524480384944,0.8954884345552594,0.4680574820346778,0.6124014535872169,0.5970193567654761
0.3548157819609196,0.05306108622375157,0.5009438566692206,0.33713336380366327,0.40166920186304894,0.5301892072154466,0.9398680624628427,0.5426921717632753,0.6268621234952536,0.5840704722045333
0.4132657492312659,0.04581315849481896,0.4674488420117088,0.31926369161508483,0.34297166946133295,0.630568365641136,0.9737136046971964,0.6255235302264319,0.5972934967261312,0.6077511798909039
0.42545952337410137,0.0016200001188549525,0.4250908041346871,0.39165382255794906,0.32935366686492623,0.5683218704999261,0.977378152997002,0.5908175274346639,0.6063030100602373,0.6594661039130514
0.3765713096680346,0.04779136700266764,0.42676354726634846,0.34967967829875213,0.3836100926155307,0.6304500232233959,0.926583160575027,0.4716998591065932,0.6277417850195512,0.6034404707975658
0.46501967865678934,0.08405426969144762,0.5415875722480482,0.41922584181139755,0.3612412917444992,0.5624451051820032,0.9266028712461117,0.5607095704299841,0.703015474099598,0.6291362743838255
0.4886130147654535,0.04223047002434512,0.4602653787497448,0.30499369673171767,0.33529242883439064,0.6498983318542078,0.983210642879837,0.5620611937194384,0.5580253195093658,0.6696265766089926
0.431025585528336,0.01698881693344683,0.44602378805487564,0.37567162991271463,0.35134231576115843,0.5566279453528749,0.9606558769467245,0.5415151326855425,0.6280664720186198,0.6568128816944327
0.3818100852417241,0.053692438578458186,0.4484256970523899,0.3652292648671356,0.3826563297233757,0.5488302643747499,0.9488640800500205,0.49195316228578634,0.616380739197552,0.6213930560516994
0.4649765979966447,0.06330748736126283,0.42935186822862403,0.3654066958474765,0.40082688118317344,0.6589746349004288,0.9308191582598834,0.4863870883124386,0.6409469325945112,0.6374155236445793
0.3319690458373106,0.012682772247442685,0.34137675036185694,0.49443078773138427,0.3564978873989156,0.6050050953809674,0.9762591342529802,0.4839413662557699,0.6845629764464236,0.7073342164152858
0.41781516719144035,0.03099014591281802,0.38847130691794796,0.4463474921029652,0.3579590732020772,0.5918039283435022,0.9665455762205808,0.5475039949650429,0.6882872744126639,0.6909605181572973
0.377637121270895,0.04946952344065067,0.4583167041087463,0.35438291028821034,0.3510568830676527,0.5666394190354243,0.9534640947940796,0.5806092605199875,0.626028757412761,0.606733654076393
0.4008294727118155,0.02931806480906198,0.43148058423267677,0.3377454399350862,0.4072938915876409,0.6289386692527319,0.9997237728802232,0.5527838324136358,0.5819213811647249,0.6468273216161524
0.35432432218041726,0.055764999321583214,0.4542022309034579,0.39902921722508566,0.36276698399454815,0.5613102309210776,0.9360836264189676,0.5322024703378747,0.6297409122053712,0.6308640661558206
0.35392178134415114,0.05635768319039931,0.468421643983317,0.4281350125712864,0.3667014432626431,0.565773941024523,0.905075576937241,0.5222430174496655,0.7012587410989366,0.6346049971891627
0.3448511477491307,0.026724308977103088,0.41491127789278825,0.3281276222858664,0.33816971620429587,0.5907089973996458,0.9835211578650199,0.5319841628335419,0.616521508577671,0.6711452554286806
0.40890825584674345,0.06369478191583047,0.5550824473832285,0.35153797545975046,0.3899059283422593,0.6241154022182662,0.9581138124172416,0.5765717313540295,0.608385258153401,0.6069731779550974
0.4049825226182213,0.05648262580164391,0.5189744618715928,0.3934794004840926,0.3249418658384761,0.5702730998945496,0.9409026643520593,0.5473714053706067,0.5986322417937646,0.5711718751420527
0.49624086299313735,0.02422487928765964,0.45422912214147604,0.3936811623001728,0.3968164358348776,0.6642847551453834,0.9525885586194605,0.5466276056676469,0.6602677766925578,0.6462674950966584
0.3360362981376772,0.040920002728268,0.3914668773391226,0.4142296391542622,0.3456077007220946,0.5440530112689352,0.9782269251556249,0.5545417802173462,0.6347478008948071,0.6882321019289125
0.39521187686265824,0.039420201087195225,0.42486746813601906,0.4863641192136513,0.33347468039335143,0.5893576379764297,0.9921579566208891,0.5245471849162798,0.6877630362505328,0.685655006101674
0.5178178971232683,0.021997628365295455,0.44730669824279773,0.29566606310985627,0.3411260936639808,0.6694235653291869,0.9734320658494333,0.5580630150408692,0.5622456945225571,0.6572507799530055
0.3814077161007543,0.06891881159452695,0.5499915435952711,0.3669458060534013,0.3320182795738179,0.5526135255415203,0.945720910376509,0.5911780372190367,0.5834522925838752,0.614985317119098
0.4811549446835587,0.03049093553509807,0.5031983626293228,0.36084858586186797,0.33523400266037195,0.6133512213062398,0.9432241336652347,0.5402617669499739,0.554118305006559,0.6802104912558993
0.5057681421828802,0.04306550428641319,0.4938044667783142,0.3763531696636443,0.38034841115011186,0.7395234416116849,0.9493161242961333,0.5499851642730669,0.6887479861452036,0.6610567044302931
0.4679272313553107,0.03645018357084453,0.46377249668976855,0.36724145527899377,0.3615240134410907,0.6924776947183635,0.9514328618980128,0.5542778585721148,0.6307115458733255,0.6767782272974279
0.42911345060985695,0.028203091921122005,0.4827341498624482,0.3278547935599112,0.31353306053532665,0.6681319413413197,0.9906050164531583,0.5574588281792161,0.6073714580499893,0.6327596562407147
0.3693541947938723,0.03872958929072306,0.469964167415946,0.3849399095329992,0.37602046937100986,0.5308077277104268,0.9462218027072252,0.5055342362972339,0.5744896521011909,0.5854540719032195
0.3723099324809164,0.05235908069158482,0.47242105650432703,0.48238711869201734,0.36996807632106987,0.5319859554027269,0.9526297406333677,0.549189472655299,0.7117161679891567,0.6401098531370049
0.3529308941034589,0.06563426500364446,0.4880927980445447,0.4089429648894386,0.3872980940625549,0.6352912530688328,0.9556230588558269,0.5069962263515841,0.637801892465934,0.609021678319247
0.4619212147699643,0.06376202646511185,0.5261912837824452,0.37688503156368713,0.3923385029650081,0.6683830008917697,0.9118195440238076,0.5317506701546145,0.5992868940568894,0.5741142937958552
0.4382774105841599,0.05056142173324032,0.4639943384070918,0.3815755366991294,0.35674242729044164,0.6753833603947252,0.9526315002715844,0.5069600358613173,0.6349158097680914,0.6301160622271762
0.45182960941088257,0.06948402127698178,0.47167513122543053,0.3694132058588859,0.372801703897218,0.6255373725415798,0.9654669546662764,0.579677817931253,0.5878163315890975,0.638232691807391
0.5268822443520346,0.0277446828899484,0.47812773221527505,0.3702439224134636,0.3088376673050212,0.7180712414414039,0.9610772205055049,0.5941172993424128,0.6206925736959655,0.6339738155185188
0.3265048889917524,0.06011072266501148,0.4587981838418631,0.22184516288567135,0.36184681418976267,0.5624175590788068,0.9178856709800005,0.5116988554272923,0.4419540665539784,0.6120472771570599
0.4291548918728233,0.07291020003052974,0.49130138103768334,0.41292091822631116,0.3751055992587796,0.6298901965451726,0.9224493834647335,0.5741184703817149,0.6143796492206426,0.6657883651197162
0.42718164850011575,0.07797437221507848,0.47903601618463565,0.4174034192681339,0.38998519988015035,0.6456250944955201,0.9492455518737406,0.5441237262222646,0.750115956817223,0.6596201726576447
0.38434505722964973,0.029473036143657025,0.4490701361255832,0.4117048502072693,0.31477224662940745,0.5619250399886782,0.9942343072194139,0.5827849968260754,0.6466366909121095,0.6671021218834992
0.38043759486344675,0.08017299497956075,0.4188895372257285,0.3659450006672758,0.40189259375667324,0.5461989765553491,0.930737050011606,0.4921550928255679,0.5503673527329315,0.6219260331041779
0.28047207293410675,0.03368614330238108,0.4253018073222462,0.530223812930733,0.3314181191691166,0.4803940048400879,0.9632351209013097,0.5437527000979789,0.7636220513015195,0.6410700062177028
0.36103645193963085,0.07612716405204475,0.526668709946989,0.348287277493191,0.3644800518030974,0.6051146507520544,0.9180712982413404,0.5676655370896924,0.6035856958885493,0.5971921751268701
0.4012230609027668,0.07991353788475256,0.47675206981372975,0.382031043680128,0.39505384580694225,0.5672966804691226,0.9150197173744625,0.5212715669234098,0.6135077137085333,0.6399281472000842
0.41087898219128544,0.05922370182954678,0.47404507251278344,0.389166820759256,0.31408977160010665,0.572349347682894,0.930836274311947,0.5347904035872404,0.581539854152954,0.6240120409477169
0.3745514791762381,0.039647799076712606,0.4323741328729869,0.37882206398895546,0.4044694788500739,0.5792149562960767,0.9398807098157816,0.5059557334713963,0.6524053499802489,0.6395223688856337
0.4037750675589926,0.024248678271566588,0.46193238639445694,0.391716177679702,0.35595318261948117,0.5862706248111766,0.9570975300907499,0.5141035451756917,0.6820453303824734,0.6875313791367552
0.4212402618543081,0.057817274116170506,0.5128025508586379,0.39561761015166186,0.4326796104146036,0.6337126265271444,0.9076943108395389,0.5313033428320302,0.5779060968253136,0.6178770244060983
0.3447748073120773,0.04951620533763662,0.46658980860064303,0.4579854708156905,0.33545855770804095,0.5394493265695636,0.930285992614244,0.5503614446619095,0.7205816329206802,0.6279002580175577
0.49560012218438215,0.05069672297647367,0.4666902214485201,0.4087368320107915,0.3227197311156273,0.6514679456797754,0.9734249600305145,0.5733278456622467,0.6335875967440961,0.6692467601688613
0.38283358491758857,0.03380466548819141,0.45711820254140506,0.344527437636506,0.3401212508328048,0.5564080315185764,0.9354438019707934,0.5259502523676614,0.5554364870164399,0.6414088081006277
0.4016502088093026,0.06538657258329723,0.4600530417731164,0.35997715994731094,0.34866926633830336,0.5883434002910477,0.9480514473799294,0.5204179805068372,0.5871510566200451,0.6664911557720056
0.38879976582497466,0.01982514810535137,0.42682084801443854,0.4057663327699181,0.3705990137577298,0.6262895099881409,0.9850837415255926,0.5487590861123175,0.6860009882019242,0.6560193138989203
0.33141058862030925,0.07994911558818281,0.4885008153461687,0.34682240655525126,0.3572003347558912,0.43393951885249094,0.9140314413872995,0.5348732182357221,0.5247470627327803,0.5676466196728733
0.5536591737480376,0.11135416824390985,0.5115253257912881,0.458785585813456,0.39680683470296024,0.7252507550697807,0.9142114015327788,0.5396939665479501,0.7089401039237725,0.6213784542924601
0.33932920546257794,0.06276792972915944,0.5452986663173738,0.33683382734441547,0.35415292566798506,0.5937649679468823,0.9406456116855195,0.5547548883518407,0.578245026453207,0.5956177301232994
0.4963636570571768,0.0746335115151036,0.5263366465175919,0.3429825059029135,0.3571105519894355,0.685130044658315,0.9335919960186696,0.5095077742030316,0.5985891157120822,0.6366565265533519
0.4711718843571451,0.047651130532403795,0.5084026876452475,0.414180083605087,0.3527030959625783,0.6161773303716963,0.9248011365639348,0.5465738208966566,0.5955689876169428,0.6012788374725508
0.3842800158129075,0.019138776244566228,0.4200005486302751,0.4199481892013429,0.34823664925914255,0.5479541448669027,0.9718001600312252,0.5263171675641776,0.6656758131733959,0.6800983554545946
0.37825195177943616,0.04132509312119749,0.46798222063043243,0.4049487134642755,0.3447864649637442,0.5058222260351929,0.9357266361549986,0.49249094270970606,0.6104962522070431,0.6298859931049425
0.3731509431673784,0.022208588612382833,0.4667425825263775,0.3540675192489421,0.3513434017576678,0.6276143990340495,0.9823023775961457,0.5500673026179914,0.6013900622399106,0.6302129149836766
0.5067246972860104,0.04750875379595189,0.4900502536941798,0.3618294820962159,0.3524395940815458,0.6349473908248147,0.9665396758728555,0.5785906642237189,0.6217714939057036,0.6812616305322101
0.4260016690884309,0.040528935177877284,0.39953300992242036,0.3324875882576615,0.37585471775522145,0.5814188673730439,0.9680586203095513,0.5178256566615627,0.6235516614306631,0.6660360048522322
0.4946365994735482,0.04824272029182739,0.4195360468102043,0.3413421803521954,0.3238208314957086,0.619241949895661,0.9651656707386549,0.5382485506635886,0.5797069339984431,0.6939438293838673
0.41111510519142364,0.034375082157473105,0.4724529767291773,0.3394473947111191,0.3718530227050972,0.6588541228253582,0.9484935395364295,0.5333192297116847,0.5944501855970312,0.646132448421914
0.34023975003813367,0.03649421830708926,0.4429656114891202,0.41038972409626573,0.4121571542089168,0.5616938379840328,0.9458181134413502,0.484768078253623,0.6635376181044035,0.6093672397123039
0.4252808134989917,0.0597164549549141,0.4607081661878249,0.3370750552635371,0.3740122609173936,0.5644384065151025,0.9337921333960605,0.5289778993818681,0.5304924135516621,0.6251057541421382
0.33441538924463843,0.07370485580905187,0.47078943473043056,0.36266573030523747,0.40234059103547226,0.5513181599173126,0.9423981518923924,0.43419610522303753,0.5280283717102612,0.5895766679311671
0.3952422066556354,0.06596281735487101,0.43678229319482537,0.34088886835521737,0.37931088450079553,0.5314915590095941,0.9505802938276127,0.500386088381894,0.5984237812267805,0.6213408513174272
0.4040321382395887,0.047223047067000125,0.4837983609504741,0.3986902881066798,0.36873159158737107,0.5252923196245248,0.9463028335196918,0.5840612290988811,0.643564055834239,0.5972643143935972
0.3618150523909852,0.07833674042257402,0.4628398126348365,0.3632533391415074,0.4361481994319564,0.6301116578974868,0.932500704983766,0.5328435309334052,0.593818495373633,0.6254137559785434
0.42057302344173725,0.01802892358378298,0.4300685332598988,0.5339270946229799,0.36866357101248376,0.5833312581496066,0.9737464019276941,0.5044530791245084,0.7132482124905015,0.6863005805923886
0.25880149002019587,0.033243621306196444,0.43183349555993333,0.29291677969848656,0.36338526874565913,0.5502834093365845,0.9625820090377015,0.5178453315440785,0.5693374981272573,0.622426149661756
0.2914491038909292,0.042832395404227445,0.4938630138988031,0.39132730878016436,0.4079522520123743,0.5749436843981193,0.9376950393910098,0.5106741049566578,0.615366549249136,0.5903241236597037
0.353154923655918,0.07563736657326725,0.5186425734951056,0.36372302388293815,0.41809158212795056,0.5452603936270393,0.9359107209544953,0.5222381462708765,0.6286868567031335,0.6320325484727645
0.36123633564986,0.03037881087372737,0.4466493322738243,0.34826654804998236,0.3163928834203628,0.5420494911761073,0.9756459817275389,0.532735328849417,0.6266749989137657,0.6732990244110814
0.44337606346231984,0.07813693770466537,0.4538616974151168,0.46941387167959914,0.39091209079938,0.6154080301617271,0.9368606788664944,0.5001389867617156,0.606850599298822,0.6195877196046982
0.4283020141489335,-0.003959539570197575,0.38451055650730415,0.3697379944105005,0.3139963515794252,0.5777917344584133,0.9706127136033992,0.5316541374657553,0.6238928915079254,0.6807004492342761
0.3957684716066928,0.06115634598841205,0.4678314741946513,0.3376915938700875,0.36991328157774467,0.5754500038465209,0.9307797914495753,0.5150984421302129,0.5873757276694964,0.6166525802928808
0.35855750966739924,0.03332531177771426,0.46598690283751054,0.4050708584419054,0.3577143271430475,0.565760318801916,0.958705658702688,0.46649395453015075,0.635066864716427,0.6407991253372227
0.21584120840869153,0.05766754105114676,0.4057426419498846,0.41292496393282674,0.3639595806787873,0.4866110884833028,0.9611977632313825,0.4744291560538213,0.6247014183402559,0.6258577046162522
0.379445647748964,0.04571930665193888,0.4731926795105042,0.3728597755190086,0.3879196816643666,0.5764045411889283,0.9439058540700337,0.473760739317737,0.6248635728227276,0.6095293076745796
0.4205409184549448,0.10924726545675532,0.5382527414469012,0.4853631239931355,0.4088728380206199,0.5977951680966072,0.9086542477126822,0.5056368728482552,0.6888358539538808,0.5745356949432083
0.41076667394927696,0.02044074972447498,0.47331963483791356,0.3835010827497134,0.3245444337686917,0.5842801264391605,0.9490734760774479,0.5688349646397275,0.6688413501191788,0.6372998687411089
0.41712338400100274,0.04172868800816473,0.44299617184851964,0.3697735352579689,0.34375206789087764,0.5384113906316106,0.9465379453313444,0.5437763493221546,0.5479514318179598,0.666769554395975
0.29632145137455357,0.030781823300026632,0.4277007954726604,0.4244471115947574,0.334432290759954,0.5113935343604255,0.9877625834890439,0.5121221916769627,0.6776379811288648,0.6570842557028822
0.48684613836998125,0.046967587234616776,0.5108480853541553,0.4914560057334218,0.3461061565117791,0.6499761851422988,0.9466728271703425,0.5706361823463229,0.6772697377427401,0.5713240905896226
0.44419716216538047,0.04756881080573291,0.35716947440535735,0.3542370038266173,0.3733471789717525,0.5936346872761861,0.9443073401305776,0.49354058910244236,0.598370295717827,0.6941500966187851
0.4599936828265478,0.0395971266738019,0.5060280705455699,0.4191513771141544,0.33142861353024994,0.6361004525818494,0.9354568647729624,0.5715721061569586,0.6734594623698132,0.657250168239714
0.36118427521980884,0.01998751087277259,0.40246618829366937,0.37403389946776316,0.3105615163881426,0.5714791734719578,0.9681816718986513,0.5603475637269881,0.5999020467072319,0.6883614477660913
0.36824837242624103,0.06528503247282921,0.5217757737539861,0.35073465251950503,0.3723866713107248,0.5063401103431808,0.9172977435032812,0.5474281139968723,0.5598698293187694,0.5878908595363017
0.30739441874075213,0.01590224274649314,0.43932278942840264,0.4125995299962562,0.35545741495435385,0.5323881327466172,0.9570193053450485,0.5387274573220057,0.6358571859881995,0.6410181524354255
0.5223240588083096,0.07589206088427349,0.5318633597012344,0.4183965005489319,0.37301150707082653,0.6852999665406201,0.8906791017672157,0.5618473271646872,0.6448174362056062,0.6015952856995064
0.3691646049627479,0.07942746031582033,0.4612976447904729,0.3980970818839152,0.43256778794498335,0.5952834972640193,0.9087713368883893,0.47610276319398437,0.6273599006668046,0.6032295659103538
0.460036023840832,0.014915302757220276,0.4608080570809423,0.38371927790644356,0.34348854213193286,0.6034485788237145,0.984596289004228,0.5416489108106339,0.6777399691334067,0.6732535454297541
0.4291857022481061,0.022884087908873918,0.410999792576385,0.3472481464591606,0.3624441934082993,0.5636702087516797,0.9744896064644742,0.5690014958811473,0.5977842559050359,0.6821010282848191
0.4559472806476187,0.037441981734669796,0.41716317936942116,0.39701171909972094,0.3456855208126301,0.6259658711430651,0.9483294116612112,0.5436946857622531,0.6697437947642235,0.6909318816189172
0.3080946678945186,0.05338313205224491,0.5200109917840343,0.4337335375108304,0.388264285197212,0.5905851529691474,0.9108918441357715,0.5078571301741179,0.7168695061632311,0.602087015580743
0.44031031085341116,0.03896605998395632,0.470534956357897,0.4250935892339308,0.3685573743623399,0.5946770959037677,0.9429944978391869,0.5553516334827546,0.6366185397860512,0.6208943642827471
0.4506492404614017,0.054975132316483724,0.5014474664878669,0.4495755278172171,0.3459048728211235,0.6574102358998151,0.9554056535439753,0.5206230030296086,0.6950574708118348,0.6394644625287282
0.3437491574410079,0.03319698919806145,0.45950559931784063,0.38573462744596143,0.3489255697145745,0.5556143747905091,0.9712165145732512,0.5750759995056591,0.6416298243936684,0.6828775245192955
0.4302225994959724,0.018669108480134294,0.451419550056734,0.4861299109748647,0.3500487715630134,0.6414726918973983,0.9726920602382861,0.5693482961057181,0.6809679080991167,0.6347908837185414
0.38220707987093916,0.034276285861818315,0.3985524691571423,0.39758461693843533,0.38594819962671706,0.5357942598204821,0.9498541623702473,0.5358939788133318,0.6544798979375683,0.6902868477518485
0.46589196563969604,0.06107809106999588,0.5084812236842384,0.3998144805169791,0.404966202660292,0.6704222643155662,0.9243802081514729,0.5428794742860602,0.6930623878852082,0.5952929863032052
0.3382725085263041,-0.0015200357799712682,0.45477558979123484,0.243168194428292,0.31691911855113397,0.5378872127922747,0.9663214795287756,0.5034771499169062,0.5028841535200981,0.6998285636727506
0.32882117111440856,0.04406796780308272,0.4933528121578856,0.3411474832244723,0.37140867244581915,0.5513178894232935,0.9449533170630717,0.5200218211364007,0.561794756107723,0.6018485137849137
0.31256553220015865,0.012944140132025774,0.37226017934204414,0.35816756955004136,0.35158146868047496,0.571189915330587,0.9599404682690693,0.5592438310039708,0.6399754135498222,0.6797352847143552
0.33651719019870746,0.05088517138702917,0.48440769539844497,0.38572447664313947,0.3345593909393733,0.513527181564927,0.9512201825609392,0.5738394163887994,0.5736805857038907,0.6021946713257866
0.40996141833336786,0.04140714220580368,0.4689425456526044,0.3171118609055706,0.3507009171993326,0.5707214769539809,0.9813932898515518,0.608788441169027,0.5536049674001116,0.6428688375576277
0.4563747318905659,0.08268257499756641,0.49832847565218835,0.3975768834881713,0.3699135489767222,0.6481819305972226,0.9446000065810385,0.5133399381475787,0.6451069636751534,0.6605377896153848
0.47477508139211155,0.0423171973820823,0.4820286871883789,0.3475784585556229,0.35659738042676664,0.6705659007955642,0.9891153902554362,0.5734328613367956,0.5596030448333287,0.6276097092292037
0.3523840948788489,0.0444995416220931,0.43484744089166216,0.3451719566069054,0.35347504589607154,0.5036348810454135,0.9330456600067301,0.5184234558708476,0.5970528429640937,0.6612743582121088
0.3193868996748909,0.0554841119434027,0.42821638274174384,0.43828335027389387,0.4150801165511721,0.4971781357701254,0.9306300642660885,0.4637856738398066,0.6858340568232507,0.6772985695758791
0.2993390086682439,0.029342020646077153,0.40072768195118336,0.343061888239301,0.3037230708272677,0.4872470030957201,0.9722314915459938,0.500282146455309,0.5592429948323765,0.6647592190302691
0.40088282356942095,0.007116963576465304,0.4363130013494683,0.3771948626169406,0.330865736955892,0.5078307821137964,0.9728753996970044,0.5542370983944888,0.6109137359772978,0.6849545304339342
0.4467993190932543,0.06671199074601611,0.4627912339147014,0.3437504554954087,0.35806921380297624,0.6165739110851802,0.9569636561075858,0.5337119500249814,0.5801989395760703,0.641647959036153
0.43773059810375714,0.06406567020209995,0.4500792605546945,0.31770948516080144,0.386761750454165,0.6638414814978516,0.9383577759566364,0.5163496576369557,0.5642563482092755,0.6560119971096265
0.25274284177394757,0.026471710229467683,0.4270036271200672,0.3010324157515046,0.333872563331354,0.4846000050921766,0.9545504787884879,0.5348024594672258,0.588794554540394,0.6397335195386357
0.3927198689142605,0.03008295463942232,0.42398302251801606,0.352805870632724,0.35053775450851754,0.5527463441023339,0.9588466913548653,0.5100884531343479,0.6059070466805689,0.6718783047336898
0.41140416604533564,0.04434076583977859,0.43721578942212524,0.33877893808016213,0.30950732996194535,0.605127970499076,0.9363032447896776,0.6112756049678238,0.5986537632078837,0.6334048849625095
0.45443943383780594,0.031913110986243894,0.43328622562586866,0.5755673132510014,0.3638294944720478,0.7150479763228291,0.9761303503429911,0.5646153429155703,0.7959108079667052,0.6337914457599283
0.40185314494585095,0.08839339706709311,0.5144684042285629,0.40405253553209697,0.37607572074597634,0.5275478083195816,0.9493566263818689,0.5441269694183983,0.6289719628114945,0.6077843852662822
0.43281740895087817,0.06737147400355857,0.5023482123205167,0.34392469583341406,0.3981153661186797,0.5597425912010503,0.928675645423347,0.5147002003429874,0.5505340542419099,0.5598577584481592
0.39999681148331384,0.04461801358088597,0.42758326264235696,0.4002958713514734,0.3486741376280824,0.6100709883896999,0.9505658820958702,0.522595553890549,0.6877663938741234,0.5951143604430973
0.3971941369218995,0.0884456492921123,0.45023760460395873,0.4927836547346244,0.4249867934647212,0.586092354706818,0.8899126436520609,0.5284726290788979,0.6581264518817003,0.6241555860757058
0.3938709107888025,0.03561738646708138,0.4265677253268943,0.4331690886937228,0.3715778287640065,0.5247747173990329,0.9543440890391823,0.49283568261897415,0.7329408162875275,0.6459531796333522
0.40057664973112395,0.060621995336249804,0.5208131931343098,0.3713435131111842,0.3507383956181777,0.5769365499809345,0.9452898215205062,0.5979765424050526,0.6184238326622236,0.6544307197501811
0.35815986524017335,0.04945371788649028,0.3841733584694856,0.3523900055692892,0.3628360260949786,0.48672283195733546,0.9532504066018378,0.4801413128098063,0.5748784535143023,0.6578425960668506
0.35651679322029045,0.05746083350445094,0.43721724615637103,0.3397258011299501,0.3561512157543541,0.49853730195813006,0.9218379617103574,0.4599335414293051,0.5946445756038259,0.6312989733436437
0.3302745981815456,0.020592581473399946,0.5003059889059951,0.2935074829470198,0.34415322068650067,0.5444493424399286,0.9565519881473799,0.5639316281748097,0.49322610768328834,0.6004825329309866
0.46971315784149215,0.03165431586818105,0.5541761400002374,0.41291308156147843,0.3599987921630472,0.6201939467756078,0.9622476374970802,0.6300004575542902,0.6841543820483786,0.656711567317293
0.3303729259922331,0.01889636428788347,0.4637497826367981,0.356750564584899,0.3538955363230284,0.6214665744699976,0.9653159811421888,0.5087436313185061,0.6214480706360733,0.6365559354789966
0.46450015872798733,0.06531586326254195,0.43182529851693235,0.4002789648370722,0.3809601883270255,0.5887199484913851,0.9504992772181863,0.5616494191687772,0.5581847632274826,0.6560307641048314
0.3717484061316643,0.048994223973848394,0.5083794087284101,0.3681554408779115,0.33328887734277773,0.6109795657780722,0.9487960345294566,0.5104633116640392,0.60139480789771,0.6096561595200617
0.502669107770777,0.033206768626335856,0.42201698489296396,0.3583050158878252,0.3299071812094701,0.6564896130997624,0.9554658980584393,0.5739920686886577,0.6021830941328838,0.6578174124058025
0.42451182895002276,0.050050060426123255,0.4030426040199637,0.39204326841141995,0.3885262681901783,0.6059193726657008,0.9709829734660651,0.485846103460426,0.6334967459686207,0.6773288326180884
0.37252362107722126,0.04556679504690218,0.4267076129473462,0.3939594282364633,0.3605820380773696,0.5800773352977109,0.9455969897232479,0.49113803337221673,0.5568931547796231,0.6234108849668185
0.3745220745802148,0.03532378463976792,0.4176482263340434,0.4830310556314595,0.36638569007990585,0.5282090558824472,0.9595788068710573,0.5135147593193179,0.7273448322476794,0.6556282379384895
0.2888494731476225,0.06867082836751931,0.4713360690597999,0.367159071800362,0.35815715873237763,0.5321921204878117,0.9470127902331585,0.5506454982206105,0.6062467463230783,0.5939058539158524
0.4566042355110721,0.03419676649222156,0.480035254842366,0.35713349268534267,0.32205780441583776,0.576922119056696,0.9455067769213599,0.5614760020561872,0.5960442970612392,0.6278896794460493
0.275467179408406,0.05545412077525067,0.5163631108716303,0.39864081018489694,0.3735556090802954,0.49193577052751813,0.9549936581173786,0.5356398365579772,0.6284875125511084,0.6030903857211538
0.46481244516150155,0.046449613218619575,0.4067084694505517,0.33143681089106586,0.33937872780472206,0.6543781084260918,0.9480501185299295,0.5258399843956169,0.584003014575391,0.6779799570096969
0.3492986321938071,0.015279548642881823,0.5139364874825223,0.2803510887794775,0.2924665083588778,0.5968322183976654,0.9920578335145694,0.5795596080726584,0.5305950010669154,0.6182485368303187
0.4221879014058144,0.02303472841993388,0.41403103206045466,0.3693964705787961,0.3534090770476906,0.5867062680335652,0.9700984019176654,0.5157198459340943,0.6054017750332994,0.643288205338518
0.3665209714658685,0.007100755748031425,0.4352507976485754,0.3311311307427263,0.3026967458353097,0.5432403370636597,0.9556783275265677,0.5775235827905565,0.6551229576104793,0.6726855782523705
0.4032034301691559,0.033733296624228526,0.4017373629091158,0.3907731440778305,0.36525826867546407,0.5975007633555762,0.9665498258961396,0.48505329130432495,0.6347451501551755,0.6541206097644605
0.5302262507627374,0.01569752640381619,0.4492708618440805,0.35250511498007264,0.3130345893612592,0.7341929727110986,0.9670534334369796,0.5897940324387136,0.5851648777805004,0.6881915214054206
0.4462080017236783,0.05249680409948287,0.4588407266522972,0.42024478920950564,0.3365620874976396,0.5948677266758253,0.9378797641228016,0.5898903841093297,0.667337246456883,0.6704563676531915
0.40805392794898415,0.020327530007697672,0.3931718145438657,0.41483388748646377,0.3589635154694989,0.5751498389869449,0.9620201263856384,0.506996645936574,0.6994633644419574,0.6752107965395896
0.41100070541946476,0.08412160198656074,0.5007506599524215,0.40940564229965104,0.3862145875327783,0.5869608860480174,0.9158529239728844,0.5027828402618291,0.6385417134422962,0.5986437482851874
0.4291760972563015,0.029674928436224084,0.4435045821555476,0.3746696674454932,0.37058610575307277,0.6155621360087428,0.9710103289116991,0.5290826921679554,0.6567144770049015,0.6753840504880996
0.38229204833519426,0.0746065768061226,0.4729609228256165,0.3651143562540949,0.34945342808954577,0.6396478722363894,0.95366833687597,0.5364336923159024,0.6242035172258964,0.6439462131122022
0.46306889156037784,0.017493210417981662,0.48971585204288676,0.3882471962086404,0.29010254889922804,0.6445382695929727,0.9542774836804978,0.6303121834739494,0.6285770057375004,0.6339695444091602
0.4216207136728411,0.048706986267750024,0.5067094848444008,0.4766833142139166,0.37543014599712754,0.6262751575353265,0.9473194588807156,0.5509391936337726,0.6764107886731586,0.6282939092474564
0.4108198438794805,0.05228997171698697,0.4573018346286272,0.41429110753336135,0.33366733407631693,0.5722310892574782,0.9338006884499525,0.5524526104476704,0.6216915189863246,0.6577977342187784
0.41507985541124276,0.05022689690818272,0.44367780000390256,0.37192824238423505,0.3274684896208143,0.5323877498118526,0.9616885401019486,0.5555662145101737,0.5874040459425001,0.6488853691663704
0.3514960964538702,0.05227394600113308,0.5254178315109317,0.37849177468967454,0.3696193972386062,0.5625425876471137,0.9693460514942404,0.5304396258961455,0.6935411782938944,0.6196404256860144
0.4073024285862719,0.005309761765979444,0.46747423267589405,0.3971007312897659,0.3196755988026198,0.6565330790088313,1.003874770123358,0.6465292920604451,0.6152066592018341,0.6764036902995122
0.41359852533963426,0.07231629687876778,0.5138030743282995,0.28512089318993145,0.3457777725643546,0.5687115595458461,0.9266719392155288,0.5486827120272271,0.49787929725522506,0.6157818035320739
0.42078734191497386,0.05568382357552683,0.4529034338214837,0.32937607712218325,0.3767266724396846,0.5821780177383866,0.951175183445013,0.5019344961956371,0.5928624593976235,0.6162118919284988
0.3870492459458708,0.034897534315733184,0.45773888690577885,0.30641732706376607,0.3342684546999011,0.5752836468215456,0.9829582635415278,0.5212814071490111,0.5446056588997457,0.6373772695059043
0.3584071908777438,0.06421791833182479,0.47766114769160395,0.3474493576625186,0.3690636926573947,0.5925361163052396,0.9550819786099194,0.4768189704789041,0.5578130919392803,0.6262355447270297
0.34973009883251127,0.03813913709534718,0.4374447995199251,0.39246177968297385,0.37148031358337075,0.5494731242626412,0.9704701736144778,0.5289875342394508,0.5808991828074803,0.6229776356026842
0.423765649371111,0.031137680271179614,0.46946677647372986,0.4350177361764518,0.3198809908908777,0.6094195183184107,0.9552173175533585,0.5531863160046275,0.6264280823170888,0.6531478571849453
0.40588932875583716,-0.011283205220507101,0.4272738047352639,0.46147109048985446,0.2876313713448793,0.5622364480149072,1.0061849696848744,0.5675691584202471,0.7049103469037357,0.6765270575014021
0.4176716447737281,0.05558954081112671,0.4207020549693793,0.4583221875458196,0.40168081087136537,0.5740331984879072,0.9410299180731734,0.47195384172659605,0.6410958554929527,0.6377477411771681
0.33210642034750154,0.04733976888177698,0.49033584560803967,0.36715468681327795,0.27760557169404704,0.5441690111833566,0.9633738127587487,0.6271218486229297,0.5951652586995154,0.629830903812868
0.3397414174148535,0.049840596679659906,0.4419972636220423,0.3089696634605065,0.37699326014151974,0.5150720566411451,0.9339904536935182,0.4840511927166574,0.585332567036188,0.66057890717378
0.42759688011845703,0.0557192801685095,0.4106297375537266,0.3724000430733583,0.37792884386930947,0.5954741964000047,0.9615044554085806,0.573352396214666,0.6534560465777071,0.645821257465917
0.3675970718632925,0.05705958900391784,0.4734548605138684,0.43511006547080633,0.35322943798098405,0.543147475034884,0.9771915752595219,0.555481940470844,0.6714232747010469,0.6638948629107362
0.4275493505921002,0.0545957687485952,0.4301013239897991,0.4031192620955419,0.38209249216915914,0.6532571684223623,0.9662921707894132,0.5265181206806494,0.6964626764243869,0.6761704714425412
0.42102302340279874,0.06338640940833558,0.44847103821216305,0.3346251345465588,0.34295962533017976,0.6013994254037165,0.9794423741651345,0.5445507759181485,0.5660842154291175,0.6622078467230441
0.3878022484832679,0.09131623229761221,0.5200380133015616,0.3962047760483879,0.3901334500158461,0.5847252723261905,0.9166521052541685,0.5201273348850369,0.610442026014351,0.5639287747009567
0.44923587472573057,-0.0001567384032739853,0.4316514224714241,0.31680795718152976,0.3238035254827917,0.6194446612964246,0.9826377995547133,0.5505027209895554,0.5873164432232665,0.6913132709762125
0.43161884943363976,0.05310993933689995,0.44845098409606166,0.36475874909589134,0.3541458278146687,0.6333580608843583,0.9868068586083013,0.5241664341879411,0.6259941458365487,0.6368818074499749
0.3823843383693602,0.01851939188376762,0.4257651420860758,0.37146061527952023,0.3554167820293715,0.5107699652149117,0.9462055143526065,0.5348877517054194,0.6270833104140794,0.6672923262849588
0.3969673166190091,0.05523156245189103,0.44015624386791063,0.3695168024983168,0.3434756606654244,0.6583875234786434,0.9784777876991813,0.5373535822699278,0.6284693005598795,0.6418857835899778
0.3881596200796189,0.07281534209904475,0.4551853666250145,0.4492858800289004,0.3674300673825434,0.5648239303889715,0.9447059355435137,0.5174519951820975,0.6664066032412284,0.6028146044436774
0.2994962019275091,0.08231355432935863,0.5007237846135647,0.38958378223128665,0.33787670290245436,0.5074032116864937,0.9325909699863879,0.5028086479860255,0.6214368457122255,0.6320962754625132
0.47047314700372844,0.020033717076088028,0.5204157077602948,0.31625060884376216,0.29346248361436583,0.5643280599064406,0.9837761486208716,0.6109321369567474,0.538025551967791,0.6060956374538565
0.5199471725871126,0.07062036122868919,0.4794028802671681,0.41990629343241626,0.3866957586458439,0.7138987815924409,0.9439029448742629,0.5842620419723535,0.6515360402574917,0.6517843500327645
0.3274245351779718,0.0535978032760345,0.46323415452239736,0.35396441335968554,0.3734483279248322,0.5144669970462016,0.9699431649173511,0.5516969043509781,0.621204385084888,0.6370796118206895
0.4060315971970626,0.008898852182755266,0.4532389142717419,0.34379578465699423,0.37600714861658513,0.6756196595108521,0.9839754288528639,0.5298801017821484,0.6351952909053721,0.6340703889378339
0.4341860865946804,0.025011175232690384,0.4471273700872053,0.4080098444501652,0.3338181536752845,0.6007367733324132,0.9777949944586041,0.5741811209305341,0.6344786227233262,0.6286541880056635
0.3805052070590187,0.03381085274052734,0.45006264378469196,0.31978272053176177,0.3930982119539424,0.599774665360556,0.9701923925118123,0.501764653768064,0.6068716217249781,0.6426094022035165
0.3788861982383164,0.05327569176726433,0.4828307910776516,0.34942250972283834,0.36029320625556194,0.552110727472692,0.9574148293039402,0.5524631235397715,0.5982688437484177,0.6619847231297895
0.4158360359061663,0.005666927716947054,0.41558141628288303,0.5207249085772802,0.31024224410244944,0.6167379736325045,0.9903467908232643,0.560136821282878,0.7741394768872238,0.7191210513088693
0.401949771191464,0.049315883986599376,0.4601308933125949,0.4326570925497951,0.3557692082192656,0.5501256602980811,0.943326798609174,0.5386720168767152,0.6650219915174707,0.6107629945749808
0.44968544420695555,0.015368813057685273,0.517311505502407,0.31307014126791033,0.2914248171888789,0.6928718413816557,0.9884750948083572,0.6485205395201037,0.6246936123461788,0.6246029672520319
0.3688822288761394,0.033602108705075934,0.5259483031038683,0.38914328811399823,0.3690180786400372,0.5900745014902732,0.9660753691838662,0.5520547460478613,0.6248455654905292,0.6709980159045147
0.4527405855698058,0.01957400084008249,0.4796815543739524,0.3275387217310795,0.33970809938697144,0.6127895208024277,0.9711472795082263,0.5317158039045607,0.6218003586385878,0.6832939334427323
0.37227584525257246,0.02714111090561721,0.4119924798638567,0.4529569651398352,0.29775627871754234,0.6034916989518678,0.9874295010905425,0.5607859599212728,0.6503873331732535,0.677960840797191
0.42178957387762706,0.035211688721627867,0.4706709437623555,0.3313942313517568,0.34747772347116807,0.6009526184740352,0.9755870283855181,0.5712933584004465,0.5856295242274818,0.6155886944683442
0.43667555189368207,0.03689400770142657,0.4144468709765398,0.3975199226009196,0.32578896282160785,0.6174449279616339,0.9707869206170078,0.5540120286184889,0.6261769920130765,0.6796809365197363
0.2895093985640625,0.02061461753761561,0.3705584544520806,0.33889636024509656,0.3602286040298245,0.504488291083161,0.9688794458215213,0.5329244847457412,0.6058152730394453,0.6784584929197865
0.37997205084434377,0.00944266901289975,0.44312249790554353,0.3207225557449709,0.3370152626054696,0.5971330511512052,0.984028290207392,0.5838548768563354,0.5725802094702492,0.6696212937084673
0.4049553630144507,0.07637555831166977,0.5074998895957847,0.4344375086169597,0.40820195997089376,0.5882550502036527,0.9243812915206464,0.5304564515179807,0.6612315205723975,0.5912437584074832
0.3652591580529544,0.02404565616222052,0.49969755109941094,0.3851865254417388,0.3488638204934674,0.6388760912069471,0.9754348192373048,0.5664214521967865,0.7117227940610148,0.6338367735715812
0.44014655359508853,0.01245819299008699,0.45350264046530914,0.3516666255049343,0.3625581615410008,0.6389431875205434,0.965894408269136,0.5635878877044642,0.6172825316518449,0.633019719626792
0.3570353585362532,0.039180593989439974,0.4217824850135016,0.4108676874224416,0.3504747940938255,0.5658788119419027,0.9529177064290454,0.5691094608493041,0.5935592525997393,0.6820861132110346
0.42538199237899854,0.08104390324828784,0.534804766506209,0.3458306474303138,0.3885330858882471,0.6539248174810409,0.9379838463882944,0.557876842585374,0.6230469702904708,0.6024583332931368
0.3687675469575089,0.022191812858615795,0.4000863146425379,0.46534446785852546,0.34653618426146887,0.5122361351050488,0.9713934433029122,0.5157271827587375,0.6939061645782039,0.6812505692510933
0.4705014771523799,0.06965044056332877,0.5204205275606802,0.3931222509295862,0.3746546260411446,0.6605558683219841,0.963263841557489,0.574332390433242,0.5974301882612678,0.6279293404976561
0.3963908888174929,0.01811952115992468,0.47124523261930945,0.34100989406972676,0.33982170215356466,0.5824159759748092,0.9761790936744303,0.5235836675552865,0.6132950657685655,0.6671709449340525
0.4834135965242769,0.0409979403238605,0.40605363355574636,0.3824699674456103,0.34159777434473915,0.6938756729842568,0.9332866005700768,0.5189777838641433,0.6183016483231427,0.662789573588775
0.5000156254846161,0.06041892078924316,0.4558759526119807,0.38640740734353424,0.3621499903621557,0.602615041453689,0.9508614762311381,0.5310034268465891,0.5779454977689802,0.6265121980383872
0.3877309959675071,0.07780990523398058,0.5037903656710094,0.4523532973806978,0.36368087761175116,0.6361158303117238,0.9429275177376302,0.49112444833871427,0.6780384767427456,0.5803695563421916
0.4314528755606646,0.062353768160264604,0.5069001592882864,0.35664595113455594,0.3669124191061446,0.6575521405357501,0.9160340661608978,0.5286848810417071,0.516972989596193,0.5715991532409481
0.4655808799603237,0.03671041754692673,0.40839778806399685,0.40209000729204536,0.36328542620597776,0.6753550032115277,0.976853874879231,0.542468829541191,0.6036026425989474,0.668137176384741
0.41755669128179795,0.06358107514800736,0.4758239600936018,0.3591760539756913,0.36229027492940935,0.5161711830201892,0.9299710297012166,0.5732935679342868,0.5878345882165781,0.6326240593027512
0.46290581423424904,0.0394124904922439,0.373411105558257,0.3679685292906568,0.32200746629287547,0.7050937145831744,0.9870995735268328,0.522848606699055,0.5889667612082368,0.6691497229998358
0.4517816627206178,0.010111270293033754,0.4481594838836842,0.42443069068123085,0.3457342850800703,0.5949634064403346,0.9623603717776373,0.5588747980943346,0.7129291881165156,0.6544300159169497
0.3652953980985526,0.01384724583890143,0.4126904122391416,0.3533784337096874,0.36026475143791964,0.5127034275005742,0.9612137229919028,0.5737909886933108,0.6036488612832809,0.6737597924152587
0.47552063004647865,0.0513633049501509,0.4316794954491831,0.3748152326603256,0.3754733118990344,0.6028220128689623,0.9325100879248014,0.51652415525316,0.6186422121030621,0.6813596297724958
0.46691433449252356,0.038673121940339325,0.47912559849715486,0.43979481326391245,0.3372137382853179,0.6772651309078238,0.9536746533601332,0.5596682885915008,0.6078521204855176,0.6117722773678973
0.4239963065506192,0.031904538829056285,0.4573012727605318,0.32825445814777465,0.3295035277525478,0.6503929109015263,0.9596475427881163,0.5614214328306135,0.6000852845161024,0.6614609157892195
0.4293081622911889,0.05946142393305176,0.47699882791374304,0.393762203253177,0.36445586704178295,0.5858524343890485,0.9384105251787626,0.535108701401257,0.5503676827926076,0.6223832708522408
0.3627766029366201,0.06587250552381231,0.4576913373805007,0.3013412027582126,0.4072007993699974,0.589345533471742,0.9239875530511213,0.4923390479130939,0.5521012785702946,0.6061077109172157
0.5064107882713369,0.11009513904280484,0.5586716177096751,0.3652172630372261,0.4131677129343591,0.6869685840652349,0.9406916702946194,0.5107717138688163,0.524800302179881,0.5934082118406161
0.4343674605667398,0.05738421598387454,0.5093851461539591,0.314301675329309,0.34857295084242573,0.6386236765439839,0.9531794822079463,0.5697227058517862,0.5028955686610741,0.6142201736736983
0.39799399664744184,0.04095776535752459,0.45482848775127965,0.3681480797041489,0.34329771453107033,0.6095115281474854,0.9518412152950854,0.6054846211182503,0.6114296738121665,0.6261825801346124
0.4680925413839411,0.04631966844066784,0.46061343962171053,0.42934201151873364,0.40398967384702333,0.6757013022829722,0.9344677325711652,0.48362882474444,0.6864662597946327,0.6395599649503251
0.47850905007721733,0.05251621750756098,0.5156853696008163,0.3978398907924523,0.39274766133096645,0.7403609601796544,0.9370436753305125,0.5667674995002085,0.6913578574917236,0.623292736009268
0.3586617214269092,0.03718475964286388,0.48726559238553924,0.35755625494029275,0.3601605162916483,0.575299306334218,0.9396797341360239,0.5252739266859192,0.5778186333129212,0.607751908439899
0.4547366968898869,0.04189060345370709,0.45846556807870104,0.358165341036452,0.36202492182319057,0.6473367399784464,0.9903840492787584,0.52253683017519,0.5714496824097828,0.6301244460398508
0.42071712163286507,0.040130324909772086,0.38867971123343326,0.44334452540478886,0.3430235900726685,0.5902265827004444,0.9499170990350194,0.5209391199972624,0.6979033853541903,0.6364320850681668
0.455670925996209,0.07054763995105569,0.47693567705774487,0.327221434910638,0.38471509405416754,0.6174187597495303,0.9442618093612781,0.5773390170875186,0.5673366773594244,0.703932644607473
0.34229976515816185,0.07146551235866065,0.4602975925494019,0.367849493320496,0.43366652958439766,0.502439579435691,0.9089303984480532,0.49702628530332904,0.571641352874078,0.6040323587169119
0.32315278486440707,0.06597031227262692,0.5030214574412407,0.35903886776843297,0.3922107598014131,0.4927531813898137,0.9607385168410401,0.5461733657839418,0.597374184951853,0.5823691726757173
0.4118091199673383,0.05230413966653859,0.5322345333706737,0.3189649594831958,0.3410506595775588,0.6155605680702568,0.9364665516298551,0.5692567180570314,0.5103638936382788,0.5812408451952313
0.299428667811791,0.04052909913033932,0.48875621293141697,0.46682212363332276,0.37381970262947095,0.48669430876312625,0.9579426545818703,0.5535457783587854,0.6783970515537443,0.5940558633205664
0.41758710121590537,0.07664601745906514,0.5116390539168116,0.46192461840436494,0.42166402646312856,0.6318595154069556,0.954269441894526,0.5151204532991362,0.7266042779411432,0.6278778946143591
0.42552374071205834,0.009724952822255106,0.4365206653889514,0.3510147777713983,0.3241747971070803,0.5901230996567983,0.9887411489170439,0.5905578982584665,0.5922784783902435,0.6622515102481292
0.42655000921703834,0.02659008827593884,0.4515887627656679,0.4614374503472073,0.37575362502090887,0.5724745995901026,0.964621241207777,0.5497119382602175,0.6760616197949588,0.6406651516871876
0.4156676794625732,0.0009127390330872466,0.4054664969751803,0.3091010745793738,0.29317605343129777,0.69142730143789,0.9922427815907782,0.5666134215732284,0.5859137602394218,0.691043776443492
0.36477880930131007,0.06762355944433696,0.4029916255725947,0.42294912185631345,0.35362193349185894,0.5593692922709038,0.9251337900713745,0.5252942470722801,0.6013882074015326,0.6495979396387315
0.43021129802428526,0.02574495279454937,0.422348677717268,0.307081528442666,0.3060608743967611,0.6284235860459926,1.0143352278836157,0.5940810976851725,0.5473708433201563,0.7039159849934851
0.4920245392167314,0.038446483693468904,0.4674427069514286,0.41018652048322674,0.35574010616793333,0.6616669068945071,0.9741871214296308,0.5711455950262962,0.5918612475046809,0.656802039906246
0.323498897382841,0.06907588594649965,0.4430663769338746,0.3958408634144892,0.33735729543342113,0.5146180009452923,0.9274023390390239,0.5347477445582605,0.5761441353263754,0.6394102591693289
0.31107877524537664,0.028772198936090787,0.47273914226107144,0.29151682592645634,0.324312037128004,0.5150813047397795,0.963288031982916,0.5618623461498189,0.5612648346123582,0.6257950766894512
0.40004913642913703,0.0631286787060199,0.4767633229967417,0.5109191791243611,0.34160524244260637,0.5715967193536067,0.9551654279197285,0.5466486485466402,0.717721174256415,0.6439926566651253
0.3697115744619953,0.06126969215310956,0.4830169506231856,0.4150501710499041,0.342078474415945,0.5632016718702462,0.931304655820743,0.5789042647523925,0.6452936587122513,0.6476202157728725
0.3804429867299741,-0.014693107860580635,0.46950180719036005,0.339333106230831,0.3208746494797442,0.5923711789864381,1.0170955661188146,0.5990458234419305,0.6463026272587671,0.630154594827531
0.4722351422086007,-0.0009751993547159236,0.4274230854223831,0.3859514717748778,0.31421995357438787,0.5729366079204428,0.9834960062692283,0.5837475299501942,0.5993934987096616,0.6914170781972404
0.3778815404098059,-0.0021937197687512647,0.45481831557851277,0.40323182729260965,0.29853463364485333,0.5751712097757485,0.9766752601424563,0.5953665553730373,0.619578728481103,0.6424340843163177
0.4239229235717203,0.0543094214483223,0.4277181207943014,0.3959200456065365,0.3506242678331831,0.5677463466382915,0.9251426281314505,0.525548139890638,0.594573337859287,0.6493378595657002
0.4632182731304246,0.045055709487602374,0.47693978395826214,0.3915039776607736,0.3450703340003007,0.5886854428816741,0.9689382377627519,0.5438125255407112,0.6529223388218176,0.5860594919059074
0.2994643740266527,0.03352753176612616,0.4147141297612113,0.3583605167226907,0.307531239971511,0.46816333797565246,0.967111069125511,0.5528028591608891,0.6173407411147699,0.6557933000033951
0.38540392999331313,0.0528682744958014,0.5293873650693587,0.33250011280605807,0.31856851023813554,0.5835307374552958,0.9488917216685654,0.5865293837765615,0.6050687982851506,0.5986076295818256
0.41310179447009127,0.04941510348554999,0.4741579917040597,0.44313892270049066,0.3646805313792265,0.5569915984278679,0.9184805322465133,0.5276030996388295,0.6476931070113013,0.6252383553589245
0.442257098758573,0.0459367098763972,0.4341781673279654,0.3588762934822908,0.37140039548283615,0.602046554579766,0.9789947443213781,0.5148854833076042,0.6220018854898539,0.6194671543028821
0.48284312776178073,0.040011517432917906,0.44557347345959386,0.38148325816414125,0.3552247235001277,0.5897004191348847,0.9758519955893289,0.579606294189489,0.5933883694073442,0.6806027595406912
0.4096348026358801,0.028942515033584224,0.488584133285691,0.3093730362606526,0.36499557206272065,0.5747879553669617,0.9689426992221625,0.5270903787127212,0.5492090401907417,0.6456750640418634
0.3602904994093778,0.06461059332299356,0.4233601551843317,0.36479651868056856,0.3871627216490554,0.5715108397197604,0.9540220309197852,0.4881597011087656,0.6462211353761766,0.6539855836220998
0.3861172154616881,0.03361658253562959,0.43397749149992143,0.41567246452054857,0.3602581279331062,0.5839627014138762,0.9528589628640209,0.5101233531708322,0.6063357130720184,0.6518162145462558
0.35268471810035745,0.02912404444553575,0.4476850132645992,0.385513188971053,0.34220309700368345,0.6200659851490671,1.0108996567093025,0.5444132037685588,0.6825115515101372,0.6740179138855666
0.44178630040228145,0.08262056507701818,0.5301394191990223,0.45336127087690914,0.3816302941872814,0.5593699135010692,0.9236411788529532,0.5555953067997677,0.6541186421653494,0.6048416239185705
0.35540757532788025,0.05462289314289341,0.45294742379963543,0.431110089749165,0.37297416758316265,0.5983808855660796,0.9274218610263174,0.507586260227026,0.6423138550384326,0.6295118553413112
0.3611734609912512,0.056055611023023005,0.4883104844594042,0.3283458204100376,0.3839676451281002,0.46815743376240715,0.9322357728799,0.5761237372053974,0.5293529010288265,0.615868249166509
0.5230031703585725,0.07094806282483156,0.4984398015384134,0.38590395179646725,0.36552906650219485,0.706484667777792,0.9510598141088711,0.5482000614429774,0.620501345546445,0.6419964559558435
0.3587194639531382,0.025975633057065375,0.5049474162735402,0.39895945012295836,0.3416542158198524,0.636794278773783,1.010102663097398,0.6029171232887921,0.6620223347276515,0.638002242468156
0.3721454735365456,0.030008924019341257,0.4275950524316297,0.4106941741277811,0.3154771787929217,0.5550901075938832,0.9688600119284105,0.5642222685637768,0.6312836730753113,0.6547091610068727
0.4025916638810333,0.043312669688363586,0.44318369250437645,0.4574366758570762,0.3496494730431911,0.601414543021737,0.9582585584677453,0.5021622551601954,0.646294870269216,0.6567955641533657
0.40879399712624387,0.025346937009558177,0.44033219673121904,0.3149096237444955,0.3159847883019559,0.5260738758104426,0.9704959301809586,0.5504568950905266,0.5386921098455353,0.6471498997551943
0.3616922792787931,0.006239141983637541,0.42641854539467555,0.3799577530381527,0.34085936578453513,0.5698547671656331,0.943232981069221,0.5512201043210109,0.6124034120491244,0.6301684613185801
0.3878514049602127,0.05265181809774591,0.3936199069722864,0.34616425846218396,0.36115067071789425,0.5942804740433957,0.957322554393073,0.47531026653630193,0.6018655666698178,0.6556770011371362
0.4994890778449402,0.08046000095442055,0.483948747549289,0.38391754375985954,0.39263174642067417,0.6096676654845988,0.9255132333771862,0.5192475704792541,0.5512981682532829,0.6296050828991966
0.42142301217130795,0.016168157747998034,0.4729650498454332,0.3548410612088131,0.3129027688126415,0.6793117465857167,0.9786639594259541,0.5433759851693991,0.6222361566905236,0.6421749287245475
0.4723781690943676,0.05119488374588599,0.49670329151154,0.39135340010573266,0.3569919233105703,0.6643677933542642,0.9447278593939411,0.5875970770350636,0.6018335894303546,0.6290780189264997
0.34714232373668896,0.013222972181879207,0.4385818484490996,0.33364278894813526,0.2909001285468496,0.582929690641325,0.9885469869186246,0.5911728856729643,0.6271494390079566,0.6915664341938713
0.4717176596515535,0.06031518814456628,0.5220899493368462,0.35110536678638177,0.3438377451108887,0.6675077325557299,0.9617861428419923,0.535934579619531,0.5783944180268126,0.6581602029835469
0.355901895330627,0.014552586366858264,0.46954670235716,0.3825119673922106,0.27940620524214305,0.5239597422466251,0.9673631216881173,0.529598331755109,0.6257636608238364,0.6555340593309389
0.45707427384156357,0.04384576429425456,0.480570530475046,0.35608805757981343,0.3718687999035092,0.6596766527581515,0.9359846111959578,0.5040286917529111,0.5666628296351714,0.6481219600119269
0.322062517028207,0.029128377605589065,0.44780113194524923,0.333874156910516,0.3430967586661952,0.5418171235754732,0.9661180297036449,0.5567872542629575,0.5720004504264815,0.6400871980010625
0.38019107988533973,0.0299096375969569,0.4845681752260046,0.44487664277352684,0.32787302197124624,0.546539945543566,0.9508493185114651,0.5412956494967975,0.6101392807534349,0.6071699062489136
0.3634439731010381,0.029688373898137117,0.44067474452114014,0.28030903001775404,0.3744309760964621,0.6038031358111136,0.9860393085412278,0.5308280774522309,0.5290815810478833,0.6098936008823441
0.3818638362610653,0.011239706191198257,0.42745977519641054,0.44177661778372845,0.30226261990257497,0.5051201043953644,0.9751723237626276,0.5420249147892736,0.694490299252621,0.6446730963757548
0.37146788958067367,0.033460153438443156,0.4290268162911011,0.455117213694976,0.3340824430418499,0.5952041058544633,0.9708585301084344,0.5337864279944653,0.7386410971875199,0.6553673745823876
0.36478675410125605,0.052549837563926574,0.46081819480147657,0.32848596049321294,0.39334327596167507,0.6206000524964492,0.9904991838745674,0.5131817796320599,0.5265690151784481,0.6491685849871165
0.40738541434279724,0.06910017851597637,0.45548283099104847,0.4148477573661124,0.371292630977065,0.6112550693478809,0.9342919026571519,0.5203935256124799,0.6050591933725988,0.6428826185463046
0.48265227010776884,0.04500703897148445,0.4748383566577919,0.3639790376139543,0.3052474242885203,0.6429851070528565,0.9608769233118426,0.6007495648755524,0.650878638710648,0.6527977289863309
0.4495442442237597,0.019144756105663394,0.3709664232935014,0.40190039871811956,0.307091194616861,0.6096729416319543,0.9841970399901788,0.5942751732605333,0.6500213466481398,0.7026877527596169
0.4554135205800091,0.04605145412669438,0.4588259799947654,0.4021624734849076,0.3422916844665087,0.5893109683519122,0.9649432745345341,0.4954436618518826,0.6130711638081289,0.6925733934767658
0.37634421407367985,0.02886346406484176,0.4086841181767392,0.3468865340020296,0.3329607278945886,0.5323354761475576,0.984063998731882,0.5884976036092988,0.6268050076244893,0.6630931523804177
0.3766129046171768,0.006789628659128997,0.41668743010753867,0.3168545484216978,0.3636050884159719,0.5961862121813835,0.9953254977349714,0.4563818454472848,0.6283477966736567,0.6593518046731961
0.4793443511020646,0.0604589632745404,0.4257023283974876,0.34506776947973605,0.40502797069482244,0.7237825122085588,0.935757190682816,0.5241546333944709,0.5576721954023494,0.6275140796059211
0.4375138924980311,0.05498857810254223,0.4289252247516307,0.408448832350998,0.3866448231726481,0.6269610216920498,0.9555406858814898,0.5364319561250182,0.6272867064628088,0.6346418313219979
0.37679258317817654,0.02391463787429159,0.47084365913705056,0.3527965377228843,0.3609448639158247,0.5795145152035519,1.0033600743096878,0.5448713697537957,0.6515124644698185,0.6733419645645841
0.3848997879770567,0.017121529218288373,0.4878815574129774,0.4291407468165807,0.341690882346165,0.5432788322435409,0.9631539335247069,0.5834631781914368,0.6051745606890246,0.6418209157001225
0.43480665812526503,0.06725526954371452,0.44267974830611406,0.3988656097627759,0.39255569184581574,0.6627358954044553,0.9367828162713813,0.5182801665720845,0.6531302401735044,0.6312857663444775
0.43916218913767563,0.07599281185174228,0.44837639329533563,0.4118414346223065,0.3746202738357146,0.5805726654582258,0.9336566718052037,0.5235302598670509,0.6354473323068107,0.6424161812685101
0.4392479233536243,0.08785915541374782,0.4748530751013917,0.4509929668450106,0.4031967063139346,0.5722615758490186,0.889558595579082,0.512760707798009,0.6328714610018129,0.5686055416973123
0.41682484194522756,0.058814665288181696,0.5320251270457771,0.31272958457569383,0.3767650522711828,0.5776456693894068,0.9356040507402903,0.6097780215651802,0.5595675501325779,0.5898868302904987
0.3558665743319649,0.04349003036490861,0.4282751844773739,0.40627952275559315,0.3471941928631672,0.5233747672590776,0.97011304682428,0.49091752625843865,0.6704579679999956,0.6328875312151411
0.26581139637036666,0.05533083017190016,0.47410767174250246,0.2880685127617487,0.38545812539942825,0.4475065669529158,0.9747225290631619,0.5232649745108753,0.5628506516710943,0.6467352698513215
0.41800342951456204,0.037241224103636186,0.47740261155918934,0.36797673938133474,0.31101152319466624,0.6550975735884137,0.941898618871476,0.5518352682231356,0.6278644478179884,0.6213308903100336
0.41059780847425614,0.054343180598607724,0.4946080130042583,0.5240955354883945,0.3923532178925526,0.6197572613888469,0.9303058681603512,0.4905116510440619,0.7161310053941105,0.6397763457979211
0.43006747824024827,0.03077936086569359,0.47665183016428836,0.30194096055361563,0.3002195997964929,0.6549394364539379,0.9653830578581966,0.6035583545559791,0.5175803141111694,0.6527047194855966
0.4260669335149064,-0.029998466446143394,0.4689407456972132,0.3163700331442704,0.2672046482227827,0.6251999336167413,0.9925949121860304,0.5782737536784992,0.5871078454062364,0.6575410952689347
0.47438880095742114,0.07832275703945332,0.5436030435588323,0.41979276519194286,0.4018543129292693,0.6171669465685462,0.9210215342662059,0.5493256314999955,0.6853119214929858,0.5817934575503929
0.3909501518795908,0.03806909131927397,0.497648880218578,0.38845331286225954,0.3576065277003454,0.660290479897869,0.9766741788726708,0.5940383736506006,0.679317660579132,0.6485273676245578
0.33595382385934996,0.051294310587569836,0.44208691225239766,0.3820117223028138,0.4105616560075739,0.5759394067808142,0.9158292190774601,0.5063611976650773,0.6329315640964353,0.6304179289382448
0.3450908641634564,0.07443113364751441,0.4992043565525314,0.3485656840435279,0.4064839602856007,0.5927076530697435,0.9355216525117869,0.5052152410443635,0.5951770054198715,0.6000139755319083
0.43135589358009324,0.09471411849322983,0.4993791780181235,0.37575142257841093,0.4035616267763793,0.5517408479489068,0.9098446194638257,0.5110502400784777,0.6270703450140124,0.5556336735759863
0.3144435158558662,0.03604629136744897,0.433901535237312,0.5045126380576175,0.3907459728337639,0.5683184043875659,0.9435052561999028,0.4878273111453596,0.7430296457272749,0.6076186545837534
0.45191224999403967,0.0624761306843961,0.44689014525655607,0.3464661919008684,0.3383423499371525,0.6335225358372166,0.9672205229821625,0.5279336700416848,0.5843560638470402,0.6435852314498107
0.41185167646788584,0.04090345063650724,0.45710412087327906,0.3485765545653004,0.36595125131326317,0.5730454955297948,0.9586654850972954,0.5203306980362647,0.6145162536600344,0.6334254490672144
0.4983058865178707,0.04314609385662215,0.46271768371429706,0.4203429871671507,0.4047328887694455,0.6872988433531149,0.9552676734971173,0.48983193073407316,0.6471099786917787,0.659299063282031
0.4995408202360398,0.006884573176722374,0.46585668889012904,0.3289481713248001,0.3291922778000109,0.7036573958738446,0.9907797965382852,0.6016344201723336,0.5839214022885983,0.6813564132319239
0.34599817352561363,0.03544287852963997,0.449908108490215,0.3599355741605313,0.3016631801446504,0.4967943862887376,0.9398603892377759,0.5413277111573529,0.5776135642450805,0.6810788303726254
0.3118991860992621,0.05174672444931406,0.48948454154529425,0.44701244646523797,0.3359177407411539,0.5067620818905064,0.9528020835193785,0.5668931833561341,0.6937615644534907,0.632432254372532
0.4163838032304226,0.08809269034351384,0.4797549884924958,0.3802013168800946,0.4067508218962466,0.6022612995559266,0.9007224867732008,0.4535647088026855,0.5821399019335127,0.6026463183456178
0.2924566304254733,0.045617532046941744,0.5107062985132133,0.4243439097840978,0.4032385000173148,0.5131168346597209,0.9658716252593247,0.5413426331979134,0.6903046752587096,0.6126773963812318
0.39784938230394634,0.0393920855507562,0.44371932001500436,0.4374787094022904,0.3717218585401309,0.5958336040159236,0.9778375946275508,0.5406460548030354,0.5963655551829392,0.6383501848698365
0.48166410197907,0.05773357620582969,0.47603761128621164,0.3571594305917886,0.3879926691340015,0.7164509373494493,0.9290987236518649,0.5079368128597128,0.5779132293336151,0.6307357765045057
0.45131266838378015,0.016847843897987116,0.4264837038130785,0.3379864561666234,0.3007551127171573,0.6392349008325346,0.9882481153994551,0.5462232797102955,0.5539596630658945,0.6796540441416585
0.42340115418462787,0.048374303443140365,0.42680389150321024,0.2985630147469764,0.3146845604433658,0.6053515246178175,0.9467056707075233,0.6021797224507675,0.5296879173806196,0.6597310766134107
0.4696503076407237,0.02957559892116193,0.49939434104622843,0.41579412513870023,0.322855296587182,0.6128863051596221,0.9785381262062479,0.5949087032473193,0.6414721603725824,0.656433155614595
0.5053567076342022,0.027878364623735333,0.46216779106425787,0.38904272818313457,0.3480988424646439,0.6661260665353965,0.9763339782031686,0.5743965347931219,0.6745018091862964,0.6983644547543149
0.4034219577799815,0.08702988700556899,0.4961647765478855,0.2263076361473805,0.37049852378094467,0.5587213974523032,0.9049357755890051,0.5460012136317332,0.43199906967039237,0.6248692938110838
0.3559338570039132,0.04135035972931436,0.48141923783586005,0.3486324549414601,0.3363727002827864,0.5761131373396262,0.9347469065156249,0.5646270643561154,0.6460936411767828,0.5940590790462253
0.4046088460188956,0.047617128441866365,0.4585650007151796,0.36783603671357784,0.35911039958365404,0.5714305054539536,0.9531839865110472,0.4859466631475614,0.584416629257712,0.6170647912952725
0.45770412637036273,0.01113469828456401,0.4444964174044719,0.41452041049033045,0.32461531555778317,0.6593904184617768,0.9849322764686382,0.5469084925359368,0.6717231729915216,0.6306155771094115
0.4063313316971847,0.025037692187800328,0.494078116451683,0.27203826262156255,0.296699108814458,0.6304541153407506,0.9762056529057572,0.5975082463928394,0.583163616474818,0.6442389211725954
0.36783221597968246,0.03339471558838926,0.39272287025727187,0.2680978952792813,0.3473612673332872,0.5731774940319612,0.9735629770097078,0.506139794388559,0.4875690257655013,0.6920310368821034
0.3101035867339798,0.038171376619488356,0.45911794621944824,0.39536715850148735,0.34956297514592943,0.5703504439196188,0.931295391341107,0.5887981115423646,0.6898823762633258,0.6433352767170741
0.4507286915788233,0.04277845847289283,0.41395001218719574,0.43784488475383243,0.33338068641946883,0.6387647081582106,0.932537854189066,0.5754139672191846,0.6179446725041015,0.6578775744055336
0.424382877076788,0.04298571793968088,0.44811429966477123,0.4322396954190339,0.3816580733423164,0.5919879029365873,0.9431709401025727,0.5080657560605275,0.6673868115745514,0.6625880064835998
0.35335218898328546,0.06159836519791525,0.42969298205489365,0.3319806265644659,0.3478801601807245,0.584047492032993,0.9608442642133911,0.5146923422893656,0.6172065868501619,0.6398282954457584
0.4578016090490922,0.049478923050375725,0.5182282304879081,0.398736313239712,0.3970203698457787,0.6357636450951114,0.9594263583827921,0.5217014354015184,0.6323098999509097,0.6326987253009912
0.4293386665454627,0.05043398191556864,0.5076489184345367,0.40257640156162744,0.3808931663779157,0.6050997347698408,0.9492047620559025,0.6129684279846587,0.6535959156195621,0.664535543566009
0.35796771373032577,0.043561236675869065,0.463261908911068,0.3748813621008754,0.3676148135337431,0.5908944177012874,0.929651223696845,0.48567216999617935,0.5828290189882719,0.6145682655376727
0.4133727790275292,0.08710957437979826,0.4751808400375421,0.4202673830149914,0.3902800442173481,0.5994836081652611,0.9351581483604516,0.471698614257801,0.6529019010882462,0.6247880679267401
0.43706000674917245,0.051799693284099314,0.4725515839234521,0.3334304880061825,0.3721247315016466,0.6445091201347926,0.9488782634712696,0.4989246868255711,0.6013086772525296,0.6294170254260996
0.37942242992322656,0.007198092589690238,0.4454602290124359,0.42939146527908645,0.30774816465616095,0.6302488574879116,0.9665425336382666,0.5819941825860684,0.6899550637296262,0.6617002116099917
0.4256457795212136,0.04876671016893935,0.4179108129069619,0.3747604286209158,0.30495829500140254,0.5681759696197906,0.9819043278960989,0.5912060112163895,0.6366916838911423,0.6557976833859376
0.4842678009889643,0.03986751840944946,0.4558089864907406,0.4074127536137428,0.37957793992245,0.6621580149262163,0.9486887001018934,0.5621615223586738,0.6277659089216892,0.6269650261521525
0.4036241942503511,0.02868813285640741,0.418411052571716,0.3531326287465835,0.3393585797237401,0.6310066437761355,0.9648829625510329,0.5340252201088759,0.6277352918761695,0.6591135460460701
0.39303978193744915,0.06203773047623791,0.4176663454140145,0.4536854102369197,0.3798039037464481,0.5754505874459479,0.9469688486773726,0.4802419337849939,0.6772688941444269,0.6116404094423418
0.4098045767602514,0.05317415619879934,0.43410300958234843,0.387971325526531,0.33934203099389704,0.559443694484296,0.9308835331620706,0.5754111218284566,0.6543237321770952,0.6985642775847278
0.4909203900624646,0.07414738603290984,0.4173492049510202,0.3575075534671362,0.3796447765940941,0.7006394442724289,0.9447829802712284,0.5166748991610417,0.5574561886764784,0.6676769960933573
0.4640338216945623,0.03791746587154456,0.46007283451119685,0.4508046039142367,0.34347289142547816,0.6390804111252553,0.9424001572545554,0.5625934354285357,0.6511225869813888,0.6564737089108057
0.3026689019212088,0.04873188139842901,0.451351260316555,0.3852793605475289,0.3590587285088772,0.4875683469466501,0.9434702495541823,0.5410525621692146,0.6250215702326307,0.649111908734754
0.41206147716696684,0.06485696732178724,0.554002386134541,0.3100937220877615,0.34408294787346483,0.618700988525803,0.9429441925637454,0.5530667991125906,0.5762924964175308,0.5907748474433945
0.4164203123375292,0.03597305142233291,0.46254932655843567,0.28680557605882795,0.3296580995646853,0.5803677741906434,0.9779982066578874,0.611008382064347,0.5290456738609131,0.663371855851402
0.49544308402843706,0.0633252454565886,0.4602941607875283,0.36832562273274283,0.36559190614860954,0.7261463232290659,0.9222354794798738,0.5590824630979327,0.6045237560714861,0.6276957761026455
0.28203355555113147,0.04849165296556565,0.4322940958374856,0.25625951070065167,0.3799194930102029,0.48407313031004506,0.9372934652914277,0.5163928364881184,0.511847808741068,0.6639937686724809
0.38383758247498034,0.03983330857603091,0.4250568107947479,0.346000310334882,0.3397681981822114,0.5798875847604146,0.9718446903684448,0.5414243062416999,0.6600516439467723,0.6613675865667807
0.4714916692863449,0.029068831326216665,0.43304921162137555,0.2731802000773798,0.35341450835037874,0.6409480834799075,0.9860291196091924,0.5078976987502568,0.4737522870059031,0.6838560371924538
0.30204180984207446,0.05587930846295481,0.43212013293610496,0.31109473689809114,0.376489780018159,0.5042922912987243,0.9383893838100447,0.5173167187276437,0.576682971747325,0.6455545750887606
0.3861871240753128,0.017003893661537733,0.4446392234455613,0.4632509482322021,0.2947421141612878,0.6309662299071457,0.9557489627513283,0.5763483108790335,0.7346166554741911,0.6502338805886136
0.5024353011772945,0.06468435819580551,0.452825434126251,0.3849715095219568,0.39285312041467346,0.6441399155193333,0.9109679972287692,0.5442499685958614,0.5607060285372626,0.6046264414144102
0.36706701678867426,0.030699676574327466,0.4172878272382086,0.47058861122596923,0.3826891875865002,0.6205927189264316,0.9396393398148795,0.47626869727873233,0.6912734052512777,0.6445600526057026
0.46209111896759714,0.08801375480876547,0.4504921665831831,0.38813749970038114,0.3769264926479659,0.6006379419970502,0.9587089832350387,0.5148239163498913,0.6194254459243724,0.6732767096817376
0.42241368267852747,0.03241789333426748,0.45317203662292166,0.28434829523595945,0.3710977896322265,0.6585945219018348,0.9691697843677994,0.557586328202993,0.5425231218382078,0.662240285073278
0.3990162795041984,0.07225138823283854,0.4592007186155686,0.44918670215135925,0.35979078754625904,0.5931918938844585,0.9476359564782965,0.5233829323466981,0.6730664765459231,0.6449795600978077
0.29130425069527355,0.038338072922309806,0.4359939110120276,0.40062979085100064,0.31572167130525053,0.5309618202397626,0.9580495285503707,0.5199597674029579,0.6658103836606277,0.6469338924385322
0.5598605557794967,0.018520519882076716,0.49860999098119085,0.4876730625505426,0.2886317099021974,0.8172723340496697,0.9679528016902955,0.6191607117835638,0.7047091168161648,0.6514403681108718
0.45955691459195463,0.10537921469494196,0.5593544518903791,0.3187417993063957,0.3875968049338087,0.6816422241219035,0.906452744446564,0.46973543167146214,0.5794027568854778,0.5687016085932631
0.4201726340886105,0.01187656321228081,0.4565878908011281,0.399237981954755,0.3516687054349637,0.6262372353512977,0.9790053437830653,0.5175890734462694,0.708640178931599,0.671419334983385
0.4350488359765428,0.02164480178876843,0.45091307910015094,0.3183933699688859,0.3642398883060942,0.6301163572926989,0.9594187615587826,0.5345847994797317,0.5794627874950815,0.6294894532337094
0.38511731079907996,0.08185927803467384,0.4429627454251365,0.3987216992723773,0.3988500675320377,0.6313131523342079,0.936714861050143,0.5844878348449036,0.6365518948289299,0.6196363392566717
0.3799804621462983,0.07714235463310308,0.39894925802468156,0.42639954744894537,0.39091787432613306,0.5836328318673014,0.922910665875979,0.47657028852219885,0.6365696689877165,0.6395478207731852
0.4678971397537252,0.015557379577575274,0.45513249772159003,0.36636353988141357,0.2974874105285001,0.602272511826215,0.9720405664584102,0.5857911366945171,0.6487908690701996,0.6931950803179043
0.4770822487505372,0.03978567622738724,0.48557319061396315,0.5163171255477236,0.3853697481771383,0.6214155877426901,0.9378771988503212,0.5485117860657548,0.6740546061370772,0.6299593103221321
0.3788567041516973,0.023729393110335822,0.3930539770944332,0.38239000535859474,0.3349359104477107,0.5643323898223761,0.9759078212312264,0.541721880249316,0.6426602743211933,0.6679156768522765
0.5046942453590846,0.038665931890442776,0.422058590064347,0.37473219697854077,0.36382256208125097,0.6235555597383544,0.9579390634687207,0.526591943270521,0.6475924554494015,0.6807588321280302
0.35329886316739795,0.07784346289688972,0.44752293610490923,0.443939229317925,0.3746253821442103,0.5850856339765595,0.9183589489466829,0.5549124308687249,0.6825474262907614,0.6228129116959342
0.4120071938840247,0.045212948728441706,0.4679577369520954,0.4287760722235283,0.3251108566378526,0.6104474808293153,0.9649650300060763,0.5086583453417887,0.6550200556547363,0.6519208175621067
0.379878206483664,0.019699999921084274,0.4180336781236026,0.3270157211691878,0.33555959037966304,0.6096538388959329,1.0018918875221916,0.5274892951145539,0.5972576202410025,0.6513220156340578
0.38070306256336034,0.06861595970468459,0.46703304074488394,0.33871869789302933,0.3686012331314555,0.6325745941497163,0.9519995194869244,0.5737916144429553,0.6020848961330029,0.6468346763325954
0.42982281263549793,0.02140335516311667,0.5290250591290113,0.28216434767351956,0.33403091995344325,0.6581728574979959,0.9479120324533947,0.5792948373826776,0.5916108106339583,0.6352592992640419
0.4570298300645061,0.02510636527386773,0.46126942052957565,0.4076058908716469,0.2781175056086971,0.6379543252042663,0.9821478047855327,0.5608653263524068,0.6270112228631619,0.6672046781291898
0.4651241143379345,0.01610561969841431,0.42469072963533794,0.33890330795448426,0.3149082956723883,0.6968040569304055,0.9424439481136145,0.5330293152697392,0.5893998846178289,0.6785826281665184
0.4128116621018775,0.026688490656805994,0.45500649795137216,0.37824971931420326,0.2936693891255118,0.5971724592619493,0.9412362859307036,0.5742644759961749,0.6083474313910606,0.6639663489915388
0.2798136876408881,0.060028443246330984,0.47122565072542966,0.23718394198593132,0.35615944499129615,0.5944604457587854,0.9514894603770222,0.505442237797727,0.5364968148027516,0.626763884250714
0.4153962784143034,0.05420294760587435,0.4327644197826899,0.3395035282255736,0.3157965398950338,0.6052520572734644,0.9945673853980191,0.5138765082378711,0.6445426226606044,0.6556184178948179
0.4040663748662625,0.05305798936033525,0.496666407304969,0.367181687008649,0.38047194880165064,0.6000609612405149,0.9697101985388564,0.6001237951321223,0.6127974406710768,0.5996922644160523
0.32185256285951924,0.06631431927477101,0.3982192943430951,0.3692211374860776,0.4066653475285076,0.5367965665030087,0.9477588181312541,0.49974894875438913,0.6468238056867399,0.6550874970699495
0.4477086294813473,0.05926022353689643,0.477329338731716,0.3422687816443994,0.3796312941835127,0.6067355815212538,0.9585329546147887,0.49482618974093706,0.622209358210598,0.6218394064375293
0.3911942039363645,0.04172410372417952,0.4420836572193067,0.27825064329440957,0.3623686694792856,0.5360081126263085,0.938792269207665,0.5377247902602136,0.5000233292532814,0.6506218492036453
0.4047684377790766,0.05458583219818172,0.4998833102032261,0.2762880635903972,0.3566973152361121,0.6119612171797046,0.9496731391567902,0.5096217308143736,0.5259442639424539,0.6425263665733438
0.28056567386252157,0.03251605674671164,0.4279153887136576,0.3719746691318458,0.3855307666362402,0.5475029878551032,0.9558726004735921,0.4938739993370802,0.6274311125303667,0.6293872638331339
0.292634095162113,0.03147904045448924,0.4335620389053351,0.30396175765904504,0.3391686113610282,0.566675888333968,0.9450487211758861,0.5368129490926686,0.5491960004596304,0.6015170687142208
0.5265672402847651,0.06061864274517045,0.4651448391568375,0.29268568569096565,0.33903113914794364,0.6584005262122853,0.9210509704564286,0.5830245960821414,0.4859347848875819,0.6507426196656576
0.40819734575377714,0.05217847380567563,0.4566778582398692,0.39793718400019273,0.34290205821572906,0.650927010693199,0.9644182192824876,0.5505120560506913,0.6271523268508734,0.678824839485926
0.3934271664560336,0.10441005214177673,0.5118090308531995,0.48827980334427995,0.3786703607605071,0.5471842750794783,0.9176771039094568,0.4949032641781207,0.6550232071879895,0.6022015612343377
0.4264434700860374,0.011109814336083946,0.4688184566653729,0.3523462458653938,0.3330143830918315,0.6082435291068032,0.9884945774588195,0.6022781765268471,0.6215468735439713,0.6749870187618396
0.33467561684131525,0.03572849025208076,0.4862052342149652,0.453230204462979,0.34470214117317916,0.5408898642241557,0.9337352101570617,0.5420626778123068,0.7014114279722816,0.6167047894428426
0.34502014724502317,0.032232292741855115,0.4338400511348987,0.33651066867781004,0.315716273437682,0.4661712155517326,0.9424539330622134,0.5370564942340984,0.6491507325812914,0.663129308973383
0.34823939223112105,0.07725022473261102,0.46785460258497125,0.4125265190136714,0.3725124428332519,0.5800919630451362,0.9380326634452723,0.5164498489370394,0.676081970364039,0.6575202450225945
0.5073615960141418,0.040116428030906114,0.45834912223939717,0.4738095260095641,0.3196454121277733,0.6244460010610995,0.9539221353502338,0.5750025524804792,0.7318447962248308,0.6524239348543509
0.4238036602482465,0.044576864101120973,0.4937670483546756,0.29477710931862544,0.3284313084121974,0.631703560327879,0.9603270368296327,0.5929938275205584,0.5720844032260584,0.6218399549763702
0.3743944533189076,0.02214036774068866,0.5026926239586879,0.363101575770535,0.3095138430277264,0.6401534588955473,0.9748790899433979,0.6061035792817311,0.6059341132191611,0.656197268044187
0.41344115987356267,0.02786494883772893,0.4706291900813761,0.3853718257693951,0.30995061386124656,0.5757931495394156,0.9711716508070724,0.5647629014235374,0.6403725325805448,0.6703798761986566
0.45354133257995677,0.04979539921417506,0.4696626768809738,0.3280446519881045,0.37055003749267984,0.5715306012473773,0.954475880533962,0.549621471041859,0.5318304895318098,0.6482034273732796
0.4302239105233261,0.018552200933845117,0.4639753682308929,0.3261602391198926,0.38702874756282585,0.632191445186837,0.9795596968694984,0.5315130223124169,0.5196187243287886,0.6379604056294654
0.4615790063513642,0.055540038047117206,0.46564750852452863,0.3552616650193325,0.35233401406397497,0.6368404680496086,0.963641068426547,0.5272265432601744,0.6103335760358328,0.6471194073699398
0.35209732679455874,0.06335864997639355,0.455713382725039,0.3271189194455796,0.36418094636103854,0.5576487762199074,0.9486815766701856,0.5028956065274983,0.5826630932929986,0.6378848620751957
0.5660853949804516,0.01038858612028004,0.4547954327355507,0.3278833179754753,0.34411525515928393,0.7479824479924622,0.9949531906690193,0.5877093998606562,0.5844219924050035,0.6639811638903512
0.41768395145168424,0.06040498100640686,0.44146272300155465,0.38295148744358254,0.3955248949088686,0.566621091400296,0.9414563752906027,0.5486370817165052,0.5255155357606671,0.6130990574095987
0.4119088331509173,0.03955998020043878,0.448115462065012,0.3066947350322407,0.33854799023236715,0.5942927034360448,0.945031770852931,0.5409956568392212,0.530894310715684,0.6636498973184513
0.34792996598059744,0.030802826847533857,0.4258940848244825,0.3826446417762172,0.3624504493024713,0.554327651376866,0.9771119154027669,0.5297367849946653,0.6398986919804359,0.6728849029169934
0.3831882336041634,-0.010449967536002849,0.4795559003636654,0.3624244428831598,0.3282369554946148,0.5871060859633986,0.9948065136057915,0.6205517043954792,0.6692204445440475,0.7082082235203506
0.4013778477932639,0.045315214710879057,0.4353134205751114,0.36123615233227124,0.3628361060017685,0.5755467708184688,0.9398062765137742,0.5320306899531332,0.571512838482732,0.6545079067460238
0.4047190457665544,0.06933007569588084,0.44356953737031785,0.3202996548484786,0.3948830317478198,0.5862585957198936,0.9526800338699091,0.5553162364911342,0.592605926116359,0.6273642153100676
0.4405051965915547,0.056595239149278276,0.4465124416740313,0.41428449435443654,0.3434780075091277,0.5627265394926879,0.9667079986666245,0.5534103648163504,0.6419212992223324,0.6427159470686534
0.31430155368658547,0.06134616731145776,0.509103932533322,0.3313623953725959,0.3503189101735877,0.4816536581376706,0.9496413578631249,0.5393410471808935,0.5600953294535066,0.6174095682034788
0.45139734746616106,0.03293909454858117,0.43695968444352795,0.38073398896672,0.3245069180426814,0.5896252977994088,0.9626759934381233,0.5804407715971893,0.638359954678511,0.7104805337434081
0.37899923823998005,0.04573065583523083,0.39609281406982205,0.3710691615159436,0.3920555789748815,0.6140278009464696,0.9589176740164268,0.48954787625070384,0.633726692091044,0.673547020217881
0.4481460091845867,0.048626448460863406,0.4365949236832633,0.43132040247001896,0.40945732766702664,0.5879762059752442,0.9400677925889425,0.4611194032197039,0.6412232217638798,0.6150114344299015
0.40997090870253633,0.04233704055223054,0.40730823608950256,0.4636980779407804,0.36886434214379543,0.6016949238407202,0.9433492883870411,0.5174709327051877,0.6538799064539782,0.6103493602116412
0.48914645354428476,0.03447232909820789,0.4695361111394369,0.44601967554369903,0.39856823070515207,0.6879303394226437,0.9387570547733913,0.5275339359215632,0.6733392230369268,0.6132519265910773
0.4091883147071731,0.057719167646974795,0.45520712942187574,0.25650163325394243,0.3917993542657985,0.5674229671401503,0.9540118329291675,0.5148492788846724,0.46353481654042095,0.6670216561721055
