Feature,Mean_Abs_SHAP
QAgNO3(%),0.10538458628404193
Qpva(%),0.0117602322128629
Qtsc(%),0.06777673318815786
Qseed(%),0.1083929899694902
Qtot(uL/min),0.028841842453872266
