{
    "dataset": "CO2HP",
    "test_r2": -0.2267994742789019,
    "best_params": {
        "sym_range": 10,
        "steps": 50,
        "n_layers": 1,
        "lr": 0.1,
        "lamb_entropy": 10.0,
        "lamb_coefdiff": 0,
        "lamb_coef": 0.01,
        "lamb": 0.1,
        "k": 3,
        "grid": 10
    },
    "symbolic_formula": "-1.00171631589433*(0.470120273263972 - x_1)**4 + 1.00826056711155*(0.579997875214839 - x_15)**4 - 0.300077721436556*(0.628341706018912 - x_8)**2 - 6.18622493675502e-7*sin(10.0*x_9 + 10.0) + 0.212183404248208 + 1.10572338962381e-5/(0.891382776804629 - x_2)**2 + 0.000248502678005025/(0.819863855838776 - 8.19996738433838*x_6) - 6.74858338274133e-5/(0.784139867224487 - x_11)**2 + 1.96873530615362e-6/(0.65157609588361 - x_3)**2 + 2.79529998882255e-7/(0.559960762969422 - x_13)**2 - 9.43683681292173e-7/(0.516204707918511 - x_12)**2 + 3.41393109021191e-6/(0.482757567860216 - x_5)**2 + 9.24068404508773e-5/(0.279696312700232 - x_7)**2 - 0.000156475660902634/(0.135803778329199 - x_14)**2 - 0.00010404883516711/(0.107708002174436 - x_10)**2 - 8.30112802516047e-7/(0.102239928659417 - x_4)**2 + 9.95172064881697e-6/(0.0999999576628618 - x_16)**2"
}