Feature,Global_Attribution_Score
x8,0.67763156
x15,0.57859695
x1,0.3793499
x10,0.2526792
x11,0.09037323
x14,0.06063687
x2,0.050683606
x5,0.036301017
x12,0.021316843
x4,0.016839862
x3,0.008994857
x6,0.0034761047
x13,0.0028236355
x7,0.0018753583
x9,0.0
x16,0.0
