{
    "dataset": "CO2HP",
    "test_r2": 0.2823915407372931,
    "best_params": {
        "sym_range": 10,
        "steps": 50,
        "n_layers": 1,
        "lr": 0.5,
        "lamb_entropy": 0.1,
        "lamb_coefdiff": 0.01,
        "lamb_coef": 1.0,
        "lamb": 0.1,
        "k": 3,
        "grid": 10
    },
    "symbolic_formula": "-0.020842197694667*(-0.846034086016571*x_1 - 1)**2 + 0.293121369040267*(-0.86821077707868*x_10 - 1)**2 - 0.256423410021832*(-0.856992554833609*x_11 - 1)**2 - 0.009122893474056*(-0.35183305353362*x_12 - 1)**3 - 0.0671568746380393*(-0.348841408721306*x_13 - 1)**3 + 0.168859920016732*(-0.851143024522882*x_14 - 1)**2 - 0.00989909979154847*(-0.812247192417502*x_15 - 1)**2 + 0.32874586907915*(-0.218480056969281*x_2 - 1)**4 - 0.0243634701522324*(-0.845305881852489*x_3 - 1)**2 - 0.0119018325171929*(-0.847211995197528*x_5 - 1)**2 - 0.0431230424348644*(-0.208584442285213*x_6 - 1)**4 - 0.0603560499163732*(-0.838902254986461*x_7 - 1)**2 + 0.063729706929956*(-0.853251794558664*x_8 - 1)**2 + 1.11402808117497*exp(3.19999980926514*x_4) - 0.162212209898652 + 8.13688268906071e-7/(0.0999999576628618 - x_9)**2 + 8.13688268906071e-7/(0.0999999576628618 - x_16)**2"
}