{
    "dataset": "log_sum_2d",
    "test_r2": 0.9999318515977655,
    "best_params": {
        "steps": 20,
        "n_layers": 1,
        "lr": 0.5,
        "lamb_entropy": 0.1,
        "lamb_coef": 0.1,
        "lamb": 0.01,
        "k": 3,
        "grid": 10
    },
    "symbolic_formula": "0.399132638502632*sqrt(x_1 - 0.0478049665109197) + 0.219414085149765*log(6.39323568344116*x_2 - 0.252020359039307) + 0.172575064003468"
}