Feature,Mean_Abs_SHAP
x1,0.5403054321225489
x0,0.296180898293813
x4,0.14018850117429105
x3,0.05385442152150471
x2,0.03921270951016747
