{
    "dataset": "convex_seed_21",
    "test_r2": 0.9772186434036693,
    "best_params": {
        "steps": 50,
        "n_layers": 1,
        "lr": 0.5,
        "lamb_entropy": 2.0,
        "lamb_coef": 0.1,
        "lamb": 0.001,
        "k": 3,
        "grid": 3
    },
    "symbolic_formula": "3.92964467622409*(0.500124866715913 - x_1)**2 - 0.208519954620577*sqrt(x_2 + 0.0657327889569258) + 0.251068651676178"
}