{
    "dataset": "CO2HPx15",
    "test_r2": -2.0506322436978857,
    "best_params": {
        "sym_range": 50,
        "steps": 50,
        "n_layers": 1,
        "lr": 0.1,
        "lamb_entropy": 0.01,
        "lamb_coefdiff": 0.1,
        "lamb_coef": 0.01,
        "lamb": 0.01,
        "k": 3,
        "grid": 5
    },
    "symbolic_formula": "0.165421370184049*(0.819999980926514 - x_13)**4 + 0.0422201139740098*(-0.827864689612781*x_15 - 1)**2 - 0.0499706402479205*(-x_3 - 0.219999980926514)**4 + 0.0754556590366898*(-x_4 - 0.786032793012786)**2 + 0.0359434549916516*exp(10.0*x_1) + 0.17802908104026*exp(10.0*x_12) + 0.396166439371637*exp(0.800000190734863*x_5) + 0.393951169273546*exp(9.94799995422363*x_9) + 14.219464302063*tanh(10.0*x_10 + 1.19998109340668) - 0.0635438784956932*tanh(9.94579982757568*x_11 - 7.80800008773804) + 0.000333065778249875*tanh(10.0*x_6 - 2.19999980926514) - 13.504183597171 - 1.27847627623887*exp(-8.0*x_2) - 0.796141164614739*exp(-2.3725597858429*x_14) + 8.86563793756068e-6/(2.15719127655029 - 5.88328075408936*x_7) - 5.24349377816497e-6/(0.466691219020116 - x_16)**2 + 2.90383559331531e-5/(0.200386703014374 - 2.00400018692017*x_8)"
}