{
    "dataset": "CO2RRUR",
    "test_r2": 0.9955546363832087,
    "best_params": {
        "sym_range": 10,
        "steps": 50,
        "n_layers": 1,
        "lr": 0.5,
        "lamb_entropy": 0.1,
        "lamb_coefdiff": 0.01,
        "lamb_coef": 1.0,
        "lamb": 0.1,
        "k": 3,
        "grid": 10
    },
    "symbolic_formula": "0.000113146004821366*(-0.843773304433203*x_3 - 1)**2 + 0.341480365179526*(-0.356835012738685*x_5 - 1)**3 + 0.000125224351035854*(-0.843390000137672*x_7 - 1)**2 - 1.06840232627379e-5*(-0.840415359824768*x_8 - 1)**2 - 0.00583684910088778*tanh(0.319476991891861*x_1 - 0.972686529159546) - 0.0203336924314499*tanh(0.640358567237854*x_2 - 0.830138325691223) - 1.08367478847504*tanh(0.627115786075592*x_4 - 0.861952841281891) + 0.0571567788720131*tanh(0.303440481424332*x_6 - 0.982114493846893) + 0.566240608692169"
}