Feature,Global_Attribution_Score
Pd_P150,0.8962159
HX150,0.3066588
T_E110,0.114967324
Rr_D200,0.10025445
Pd_C301,0.061826807
F_S220,0.044439167
Pc_D200,0.021910015
HX100,0.015831176
HX220,0.01094038
L_R100,0.0047348524
T_E220,0.00044162507
T_E120,0.00019261142
Pd_C103,0.0
D_R100,0.0
P_V100,0.0
F_S220.1,0.0
