{
    "dataset": "convex_seed_15",
    "test_r2": 0.9609319123098031,
    "best_params": {
        "steps": 50,
        "n_layers": 1,
        "lr": 0.5,
        "lamb_entropy": 2.0,
        "lamb_coef": 0.1,
        "lamb": 0.001,
        "k": 3,
        "grid": 3
    },
    "symbolic_formula": "-0.0908903777599335*log(9.69840812683105*x_2 + 1.18149304389954) - 6.00496912002563*cos(1.11715662479401*x_1 - 0.556840419769287) + 6.26200008392334"
}