{
    "dataset": "convex_seed_16",
    "test_r2": 0.956314522231339,
    "best_params": {
        "steps": 50,
        "n_layers": 1,
        "lr": 0.5,
        "lamb_entropy": 2.0,
        "lamb_coef": 0.1,
        "lamb": 0.001,
        "k": 3,
        "grid": 3
    },
    "symbolic_formula": "3.52109109212489*(0.499515743363064 - x_1)**2 - 0.108935177326202*tanh(2.42628169059753*x_2 - 0.630093216896057) + 0.143765490502119"
}