{
    "dataset": "convex_seed_4",
    "test_r2": 0.9773634418288,
    "best_params": {
        "steps": 50,
        "n_layers": 1,
        "lr": 0.5,
        "lamb_entropy": 2.0,
        "lamb_coef": 0.1,
        "lamb": 0.001,
        "k": 3,
        "grid": 3
    },
    "symbolic_formula": "4.00116625825657*(0.500015837898035 - x_1)**2 - 0.131977900862694*tanh(1.20123791694641*x_2 - 0.148834109306335) + 0.150335902348161"
}