{
    "dataset": "exponential",
    "test_r2": 0.999974810203122,
    "best_params": {
        "steps": 20,
        "n_layers": 1,
        "lr": 0.5,
        "lamb_entropy": 0.1,
        "lamb_coef": 0.1,
        "lamb": 0.01,
        "k": 3,
        "grid": 10
    },
    "symbolic_formula": "-4.56556797027588*tanh(2.62177467346191*x_1 + 1.01102995872498) + 2.2670578956604*tanh(0.0997205600142479*x_2 - 0.0348590426146984) + 4.70791810750961"
}