Feature,Global_Attribution_Score
x4,0.987277
x6,0.06165696
x11,0.014686012
x10,0.002485352
x3,0.0013341799
x5,0.00056494324
x7,0.00050276984
x14,0.00021846991
x12,0.00020872416
x15,0.0001377416
x1,1.7354894e-05
x2,0.0
x8,0.0
x9,0.0
x13,0.0
x16,0.0
