{
    "dataset": "CO2HEx10",
    "test_r2": 0.8838027322244772,
    "best_params": {
        "sym_range": 50,
        "steps": 50,
        "n_layers": 1,
        "lr": 0.01,
        "lamb_entropy": 2.0,
        "lamb_coefdiff": 0.01,
        "lamb_coef": 0.1,
        "lamb": 0.01,
        "k": 3,
        "grid": 5
    },
    "symbolic_formula": "0.0563093517952848*exp(10.0*x_13) + 0.185419298215907*exp(9.51599979400635*x_16) + 0.0840036496715212*exp(10.0*x_2) + 0.0309032156975208*exp(10.0*x_8) + 0.185419298215907*exp(9.51599979400635*x_9) + 0.77463299036026*tanh(1.04133236408234*x_4 - 0.409466922283173) + 0.295907417441413 + 0.244835196815508*exp(-10.0*x_15) + 0.810145478390125*exp(-10.0*x_12) - 0.00459721172228456/(5.57998657226563 - 6.20001077651978*x_11) + 1.51664416989661e-5/(5.24061346054077 - 5.82418155670166*x_1) + 4.70332644574131e-6/(0.633300830948642 - x_7)**2 + 1.97254951071306e-6/(0.495883013379746 - x_5)**2 - 1.58815255661252e-5/(0.269886452453516 - x_14)**2 + 0.00704388553276658/(0.187259167432785 - 0.92806750535965*x_6) - 1.24630564989293e-6/(0.101582540758883 - x_10)**2 + 1.17196346366091e-5/(0.100047404224726 - x_3)**2"
}