Feature,Global_Attribution_Score
T_E110,0.987277
D_R100,0.06165696
HX150,0.014686012
Pd_P150,0.002485352
HX100,0.0013341799
L_R100,0.00056494324
F_S220,0.00050276984
Rr_D200,0.00021846991
HX220,0.00020872416
Pc_D200,0.0001377416
Pd_C103,1.7354894e-05
Pd_C301,0.0
T_E120,0.0
P_V100,0.0
T_E220,0.0
F_S220.1,0.0
