Feature,Global_Attribution_Score
x4,0.9839634
x3,0.114773504
x11,0.060101148
x10,0.053774334
x15,0.03818257
x12,0.026775891
x13,0.022563184
x14,0.015699076
x1,0.013056106
x7,0.012326233
x2,0.011634632
x6,0.0053969417
x5,0.0004954645
x8,0.0004323151
x9,0.0
x16,0.0
