{
    "dataset": "CO2HEx10",
    "test_r2": 0.8657757273033697,
    "best_params": {
        "sym_range": 50,
        "steps": 20,
        "n_layers": 1,
        "lr": 0.01,
        "lamb_entropy": 0.01,
        "lamb_coefdiff": 0.01,
        "lamb_coef": 1.0,
        "lamb": 1.0,
        "k": 3,
        "grid": 10
    },
    "symbolic_formula": "-0.0187766075534137*(-0.847044193510337*x_1 - 1)**2 + 0.0174789029094266*(-0.869661004573048*x_10 - 1)**2 - 0.0320101439165057*(-0.829145357393837*x_11 - 1)**2 - 0.0169395184508586*(-0.837069198126411*x_12 - 1)**2 + 0.0182119158046839*(-0.847393042789445*x_13 - 1)**2 + 0.0120172169993335*(-0.844392534692761*x_14 - 1)**2 - 0.0234764371486628*(-0.828353544021366*x_15 - 1)**2 + 0.0096048431559524*(-0.863775062285875*x_2 - 1)**2 - 0.150590646119688*(-0.843098524144184*x_3 - 1)**2 + 0.38929179752953*(-0.843379727818939*x_4 - 1)**2 - 0.000472079120071139*(-0.853716293173656*x_5 - 1)**2 + 0.00325803495759048*(-0.815833277867902*x_6 - 1)**2 - 0.0118078945287904*(-0.834525558939248*x_7 - 1)**2 + 0.000597792193646038*(-0.842307018717801*x_8 - 1)**2 - 1.08579915056951*exp(9.51599979400635*x_9) + 4.98342451749068e-8*sin(10.0*x_16 + 10.0) + 0.125453067943454"
}