Feature,Mean_Abs_SHAP
Angle (x0),0.17683271690798144
Multiplier (x1),0.17571553408809232
