Feature,Total_Effect (ST),First_Order (S1)
Multiplier (x1),1.0000732128053704,-0.004278544234214621
Angle (x0),0.9995896827385944,6.597138085528102e-05
