{
    "dataset": "convex_seed_20",
    "test_r2": 0.8687598958501498,
    "best_params": {
        "steps": 50,
        "n_layers": 1,
        "lr": 0.5,
        "lamb_entropy": 2.0,
        "lamb_coef": 0.1,
        "lamb": 0.001,
        "k": 3,
        "grid": 3
    },
    "symbolic_formula": "3.93187256289267*(0.499438337801822 - x_1)**2 + 0.0490739345550537 + 0.280926847702169*exp(-1.43231964111328*x_2)"
}