{
    "dataset": "P3HT",
    "test_r2": 0.5586674672089191,
    "best_params": {
        "sym_range": 10,
        "steps": 50,
        "n_layers": 1,
        "lr": 0.1,
        "lamb_entropy": 0.001,
        "lamb_coefdiff": 0.01,
        "lamb_coef": 0.01,
        "lamb": 0.01,
        "k": 3,
        "grid": 5
    },
    "symbolic_formula": "0.322081565856934*sin(2.26813530921936*x_2 + 4.58539247512817) - 0.0642765238881111*sin(7.68863296508789*x_5 - 6.92879676818848) + 0.0542251318693161*cos(8.41238021850586*x_1 + 10.2312707901001) - 0.0891621708869934*cos(10.0263547897339*x_3 + 10.1517505645752) + 0.477224788628519 - 0.00859742797911167/(0.409760564565659 - 4.56124019622803*x_4)"
}