Feature,Total_Effect (ST),First_Order (S1)
Exponent (x0),0.9127190035834682,0.9122898066111735
Linear (x1),0.08721198153047852,0.08689185931049906
