Feature,Total_Effect (ST),First_Order (S1)
Exponent (x0),0.9128660815604819,0.912469493302448
Linear (x1),0.08726648294007339,0.08724340536490037
