Feature,Total_Effect (ST),First_Order (S1)
Exponent (x0),0.9132922712115917,0.912912608718409
Linear (x1),0.08731675070024654,0.08743523142305472
