Feature,Mean_Abs_SHAP
Exponent (x0),1.5070345733909594
Linear (x1),0.49623102515379935
