Feature,Mean_Abs_SHAP
Exponent (x0),1.5288412361438894
Linear (x1),0.5104857473082199
