Feature,Mean_Abs_SHAP
Exponent (x0),1.481428407449178
Linear (x1),0.5043125113329624
