{
    "dataset": "convex_seed_23",
    "test_r2": 0.9730716457291909,
    "best_params": {
        "steps": 50,
        "n_layers": 1,
        "lr": 0.5,
        "lamb_entropy": 2.0,
        "lamb_coef": 0.1,
        "lamb": 0.001,
        "k": 3,
        "grid": 3
    },
    "symbolic_formula": "-0.182905238659544*sqrt(x_2 - 0.0457419233924581) - 2.93216609954834*cos(1.64609754085541*x_1 - 0.821495354175568) + 3.15151909738779"
}