Feature,Mean_Abs_SHAP
Exponent (x0),1.5235550528464565
Linear (x1),0.49278928816644807
