Feature,Mean_Abs_SHAP
Exponent (x0),1.5755993617992854
Linear (x1),0.5017294938700188
