Feature,Mean_Abs_SHAP
Exponent (x0),0.07610642338042063
Linear (x1),0.5292856557787419
