Feature,Mean_Abs_SHAP
Exponent (x0),0.07581854356915652
Linear (x1),0.5193949376202927
