Feature,Mean_Abs_SHAP
Exponent (x0),1.4968316295020592
Linear (x1),0.5076979252648871
