Feature,Mean_Abs_SHAP
Exponent (x0),1.6363358021180958
Linear (x1),0.48309030057072166
