Feature,Mean_Abs_SHAP
Exponent (x0),1.5007083745941205
Linear (x1),0.5257627545867359
