Feature,Total_Effect (ST),First_Order (S1)
Exponent (x0),0.9138771142275628,0.9138405055424798
Linear (x1),0.08620225018237859,0.08604926437909088
