Feature,Total_Effect (ST),First_Order (S1)
Exponent (x0),0.9150828265605616,0.9150487597027137
Linear (x1),0.08537935961515772,0.08538019115222507
