Feature,Total_Effect (ST),First_Order (S1)
Exponent (x0),0.9138813480201043,0.9139031046398426
Linear (x1),0.08619215852219395,0.08618761945711627
