Feature,Total_Effect (ST),First_Order (S1)
Exponent (x0),0.914005468958584,0.9140214851978679
Linear (x1),0.086191195144055,0.08621870321956215
