Feature,Total_Effect (ST),First_Order (S1)
Exponent (x0),0.023507734038057487,0.023551221958907805
Linear (x1),0.9764918578547241,0.9764471314333779
