Feature,Total_Effect (ST),First_Order (S1)
Exponent (x0),0.02351124859668534,0.023483064279273495
Linear (x1),0.9765171240339267,0.9764891170379302
