Feature,Total_Effect (ST),First_Order (S1)
Exponent (x0),0.9145689745098781,0.9145451757591659
Linear (x1),0.08538259273731,0.0853649762748073
