Feature,Total_Effect (ST),First_Order (S1)
Exponent (x0),0.914974599989453,0.9162901210124942
Linear (x1),0.0861967914860984,0.08613949616238709
