{
    "dataset": "P3HT",
    "test_r2": -0.32713856778176376,
    "best_params": {
        "steps": 20,
        "n_layers": 1,
        "lr": 0.1,
        "lamb_entropy": 2.0,
        "lamb_coef": 0.01,
        "lamb": 0.1,
        "k": 3,
        "grid": 10
    },
    "symbolic_formula": "0.280727964825928 + 5.64533377533682e-6/(0.829043596327715 - x_2)**2 + 0.000925471889786422/(0.76869809627533 - 7.64054250717163*x_4) + 2.5834237376166e-5/(0.366772915605451 - x_3)**2 + 1.43043926444016e-6/(0.140292873988036 - x_1)**2 + 2.78276173339305e-6/(0.10679958850102 - x_5)**2"
}