{
    "dataset": "P3HT",
    "test_r2": 0.5482383131080368,
    "best_params": {
        "sym_range": 50,
        "steps": 50,
        "n_layers": 1,
        "lr": 0.5,
        "lamb_entropy": 0.01,
        "lamb_coefdiff": 0.01,
        "lamb_coef": 0.01,
        "lamb": 0.01,
        "k": 3,
        "grid": 10
    },
    "symbolic_formula": "0.234243825078011*sin(2.21349406242371*x_2 + 4.29298496246338) + 0.0399685390293598*sin(8.92184162139893*x_5 + 2.01444458961487) - 0.0927068442106247*cos(10.034387588501*x_3 + 9.88985729217529) - 0.110527239739895*tanh(12.2195301055908*x_1 - 5.62285661697388) + 0.447929496069264 - 0.0189580228179693/(0.585351228713989 - 6.77585363388062*x_4)"
}