{
    "dataset": "convex_seed_14",
    "test_r2": 0.9807854664891288,
    "best_params": {
        "steps": 50,
        "n_layers": 1,
        "lr": 0.5,
        "lamb_entropy": 2.0,
        "lamb_coef": 0.1,
        "lamb": 0.001,
        "k": 3,
        "grid": 3
    },
    "symbolic_formula": "3.9235680612514*(0.499153893665235 - x_1)**2 + 0.176613715628602*(1 - 0.344383171669943*x_2)**3 - 0.00116848945617676"
}