{
    "dataset": "convex_seed_7",
    "test_r2": 0.9790725751232143,
    "best_params": {
        "steps": 50,
        "n_layers": 1,
        "lr": 0.5,
        "lamb_entropy": 2.0,
        "lamb_coef": 0.1,
        "lamb": 0.001,
        "k": 3,
        "grid": 3
    },
    "symbolic_formula": "4.19130923308191*(0.498972382620168 - x_1)**2 + 0.221589013934135*cos(1.0956118106842*x_2 + 8.27867603302002) + 0.278838209807873"
}