{
    "dataset": "CO2RRLCA",
    "test_r2": 0.9650413478277015,
    "best_params": {
        "sym_range": 10,
        "steps": 20,
        "n_layers": 1,
        "lr": 0.01,
        "lamb_entropy": 0.01,
        "lamb_coefdiff": 0,
        "lamb_coef": 0.1,
        "lamb": 0.01,
        "k": 3,
        "grid": 5
    },
    "symbolic_formula": "-0.635008958613106*sqrt(1 - 0.363638034642438*x_6) + 0.362852454185486*sin(0.703929841518402*x_2 - 0.614983916282654) + 0.000186317251063883*sin(10.0002908706665*x_5 - 9.99959278106689) - 0.00121913710609078*sin(6.21833181381226*x_8 + 8.98375415802002) - 0.22411447763443*tanh(2.09295225143433*x_3 - 0.410442143678665) - 1.06620752811432*tanh(2.67792463302612*x_4 + 0.629975199699402) + 0.00020451050659176*tanh(10.0000972747803*x_7 - 6.59974908828735) + 2.11741384491324 + 1.72344954942013e-6/(0.0810065673049244 - x_1)**2"
}