{
    "dataset": "CO2RRCC",
    "test_r2": 0.98027230444532,
    "best_params": {
        "sym_range": 10,
        "steps": 50,
        "n_layers": 1,
        "lr": 0.1,
        "lamb_entropy": 0.001,
        "lamb_coefdiff": 0.01,
        "lamb_coef": 0.01,
        "lamb": 0.01,
        "k": 3,
        "grid": 5
    },
    "symbolic_formula": "-1.89701163768768*tanh(0.380093425512314*x_4 + 0.0460116118192673) - 0.291414469480515*tanh(1.33481860160828*x_5 - 1.19018685817719) + 0.896662693208782 + 2.81179691228317e-5/(-0.0446926541626453*x_8 - 0.00637085922062397) + 1.03243421227289e-7/(0.911261867096977 - x_2)**2 + 1.62097473518889e-7/(0.0899829960132899 - x_6)**2 + 1.28276869619992e-6/(0.0885243477398755 - x_7)**2 + 7.36483293598051e-7/(0.0879889406087857 - x_1)**2 - 3.43953288993634e-7/(0.0829682320820113 - x_3)**2"
}