{
    "dataset": "mult_periodic",
    "test_r2": 0.008416891833056717,
    "best_params": {
        "steps": 20,
        "n_layers": 1,
        "lr": 0.5,
        "lamb_entropy": 10.0,
        "lamb_coef": 1.0,
        "lamb": 0.1,
        "k": 3,
        "grid": 5
    },
    "symbolic_formula": "0.503607109189034 - 7.43534319192877e-6/(0.882334532927723 - x_1)**2 + 0.000469821834963743/(0.0402421862698788 - x_2)**2"
}