{
    "dataset": "convex_seed_12",
    "test_r2": 0.9746989706795259,
    "best_params": {
        "steps": 50,
        "n_layers": 1,
        "lr": 0.5,
        "lamb_entropy": 2.0,
        "lamb_coef": 0.1,
        "lamb": 0.001,
        "k": 3,
        "grid": 3
    },
    "symbolic_formula": "3.94798574163173*(0.501058887199509 - x_1)**2 - 0.144553959938138*sqrt(x_2 - 0.100043944274572) + 0.185596697032452"
}