{
    "dataset": "convex_seed_18",
    "test_r2": 0.9800465508085348,
    "best_params": {
        "steps": 50,
        "n_layers": 1,
        "lr": 0.5,
        "lamb_entropy": 2.0,
        "lamb_coef": 0.1,
        "lamb": 0.001,
        "k": 3,
        "grid": 3
    },
    "symbolic_formula": "-8.04839134216309*cos(1.012202501297*x_1 - 0.508019208908081) - 0.112909406423569*tanh(1.6007022857666*x_2 - 0.286753863096237) + 8.19358666520566"
}