Feature,Mean_Abs_SHAP
Conditional (x0),0.5666389367995143
Linear (x1),0.5098716932446828
