Feature,Total_Effect (ST),First_Order (S1)
Conditional (x0),0.5543982748826863,0.5543770646450079
Linear (x1),0.44557639497477347,0.44542247855992
