{
    "dataset": "convex_seed_28",
    "test_r2": 0.9836146269978333,
    "best_params": {
        "steps": 50,
        "n_layers": 1,
        "lr": 0.5,
        "lamb_entropy": 2.0,
        "lamb_coef": 0.1,
        "lamb": 0.001,
        "k": 3,
        "grid": 3
    },
    "symbolic_formula": "-3.10448169708252*cos(1.69665861129761*x_1 - 0.850150227546692) - 0.135480269789696*tanh(1.20162534713745*x_2 - 0.128519296646118) + 3.25625899806619"
}