{
    "dataset": "convex_seed_9",
    "test_r2": 0.9840426291704799,
    "best_params": {
        "steps": 50,
        "n_layers": 1,
        "lr": 0.5,
        "lamb_entropy": 2.0,
        "lamb_coef": 0.1,
        "lamb": 0.001,
        "k": 3,
        "grid": 3
    },
    "symbolic_formula": "4.14337526018622*(0.499989697674102 - x_1)**2 - 0.183935447062322*sqrt(x_2 + 0.135399370796703) + 0.243038669228554"
}