Feature,Total_Effect (ST),First_Order (S1)
QAgNO3(%),0.5022618005789038,0.3729347752832872
Qseed(%),0.3069885648027609,0.1499774982640768
Qtsc(%),0.2611676947105978,0.15927843497614885
Qtot(uL/min),0.15314890521287622,0.06140722357068098
Qpva(%),0.03241973164919645,-0.002693373517728349
