Feature,Mean_Abs_SHAP
Qseed(%),0.1083929899694902
QAgNO3(%),0.10538458628404193
Qtsc(%),0.06777673318815786
Qtot(uL/min),0.028841842453872266
Qpva(%),0.0117602322128629
