Feature,Mean_Abs_SHAP
X Offset Correction,0.09112098414480181
Y Offset Correction,0.07842378835387823
Print Speed,0.05589453590453175
Prime Delay,0.04757207154394206
