Feature,Total_Effect (ST),First_Order (S1)
X Offset Correction,0.5393230339128644,0.49267163874449127
Y Offset Correction,0.352027790982987,0.2901796500117352
Prime Delay,0.15362200497663417,0.09654602661276288
Print Speed,0.06855898811157773,0.013610929906916883
