Feature,Mean_Abs_SHAP
theta,0.08117298485179476
r,0.054093138731590364
n,0.048170162953833945
t,0.02801229571364883
