Feature,Mean_Abs_SHAP
D1 content (%),0.09468203268118433
P3HT content (%),0.05669816015720504
D6 content (%),0.04157401359168972
D2 content (%),0.023144331466852634
D8 content (%),0.01501154674086518
