Feature,Mean_Abs_SHAP
MAPbI,0.11493187178375248
FAPbI,0.05834025736926255
CsPbI,0.04966033147926322
