Feature,Mean_Abs_SHAP
Denominator (x1),0.2437863829994353
Convex (x0),0.24344139731965667
