Feature,Total_Effect (ST),First_Order (S1)
Denominator (x1),0.8079175808921019,0.3756417746577072
Convex (x0),0.5783438159037368,0.26696426557754716
