{
    "dataset": "CrossedBarrel",
    "test_r2": 0.38678814271435136,
    "best_params": {
        "sym_range": 10,
        "steps": 50,
        "n_layers": 1,
        "lr": 0.1,
        "lamb_entropy": 0.1,
        "lamb_coef": 0.1,
        "lamb": 0.01,
        "k": 3,
        "grid": 3
    },
    "symbolic_formula": "-0.0616898779054924*(-x_4 - 0.2058448550668)**2 + 0.0626498907804489*tanh(4.19997358322144*x_1 - 1.2927964925766) + 0.124839410185814*tanh(4.86398506164551*x_2 - 2.02254605293274) + 0.0800062865018845*tanh(4.54791927337646*x_3 - 1.58541488647461) + 0.302895841887221"
}