{
    "dataset": "CO2HPx10",
    "test_r2": 0.8503121070091578,
    "best_params": {
        "sym_range": 10,
        "steps": 50,
        "n_layers": 1,
        "lr": 0.1,
        "lamb_entropy": 0.1,
        "lamb_coefdiff": 0,
        "lamb_coef": 0.01,
        "lamb": 0.01,
        "k": 3,
        "grid": 5
    },
    "symbolic_formula": "0.226015345106134*(0.559999990463257 - x_7)**4 + 26.9648685455322*tanh(9.99999809265137*x_10 + 1.19986867904663) - 0.14020499587059*tanh(9.41831970214844*x_11 - 6.84583806991577) + 0.0638782605528831*tanh(5.51112031936646*x_4 - 3.75791954994202) - 26.2152838302561 - 1.17904895964348*exp(-6.80000019073486*x_5) + 3.63373530437795*exp(-0.399999618530273*x_3) - 13.0182724827307*exp(-4.00000095367432*x_2) + 3.43583293886304*exp(-1.25599980354309*x_14) + 0.000603197491727769/(3.22856593132019 - 3.61999559402466*x_15) - 8.87873928716113e-6/(0.610110303454849 - x_1)**2 + 1.87942710721343e-5/(0.609555979790431 - x_8)**2 + 1.78905611341953e-5/(0.554925736866633 - x_12)**2 - 7.13147129798775e-7/(0.406033967382339 - x_6)**2 - 1.97171060619079e-5/(0.109996117873592 - x_13)**2 + 2.65509603044004e-6/(0.0999999576628618 - x_9)**2 + 2.65509603044004e-6/(0.0999999576628618 - x_16)**2"
}