{
    "dataset": "CO2HPx10",
    "test_r2": -0.010031391551323932,
    "best_params": {
        "sym_range": 10,
        "steps": 50,
        "n_layers": 1,
        "lr": 0.1,
        "lamb_entropy": 10.0,
        "lamb_coefdiff": 0,
        "lamb_coef": 0.1,
        "lamb": 0.01,
        "k": 3,
        "grid": 5
    },
    "symbolic_formula": "0.34294119104743 + 0.0242541821435788/(1 - 0.981228186964484*x_13)**2 + 7.8456106295139e-5/(0.906045514720537 - x_10)**2 - 1.11495719592743e-5/(0.863629474056251 - x_11)**2 - 0.000189178070286289/(0.784232258796692 - 7.83241319656372*x_4) + 0.000780222413595766/(0.783937454223633 - 7.82004737854004*x_1) + 8.86854473839998e-5/(0.714655137129737 - x_7)**2 + 5.01054355662654e-5/(0.613210920995448 - x_5)**2 + 3.44086405835468e-5/(0.609902631332172 - x_8)**2 - 3.14374234539681e-6/(0.575825741277789 - x_12)**2 + 9.35372305184052e-6/(0.394364358774709 - x_2)**2 + 0.00423875451087952/(0.380110234022141 - 3.59998679161072*x_3) + 0.000697661216460253/(0.224887494262647 - x_15)**2 - 0.000230200763326138/(0.167895808815956 - 1.40000784397125*x_14) + 0.00094675540458411/(0.153098851442337 - 0.799958348274231*x_6) - 7.64678256031921e-7/(0.0999999576628618 - x_9)**2 - 7.64678256031921e-7/(0.0999999576628618 - x_16)**2"
}