Feature,Global_Attribution_Score
x3,0.66803694
x6,0.47723725
x2,0.32798788
x10,0.31779602
x11,0.24490285
x5,0.16509594
x15,0.093506396
x8,0.08155638
x4,0.0649439
x12,0.053125713
x14,0.05199619
x7,0.03490399
x1,0.029534092
x9,0.0
x13,0.0
x16,0.0
