Feature,Global_Attribution_Score
x10,0.8962159
x11,0.3066588
x4,0.114967324
x14,0.10025445
x2,0.061826807
x7,0.044439167
x15,0.021910015
x3,0.015831176
x12,0.01094038
x5,0.0047348524
x13,0.00044162507
x8,0.00019261142
x1,0.0
x6,0.0
x9,0.0
x16,0.0
