Feature,Mean_Abs_SHAP
Log (x0),0.5051619119929984
Linear (x1),0.48333720211189657
