Feature,Mean_Abs_SHAP
Log (x0),0.3940962348016466
Linear (x1),0.5068574410253474
