Feature,Mean_Abs_SHAP
Log (x0),0.5108776657704307
Linear (x1),0.4853670688039734
