Feature,Mean_Abs_SHAP
Log (x0),0.16705441454792086
Linear (x1),0.4857373706416542
