Feature,Mean_Abs_SHAP
Linear (x1),0.4940277155806699
Log (x0),0.4927740416204564
