Feature,Mean_Abs_SHAP
Log (x0),0.38429035796337546
Linear (x1),0.5095779205343471
