Feature,Mean_Abs_SHAP
Log (x0),0.16632247896339605
Linear (x1),0.48223540017812927
