Feature,Mean_Abs_SHAP
Log (x0),0.5009615944890987
Linear (x1),0.5085994123537861
