Feature,Total_Effect (ST),First_Order (S1)
Log (x0),0.10497150122120388,0.10497020654804011
Linear (x1),0.895029689945398,0.8950294558215136
