Feature,Total_Effect (ST),First_Order (S1)
Log (x0),0.5247959743315291,0.5241961675755606
Linear (x1),0.4759819585127984,0.4751878086333221
