Feature,Total_Effect (ST),First_Order (S1)
Log (x0),0.5244677571945634,0.5244767642085538
Linear (x1),0.47556219060226684,0.4756375864113683
