Feature,Total_Effect (ST),First_Order (S1)
Log (x0),0.5244942316078209,0.5243947407104117
Linear (x1),0.47554169625456566,0.4755798354679262
