Feature,Total_Effect (ST),First_Order (S1)
Log (x0),0.3872124650905413,0.3871723757084378
Linear (x1),0.612728556184857,0.6127244725887968
