Feature,Total_Effect (ST),First_Order (S1)
Log (x0),0.10497654083409956,0.10494262474104904
Linear (x1),0.8951972008924015,0.8951944685611957
