Feature,Total_Effect (ST),First_Order (S1)
Log (x0),0.38736576506803994,0.38734441246172663
Linear (x1),0.6127500450046384,0.612782953266346
