Feature,Total_Effect (ST),First_Order (S1)
Log (x0),0.5241779783906956,0.5246671581377806
Linear (x1),0.47530887233464947,0.47570867495251296
