Feature,Mean_Abs_SHAP
Current density (A/cm2),0.0013331740161519677
Voltage (V),0.04715329512175235
Faradaic efficiency,0.06277844137891402
CO conversion,0.056017780344927506
Crossover rate,0.0015230503745569909
Capture energy (MJ/kgCO2),0.023760566421394517
Electricity price (USD/kWh),0.0015266161004911932
Membrane cost (USD/m2),0.0011961747961876724
