Current density (A/cm2),Voltage (V),Faradaic efficiency,CO conversion,Crossover rate,Capture energy (MJ/kgCO2),Electricity price (USD/kWh),Membrane cost (USD/m2)
-0.0005592149328934932,-0.039667025717820235,0.05497435052969549,-0.08959748839642083,0.0,0.04069158409658213,0.0004994372916203101,-9.9497192757661e-05
-0.00044969566199253545,0.05987449718774262,-0.00450486131275145,-0.06668442988318382,0.00011360728842510492,-0.027213358209052664,0.0008705768586917689,-0.00022039472161561942
6.859026515051766e-05,0.09315000752070292,-0.06088374110337292,-0.020157080407950074,-0.0007190766148591642,-0.0019050321033195637,0.0010151758037852665,-3.99961063420988e-05
0.0011692411535429129,-0.05186681828461819,-0.05620987380394734,0.018851446310850867,-4.504653385636881e-05,-0.044506935339972985,-0.0006775468290050898,-9.255768259360671e-05
-6.174022305455162e-05,0.016641327143080115,-0.04950743507506899,-0.06681795132335444,0.0001697623465609753,-0.011604495263899332,-0.00025095554998362497,-6.43124968019153e-05
0.0004747462189213686,0.022042256283169998,-0.005847164322130161,0.10877082935676406,0.00034567121326584534,0.05401595135915879,0.0003584577722632403,-0.0002776021115882821
0.0006871844884465666,-0.08880056554635671,0.040455266854243686,-0.008436836994162837,-0.00020621772078861295,-0.03457285777039144,0.0006426597014102007,9.211923414657874e-05
0.0007602895259460395,0.055699281904531564,-0.05907735680850127,0.1441458455630041,4.309171581405591e-05,-0.05537296161596552,0.0001443429280871558,-0.000871200894896888
-0.00025010785516912823,-0.03255858484520412,-0.07797932738024171,-0.05718471775201883,-0.0003818199524312357,-0.02672039168236961,-0.000457416269648438,-3.132451396400948e-05
-0.0010041730290787625,0.0009619240550196915,-0.09009358917220185,-0.051612047077944874,-0.0005902051940157215,0.038605070546525955,0.0005763119000681688,0.0
0.0006462300493328358,-0.004434408419302907,-0.020395603236082253,-0.024379688484848564,-0.0006135906678589705,-0.025209828725118063,-9.693166981386558e-05,0.0
-9.216893067091891e-05,0.07373097635948114,-0.052206744991418905,0.0487222473886351,0.00029146916839734553,0.055549310772951964,-0.00023341729381059053,-0.001230208475692247
-0.00015029880235928328,0.06401859835850421,0.11063695588027214,-0.04436839532205478,0.0,-0.022821291616284982,0.0011630409813440992,0.0
0.00046048854473271087,-0.0683667704532355,0.12183409748909331,0.06597621501968862,0.0,-0.05512433260824524,-0.00034693953570903713,-0.0004902537011684949
0.000551578540543968,-0.0473418473147174,-0.08301760526578593,0.011091901923821675,-0.0004157079577966673,-0.0342775399951098,0.001166620910934015,-5.398481704929625e-05
-0.0001352478198530389,0.0811268667019211,0.04475963573992285,0.001603348421781274,-6.22932530496556e-05,0.01757948837116562,0.00021531366160040553,-0.0007141182984051917
-0.0010165976551790913,-0.0800257763852947,-0.06077894998626588,0.01869120429090906,0.0006269848145584367,-0.042445078524066725,0.00034232953886477436,0.00030498902343931156
0.0008587957789974281,0.016848216446726696,-0.013112760528832573,-0.04999655421630048,-0.0004663901685577135,0.001438042612545678,0.0008390761744748636,0.0
-0.00037139884100328,0.09070867474112126,0.016065906856814558,-0.020803948017690723,6.475734827506019e-05,-0.006181610595235583,0.0006862204443958875,-8.131648759233793e-05
-0.0010031158414258896,-0.08243656434377199,-0.002638687740162897,0.027818912712933744,0.0,0.027612447178079598,9.336691699545971e-05,0.0004599493164633067
0.0005000062987263102,0.060161953637198645,0.14404436530044454,-0.041052627715236385,0.0,-0.016696139144540104,-0.0012035400091011121,-0.00013338475577440168
-0.00012800957272728064,-0.006065805041414507,-0.06301893741741811,-0.020647597652093595,0.0007418925014351606,0.020735956292208913,0.0010111624764917752,-0.00013333727221900358
0.0004996826128261185,0.04033204767771784,-0.02144105615281726,0.07535534560515623,-0.0004310232893982074,-0.017902299920705664,-0.00014017967110788176,0.00017399240127251303
-0.0011843980847534984,-0.008196159200093554,-0.09374880714999938,0.024993945404474385,5.581683209449766e-05,-0.045735866930233085,-0.0011901919770932732,4.897119266128458e-05
-0.0005119085472773599,-0.0030668393564328837,-0.10084093083128438,0.11106316615720811,4.815492235633878e-05,0.07341356117389912,0.000676629560657066,0.0014279411195290482
0.00021344359226592788,0.05114099809921559,-0.03226311798330257,0.02215891858062182,-6.375452864546388e-05,-0.012471105850184858,-0.00010158071735309491,-5.482197504512801e-05
0.0,0.0866650193778279,-0.09160675497056568,-0.010950750030879511,-0.0001959075547804596,0.010685314389157943,0.0005418016564108014,-0.00013282913043307417
-0.00041528233734933206,-0.06956718692013396,0.118880385098618,-0.05163313879945703,0.0,0.024707600624092052,0.0008463808161021054,-5.2014679051654716e-05
0.00011596287667185734,-0.050349057134107575,0.02416557400706479,-0.01980159697173999,-8.546352389981518e-05,-0.03648122667502451,-0.001184518161312885,-0.00025160579054636835
0.0005854704508863121,-0.05799842887690965,0.12636300435736791,-0.041006748610742355,0.0,0.03050592171797285,0.0007174720815156279,0.0
0.00013965953602490929,0.057741940519928876,0.11710129364715446,-0.0037845991207065837,0.0005446552806989679,0.030263811207250652,-0.00014429705139148985,-0.000561421983239337
-0.0006433651075285151,0.07795408353209508,-0.08620762127725129,0.02892151702430613,-0.00013759576208001445,0.020664653424713547,-0.0005830604539507468,0.0011518722223488246
-0.0009411737838013953,0.039794362859630505,-0.04032023358379794,0.016486374238982394,0.0,0.001574349846713972,0.0,-0.00034934816851110023
-0.00018158989087733654,0.03752562884424727,-0.013933555499693533,-0.03068166339375645,0.00011946213537925817,0.013338841423343765,0.0012576040828497202,0.00013759089188257828
0.0001812974691356071,-0.05005021998085599,0.08237297137346944,-0.07390040308527164,0.0,0.0142550734156511,-0.000954151497026067,-0.00012013809354708554
0.0007692027739762005,-0.0044317458110797086,-0.06434747619625156,-0.06868572122596468,-0.00033602409810529383,0.03491603076314825,0.0007013639331699675,0.00010316406022831126
-0.00020123615290887776,0.016534137645937468,0.1274158641025364,-0.00882971918625508,-7.109846822832278e-05,-0.0144040604627624,0.0003896176150244826,-0.00017076615396390034
0.0001483841029232894,0.09760300049920474,0.042700557070286825,-0.08734083158896541,0.0,0.04145199923372049,-0.00040436661555133497,-0.00012681039156756113
-0.000316474670659527,-0.02785494529198901,-0.05352375186520225,0.06172918021380257,-4.85534629801887e-05,0.010811805070122136,0.0005093743968298047,-0.00021504838082628535
0.0011456512481097135,-0.06563894495604441,-0.012106288696149633,-0.032875770302551226,0.0007178843175208449,-0.02037336241499142,0.000857494249760959,0.0
-0.0003318333931604313,-0.024096037395053192,0.057978087166557196,0.13579924897853662,-0.00020801566666037714,0.007294703381857986,-0.0004852700812760887,0.00013675496133144782
0.001141816691296732,-0.06507889652417323,-0.05167866657156668,-0.05564682750982556,-0.0005186967456585128,-0.0011559163650828673,-0.0008122690496929558,0.0
-0.0006628364391614957,0.08310194872879266,-0.08875205512581323,-0.027167168368481952,-0.0003923033846643668,0.024240197744642214,0.0002515784543762145,9.131401244289773e-05
0.0002772873991221262,-0.09298620067464568,0.03966241937859369,-0.020494343655152514,-0.00021839470895917978,0.0005231950085951517,-0.0009043763018709285,0.0
0.0004919473099678889,0.03293599249736438,-0.051286941924904524,-0.04904404607442387,0.0007045788843575037,0.0004095460367183392,0.00025231170250683153,5.5454875427685124e-05
0.00023109296393433731,-0.03527576803381873,0.05129406514806818,0.11449611225339978,0.00045704809887026006,-0.04569840464354944,0.0002381233326216794,0.0007530761928917124
5.01387164984506e-05,0.0031349959556312905,0.10559273289748547,-0.0052471780953727894,0.0,0.0001876564914258142,0.0011680748680937458,2.0421320948829647e-05
-0.0007090321626245142,0.0030400709520971873,-0.09775693466443791,0.093478038164125,-7.01039202598789e-05,-0.010419946078531379,-0.0003228596480130275,-0.001194995706142801
-0.00034628895340034027,0.08037420719456893,-0.010004192596901927,-0.09175136282955133,9.849920384293921e-05,0.03503766729430021,-0.0009657729875130106,0.0
-0.00028746704033933584,0.016703065689977724,0.02347804581599381,0.1453237951665837,0.0004487905599204826,0.07454491114559202,-9.408960758050533e-05,0.0006456632496504899
-0.0007471210708193789,-0.06177675157233207,-0.027517543876513874,-0.04378077614168313,-0.0004293078325490957,0.0388440441434942,0.0003616270115541494,9.245790062871462e-05
-0.00029973652184444406,0.05846012921330125,-0.02591244182679075,-0.042442885283359134,-0.00026612370398203407,-0.03736010052263047,-0.0009373145365965604,8.492417080841613e-05
-0.00018410332377797077,0.04947160436374366,0.13259922809320077,-0.007674005714803798,0.0,-0.03656820820396685,-5.117621381078852e-05,0.0002784813715192311
-0.0009948068484410353,-0.09663315001778637,0.021653541362123732,-0.01961073260854293,-0.00026462272008439603,-0.00026579889144096665,0.000785607942908266,6.777314989606098e-05
0.0005804878552347764,0.061573275759042714,-0.11172517875408729,0.1281907002595635,0.0,-0.030832173172898145,-0.0008028977872153254,-0.0004738653935397421
0.0003462099217405339,-0.054483103933974805,-0.0064503593523785275,-0.03877360624791063,0.0,-0.0006107336008024365,0.0009809808726984814,0.00010254538489766485
0.0002407362931259474,0.04471903367502611,0.14175267109544584,-0.005505012736934587,4.230912860545e-05,0.011995589469696899,-0.0009160950035102442,0.0
0.0011628608820446241,0.055333994122639764,-0.10474413714726204,0.00245080987074675,0.0005534775992008264,-0.04054249880679496,0.0007987956303189664,-5.9487211806028006e-05
0.0009916862779339624,0.019348930379425543,-0.06730448091684764,-0.013577834029309805,0.0008226023365596608,-0.03636421314682807,-0.0013558552494865842,0.0
-0.00011756052434755219,-0.007757139291736029,-0.07089940403229059,0.00012428151396992604,0.00036336140718791325,-0.01767844972759633,-0.00019322898700452524,-0.00011852718073613442
-0.00014859284560959557,0.07901811719740151,0.01684973027200475,-0.0007355360789693537,-7.563847938851787e-05,-0.03011724086012709,-0.0006038573697553767,0.0
-0.0005921110360871768,0.025297717164032858,-0.03383441080492463,-0.007719953474006525,-4.071012620730785e-05,0.0590059931144611,0.0002462099952259726,-0.0006438526089615336
9.864158539387574e-05,0.059892722799444284,-0.01047148014736543,-0.06574123438787707,-0.00014361973233588727,-0.015093390462729783,0.00012536646863443477,0.0
-0.0005679516756983631,-0.031667916250779346,0.034121505592975505,-0.019508838271756746,0.0,0.018456883851186632,0.00029857146206169893,-5.933646780347597e-05
0.0006492748254243482,-0.06143584046969169,-0.08873337723927766,0.05113213036124429,-0.0001366163477037898,-0.048637469753969834,-4.794010197842202e-05,-0.001357794999622541
5.8245736814399596e-05,0.08716757287989646,-0.051555255312141356,-0.0952474856041925,-0.0007959228477191965,0.029164898266741488,-0.000992700690562737,7.080500723540246e-05
0.00032975733182052935,-0.05079878282521963,-0.08416455606210264,-0.07207445659651718,0.0006491693584515471,-0.027010455747390517,-0.0010397782170326038,0.0
9.904696865525864e-05,0.10491794733233847,0.0793638593805525,0.11924971441845583,0.0004635048033881999,0.03728001085996017,-0.0004803772653418307,0.0006912853753098451
-0.0003006214420449571,-0.0069194480566899625,0.02547848511920493,-0.011847777183337713,0.0003631799370516292,0.040497417397625364,0.0003470626213301507,0.0005594334528493412
-0.00035463199838924546,0.010000969682777342,0.08058266667076203,0.09621097950130515,-0.0002804857373177039,0.07332332988282318,0.0004999566834476517,0.0004308929516291133
0.00024060248616458973,0.023882417846492983,0.022222093053642502,-0.0729038896920543,-7.53286545983195e-05,-0.02169547308934998,0.0003893851056626211,0.00017464292083525532
-3.023095506610174e-05,-0.05349414251883283,0.01538548084794525,-0.0794944986431989,9.995388116638161e-05,-0.010152693251331403,-5.37832361145548e-05,0.0
0.0005324905583194831,0.08913125207607986,-0.04610132259333229,0.03934094173559776,-7.103784480545078e-05,-0.05078154172603518,-0.0001861572600830864,0.00017864649012495928
-0.00028031631911776576,0.006348877904664142,0.10800534025824049,-0.06750792065783448,0.0,0.011266751891475277,-0.00042549929783776717,-9.776083585084222e-05
0.00020661794530356015,0.08601506129977181,0.005447741365796228,0.07252957290771736,-7.99898011789868e-05,0.06810596250555434,-0.00045267392001947587,0.0006783019791034114
-0.00019185184346639947,0.02367325288728089,0.00926439207271262,0.15938111764393617,-0.0005125163587958742,-0.018625820962147082,5.5208733198253146e-05,-0.0012621921758379931
0.0002417336769345605,0.04599690486416651,0.0664006945499203,-0.031708563597511466,-9.55554701658895e-05,-0.02128507732009769,0.0011249353549117362,0.00027320265906957794
0.0003704358442574648,-0.005085685654656819,-0.060123513119987274,0.020658528314576447,-0.00018602354194406298,0.06109521069168145,0.0007761631547849845,0.0007400824308151569
0.001180007901163643,-0.017122402211654335,-0.04098171955638365,-0.06082549217790927,-0.00015124268715588363,-0.01450748934693929,0.0006776249285823628,0.0
0.0005658649229449926,0.00766277308321238,-0.10111109135722578,-0.052153815531788314,-0.0007373266848114072,-0.018604774830164664,-0.00029831287150732704,-7.30886979244949e-05
-0.0001481422600095839,-0.023528424796094266,-0.10363733980582487,0.05386013646541019,7.211618721753021e-05,-0.022204984571636815,-0.0006412245389190774,0.0009721216834528804
-0.00024842872797169836,-0.0055925531431200055,0.11764173123883886,-0.01203664186524243,0.0,-0.017480256974362906,-0.0003436538414582027,-0.00023364870193504084
0.00032070417547041993,0.05195090799950883,-0.0983797927299206,0.18642177168912655,-5.856948191129696e-05,0.05548145850184197,-0.00017447426501465425,-0.0010167283502617295
-0.0003694261224565511,-0.07806630659595586,0.053535959065885486,0.0087370301670363,-0.0001295010025213753,0.017800453909474316,-0.000395944069700911,-9.692622410246488e-05
-0.00034478185683110314,0.05169851470359208,0.062130842971752816,0.019820408496648626,-0.00029083092057438664,-0.00045706638099502763,9.855655279136788e-05,-0.0007167558088092211
0.0006388294989098861,-0.05000508910208176,-0.07899873225643293,-0.07097026332818124,-6.039800499338388e-05,-0.011011376224797495,0.0005113533246473836,-0.00012089683510116648
6.294354632088717e-05,-0.01123101016171355,0.06083498182550542,0.15296852769706015,-0.0007509751047406917,-0.02568718167532606,0.00025087891229823707,0.00107305886345981
-0.0006794974289210385,0.03300941378069907,-0.041733177487032966,-0.05267207426578658,0.0002841143064002752,0.01186872074832151,-0.001134905808081057,0.0
-0.00030333512730819205,0.056807355275109765,0.11317427697625984,0.13340878607225612,0.00013658675195177272,-0.06287588531772167,-0.0005723791938128039,-0.0005206726428818833
0.0012130023098977484,-0.04800625345094437,-0.06262782795750305,-0.04515781055974029,-0.00039757101127736423,-0.008138444257383302,-0.0004899051777122962,-7.50038871862313e-05
-0.0006026520047075739,0.08181150537986726,-0.026265306779602246,-0.046520929350760576,-0.0002960294555648443,-0.03912236288493165,-0.000958287555820523,0.0003232454801297274
0.0002853234941060192,0.050245960530392035,-0.10510631884562512,-0.07685588257419415,0.0006820892470771017,-0.01743246732159072,0.00044105493596163136,9.731214941213762e-05
-0.00026225933047152074,-0.09897782564793936,0.12455471141271567,-0.04677514317984051,0.0,0.010576167190193443,-0.0006944993947308807,0.0
0.0012005197841923724,-0.005668695155674411,-0.08485678418800234,-0.03706670256647311,-0.0004176695793956682,-0.030152812439843982,0.00020267671008117327,0.0
0.00035126048557609924,-0.06914119322173735,-0.06570455721541277,-0.05991928224306625,0.00039416644928113963,-0.027738739225257904,-0.0008641335923336559,0.0
-0.000343716716746093,0.064913211626031,0.007994757353690284,0.024485130419578116,-0.0003381593613824517,0.01465221300591442,-0.00020453760134329924,0.00015083792628034287
0.0007458003594411256,0.07302875095968087,-0.10626172630051989,-0.07303913164819846,0.00036420447067942623,0.02517343194151401,-0.0008418852342847418,9.53762199516206e-05
-5.119031677150443e-05,-0.014286343260644655,-0.09931224258985932,0.0005633325436533656,0.0001376715141800134,0.048967706036468474,0.000788620367539526,-0.0008128886652932609
0.00045603379309919163,-0.03633436235492296,0.03874647477427915,0.04984311668645406,-0.0004111734638923281,0.059844881158327895,-0.0005565535636172112,-0.0007870245184200731
-0.0006029683412916312,-0.02184749427647314,0.05303031889709978,-0.004253163387810743,-8.561905857643742e-05,-0.03662053983929348,-0.0011992011582653678,-9.257139928088577e-05
-0.0008622203132076354,-0.07304464240668399,-0.0248642380039774,-0.04383770634853782,-0.0007545633525498728,0.03170119667235264,-8.714791197241951e-05,0.00014273354423066653
-0.0005207640693891833,-0.1012505300756905,0.08175928238426437,-0.03361673394121792,0.0,0.04051521592384339,-0.000741804617826239,5.431968121469288e-05
-0.0004420204980197164,0.036526073768254064,0.075554763272732,0.003689368529118163,0.0,-0.04077204541290887,-0.0005864794320464884,-5.095724244283395e-05
-0.00016767204509567056,0.02219135546608898,0.101296657606562,-0.0042690146780164145,-5.474201404583201e-05,-0.02040083754949027,0.0005483748843022057,-3.4417881474735346e-05
-0.00021696757213772398,-0.05789585420801394,0.12926690092192974,0.05129117411078165,0.0003132469931707655,0.06856789294836081,0.0004743083385838032,-0.00020263507397805247
0.00012494988647553085,-0.02834267396483955,-0.09280814479060638,-0.05926427711690782,-7.142121753909529e-05,-0.028199440294989636,-0.0006915386801409879,-2.293088574817359e-05
0.0004217317417122002,-0.04538709411618331,-0.08326034605962873,-0.019603677536194245,0.0004383980269163598,0.02377204091327126,-0.0007904769122668082,-0.0008020024876359043
-0.0007191953190567,-0.04678908323408572,-0.05987656167060201,0.1680401193143353,6.426182781228348e-05,-0.03238877781870992,-0.0007363566552723078,-0.00011944363163592126
0.0007998914072027775,0.017904404805233,-0.02292075694737672,-0.029747670895186963,-0.0006967822328487307,-0.008274576170923234,0.0,-2.440926943273608e-05
-0.00024586372920071264,0.09383573026714064,-0.03334385812953616,0.13529550843705973,0.0004554980371660298,0.07254815936385206,-0.0003938214708796543,-0.0010505479189574555
0.00023823559110511226,0.05159280607077247,0.14289253874158903,0.11261243221786377,-0.0008396849141884423,0.06562389862737861,-0.0002334076564681209,0.0008055585878269752
0.0005064191299018056,-0.10396253970490565,0.09233463884024021,0.01083732736714957,0.0,-0.03132707374287249,0.0007414059584599543,0.0
0.0003037685069003801,-0.01696170690756858,0.07408374671302781,-0.08497417012882494,0.0,0.019569085069295954,0.0009890736004284438,3.363323067385061e-05
-0.0005505371856882396,-0.06020350134235873,0.1223192487344793,-0.03850925746052912,0.0,0.02725777766734102,-0.0006302268879923713,0.00015158055792080516
-0.00022582895577074637,0.06276076543983806,-0.08280875338976884,0.004543577280078177,-0.00026047371578419835,0.014326694391119605,0.0,0.0004931648095653957
0.0008690596775227478,0.025027554132025898,-0.042271546474429954,0.1479708533323195,-4.5923528975894135e-05,-0.06447311275244022,0.00013720922882568876,-0.00046142596956710673
0.0002038954564321238,-0.07759197283508239,-0.03181350443485591,0.0054167532913804795,-0.00039261218163328656,-0.024651161988710445,-0.00024867404192539534,-0.000293549705649838
-0.0004847571326257719,-0.04587235728495463,-0.01861860754024887,0.17304405950054025,0.0,0.04188307473143519,-0.00016906589940399175,-0.0002596206053138147
-0.0009396199566486414,0.020106264209850233,-0.07567320523168428,0.042119737515226796,0.0,-0.0038389410411740115,0.0,0.0009423161093211977
0.0004748627994191312,0.06466236802821293,-0.0908069220206637,0.18119656939589898,-5.682911878626684e-05,0.014153745387215425,-0.00046523926975836636,0.0005004612961863403
0.0,0.04120606161421856,-0.09997211923858726,0.10618136126639675,-5.788928064821147e-05,0.009062173219656442,-6.997637485657157e-05,0.00037566573154355654
0.0005938183369266908,0.059261751698895776,-0.06516686069702854,-0.06674259668413977,-0.0006199227142848672,-0.038264586476243846,-0.0009630826439157636,0.0
0.0004639053145459634,-0.023508026043595844,-0.0017076188298009462,-0.0761005473927797,0.000237946779261873,0.044134310378753976,3.304718860601408e-05,8.238655651041194e-05
0.00021752881650009763,0.10383549065513224,0.14225874126583776,0.16759310264310265,0.00044003759545152283,0.039308994847185405,7.008009583475694e-06,0.0007429865390080653
-0.001142231314520314,-0.0913989882550094,-0.036722155064655385,0.1520252166160641,0.0,0.03493433488620144,6.05548854429247e-05,-0.0006269842414862843
0.0004917574882408182,-0.02674810756069908,-0.06692125968583776,-0.05361288156531567,-0.00027051998984170956,0.002462876517767444,-0.0008421713933379158,0.0
0.00013063344402557117,-0.0009926975994246545,0.13657942907680928,0.028172815190515683,-0.00023845720377621736,0.04331082184816027,0.0003033601155415173,-0.00015939438770962155
8.897895832484113e-05,-0.055708319416359724,0.11127639349574611,-0.042968391109271815,2.594641869465425e-05,0.004125268158731143,0.0010305313072119285,0.0
0.0010023165680643023,-0.08880409876654048,-0.012378335582576682,-0.044542382988442326,-0.0006483453467430295,-0.0074268349078532745,-0.0005291783605900138,-6.658728328504115e-05
0.0001857422438116731,0.016031191310901548,-0.04809837186676826,-0.08173016362560316,-0.0006327391522016178,0.027064962288715293,0.0012858775714555154,6.303684986633251e-05
-0.00023993318734431834,-0.0781704132268741,0.018082892986948772,0.1503593889862197,0.0,0.020241285381123877,-0.00025477129399437967,-0.0006793404751743811
-0.00020618956017991186,-0.07289801783448487,0.08200030510356231,0.006284998598035595,-0.0006333597114490404,0.03856735626716849,0.0002633078275452176,0.0003331836922671352
-0.0002005215171732557,-0.05241836227909927,0.036750369381218964,0.02156312553952588,-4.949237220156291e-05,-0.0318827744088915,-0.0010587525037115517,0.0
0.00112375046549871,-0.02220198003466431,-0.05221607502410152,-0.03723501104642483,0.0005258511007700806,-0.032429131227200446,0.0010377716025574643,0.0
-0.000390177480119556,-0.061875353552741465,0.011835701783136232,0.05529648658957805,0.0,0.026577225028994997,-0.00018700773435478477,-0.0010346271712876334
-0.00044593939462065144,0.06510473110748873,0.05615361969426602,-0.038725310671135736,6.462179749726349e-05,-0.03308333813991048,0.0005984729825772929,0.0
0.00039693915316924835,-0.053432192540613314,-0.08154570162135016,-0.08899068952098162,0.0001077309407268649,0.030234390420632643,-0.0011733870559543105,9.200294983865986e-05
0.0,-0.08774588834388783,0.1187115512873506,0.016322529430806795,-6.750117976237271e-05,-0.028515605832258834,-0.0005895951763090266,0.0
9.934854423770956e-05,-0.010457638519525674,0.016545117416761842,-0.036512706506667304,0.0,-0.03666788316579099,-0.00042995085720280994,0.0
-0.00038784187733033483,0.010531945650144219,0.08436118291506324,-0.00011441818644921075,-5.9586641214873226e-05,0.004096763737711075,-0.0009911723856401336,0.0001250832516042181
0.00011024963281394684,-0.01870351297147198,0.031860261795956364,0.1054796350523727,0.00027273444979081875,-0.038301021387217235,-0.0006513661433923049,-0.000538854442873782
0.00034011019418695533,-0.021583982579528864,-0.10169499066726505,0.040192215556647835,7.580890575362154e-05,0.003946068531882272,0.00027305623543505533,-0.0012804727383999898
-0.0004912529012612181,-0.05304256607218216,0.05728508895339568,-0.07774987044160091,-7.530707683952288e-05,-0.02010339309410233,-0.0009983384383066608,8.140902608697043e-05
0.0007264053080129913,-0.02432869164997803,-0.007341530080067142,0.05798113348088457,0.0,0.002364423363307154,0.00030441533340590937,-0.0011126636689337546
-0.0001507950363436417,0.10621305050675474,0.03352304347500682,0.023457922951397394,-0.00011951522508096835,-0.03010047737860568,0.00040763537913547063,0.0
0.0005342236841260347,-0.07283537514648952,-0.08992026943858089,-0.00932597351689036,-0.0008947126983151747,-0.02381670609106841,0.001235290192641024,-5.9478622098846357e-05
-0.00015644359762968796,-0.08587862361322275,0.11552457186270933,0.007321164930426704,0.0002857341433049519,0.048892674477482724,0.000646201142929225,0.0008100261958026527
-0.0007738314883470959,-0.06065641399418103,-0.0553879817346758,0.007104599420824067,-0.0002552413091161526,0.01011458121338738,0.0008235772688630253,-0.000605176542866178
0.0,-0.08122007605554052,-0.046650301577678,-0.01987972432648729,-0.00029464500740621037,-0.03267973048611667,0.0002232570666033662,0.0
0.00046487728831703137,0.0637421597914677,0.07379833096524842,-0.046052375351320576,0.0,0.04419989662957296,0.00014732394208930022,0.00014746514268693974
5.606463373015464e-05,0.005736938577394362,-0.02027066168943882,0.006677082725240878,0.00026439532552522364,-0.028551824250197137,7.672461708500586e-05,4.039089267275642e-05
-0.0004969840147170989,-0.043477055628561356,0.12027101656351744,-0.040800679535906326,-6.895124210823389e-05,-0.018415015931999797,-0.00023168587542007684,-0.00012727551612680963
0.00043006203918172773,0.017563284606367375,0.07237620683549838,0.005977268903492217,1.470119390364899e-05,0.03620466783009864,0.0007285657557568198,0.00040290092123759346
-0.0003357436339356777,-0.08401219626035898,-0.08551421505334421,0.1101281306862585,0.0,0.014346405413620446,-0.0002147252858256954,-0.0014446681389712452
-0.0004557626534846385,0.013284000253992834,-0.08149294499379976,-0.07630676052427361,-0.0006820540600967592,0.022159757779255367,-0.0003886267561305443,-0.00015266065206574753
-0.0003472649729518088,0.06236311299379364,0.06322628640316352,-0.0327266993621743,-4.158322159612815e-05,-0.015521667718469318,0.0012076796195784724,0.00019122826952316005
0.0009879667430236995,0.03532868850573429,-0.10996004988618305,-0.04716883604021441,-0.0005673708329474086,0.02673463830560053,-0.0007517543007550675,0.0001765897525245752
-0.0011482401731883155,-0.023999937237851304,-0.10039019997977858,0.08942177530324807,-0.00010642389784787376,0.060259607571072744,0.0006569356352391656,0.00027144454185584895
0.000671387966957377,0.023274943781440436,0.02551174080198929,-0.05581634020044308,8.251838849149262e-05,-0.02740687964189803,0.0008170425705393265,-0.00016563965925415033
-0.00024547341594264774,0.009855135530024178,-0.08724551260811401,-0.06876087422847783,0.0007499309635614539,0.008998637059920135,-0.0005281015070739569,0.0001500222955763686
-0.00024307693292255003,0.03992822585038122,0.024554043665399577,-0.0354466338510562,0.0,-0.0351886513118096,0.0011398399998285569,0.0003505831328213386
-0.0005506008021064337,-0.083090777041066,-0.07328218922474707,0.10437271342121039,7.955661778762807e-05,-0.0028971769444185278,0.0004585124394135486,0.0012314776635583018
0.0006521205109733871,-0.026794265160037356,-0.09672749362269244,0.08408371756165207,0.0,-0.030182526164466497,-0.000705805347482821,0.0002633952313749882
5.144068493792564e-05,0.0905734354371412,0.026683033344026604,-0.043568547803517,6.583480576948902e-05,-0.010909422058470135,0.0004283906881586287,0.0
-0.0002180868912283352,-0.10370462895196626,0.09752378659931568,-0.008853637969289134,0.0,-0.00097705258735906,0.0007535484831161463,0.0
0.00021768288130658085,0.006359105125763372,0.04187610067466508,-0.02877353521967135,0.0,0.02455111689537632,-0.0006024079103178576,-0.00013086344739982742
-0.0002588922345079125,-0.053895091632013406,0.048928502212889094,-0.05565813147179497,0.0,-0.019477689036845745,0.0003098738062143752,-0.0002007355191708596
0.00041326219703561337,0.06470651226740035,-0.04854224597790028,-0.08900666770937625,-0.0007371685744840268,0.01761717569443418,0.0010531716078269666,-4.504879152132657e-05
-0.00037292695747879887,0.05674264159415133,0.020958043148658744,0.03956995155234775,-0.00034603964696493765,0.008239729005872123,3.1740458734191845e-05,-0.000833148604872942
-0.0002508960782800361,0.0819010427273207,-0.08971514592412426,-0.05916449176376732,0.0007368848731474722,0.02505895043460115,0.000896502569210168,-4.856021198815924e-05
0.00027024302870699206,-0.010894460492641705,0.08415674410840643,-0.05058575747781022,-4.490645339200877e-05,0.010260144700775301,-0.0009237587158803051,-0.0001642991313306404
-0.0001405654630448061,0.011859165267327774,0.06586676357220972,0.10125352955607901,-0.0003416083195922951,-0.06552166292593753,-0.0004140413543247457,0.0005719179970571148
0.0005446163352652231,0.08898233297704083,-0.07153109183496467,-0.038575898308334355,-0.0004471771656511041,-0.022876242797777707,0.0012173232938144899,0.0
-0.0001786794575662797,0.06100053522206221,0.047257115182736564,-0.004430028919671478,0.0,-0.018483268420345825,0.000887142696850739,0.00011903040120174457
-0.000740824066257378,0.08566285981962152,-0.04126414697864894,-0.015044121912092184,-0.00015162382704224286,0.02060140282972167,-0.0002429821768165117,-4.604877294701881e-05
0.00048508548132810553,0.043980288337419245,-0.06725570194817157,0.00904821466645959,-0.0003861266009466978,-0.008584309466774173,-0.0009636922424567459,-0.0007980384896277956
-0.0001601313390901595,-0.044277974441316,-0.07887136988540715,0.0926088625872619,-0.00014431767478350482,0.0036403505781446317,-0.0005886851911779541,0.0010017360697073341
0.000256041593406401,0.00419905950292463,0.053921555989534485,-0.025654734238690347,5.629004997259254e-05,-0.022555433347476235,0.0009492081760801858,-0.0001002729334725699
0.0003648808123406788,0.03231826433332509,0.029871548685532774,0.15214072432414216,0.0006385840728955946,0.01737743873125397,0.0006070615789285008,0.0008682723090986782
0.0003074698036455822,0.06548279523026798,0.011582920244850478,-0.03247678641215371,0.0001258212845792726,0.010094505099433873,0.00028165055365014346,5.105230315562842e-05
0.0009118956323364551,-0.06189677330117538,-0.10135467236703727,0.07346868507310446,3.58843211604315e-05,0.009287051484371886,0.000581818120745552,0.0015903780150421346
0.0005982223885094007,0.05543138023608151,-0.0892704717631364,-0.045181893080925906,-0.0005513378248592089,-0.02177419511328128,0.0007155037833197816,0.0
-0.0003425782395968161,-0.0033664767061414758,-0.07297138600283096,-0.05400992638919986,0.00015958787265765717,-0.02486607919395197,-0.0006226812357341277,-3.69649995983909e-05
0.0,0.007883089834954603,0.023854874687205953,-0.04215623214802887,4.3927216094179905e-05,0.024415974953680388,0.0009709363497594669,0.00010089557737128445
6.700261251918471e-05,-0.03335215113285067,-0.03310832449427548,-0.0833649850012446,-0.0005162524790645287,0.030383716458053607,-0.0011419269623560093,0.0
-0.0009202014612884246,0.07610864929631886,-0.11448391014610954,-0.01213722217939452,0.0003448022824530501,0.004832798884350538,0.0005294885833498706,-0.00014410784763375928
0.0005391551707990705,0.016834290845831403,0.09099755160213155,-0.08770090597786004,0.0,0.03504900161820114,0.0011569647688119392,-9.822941983234079e-05
0.00018820258153687462,-0.05993120306847063,-0.05721471987049629,-0.047292259764475084,0.0004103013142612944,-0.0254467943616673,0.00019821938414685776,4.6419630343297325e-05
0.0005209848747950819,0.05488649561777353,0.08668405589902987,-0.08514144671575326,0.0,0.030135771095194087,0.0008959252999071984,0.00018605227420666337
0.0008688323801383424,0.021090101268806442,-0.05221457545427422,-0.04541876054955918,0.0006202352115415044,0.02400617695731567,0.0012205271932450165,3.481454245177207e-05
-0.0006442152849651115,-0.05141109825909561,-0.04531463888792581,-0.059667864560348526,9.300837346185193e-05,0.0261155731574386,0.0012286288205013945,6.50333557716265e-05
0.0005901336801681791,0.05265279953891101,-0.0042310300200434515,-0.0016770332964625037,0.00038251703867878475,0.05081607087750663,-9.277236075239115e-05,-0.00047660208939113383
-4.5173272029994284e-05,0.01874090512661408,0.06525006811060174,0.011224023426195861,-4.995081258529444e-05,-0.02478096964371372,-4.5072925020331334e-05,0.0
0.0005169265960524336,-0.03294654747822562,0.10977393041057495,-0.029493637617124674,-9.7146951357484e-05,-0.035395052274204274,-0.00067830406006655,-6.674727447223729e-05
0.0003810834391843171,0.08219413354103945,0.06393807275982873,-0.07530895813434575,0.0,-0.0016398547092160319,-0.0008429535308810283,0.0001789075031873033
-0.0009066081743012888,-0.015857825683486586,-0.08418553913612517,0.017561204681449397,-0.00021439281698173995,-0.010650312847233681,0.0005382329349342175,0.0009455144740675209
-0.00013993963335647434,0.06767512231586076,0.052226554515614455,-0.06117401942295454,0.0,-0.030199651771747715,-0.0008310527043669804,0.00015210157695242157
-0.001057044416250325,-0.033171055943959644,-0.07863386953797415,0.162881926179089,-7.122945114742853e-05,-0.015580087406354491,-4.126924086075845e-05,0.0003398298443830992
-4.072108072613462e-05,0.09281582671326269,0.03331479805746005,-0.06185946052779084,-4.660925004022364e-05,-0.007363417441291111,0.0,9.876800574892945e-05
0.0,-0.025092932723193483,0.11826577981888459,0.14591636919343004,-0.000450678775232012,-0.03723802840401458,-0.0004033691433408815,-0.0009707594481775497
-0.00024278102641149546,-0.08037423202568561,0.0475205696780963,-0.06802586589207767,0.0,0.01856597613166949,-0.001033743733556247,0.0
-0.0003851401860895039,0.023139752461770417,0.11193134185857836,0.00015718588647818614,-0.0001842491732834961,0.026837450064270907,-0.0004066140048097448,0.0010197554266653077
0.00045174656444996186,-0.07490073274417443,-0.0010529493641097604,-0.023391571502153867,0.0006208270414404734,-0.03815832280968574,-0.0011969931005168422,0.0
-0.0003125430955273058,-0.05450623178924896,0.060013771219543204,-0.01941980197055944,-9.060659604516141e-05,-0.02118388159907575,0.0008101632612050313,-5.2226027936051744e-05
-0.0002589265676515298,0.012072123279555808,0.05002624136658969,-0.08320417406964832,0.0,0.012770900112777832,8.286557456283081e-05,4.0698236757886336e-05
0.0003286841373400075,0.10254253508398797,-0.006588904844755394,0.09831320686327957,-0.0003483865124084214,0.04645461138610362,-0.00031188318365646395,-0.00042990443577107184
-0.00021872056458258494,-0.06516173690946345,-0.0831518968746156,0.16154659993536116,-0.00019078165763723002,-0.05067121719310404,-2.850345128248971e-05,0.0003847356609435932
-0.00041948570731353396,-0.003154019849775756,0.12366500094413319,-0.05441734054655443,-1.9924200078728915e-05,-0.01220111558889352,-0.00019951373966282056,-0.0001618188108884407
-8.570655128192124e-05,0.08782006618834068,0.13907404897546508,-0.026718757690153905,-3.502236409252957e-05,-0.020680574337317407,0.00040716457904720846,-0.00017263604352875365
0.001292609948138945,0.06585005025465455,-0.0709955270149136,-0.070382020726658,0.0,-0.005947911236980739,0.0013246915199556129,6.913980648516616e-05
-0.0005262010056483476,-0.04782863029129481,-0.06417974546933222,0.11593190702703504,5.9509982668917716e-05,0.052143468809968445,0.0,0.0005424520968167936
0.00032364675905467076,0.02045714815041809,-0.0038594623441915196,-0.02001896063195725,0.0,-0.03129032174323816,0.0009319746249539821,0.00016048350186426835
0.000571494784135768,-0.10021072902175109,0.05934473297253951,-0.04530409425183661,7.49512525226037e-05,-0.026339281992806066,0.0004250978046186627,-0.00019612431922277172
-0.0004921470800490626,-0.008499444369032376,0.054126316088127985,-0.07983865688639094,0.0,0.03596556029770502,0.0004644465459840048,-0.00011230855672663938
-0.00033717175192045536,-0.038090608533955295,0.08524102223438158,-0.02463911091236909,-0.00012896768281468393,-0.03523702993932922,0.0004974076544213417,-0.00014013490643417258
-0.0011551200448206437,-0.076821469006382,-0.07819183179235561,-0.05848793452873691,0.00018326229571495768,-0.029906306828855814,0.00019209017455815985,-2.3597683839277073e-05
0.0001916741207486565,0.07708634517963417,0.13713326981559246,0.13207667990113045,-9.854800099762251e-05,0.019680128664116253,0.00047491969848907693,-0.0002703602972927264
0.0006636613112267883,0.0640510627062068,-0.08234710994982038,0.054207853869152195,-0.00015687511184320213,0.05391825508535368,-0.0003404456586299243,0.0
0.00022451734546923355,0.027058554110407567,0.06182142654742608,-0.05608136375033186,0.0,-0.005470887489913049,-0.0007105246118437243,-0.0001808974771431395
-0.0002124284822633486,-0.0325953591267437,0.050865242455484766,-0.026251305869745802,0.0,-0.009065522337662967,-0.0001496380659937829,0.0001501848203790193
-0.0005554968191830418,-0.006600122658038317,-0.02660920017632603,-0.016519466670664108,-0.0003740801466369656,-0.033919649465506,-0.000261181086907189,0.0
0.0003965128657294233,-0.010965168378923324,-0.020101674186377903,0.02867501473004815,-0.0005648632172895169,-0.046219799580457584,-0.0010953857102191482,0.00011435653441230209
-0.00017642778755199714,0.033681358658211286,0.12579272663531868,-0.017738412953513312,0.0,0.008049034524563965,0.0007506986273193819,-0.00010304545995407088
-0.0005570490723033148,-0.08048161360166634,-0.07393423243316134,0.0773494663571552,0.0,0.06945924813041227,0.0004881044109287276,0.0007403612064743528
-0.0006553593610278408,-0.01844075562479474,-0.07155879180275321,-0.0628431806539008,-0.0006700705645708979,0.025534779573391973,-0.0009732315839276219,0.0
0.00037157694441936214,-0.048340076571910244,0.06082428094190317,-0.01111110062326024,0.0,0.0016768288837210477,0.0007382311083513701,0.00010708131976686942
-0.0005558526027816863,0.02196565283073019,-0.053473679039322,0.020127686892167197,-0.00020484805499088737,-0.011867208018781335,0.0005742219490291462,0.0008305118924302459
-0.0005147985605497499,-0.014608856518466221,-0.026232705511659956,-0.04386692226187673,0.00026636069009203234,-0.03526292529795222,-0.0011567406430749822,0.0
-0.0007864063298484844,-0.09235245617838977,0.0023615556835377667,-0.041644842173259575,0.0006632097316752252,0.024994882703096008,-0.0006032201291205342,-9.218536995464488e-05
0.00021429452261995178,0.025613014447125198,-0.027332444661851297,-0.05523120893705476,-0.0006777757173902497,-0.03732971531361156,-4.384484020858448e-05,0.0
0.0,0.07403852224707681,0.1332972986034481,0.09501119806871991,-0.00017400913809773044,-0.009899562863421934,-0.00028975634339628776,0.0012625968810831064
0.0009784029784777866,-0.050568307422333085,-0.09294981464358772,0.06303218060474143,0.0,0.06685406556385838,0.00038606895387510894,0.000961050581939661
-0.00024797028910912214,0.0314630002566277,-0.10436899723638271,0.07434115043167702,6.842675451805558e-05,0.07349680274696567,0.0004328527447219753,0.0015755728375721682
-0.0003678565251654329,-0.05740970568613483,0.07603222017981075,-0.025866621902283324,-0.00021341433935963272,0.04994354823477594,-0.0003702239759534307,0.0008208877094432137
-0.0008088850999366564,0.026047789879141435,-0.105565635533868,0.1625268702774546,0.0,-0.04848375319283763,0.00037746262546753395,0.0014828677754447589
0.00032379560363085536,-0.06558670571199775,0.0703585312735714,0.11457604072032194,-0.0006141161154330784,-0.04094122095606751,0.00051338935144189,-0.0006679718456653515
0.001033677804305884,-0.009303633813568708,-0.07722365854999236,-0.050101307148950516,0.0008802594045432821,-0.03566930158261685,-0.0005901761094184311,0.0
0.0006603538347497557,0.01646433897149685,-0.06705145685005626,0.060041010424682885,3.9272659823098854e-05,0.015253142177431575,-0.0003812103831958637,-0.00010019222137682798
-0.0005370503382928235,-0.03591565658037489,-0.04947634752283088,0.09788835534108489,-9.576393288788718e-05,-0.03994755274935804,0.0005512833029647397,-0.0003805108855117317
0.00020242364563399147,0.02358888991196924,-0.07316172107962243,0.09028181534970564,-5.154548863210706e-05,0.06190078446073873,0.0003354685933528054,-0.0007048118469087272
-5.627630081417312e-05,0.033056566095109687,-0.06685402854396898,0.15896284363127772,9.389276107052252e-05,-0.04653271444826311,0.0007528017125293448,-0.000518532122115327
-0.00014060007619230206,0.06321520612036222,-0.07466258784900225,0.08386605113609451,-0.0001260465480259873,0.006700606964216914,-9.927834250576806e-05,0.0010513126932975183
-0.0008468667828458848,-0.07348993775235071,0.008690355169971872,0.05672792471031687,0.0,0.056798796419072504,-0.0003504411481406594,0.0014639181732523316
-0.00032731743850595966,-0.09115992728305453,0.011539010550494715,0.1688906430005378,-7.540455143885405e-05,-0.02403123049131924,0.00022672669940077025,0.0009576463210873363
0.0004647305371535053,-0.08609967332141726,0.008794244885012242,-0.04380734761776631,-0.0002406133056585269,-0.006676161119393654,0.000555573681376513,0.0
-0.0011088686425048972,-0.04329558568373073,-0.04230794236070439,-0.036308303220284936,0.00011571670142979107,-0.02901275044605575,-0.0009014080255628724,0.0
0.000599502203192758,0.08373552705712808,-0.027622306354732278,-0.049260359418265065,-9.150557423859632e-05,-0.03790748154511202,0.00041714153984952684,0.00012503311298290193
-0.0008838477703525533,-0.04787230775304898,-0.04116057265549923,0.07813453780860191,0.00010101875542414818,0.05820557040726214,0.0005840953917573198,-0.0004910736692100918
0.00019800913752432425,0.08873837629738433,0.09991149019396857,0.1576423988051523,0.0,-0.058701659490191564,-0.00040927166868517825,-0.00028435661204836353
-0.000554582877939949,0.10506057160862257,0.06472258611831315,-0.0629547338718693,0.0,-0.012413222667386944,-0.0008430434288211223,-3.751617377614758e-05
0.0004116410488653728,-0.041730721682376216,0.09470519033886012,0.1206280644101803,-0.000468923294518267,-0.06907190852163603,0.0004627215670568124,0.0007841554912138102
-4.317335003262493e-05,-0.012124868631292867,0.035876989576705674,0.02693790988964107,0.0,-0.03240431899302064,-0.00021346329552510376,0.0
-0.000524286431808082,0.03496385242513148,-0.0018322822741685435,-0.063057877216534,-0.0001080978432670826,-0.03663307876915938,-0.00033397007107503404,0.0002747721654603054
6.821514757124336e-05,-0.010784842810901507,-0.06677815223836328,0.027323130837459388,-0.0003258139510825587,-0.03695205005471589,0.00011832742334801935,0.0002492832554673079
0.0002362757833665209,0.09255463197823073,0.03782023246868825,0.034352061503113714,0.0,-0.05281724181741381,-0.0010896921563993706,-4.872560881732935e-05
0.00010682226431093555,0.08755067806265676,-0.04893010485980206,0.054350256320349406,0.0,-0.06350794283083494,-0.0005680338506490505,3.647610052395778e-05
-4.874132017416988e-05,0.0019708833825384606,-0.056981646913350364,0.0346607991959123,0.0002107070746054184,-0.053445692930655764,0.0008355741862997111,0.0
-0.00034783631261976224,0.031120901613736197,-0.03681107646596238,0.1407403134865152,-0.00012230720724648592,-0.01883343413555714,0.00027152848733416287,-0.0007174979942954392
0.0,0.010791958684500488,-0.10253484965148472,0.006119864194639583,0.0006536921530440342,-0.018911519751519022,-0.0009195562550173204,-4.0713711680295805e-05
-0.0011675744268904032,-0.04692588158763069,-0.054163147323664174,-0.02653722581808726,0.0,0.026271265763376305,0.0007454029881478392,-7.774121019070435e-05
-0.00022240710511756638,-0.026895079817583364,-0.07400321912395084,0.08725989569190673,-0.00015384462329545712,-0.06822582291887114,0.0,-0.0011364267233135894
-0.00015993488088156198,-0.09327998275509586,0.12277628774970847,0.012291160109346375,4.678629185538713e-05,-0.011461173622506517,6.21756061067458e-05,0.0
-0.0005017596127695808,0.07697687521463062,-0.028395150659173477,-0.04943495601820587,-4.577651481788708e-05,0.044843539355541244,0.001180542911112972,0.0
-0.000555677436886803,-0.0833701470468353,-0.0896768478203583,-0.04044473219430925,0.00015465761727007088,-0.0032043617290466253,0.0011104947778447364,-0.00013618366361949872
-0.000774196033286552,-0.07063834152094285,0.01869436568380429,0.05347433071395536,-0.0002953922647288658,-0.009505321485145166,0.000609324103366303,-0.000729544186218173
-0.0009723098813135207,-0.04007788386588855,-0.030408571332560235,-0.0531100230286715,0.0003755251669427771,-0.006830217799894428,-0.0012351953187886592,0.00011872524480241453
-0.0004804606344752706,0.09914774394370059,0.04176913690039043,-0.011580517686368067,0.0,-0.00691517225288267,0.001194094920017676,-8.029002889724246e-05
-0.0002570771962711416,-0.029903002861176718,0.03311459682097607,0.06310031909630257,-0.0007007731829223704,0.05871662448449238,0.00010146540176210472,-0.0005600369195196484
0.0010509451561149877,-0.06313645959504328,-0.05791929710210941,0.13455133900761318,0.0,-0.014635192190903786,0.00022210650315880858,0.001530850805517644
0.000843898890216389,0.0389067201836033,-0.07305189779438685,0.009369087844044239,0.00011603157209947104,0.055125164243085875,-0.0007342905280787126,0.00030540987787972023
-0.0012266233539260268,0.06932984713970432,-0.05742452151502277,-0.02370303042182858,0.00022866613217965205,0.022778390559059666,0.00011766300431319265,4.3153835609703595e-05
0.0,0.08390877241034228,0.060585961850756556,0.03683365502650929,-6.930405990435151e-05,-0.05121772238848786,0.0003032332439970544,0.0
-0.0009545449783385843,-0.07183979840842228,-0.0014449035253096144,-0.07509124072855165,6.257728662622196e-05,0.011774273793302757,0.00062373119793037,-3.436794319935932e-05
-0.000131683527382719,-0.07399986692540024,0.11042754929114655,-0.07355999852215907,0.0,0.03575061600380023,-0.00036283982418719457,0.0001462179469349351
-0.0008817452523416637,-0.025875354714231382,-0.03117208920836941,0.10684945149596278,0.0,-0.019905490499264673,0.0006419028917077803,-0.0011507588780910604
0.000624653322305549,0.07753731094867297,0.018256510920080966,-0.005033932601783111,-0.00011705962543535897,-0.02696242741901424,0.0007774167852990848,0.00026695796645911907
0.0,0.02975263518313572,-0.05687650493656719,-0.039127313649545456,-0.0006483236453113106,0.03346775550240769,-0.000745916165910706,0.0
-0.00047100341112456257,0.06176071236694315,0.06677191063934272,0.008681334490771717,0.0,-0.02826443905763665,-0.000714471204419995,0.0
-0.0004388785335446865,0.08481858470568951,-0.08991721899532087,0.07591445133355812,0.00011873355436747314,-0.05946997236837175,-0.00043014225774979113,0.0012951258061886265
0.0005545265188902017,0.09085584567731961,-0.08891447074091811,0.12114592849240632,3.2852166512303826e-05,0.04405959333737102,0.0,0.0016039100188966675
-5.308989317081268e-05,-0.07983785310461203,-0.020217158681097445,-0.017627402358023393,0.0,-0.0028817139318194286,0.0008764596918162867,-3.386030924353023e-05
0.0005241593829523292,0.0554985650820756,-0.10796823340325311,-0.0029661832725420023,-0.0006299693780623353,-0.03940746147202973,0.00027690666010234523,4.1792560272244095e-05
-0.00065613423114462,0.07223839863037164,-0.03291043983887973,-0.02354733661791965,0.0,0.03328746273537888,0.000814848691389867,0.0
0.0009568653557724903,0.0226058182365188,-0.09360497465367947,-0.029749488983453604,0.0007435454421552318,-0.006555501858143729,-0.0010014994615912061,-0.00011836738248856282
0.00023160866438829065,-0.052858253274638,-0.04686793947254112,-0.011439983835511357,0.0001249818556259552,-0.02941808326336744,-0.0011963452444527537,0.0
0.0006912720026964461,-0.031225507108674416,-0.04992190512240633,-0.061734415904845075,0.0005513942862577503,-0.026766772922652404,-0.0010571002147459908,0.0
-0.0011656104872504645,-0.007777265721230651,-0.06025182113242656,0.09524268156224733,-0.00015785671015645009,-0.01865639794865576,0.00012707424650048888,-0.001348497368173835
0.0004534038357192488,0.03694300625229287,-0.030378728791860852,-0.07383786624981392,-0.0006154961715983655,-0.011511205649325092,-0.0010652821200913822,0.0
-0.000228602855640345,0.010948657189481075,0.07498817334284111,-0.08705016240812057,0.0,0.013141121687669066,0.0006984811457247526,-0.00012608149532774247
-0.00036611346482420186,0.027896570902460043,0.06312825613599064,-0.03549635688316035,0.0,0.016090699602736458,0.0003687391769502634,0.00011048978438937818
-0.000515498290284142,0.09022756655241224,-0.0630729029025679,-0.06748440515100472,0.000935323145084316,-0.0370975850143647,-0.0012678530924072186,-5.976473200108856e-05
-0.000672261002545347,0.06686601147920072,-0.08286697384554394,0.11638623883325441,-9.549494381311252e-05,0.041378420486640526,0.0005092892299693052,0.0017009972013377784
-0.0001196071062341274,-0.10247676081384323,0.12876306949844082,-0.014814511141256566,0.0,0.012034959421099464,-0.0006341561178534377,0.00015275342301703312
0.0002622344057727522,-0.0808834433881746,0.05117409966934571,-0.01838746588690939,0.0,-0.005806620296394242,-0.0009493359090306664,-2.6035980573269057e-05
-0.0009218889696055265,0.08307646180406529,-0.08018087141813934,0.05256005188785667,-0.0004209665094298005,-0.06253077324155512,-0.0010905219813054294,-0.00016482980720031355
0.00038539740922886883,0.011853561080354798,0.06859941041211323,-0.026879036569366434,-7.869254095963646e-05,-0.03050828139127405,0.0,-0.0002996747315890974
-0.00021352420077286327,0.012665242949343432,0.03978699082596236,0.14870174997787725,0.00036270954523792047,0.04955750275678689,-0.0005688119482515241,0.0005045471692973858
0.0009834253740507793,0.048293684487255364,-0.08501703741083699,-0.062364784159812565,-0.0005273517548098446,-0.013426223152163191,-0.000913678537057019,-4.096861618017866e-05
-0.0005718188854664947,-0.054945271716329715,0.1266435451119965,-0.038256963852193786,-6.509453247563121e-05,-0.007436534156481267,-0.00019418710406054917,0.0001949946327101152
0.0,0.08492897238952199,0.1425290930160931,0.1029025378854233,-0.0001156592457573491,-0.030721371453372524,-0.0006466609878451723,-0.0005089828535782924
-0.0005062093212431898,-0.06919710652035155,0.1056524156876806,-0.06973658127672641,0.0,-0.029465021259624764,-0.0004779534166399078,0.0002385416897173337
-0.0003151088767566609,-0.03181176031050459,0.08408892995897743,-0.07678179969698279,0.0,0.021352227097597008,-0.00033436933014655766,0.0
0.00036116456425177104,0.04239914914335879,0.07351590246823625,-0.018921188387825905,0.0,0.003402345763348575,0.0,4.5876353097440425e-05
-0.0004553154514326963,0.024156284285003302,0.11357615958581535,-0.001594172985079556,-4.1480467155977085e-05,-0.013900403099889873,0.0011450379201451838,0.00012942891930737497
0.00011734837342833796,-0.06243801759670895,-0.07204875906218793,0.020426095843465657,-8.344089537467043e-05,-0.04682101737170811,-0.0004469382157528731,0.00010325508779807091
0.00011995038829893896,-0.02731256033017796,0.10879057991088176,0.14062913864345367,-0.00022485543511763478,0.01641927443125458,-0.00014477188403955177,0.0005118992501281988
0.00013629745810879768,0.08987033186377574,-0.011053512634048713,0.054938559886748506,0.0,-0.061940246518281276,5.417272631735859e-05,0.00023338270188051003
0.0012277052835994553,0.017086831917859348,-0.05737209740227459,-0.0692932244484279,4.553923443068042e-05,-0.018437349277679073,0.0003733566737482246,-6.930633277881148e-05
0.0008000691750932327,-0.07465296990755783,-0.050222281371615496,0.12176270347052165,-0.00010076911645983327,-0.0593258509562965,-0.00042525282736345714,9.849643938198566e-05
0.0005075756424738542,-0.02675885229815419,-0.022412271570737996,-0.07316266544538086,-0.0006136598334077368,0.0009282769261985322,0.0,6.984281741741205e-05
-0.0002474917296567032,0.044337215893872566,0.11114284107982093,-0.07618242810483752,0.0,0.04076417356298251,-0.0006073661367410816,8.80655002078734e-05
-0.00041133822569314573,0.06808363002515416,-0.07631097983453909,-0.06306315300059295,-8.992579305177475e-05,0.03606817922848093,0.0008590040656792754,4.623404017844307e-05
0.00038390227886449626,0.002278730507722997,0.0728504297393003,0.09547713093537671,-0.0006996769951177996,-0.016451646492995988,-0.00019118059414792346,-0.00018118439031575284
-0.0005899877417256872,0.00373503143460539,-0.009262369354258072,0.095615099874606,0.0005513794672736011,-0.0010576726875578255,8.08059814266654e-05,-0.0009468861041981707
-3.13812393750168e-05,0.017267022826089832,-0.08510658420379665,0.032878946857642276,-5.384788948640967e-05,-0.005359345757017912,-0.00044939733960271035,0.0006441419285311162
0.0004522321229186295,0.08961478025587506,0.020109043212271433,-0.05660915451216338,-9.181541347929797e-05,-0.032993410747601995,-0.000336595979530853,0.0
0.0010638977814371015,-0.02299773639482405,-0.04989931770913855,-0.009669589497330593,0.00029527384321611464,-0.024857204408219827,-0.0008901718738642531,-5.2740043267843206e-05
0.0,-0.003852931888780424,0.13313824006740113,-0.07544907034319143,-2.7863343906711635e-05,-0.006241859017005639,-0.0003267790458778902,-8.801112467438413e-05
-0.00016507210606708322,-0.047241449693439644,0.06759564341066804,-0.012097689835573121,-0.00011880880710651838,-0.031553979160654895,-0.001085021436484163,-0.00010679001926420378
0.00040942362571566327,0.043271281610870675,0.01321716988717657,-0.07309581164892268,0.0,0.013965536376463259,-0.0010553600790238467,0.00012168917145648304
0.00039818683424219727,-0.10351626925539313,0.054209839952597545,-0.013455529724338161,5.855304294372088e-05,-0.003150178672136837,0.001140869888401251,0.0
-7.233193207014612e-05,-0.09506951393044866,0.10413821375792942,-0.059390676793200765,-4.532863747325373e-05,0.03713805315401287,0.00032039122225485867,0.00011612886473330056
0.0011445376707074015,-0.0067253229671097045,-0.049992375398687984,-0.01141997452976109,0.00020787486575749917,-0.008183898050881041,0.0011385271820592733,9.545101710625725e-05
0.0001752148588635457,0.05936199731126495,0.01523721318459257,-0.07047484015065222,-0.00018354992674659749,-0.023783771546168855,0.000791452194564937,4.851217881397807e-05
-0.00028660109919526104,0.014348419078354902,-0.08856894075451617,-0.08651057454692425,0.00024937381570886184,0.03960701499064128,0.0012397132843185168,-6.532035896933408e-05
7.615821611268981e-05,0.03235368565783257,-0.01603883101558808,-0.009829599801519442,-4.4697750237301756e-05,-0.007063790043127461,-0.0003669888996875244,0.0
0.00041054473725973573,0.06363284262350664,-0.0484168538703953,-0.03326801859660737,-0.0005825044757892011,-0.02507010074900688,0.00015339685842814116,0.0
-0.00039256192672407236,-0.04602751565737483,0.12304857164137548,0.022749928051516707,-0.0002771972207143226,0.028323875361222356,0.0003635124832693757,0.0001452964645164978
-0.0003486115396743809,0.005195411574680681,-0.046370048778982105,-0.020184619677581,-0.00019345037054265858,0.051076466148079785,-0.0005230232670486988,-0.0011954603178079481
-0.0005859431227386305,0.05132464135505919,0.12173704224392612,-0.0874373418991819,0.0,0.01474707353825519,0.000996664875058022,-4.6897922169955586e-05
0.00046476589228212006,0.05968233977472358,0.0018429693488891093,-0.0819485502933878,-0.0001231324914441178,0.006866976168036209,0.0003294987293436871,5.760491996018059e-05
-0.000286307909958092,-0.07770496780188008,-0.03901605689854877,0.059889611410135705,7.383697919340071e-05,-0.023254303818708556,0.0004894561305187283,-0.0014429834469897119
-0.0003065654395887143,-0.027713774570380805,0.008855656692742795,-0.03387895480089314,0.0,0.027555625628039117,-6.510055268429266e-05,-7.536097050253597e-05
0.0003520179533198914,-0.03291419184385191,-0.00519008192562546,-0.038248783243796276,0.0008065980837431975,0.0006692847778066606,-0.0012147308635010933,0.0
-0.0007944179996095069,-0.07853280019853985,-0.08538797187650725,-0.04012104564189401,0.000599461182695632,-0.027699175092806057,-0.0005154281002966425,0.0
-0.00019179201914298536,-0.053170723719887514,-0.09869364897943095,-0.06393323684569666,-0.000608580715202514,0.04152177439762232,0.0006506068039313974,0.00012265745253334237
-4.658527786629077e-05,0.07971794691484056,-0.07402571264209432,-0.04049198213068503,0.0007049551701028129,0.025285342497691803,-0.0005000370770195037,0.0001109973466393876
-0.00026804906099194264,0.06476115372984667,0.05615504740581007,-0.0289539938779316,0.0,0.03562876761682375,0.0,5.5580650993647396e-05
-0.00035155640499897315,0.024638120322927268,-0.0006153028832076282,-0.07570388110994057,0.0,-0.028005442727390664,-0.0010258621859775786,7.618087826692654e-05
-0.0005388398761925447,0.0889084462227573,-0.10068888761738974,-0.03388939889023933,-0.0003702446825480932,-0.01952402409593064,-0.0004719869582190932,0.0
-0.0001553060401727592,-0.00302859688979678,0.06876177122394764,0.15849283239655812,-0.00013060596940670633,-0.01684969739904363,-0.0002938136931541884,-4.241046804581705e-05
-0.0005975886511322393,-0.01183034148479086,0.09011743403780027,-0.012299723371142988,0.0,-0.031530135507933155,-0.0007283260564292388,-0.00013091501700097236
-9.345747827216311e-05,0.03697495862182155,0.022714965971183533,0.04659191385159844,0.00028732186518126696,0.062543517864717,0.0006470653144649906,-0.0008610185712903859
0.0007557963897235571,-0.0164045688613708,-0.04221962948971792,-0.07166620660586162,0.0004871100518902216,0.01005903033753687,-0.0008739041504282272,-0.00013564433483770344
0.00037946005772511275,0.10026615517039035,0.0792694215507645,-0.040920046282100386,0.0,0.025587139252828132,6.331931526151746e-05,0.00018820959644136323
-0.00012290348233559835,-0.06034495777092121,0.06613529028399492,-0.017517821525316037,-2.6176355639593446e-05,-0.01293120074410829,0.00031538980473203623,-0.00018170617654935108
-0.0008549881680784771,-0.07424126519853819,-0.03259231796958995,-0.03626136098867772,0.00020508587147372026,0.027206978595368997,-0.0012195942844089747,0.0
0.0004696571275960467,-0.0840135364510254,-0.06685650338176109,0.010014031068929745,0.0005034437355289624,-0.023761284948587372,-0.0002733694216477123,-0.0002841168499224027
0.0010072590529822743,0.020738631926602403,-0.10593994372338261,0.005877349590963588,0.0,0.040665254993660825,0.0008037243785396009,0.0003784629223730629
-0.0003549714131722004,0.05212063630782504,0.1351589374311661,0.06977109556013872,0.00034183679389278586,0.020876762362786863,-0.0005224409549520068,-0.0010080643395309116
0.00021348172206229793,-0.03613935258891136,0.02788259544824235,0.17161383775255004,-0.00041117960533390975,0.019959208951398223,-0.00017947313214580762,0.0007934722859437773
-0.00018937232044982893,0.00013897657303848455,0.0544076843809964,0.07002143498798971,0.0004078062192163102,0.06786307844015509,0.00029939568411364625,-0.00013884554142973293
0.00041809457858560384,0.031477332417537,0.08384375382219515,-0.025864718973368284,0.0,0.017871878023796695,0.0006300289837136165,0.0
0.00023028211284609784,0.07955962141646974,-0.1112924733505617,-0.07977873171774526,-0.000557924438761266,-0.0032833271224408044,-0.0009284937259369998,-6.162472404445951e-05
-0.0010784665334553612,-0.08151116219700252,-0.07407204889114125,-0.07191737832193426,-0.000665519350053208,0.01853373376868407,0.001183428031959588,0.0
0.00013571842457589254,0.07666142928430247,0.04235152428259142,0.0008050148608213847,0.0,-0.003617600493503024,0.00042690661126145205,3.975589886552611e-05
-0.0003660780930072829,-0.004429213936793736,-0.0933628444339839,-0.025867523608398047,-0.0005120296010426919,-0.0014234864972612355,0.0003196376855921772,5.913079271083199e-05
-0.000480153713079145,0.0006878259192206291,-0.0683265753512485,-0.04883502712063917,-0.000538266193949797,0.007707090494828538,-0.00017769208942534562,0.000135781611699054
0.00042208914366077214,-0.033001860021486994,0.09963414190251578,-0.0705578278995204,0.0,-0.006554013290369895,0.0004723838558735749,-8.184747814091176e-05
0.0011589321593879105,-0.05348455029573628,-0.055413735032251214,-0.0762082943065611,0.0008430404998052973,0.013785510988024437,7.69729134538572e-05,3.2584321944112427e-05
-0.0010954490454274496,-0.003196196803244076,-0.082265922758043,-0.006911748408264739,-0.0007678817512053491,-0.015817746815424277,-0.000577469671855587,-0.00011283723007436686
0.0003745972231559757,0.09339422262805702,0.038493151116743424,-0.0501495360261536,1.8307312083090665e-05,0.028593429130378958,9.376750583574601e-05,2.2386670077308258e-05
0.0006348521516013769,-0.05336585957066704,0.009657334710181775,0.12640279618433314,-0.00023331293623734433,-0.017339032284924037,-0.0002995213060514413,0.0001727234616862583
0.0,-0.03742394129577001,-0.07794203878806022,-0.007873791672829448,0.0006558781542814442,-0.018494278595315265,0.00021084353236468586,-5.5021080874212425e-05
-0.0009018526594621689,-0.03204129954155368,-0.036643309459866595,-0.07766862027987807,-0.00038172986858364395,-0.01203339382190757,0.0007771754519932516,9.395246848967198e-05
0.0008752266461996851,-0.05875673824985105,-0.09059488439863242,0.12932950009982994,6.864807226317354e-05,-0.008088093352968069,6.502974261707317e-05,0.0
0.00040611651424327626,0.04099339408629028,0.05507550720574811,-0.0021635243638966455,4.552768395003903e-05,-0.030823082071420572,-0.00017115740191616104,0.00021742207525108793
-0.00010943267763779962,0.06183933871116706,0.07889194755556223,0.11255492947267275,-0.0003473770669840102,-0.03615877003578937,0.0006663467741382962,0.0
-0.0006067380614346911,-0.09448699400634779,0.05011153460949316,-0.03217445245109726,0.0,0.03311093324608871,-0.0003804686272201608,6.778965037333023e-05
0.0005583407997801149,-0.0016224207617939223,0.024850646130297853,-0.06057817656631419,0.0,-0.009171401643577383,-0.00046559041441753495,0.00014707051424136391
-0.0004424757665313084,0.03551557276764628,0.034154187549760795,0.1344740761567498,-0.0005807555874837481,-0.009046564076650715,0.000640025851078505,0.0013228980705823322
-0.00047007241453474874,0.07976522110162033,-0.07214382666568774,-0.012007701689640103,0.0006477801554921968,0.008463546264251741,0.0010152466141054703,4.0729774442227994e-05
0.00047925824037110864,0.07416226064836166,-0.05943503197972319,-0.031598629193218715,0.00027476440840577647,0.006564231242864012,-0.000873220696213518,0.0
-0.00034291590984857594,0.06724772183771546,0.13786814188672086,0.020708585525772972,7.526434826135575e-05,-0.009240472944686723,0.00014727931364757275,-0.0004099065122527955
-0.00011635605478726715,-0.06640873854589305,-0.06643869556331357,0.11165109574800441,0.00017619731079371315,-0.07036003228665082,-0.00015557141560421212,-0.0006143633488463443
0.0,-0.06657770999336537,0.027719127919510787,-0.06428079925486586,-0.0003040658686763176,-0.008702279834372644,-0.0007272408235919211,0.0
-0.00011228472443149064,0.07546745944275071,0.14395820321771263,-0.049241770321736926,-8.419995695810312e-05,-0.019136434047615825,-0.0006791464658683378,-0.00012109376391559564
-0.0008087895200867758,0.075936457932862,-0.08724315836560724,-0.05667731163958057,0.0005807033498691904,0.04045157214926451,0.0002551917835287058,-5.555491365002649e-05
0.00034202088747140264,0.009800101901569228,0.030898319185626532,0.07680754018725022,-0.0005458718613702248,0.011044401554458154,2.1550146245497004e-05,0.0005328588309785031
-0.0002363420723798526,0.02086512830107028,-0.106181131593582,-0.0044018370427258745,0.0007527985317850144,-0.036502765651322655,-0.0008336426175307318,0.0
0.0,-0.058231781871114455,0.016719180460202404,0.020220873970105104,-0.00022661746288225176,-0.015164492456587414,-0.0005038454035094637,0.0004059815037678214
-0.0007683362038641872,-0.02700892882641751,-0.054359498911875914,-0.08110127106956942,0.0004696570175492817,0.02949904233628764,-0.0012339839697109228,-0.00010960434690376886
0.0005138665892524183,-0.06823868902967713,0.07773441407968226,-0.016108471908042498,0.0004978945603671901,0.036271937346274076,0.0006151114462751634,0.00023813959723991557
0.00024169585873803218,-0.07256598501560539,0.031033592761024985,0.0009789913266682875,0.0,-0.017833665635823098,0.0011148175655455808,0.0
-0.0011426647856042562,0.06352584860235419,-0.11244658282853047,0.008336172316718352,-0.0005576342413324137,-0.030105410709650268,-0.0007171144639437017,0.0
-9.030009819650078e-05,-0.00597622914453017,-0.06883567871366757,0.0338996053654954,-0.0006947727005652047,-0.04398742845690891,-5.0744926494761255e-05,-0.0005013081411411485
0.00011523006794223451,-0.006432027818186426,-0.08387040141122362,0.13643016856310075,9.451966110828047e-05,0.022939601431078295,0.0004185084119059394,0.0007223489115191492
-0.0005312204563900505,-0.07505686056527944,0.01795432950998651,-0.02378613444807789,-0.0004032454924498968,-0.012691022293194333,0.0011081928073383687,0.0
0.0006874190733119204,0.00916983848501138,-0.04334483424017534,0.075169836076642,-9.210289780710659e-05,-0.03960065505698788,-0.0008055392446535217,0.001230378099457685
0.0009452477086825079,0.02611499618865611,-0.03554290365421592,0.08820816932144356,-6.839945644339374e-05,0.014835179185643775,0.0002954350339969304,0.0008710160272253167
-6.669108319795614e-05,-0.01255013277931005,0.07609670020232857,0.11731097425869487,-0.00021557723553503053,-0.016369035695339713,-0.00040686731655408296,0.0013220014082246405
-0.0009740089550852775,-0.08456169108187879,-0.017003535153737457,0.025212582175851775,0.0005201868876557509,-0.03948975236310154,0.0006286596322627535,-0.00030012266094486817
0.00034721216228232816,-0.06034760704053068,-0.09968855870868754,0.023421287580850752,-0.0002321201514815241,0.00579949767332654,0.000803830720489518,-0.0004365650679396687
0.00018107964026775999,-0.03273124508645348,-0.07215528428647867,-0.011266529199844864,0.0,-0.006029064208862408,0.001158323036562426,8.647690121410534e-05
-0.000892286000192758,0.004766576979283675,-0.023221880988520106,-0.05953634442345035,-0.00024731179937810977,0.009278864876868098,-2.6188850201461222e-05,-4.232889256131166e-05
-0.00044079898646924353,-0.02634753451065161,-0.07774202421126779,-0.05963551775377227,0.000604358599548549,-0.013534440137723433,0.0008756161843995249,0.0
0.00021699451406887363,-0.05983836707536688,0.07559016484507955,0.0131767707213517,0.00015462060922954643,-0.009364976689152782,0.0010533497344068017,-0.000321915822739222
-0.00039475520486943755,0.029599560210690604,0.006030613356172018,-0.06908356180723312,-0.00013876773357522697,-0.014851880289535588,-4.5902789250991394e-05,-4.8924246955058746e-05
0.00016000738728991584,-0.07546615516602675,0.09913582636447706,0.10686226656270141,-0.000408053612680839,0.02585958979418886,-0.00014165039242616806,-0.0005791469927133619
-0.0003940037425433085,-0.07478965171206392,0.09384098303132644,-0.06219366390436301,0.0,0.0350791580758679,0.00040469010713779097,0.0
0.0,-0.07405647385065509,0.08932092119647841,-0.023123127218111307,0.0,0.0168852677783802,0.001034975680292916,5.8326511711580264e-05
-0.0007813863572937302,-0.0779175619754575,0.004216887005599123,0.18050448452604395,4.3025786493788853e-05,0.03778201945461594,0.00012400525136021544,0.0014142740770535305
-0.000298660581548431,0.0348744478773114,0.022818142647945523,0.1796122547108939,-0.000747266663754209,0.0366481434375856,-7.17868099934238e-05,-0.0008411445720349084
-0.0002620845104377086,0.02734131862302251,-0.10484089020881743,-0.036896280654372414,-0.0001859574332831876,0.008354196141965437,0.00106034981640826,0.0
-0.0006000061966170101,0.09442565647958061,0.11238145794523052,-0.06154552804377044,4.794538081862032e-05,-0.0315602624582071,0.0010246020725350224,0.00032009144816377074
-0.000486965421989139,-0.01365382914076637,-0.09135265430117391,-0.06872974510498327,-0.000635422750301014,0.025046827132377852,-0.00013537120696710536,0.0
0.001131828151771698,-0.05108193756238995,-0.008920349509416193,-0.017456896588615937,-0.0006132018226679749,-0.016281356379586158,0.0009942706682441876,0.0
0.00048581870402725566,-0.007234747938803214,0.12127366647941418,0.01148319489755999,0.0001227982373722264,-0.007385465101356991,0.0005642969002927936,0.0
0.00041647335556392595,0.008010717777748833,0.037503613450725594,0.10142758064189741,0.00016415193787687368,0.031192049550031915,-0.0002616075378966132,-0.0008963012063475593
0.0009219559028297129,0.08153412742719314,-0.05722633303880103,-0.012912320004701485,0.0004553896397463768,0.012589939324267838,-0.000649266070939294,-0.00013312935713433172
-0.0002100561990101758,0.03188896042217156,0.000778768656257234,0.11935356084881048,-0.0003185815051566558,0.03958083182426613,4.090135341164314e-05,-0.00020027436424459037
0.0010077141440379064,-0.08722034663753772,0.010705267204405728,-0.05877675997844329,0.0004539126705120231,-0.005812324622509573,-0.0005915605238483013,0.00010534558949520934
0.000804888893328851,-0.02878468469150194,-0.03482648703717744,0.12587800095394439,0.0,0.07073320465258592,-0.0006879991762613058,0.0006757739873928017
-0.00045531082192817743,0.04343971351071118,0.05575842672759545,0.011795535875554595,4.973828007408254e-05,-0.014229135256307661,0.0006026892138643408,0.0
0.0010505751971576836,-0.04596443256471466,-0.05796060120869746,0.16887102145878388,7.708168569324492e-05,0.04501213232634994,-0.0005018669125506051,0.00039978442627196074
-0.00037814477843200106,-0.05727186655699471,-0.08846062237376544,0.10477728706159672,-0.000121276983733834,-0.056927985899378634,0.0007130890055397573,-0.0008946160091904405
-0.0011668457387308728,0.03938064515107948,-0.07253139439736289,0.1525774427166639,-0.0001271978755148184,0.014513052839822365,-0.00012393623641848706,0.0012304874349682911
0.00031038446383052404,-0.07224682695899778,-0.09384231143736436,0.09023902164709661,-9.844560494012139e-05,0.018493764777909857,-0.0007194192248038549,0.0002780504462811029
-0.00019558844873368583,0.08380975866415685,-0.06917085875244314,-0.060117620834504865,0.000446893967787506,-0.039490561818306076,0.0012360338206178416,-4.092876827316294e-05
-0.00037240850996668814,-0.008645443997679032,-0.0005692586581392886,-0.024771023890207626,-0.00029832754973494597,-0.024792622264462907,0.0009654707028630984,-8.696696996451925e-05
0.0007261855045306321,0.009933346530664838,-0.07632777138987248,0.06564055080815576,5.9104981989570315e-05,-0.0386498037107407,-0.0007340300179479885,-0.0013048471821303026
-0.0003200967120425463,0.05218202239243004,0.008008303195274402,-0.00035488471280165806,-0.0001608215319260642,-0.03320498849298035,0.00021089358367289582,0.0
-0.00028432315816566054,0.09631317590974403,0.05547972191739855,-0.07567370589724212,0.0,0.0289636590981253,0.0,-6.037208901188418e-05
-0.00021233108470729504,0.005071059295910835,-0.047830603149242874,0.05828984270909483,0.00010307947735836709,-0.009977744808270312,0.0004474129108882089,-0.0003165100497584249
-0.0005603439488424118,0.013167670889032099,-0.08704736907021152,0.10701800059048658,-3.550562492557062e-05,-0.03257983738332782,0.00029177360611090615,-0.00104817890594911
-0.00012252115971386757,0.064867034775833,0.0576216682804345,0.13718882380837974,0.00020515577233810644,-0.017550652326134255,0.00010139934227446368,-0.0008098290541893439
-0.00041400357297645076,0.038919659402583365,0.07411590184069305,-0.016857563866239513,-3.705707857909468e-05,-0.0315277360742789,-0.0011328366267423671,-0.00023916103672777964
-0.000244999066928347,-0.09932263879637923,0.040757340896232064,-0.0369907235327522,-0.0004679836127760036,-0.03322541160588878,0.0011119824221876159,5.031750462336504e-05
0.0004198810058410392,-0.022839097325661344,-0.09080455371595476,0.16971288549640418,0.0,-0.021716662131340738,0.0004263631491501612,-6.738797926274936e-05
0.0,0.058634183598917936,0.039746995077098925,-0.049956483639182724,0.0,-0.007033664163170775,0.0005017695704303141,0.00010401475732566695
-9.005686745634117e-05,0.08354957397932816,-0.008373342662446749,-0.08903999589068193,4.466783445531298e-05,0.008914883259871376,-0.0003049228526378607,5.2959901191936274e-05
0.0005553256622159193,0.08640641274121262,0.12716842747286086,-0.012403363615982209,0.0,-0.03268228393376436,0.001014048585299446,0.0002946701174971478
-0.00025143464178871373,0.03518090650032051,-0.04845593050648416,0.05935916191446722,7.680681135859013e-05,-0.0014150551641145229,0.00041364159704071463,0.00028962965467565317
-0.000925155620999448,0.031144625753971585,-0.04332157895284922,0.07753983975540468,0.0,0.02433476438885901,-0.0007868854615424093,0.0005381031290907917
-0.0010832668904080494,0.004255061510823865,-0.07363061297309967,-0.08112370948997144,-0.0002289274776628118,0.025414116212077124,-0.0007076612546012457,-0.00015139439077541117
0.001084822353433717,0.030165471077054376,-0.0447247249994213,0.006553704701848875,-0.0007696344767749967,-0.029254718090599062,-0.0008342638802379677,-0.000211995057596219
0.00011722310437742711,-0.034090931299397366,-0.08156955937163211,0.11283271533281024,0.00010000367943415259,-0.029345259423831233,0.00027779232911376674,0.0015046757277621234
-0.0004938758876934655,-0.06133621140707325,0.08087416447773804,-0.006024983971596055,-3.0272268424343107e-05,-0.005528166949542987,0.000870409009711857,-4.9863330382414874e-05
-0.0008448664182295842,0.06095332936236085,-0.04799373791020634,-0.038659584145406184,0.0,-0.00047363357857181095,0.0009940997632672543,-6.441710119010902e-05
0.0,-0.05033207642737967,0.09299337009247578,0.07424473347331087,-0.0007158573818804017,-0.0458070973137342,-0.00020578026869760846,-0.0012135990191919307
0.0004861137072767702,0.006098936533026253,0.12699554619030795,-0.01925751559573965,-7.9609835118441e-05,-0.011487281340736854,0.0009940627623285642,0.0002062164035730125
-6.533989810018026e-05,-0.09070901693250058,0.045113545567298734,0.005181420669897571,-3.352833341035977e-05,-0.012474794304543785,-0.00014238074170266278,8.299452751528197e-05
0.0009505290232799279,0.046636553887698745,-0.09064909649582482,0.02031658992003216,0.0005329478587519732,-0.04068168888683479,0.00040746010165884004,-0.00016186815524992654
0.00034496535495462144,-0.08279389294812926,-0.07337920131847657,-0.040830664811467146,-0.0007536242255028645,-0.023594356786115118,0.0001883882225480159,0.00011442012613341324
0.0006052470219597933,-0.04477804363813447,-0.01601314877348878,0.010952650369676619,9.799838461165e-05,-0.0436720296995241,0.0,0.00014213714360082375
-0.00025731364368709745,-0.08219097697033777,-0.05552915662216183,-0.016635524408601502,-0.0002721906958133465,0.05389150256195754,-6.33193036148889e-05,-5.962313096288807e-05
-0.00040567537648398524,0.07211632537019645,0.04502963194412682,-0.04718258656832838,0.0,0.02010865957241575,0.00011484894589259993,0.00011139932918229067
0.0005276821011514064,0.07943747247818499,0.08710785863739576,-0.049402637495081114,0.0,0.02879742762103102,-0.0009169397909070329,0.00019581058795636874
-0.00013179503981693012,0.05299759967219812,0.013532019059817024,-0.05567533548308633,0.0,0.0033734589811137334,-0.0006954008260265497,4.197400374778004e-05
0.0009511612417934448,-0.07155934222659446,0.01842003065309007,-0.09209322899142114,0.0002289512490668794,0.03122839327231771,0.0007339343609066686,0.00011464784600893896
0.00021155327478674776,-0.03595201701065511,0.13016997254629564,-0.08371949090231678,0.0,0.002634228646696387,0.0006217726696486556,-0.00011257071552131688
-0.000588124913032434,0.06304114486838158,0.0964584995831772,-0.047617384866181,0.0,-0.001001600704462386,-4.414767669025377e-05,0.00014518292674769466
0.0005349966833896949,-0.025095334738658766,0.12060017404942183,-0.05405218166280635,0.0,0.037560790407704416,0.0011578584711499204,5.6204474106508195e-05
3.490735051648225e-05,0.01947929468781894,0.08065846883529088,0.002010919325261593,2.2599598562419998e-05,-0.010903369977922874,0.0009393984544274781,0.0
0.00019161413723826266,0.07575773205666707,0.1005270344860443,-0.09519071297537117,0.0,0.04091094555671286,5.112183684920224e-05,0.0
-0.000650951464118635,0.0749518572946284,-0.07698907031740203,-0.005924926633303242,0.00017446896101930873,0.010500703897424338,-0.0004950705346310535,0.00017784235346278286
0.00010273317425976702,0.08615201188591579,-0.05776004702322407,0.060461283130984325,0.0,-0.06575379420603662,-0.00038596142501035264,-0.0003012210865072614
-0.00041076940767197827,-0.013138902638177467,0.010780500987631267,0.09351985412345938,0.0006475684757043534,0.05622844260117948,0.0002568557069190961,-0.00028256776599952516
-0.00021477596389429427,0.03510955326747236,0.08418268821028428,-0.02326169380852223,0.0,0.01748402602595415,-0.00021868087575920968,0.00013358310493263859
-0.0005730472343856013,0.08085496676754426,-0.01395311054753974,-0.026513429285617778,-0.00020315367415205915,-0.023153858810924494,-0.0006947621368121159,-0.00014785378761012283
-0.0006224145442160961,0.08867854792881384,-0.051246766667831456,0.06062286909906077,-0.0002795262701000556,0.05679223562118379,0.0006306600133688517,-0.001048723162517248
-0.0003036838836942043,-0.002468846533810428,-0.017555194686345546,0.014775639319639737,-7.290962524317406e-05,0.012092305413698457,4.8315190400652006e-05,-0.0001224350516338969
-0.0001113270699280855,-0.059611740925408226,0.005963529926313614,-0.07931367124670001,-0.0004191008684796607,0.022107424522027786,0.0,0.0
0.0,0.08937696445370508,0.020187766942018716,0.083548793114945,0.00017571865919432087,0.067247983694928,-0.0003715531348152945,0.000708525996453638
-0.00017333578768605196,0.08664708844392471,0.04884794424528219,0.09454385914570183,0.0006536087896885547,-0.015930138353804437,0.00010520334964407697,0.0013098141623191545
-0.00012115242709513988,-0.040832370506383865,0.06596863417802637,-0.07372045735294891,0.0,0.029008181333049093,0.0006388130980337787,0.0
-0.00030965632449236983,0.015779862545641062,0.10583569834199352,0.010243102076321571,-0.00012571899632799678,-0.006807938800925426,-0.0010616386107589126,-5.0294239096790316e-05
0.0008088214250485544,-0.08609056965502072,-0.05075293423213596,0.15600604633244214,7.303975437860863e-05,-0.03176775460385253,-0.000774768572429406,-0.0008907892855260463
0.0008009741098920807,0.03398930613493571,-0.06311515400023075,-0.05592132964886837,6.833430241161783e-05,-0.010455445431705897,-0.0011739670842672062,-4.263520356333206e-05
0.0002299544398206903,-0.007853627213945658,0.13561407426801325,0.10509722263544731,0.00041867469971762895,0.013449512133171353,0.0003516909196356888,9.719561173743285e-05
4.464611447710376e-05,-0.0009348913530737652,-0.006538541490742555,-0.08363708639222746,-0.00026434085918415975,0.003578746907791851,0.000571579017315899,0.0
0.0003172130965023097,-0.08708607889721753,0.06719388609492195,-0.021736776899959974,-0.0002527812366340015,0.03234827129641488,-0.0002461977643606651,0.0005944811144523087
0.0,-0.0089289869967688,0.04091101286829076,-0.035968685126726616,0.0,0.010901222759869694,-0.0006273435399026744,-5.1158453036356626e-05
-0.0002226281297093662,0.018976349308931023,0.041590536865486555,-0.07890552004982168,0.0,0.028366228931874467,-6.491922124407003e-05,0.00014750815388983273
0.00042790683225247313,0.021908543246373924,0.05780355770934735,-0.04762327173669532,0.0,0.008738183406268151,0.0004098887426115526,-0.00011075166053622215
0.00044556971406725144,0.02117624970739858,-0.10540964297246837,-0.0070888242739447025,-0.0002008528497594846,-0.014684387295529844,-0.0004949839223577405,0.0002639121846684245
-2.635780193319115e-05,-0.06546891322288675,-0.02943832982872179,-0.055336312594611435,-0.0007837880817615036,0.001245027592064651,-0.0008736544007715391,0.0
0.0004314838625988662,0.05435851528810898,-0.10783395929413585,0.0020767289780660343,0.0003423059183290708,-0.01862158595600552,0.0003161239610924554,-0.00014952896469846988
0.00029021891177984603,0.09295946854585334,0.010101781985250562,-0.07121577446234553,0.0001278659182090403,-0.024591223947334106,0.0008669063150781973,-0.0001504780920369847
0.0007905965846838398,0.027855321081272543,-0.056859510881507966,0.11804754427095483,-0.00010907839577349587,0.02098140892933517,-0.000497380245668294,-0.0013514219461165274
-0.00031667396382475954,0.06840804942566392,0.06845922181295427,0.01814877168186464,-0.0005942283626625714,0.05461258216412134,0.00017447136891906464,0.00024026978488455748
-0.0003619118959525477,0.04084597236327309,-0.07831900751813682,-0.06537171429400286,4.794372354485765e-05,-0.018020310638236444,0.0008791026867779967,0.0
0.0005796908901024411,-0.04309685227262617,-0.0006246864424061939,-0.04238337126184888,0.00012254047883405718,-0.037794629215742406,0.0010504993712578165,-7.064012586065205e-05
0.0005694339678990489,-0.04925352124371295,-0.06850015700321214,-0.05293418895113086,0.0008636990510039357,-0.023208358755197618,-0.0009122762819013926,8.876111805131148e-05
0.0005020360716849811,0.03721611248471494,-0.04564873895406451,0.01476064293527526,0.0003211935516118829,-0.03163420501039463,0.000344309440056356,-0.0001771217882134829
0.0004133738603222567,-0.0677930477539748,0.0016575916751712344,0.05274471268869051,0.0,0.0682132557978296,-0.0005861713040186053,0.0010786409741869907
4.9463733202192994e-05,0.06305836152581622,0.05681896854814174,0.11640896450480644,-0.00013686120454419002,0.06798453296497765,-0.000177347509192656,0.0007965479995565394
0.00021061298654547538,0.0857614895808631,0.06316950001466491,0.0650453952680791,0.00026999648536386433,0.04215486403821127,0.0001778343830197704,0.0011249573127382064
-0.0006660161196602979,-0.012924680207673313,-0.10232316641708081,0.1743717104045662,-8.415268421037292e-05,-0.0019092182558846592,0.0005288365966371958,0.0
0.000176613915834982,0.09301747111196994,-0.019836661472578104,0.09759239104321474,4.675438523912834e-05,0.03197355353189428,0.00012344404385705086,-0.000792504666151512
0.0005105393733519524,0.024381739514047672,0.09760046333256395,-0.011432636671871901,-4.0041731293696814e-05,-0.004070538519583056,0.0011360959852126779,-6.006114062434663e-05
-0.00045204251924789137,0.005857156932884495,0.024886311462278925,-0.06770735077494885,-9.511619687517881e-05,-0.015593946732300655,-0.0009829309516357265,9.944205675646578e-05
9.523379573453394e-05,0.07658222516718582,0.036375214135161274,0.16259521843268124,-0.00021917006040876025,-0.03146919470378897,0.0006186999231216191,-0.0011997909859322003
0.0002920871027686866,-0.0874963828264025,-0.06668513016783187,0.17434516625375554,0.0,-0.01929003061830129,-6.378194353106161e-05,0.0006414812566403468
0.0005765888243926579,-0.00015211758759609188,-0.10470094783271437,0.0978759734045453,-5.323548679860143e-05,0.003562954775330453,0.0006549097673676796,0.0008183275867355889
3.8127273443483035e-05,-0.02029314034963521,0.03272509796183307,-0.08042977079838433,2.7594994992195115e-05,0.03644276236878479,0.0006843756059626698,0.0001405578893427417
-0.000749895453345105,-0.08929755288447794,0.02018611648175975,-0.050837649425484015,-0.0006313885373230229,-0.020326707230298897,0.0005825766749780747,0.0
-0.0005208716603608317,0.02161881359807457,0.11446325169610347,0.05196119591417463,-0.00010074313582725258,-0.057665466448190074,0.0005546151531578236,0.0
0.00028706900881527234,-0.07090869851181646,-0.05766564626196899,-0.0262233002606457,0.0006493499578261026,-0.031378805405948465,0.00011080265206109274,0.0
-0.0003087382892898725,0.03731475761516234,-0.009366943747026773,-0.06231006884952082,0.00019544313308611505,-0.038636124757332635,0.0011264459347034926,0.00020000703389943915
0.00031222565613030234,0.0685174432141001,-0.025963135280719175,-0.02860869604117259,0.0,-0.0032490030912241887,0.0005338107551101374,-0.00010859588216843158
-0.00083097447318831,-0.017099284633832337,-0.05991652623433851,-0.008564416887877636,-0.00042202553606202563,-0.032272888543852844,-0.0004313672653366516,-7.826858958309701e-06
0.00036652808714177874,0.09033544915393116,-0.013060521327630439,0.1914723795420595,-0.0005537531934770923,0.06818093597265898,-0.00040466665861293993,0.0008621512477052178
-7.072395278708704e-05,-0.008897032674828387,0.0074812599521648,-0.08619523512976407,-0.00016854645091981442,0.02636487807482501,-0.00020868302240618152,0.0
-0.0003875656557565252,0.006848728134370216,-0.05089152083096629,-0.009611035747236216,0.0003666872814435812,-0.006494912770717611,0.0012122602900440013,0.0
0.00043503934229452787,0.07874024561658256,0.012147504474830659,-0.05958480286099442,5.834609714517962e-05,-0.03065598423985949,-0.0002101425251482094,-0.00010242347563464726
-8.298961207974232e-05,-0.015860619012436843,0.07652185906244968,-0.01918322538633455,0.0,0.022802315206353185,0.00016888945278861417,-6.460086550742761e-05
-0.0004464734859829483,-0.054855372203354937,0.011234857808450578,-0.04757905329742825,-0.0007065109004526603,-0.026439625203435558,-0.00029200260931346034,0.0
5.5273959854731936e-05,0.06702118736316538,-0.0951975378919985,-0.04967895900876109,0.0006512862573171888,0.0004337729710319516,-0.0012870533104387544,0.0
-8.247083786341628e-05,0.08116399092922301,0.07460183853537765,-0.0086821463752636,-5.266928417752004e-05,-0.021343339279836525,0.000853139543997582,0.0
-0.0007831010060520146,-0.0792227413995465,0.02208076740465559,-0.001971856759699857,0.00039674159376865847,-0.008341065429864495,0.00018492572591741695,0.00013425349171669598
3.5314433747213325e-05,0.011077379519391379,0.029238826070856122,-0.02668486235285502,-0.00016699775736547657,-0.03547603993267421,0.0006174210292022552,0.00028438567567066965
-0.0005462493433418487,-0.06039635481953582,0.10161790254586836,-0.051410766595605596,-4.3733960879137335e-05,-0.032241861382367794,0.0004633777769463144,0.00030343975082744093
0.0008131615237120297,-0.06351513914261095,0.012037310103177972,0.07446624357051428,-6.530329903564611e-05,0.05245889253972123,-4.837994021937575e-05,-0.00035608682405702014
0.0003185404368982162,-0.04428235988386743,0.05510107955246737,0.136745227111823,3.6218620523803535e-05,0.027001482327020557,0.0002492898457072,-0.00012252696890055777
0.00023646403604966914,-0.07744051423023444,-0.08144963333751161,-0.02818850833106166,-0.00017503215733892665,0.021990975391886124,0.0007430695225057273,-5.004990460427683e-05
-0.0002873141936857175,0.07973071793686888,0.049780164468274844,-0.03772689600966201,0.0,0.04477459510553413,0.0009962197121027188,7.5558111372942e-05
0.0005903844384189136,0.06224206013203549,-0.06045128144840767,-0.025231376168977176,-0.0008267105714286975,-0.03864327372594943,-0.0012519831924120842,-5.239657644044715e-05
0.0008095860933203649,-0.026546116046129845,-0.08851704817874333,0.06441197125367691,-4.7756750430318073e-05,0.01991319098155271,0.0005460833731992642,0.0014288628561997035
-8.162273507870578e-05,-0.06089101102657546,-0.06506198702666734,-0.05355833359042774,0.0002968029291010068,-0.01174617919091712,-0.0004923348170633553,0.00010071350854032324
-0.0002103279623975411,-0.056438486300172945,0.10107636579489293,-0.056806059172488925,0.0,-0.04000541500691402,0.0007025490204152116,-0.00020618648208433482
0.00034949363089783905,-0.03353824757934253,0.09209120204479297,-0.08836797302487348,0.0,0.020539562871895147,0.00110302172243247,9.942383987579344e-05
-0.00023467034030567782,-0.04143609064812272,0.010612784681034887,-0.03831811531494604,6.513192488831476e-05,-0.03919467842817964,0.000822627310512957,-0.00011808848323059333
0.00028518181056718923,0.08607655339016095,0.07080651564934139,0.05402042255923203,0.0001621980568842496,0.03029509808071284,0.00036766696554260827,0.0003309147858745762
-0.00020417839483805023,0.07995013738006201,0.01702696548250512,0.19221092531754067,-5.586188903994316e-05,0.06508960798453671,-0.0005957427543441949,0.00012650359398897785
-0.0001226814233780801,0.08658193089066955,0.11925604079428304,-0.05780957613725188,-6.909132674293161e-05,-0.03519528144355738,-0.0004303327490672347,0.00014377734857649212
0.0,0.07473928997576369,0.09970855526252868,-0.00710502356902517,-0.00019140138950671237,0.034991219614334,0.0005648312379656725,-0.0008236601396213982
0.0009603891531536141,0.0008042274448189483,-0.08113234800008262,0.005652111603516317,0.0,-0.027097697458571865,0.0,7.297690476239238e-05
0.0,0.005193050351605962,0.009238171666220547,0.11457789548128455,-0.000525502517303577,-0.038464643632693064,0.00024791519288379295,-0.0002873182219231829
-0.0008490551193311274,-0.08271080221367808,0.01614392853390128,0.05649922067332517,0.0,-0.05859652748635252,-0.0007027393001692933,0.0004159770737036106
0.0006254699458831228,-0.03008562842285543,-0.0027592852107912675,-8.194469987914815e-05,0.0,0.014485946230939873,-0.00037319668085528476,0.0010416617840559828
0.0007668191194548737,-0.029096738592945717,0.009321841634066725,-0.0732522421697722,0.0,0.024808742172852005,-0.0010164299605534381,-3.7683214704445356e-05
0.0,0.022268651031254902,0.05134216927137991,-0.06885002543623227,-6.18194575239591e-05,-0.017893275767949333,0.0009800165131524752,9.45702554089308e-05
0.0,0.04851924274451276,-0.05397249287566593,-0.05203272884048175,-0.00035857937600422557,0.026334485029390342,0.0005053771241500187,5.061451933523892e-05
-0.0003237500811053848,0.033056398779332884,0.0007434764336161824,-0.03614000361853668,-6.73318192020785e-05,0.04356221538595916,-0.0011162617060614397,3.955550565960114e-05
9.147871350510711e-05,0.026481938254551977,0.0919103233872336,-0.03890796948182716,-5.802192821172114e-05,0.01291796813692547,-0.0004287716532639757,0.00016978507140070364
-0.0005838603356646917,-0.07028962867746019,0.01060945630127311,-0.028274276273325377,5.396844816843438e-05,-0.03180376671213483,-0.0001408693692074378,0.0
0.0005526384751285292,0.05302271413481441,-0.08938419775528608,-0.04281046545696142,-0.00031996849401494946,-0.017675371531427873,0.0012349585106878962,0.00010160917517418322
-0.00015813216136613406,0.020871629113108903,-0.017395432749271758,0.004544237590290373,8.985723686801617e-05,0.02727096384434542,0.0,0.0005989726048260649
0.00011415053426101192,-0.023013985754030835,0.09866245189961352,0.09014343816794437,-5.792516222150046e-05,0.05044926375511999,0.0005601796160179963,0.0008611027687788306
0.0008613928179202643,-0.05764531424293332,-0.00831586339922527,-0.09118846498875056,0.0006188974152068921,0.032661671757744426,-0.0006073771191385064,-6.478700981758789e-05
0.000529369547566654,-0.06612397478548601,0.06835665596077584,-0.06544042210602748,0.0,0.004594500002940156,-8.635510890607725e-05,-8.52372423212483e-05
0.0008783284323580806,-0.010736549188195948,-0.0749729200792132,-0.029561765067155955,0.00035233192343749054,0.044211932224850335,-0.0004725403928249399,0.001007127748085331
0.0007277854515180207,-0.04200150292184276,-0.08034644770157912,-0.07000294399879653,-0.0002306205378559134,0.006288681139696547,0.0,0.0
0.0012594440200459308,-0.06587938613895467,-0.05772579508507701,-0.04889215467203978,-0.0004765025623802155,0.028655271296201424,-0.0010539902564542045,0.0
-7.324196454441823e-05,0.030858168413556934,0.0155800651380053,0.17354886024039104,-0.000508794345899433,-0.038720585112549576,-0.00022410108913354962,0.0013213437170793009
0.0006053160033227189,0.00783709674509535,0.06808496146130825,-0.029474800224674236,0.0,0.0037774113011821383,-0.0005133984315458673,0.00018221160061994424
5.414845717530148e-05,-0.08967845352651885,-0.013952711226717656,0.06643825876740232,0.0,-0.03303654826286743,0.00023881143398140207,0.0002529834749718396
-3.0718529396670496e-05,-0.034040855556799934,-0.03980818619436599,-0.04094897282021714,0.0,-0.025245978136582695,-0.00015292700822456355,-7.452252931111625e-06
-0.000507938929510392,0.05127412215346932,0.06837175332343869,-0.018287971464008113,0.0,-0.030382487277724562,-0.00029624964920115036,-0.00016682643968830846
-0.0005652823941233777,-0.029635626583543958,0.030031747953747148,-0.05451830146747235,0.0,0.022534624168165714,0.0008732029168835142,9.507180222360911e-05
0.0008104565999439389,-0.0698981062060653,-0.046926780019153604,-0.07226474261897735,-8.925481733651486e-05,-0.015311611395978664,0.0011600141880571556,0.0
-6.66216316102114e-05,-0.0414585578970166,0.01817251697207525,-0.04766136079934303,-0.00037816984760868986,-0.03220556472273691,-0.00041001937636504456,-0.00018976169431878559
0.0001766055570106146,0.014580350725055742,0.12165751900642799,0.13439943054380574,0.000387370656123327,0.004449296896259784,0.00037216440612359203,-0.0003760903444785524
-0.0005334476426573087,0.01607509212649504,-0.08521927929002943,-0.03632711303202183,-0.000594474943624935,-0.03255680834104347,-0.0008387848241016983,0.0
0.00040186785126470064,-0.014600884280729977,0.0282774817486673,0.17629593305241126,0.00016329857991126406,-0.010037187353580829,-0.00017707599289431983,-0.0008861103127843958
-0.0004207099242176807,0.07732671627507308,0.06883860444179955,0.036155531045865205,-0.0006719597344776439,0.007514674735285971,-0.0005305152252748287,-0.00035023772888645444
-0.0011742147943736687,-0.08039665421427251,-0.07963274866447419,0.014315389635477982,-0.00042174352972322126,-0.03128748388891065,-0.0004893431795972544,0.00017465435968824772
-0.0004492826327729023,-0.0812508365105651,0.015493910161212184,-0.06272823944788808,0.0,-0.0011490113383386923,-9.342349246971304e-05,0.0
0.00013672298778117303,0.05008756719177537,0.13814393436239628,-0.015662414018883422,-4.6555355846022994e-05,0.0010164920483065822,-0.00034987519692436454,-8.207483428017268e-05
0.001142803261316725,0.04118325076950857,-0.04436929935804947,-0.08702455298821571,-0.0004202562272466997,0.042881602391796045,-0.0008946267893706358,9.50447454428141e-05
-0.0008713432768121153,-0.01997914136266998,-0.10142719557638429,0.10409621396417156,-0.00010994132355957027,0.019164143107871425,5.48205601389281e-05,9.487994359170504e-05
-4.76789480062037e-05,0.0442607391534626,-0.0796433455799799,0.025442339448807316,-0.00020089394371892587,-0.045729508891193836,-0.0005457104753161303,-0.0002583660466405584
0.00041504045601069945,0.029009981191545683,0.0659034863373329,-0.07751560571550237,-5.2544117729242876e-05,-0.007363881187512001,0.000539110759720492,0.0
-0.00031908791159640515,-0.013100900153711896,0.1372187531425244,0.1016619440263485,0.0005505788542924417,0.029963429188045454,0.00021934583892339667,-0.0009203595878059908
0.0008283585335646333,-0.03783963022058214,-0.05074240752218146,0.02872965276075984,0.00022472789388700208,0.06605614781513015,-0.00012909289316192195,0.0013550380728267566
0.0008222054843563633,-0.03353677672048739,-0.027909170607203687,-0.0605702598057963,0.0002173697570377331,-0.019791244311362508,0.0005461020352276903,0.0
0.001266875503875696,0.012491797196772918,-0.020968701356657855,-0.019177868050303665,0.0007914104974464514,0.004433752477936329,0.0011089828650020963,0.0
0.0004564254993101995,0.07733890018898117,-0.062371713969908135,-0.021068617674485424,0.00010814017446660615,-0.016207254248036127,-7.180613414672006e-05,5.652697564377529e-05
-0.0010647769129402092,0.07982498943396416,-0.08925737884004013,-0.07562934703519089,0.0008431083753512319,-0.02242727763913741,-0.0009853735649077064,-3.429776328532641e-05
0.0003190547255666681,-0.018073873852763638,0.11933493079680678,-0.06468424679592896,7.936064617209814e-05,-0.0333346322430913,0.0,0.0002464881272079498
0.0004124213381573663,-0.06055300548915604,-0.07394105841075922,-0.007084842787340499,-0.00013155382188603792,0.04945743398591898,0.0005472065053927192,0.0
-0.0003915723299772579,-0.06626943811859068,0.06974260156084701,0.14940395901398046,-0.000624260974881007,-0.008752686013737463,-2.945094947226501e-05,-0.0010720200203431715
0.0005533924297485438,0.048563642996232344,0.09343733798355916,-0.05346068388239041,0.0,0.039026128843503385,-0.0009743535811142838,0.00010786470032797535
0.0006473014068116963,0.09824840580248025,0.008453255619486911,-0.00230048558280812,0.0,-0.00979157361267893,-0.0001752994760095144,9.779930165065842e-05
-0.00017363435823015692,0.03503175456533751,0.03926507822221273,-0.018993653466594405,-0.00013491126155314517,-0.03622933187038552,-0.0010785781861026632,0.00029619822560547247
0.0,-0.02291470502973519,0.05575222366548829,-0.05764064507331827,0.0,0.00588701306547698,0.00034206413325058374,-0.00010636260844186854
-0.00030119467410293457,0.061268436500514126,-0.0910798631549344,0.13089043898623842,-6.890679884793971e-05,0.01216877877309276,-0.00031067317340889794,-0.0009157362389441702
0.0008875072364714833,0.04607691790269905,-0.10504527322715651,0.004708668822050378,0.0,0.048809402364397236,-0.0008698529101768236,0.001186507554032626
-0.0003572027353949542,0.041566655458523435,-0.11180566431183415,-0.04202336026616935,-0.0009077096779607308,0.02268025594091207,0.0,0.0
-0.0002687694853852683,-0.008213939564395112,-0.08413235670913691,-0.0012026511344924325,0.0005627739761330103,-0.016673113046079664,-0.0006669806108690267,-0.0002464056069104773
0.0008203631369865632,-0.0663455492161219,0.0035370811695321757,0.09738508626612571,3.481179093578479e-05,0.04719203084801062,-0.00010275204760406553,-0.0015162940778433763
0.0010938996951192252,-0.07309964905043043,-0.045901596323011426,0.1440555229218726,0.0,0.06007088368597013,-0.0005693267625175686,-4.2819973450652915e-05
0.0002674657632140818,0.09762626760847014,0.011344689444864726,0.022374507762313783,-0.0001932386292397443,0.03975097814292115,2.8996339697023865e-05,0.0003343110718806067
0.00012524783961690277,-0.05874975931309181,0.12460753166654541,-0.0930153387438325,0.0,0.03397922933381733,0.0007489097954212452,-0.0001162762742093074
0.0,-0.05083014154632342,0.12739795420261474,-0.07303358541703574,-9.271849342076463e-05,-0.02605354385043698,-0.00011248480501212859,-0.00011059679424949537
-0.00044716378544799645,0.04632395398832928,-0.10441347027068602,-0.051227742500047045,-0.0008733197979177027,-0.03785945984789704,0.00020116378383186473,0.0
0.00012509765627399805,0.09320500798601801,0.09883382786386877,0.06638801449213419,0.0007711904475569425,0.015225451601212473,0.0004565878582995898,-0.0008775919098180901
0.0007382039079275177,-0.03226909915625573,-0.09558250008881299,-0.07072540040950781,7.922841159546667e-05,0.021478981668997622,-0.0004660609799352209,0.00012284386144111964
0.0005428141871027423,0.015356559605407103,-0.08695120421409433,0.14872838552965276,6.313640469614301e-05,-0.002132999179810615,-0.00038957941662017145,-0.0010417545134094545
0.0003408790040371178,0.0689035626878804,0.03345932925447931,-0.0076787306723515745,9.082545443241108e-05,-0.029381088025684645,-0.0003904896919274274,-0.0001848465664900165
-0.0012657535285474726,0.07308332684049791,-0.08148026334179612,-0.01705533572918369,0.00036591746066395175,0.007764107652381762,-0.0004900454265540601,0.0
-0.0001669428823174142,0.026514285752167913,0.07356586569434949,-0.04330273729165943,3.9929290309916043e-05,-0.03456524193230187,-0.001221378430716489,0.00031224404990268603
-0.0005254580056101513,0.025156953529146247,0.06999277021807317,-0.053060296712330084,-0.0001364188213655894,-0.037759196681334393,0.0005160490589517439,0.00028987728269479944
0.0001705720589498251,-0.029506244151457413,0.11140056590707698,-0.025450841951318436,-5.603553679787293e-05,-0.010972471672033942,-0.0007176751946776794,0.00013128185911610515
0.000510667248130912,-0.07432172027061824,0.10940668534251331,-0.049575586763529494,0.0,0.04374924458898578,-0.0002874913192450297,4.673937567918271e-05
9.481250723080972e-05,-0.08411315805949084,0.11399889938615172,-0.047489977043455235,-5.6192299020402237e-05,-0.013598272931502826,-0.0005401231670137002,0.00013920453473476775
-0.0004805391412403065,0.001363710726594096,0.021267316863147992,-0.06097163144602201,-3.743863722256019e-05,-0.01745840837724228,-0.0001004004366639559,5.943244068275244e-05
-0.0002866774407498107,-0.004373488691411066,0.05373989921359382,0.12629875774563606,0.0004754864154505959,0.0021932278084280505,0.00038738581721793695,0.0008752758762121407
0.0013267980077688185,-0.0074114172302742086,-0.05214585044577879,0.02369478966594165,0.00024299308648596807,-0.04522039302205542,-0.00041240270606276286,-0.00024388544419964855
-0.0009296102126643745,-0.040164852777244804,-0.09310698669073125,-0.05032613509527831,0.0002990478292285992,-0.03392978647415386,0.0007958576806931117,0.0
0.0012337514531677717,-0.05648360158016657,-0.04057999643804807,-0.06098641356348516,0.0004839923906268282,-0.0335318654936074,-4.2078962126074204e-05,0.0
-0.00017874409545032277,-0.0820379188688696,-0.032404724687503925,0.04847473391050217,-0.00039361509162782695,-0.059071071772588614,0.0006781854018466473,-0.0007871209662733799
0.0,0.015759169060629866,-0.06372636475284653,-0.07836159014548928,-0.000829776455031691,0.00889534507526503,-0.0008671432417077591,-7.395454435972504e-05
0.00032837261230323877,-0.03092265474315113,0.1330337451469835,-0.09718365173427587,0.0,0.035499494030702794,-0.001009849742731085,0.00014788377711845435
-0.0005185323148991443,0.04995116859504458,0.06320151114182349,-0.07268208621381349,-0.00012020308164706773,-0.03654992927749518,-0.001028989880247857,0.0002049766033566109
0.0003786258587095269,-0.012413326660981844,-0.06135502603507876,-0.009986936297152728,-0.0006605036337088912,-0.034278881146062014,-2.9397591169669224e-05,0.0
0.0008873368089156508,-0.032717058674791945,-0.05221633257625432,-0.04790073187374432,0.00026515654736612926,-0.012330909655293097,-8.675125058732049e-05,9.062367934456472e-05
0.0005912634215790632,-0.07657370686876766,0.087824817315714,-0.026255536200194513,-4.561418549656887e-05,-0.002319654835619001,0.0,-8.772798251903309e-05
-0.0005004095863699905,-0.07759446925617237,-0.08758726089303356,0.18128967401493906,0.0,0.0390708956256454,-0.0004558265703697717,-0.001263691565258426
-0.00042596392613785186,0.07832536664800924,-0.051295804692621,-0.03416548775768286,0.0008693022748950752,-0.023101010359157712,0.0005634744159117381,0.0
-0.0009737548673184183,0.06345001084104163,-0.10676038680608804,-0.05229609377934991,0.0,-0.021656348873340878,0.0010764260006429771,0.0
-7.094842765084652e-05,-0.044938488789927136,-0.060631071066329985,0.014277610240608914,-0.0004701844796144001,-0.03636302436124397,0.0009517800067643693,-0.0002484961557160136
-0.00021084608966310568,-0.03447300462199409,0.07278457663010736,-0.007135881964974083,7.958790929035817e-05,-0.03314765069014591,-0.0012050879779190295,0.0002091416716402377
-0.00021045742392466438,0.0031416028063643007,-0.07678497922719699,-0.04606199132692749,0.0007532355477485765,-0.0037451944511809865,0.0007756832739057825,8.614935481639219e-05
0.00024563911983772224,0.038298273550176065,0.1222856336833176,-0.052941193785895575,-5.2812954618702834e-05,0.016802098159353362,0.0010117568082100555,-0.0001627728030203351
9.498040652516915e-05,-0.004485997966047146,-0.09184449871113569,-0.005381513155793392,0.0,-0.037458588525644834,0.000732298372028274,0.0
-0.00033385198293564593,-0.011128247117550715,0.10890920360012574,-0.0005031267927634408,-9.21714275343849e-05,-0.029791029737294614,0.00115240392016583,0.0002779708954365669
-0.00038153550466109634,0.04319935353367559,0.0884539307777916,0.12965041953966028,0.0004184394267167498,0.058606952079351265,0.0002497746066896952,-0.00010922441485772261
0.00020715479395200354,-0.07513071228382145,0.042411821855553214,-0.014564051565003658,-9.183135094260886e-05,-0.025783637185853178,0.000873966947630817,0.00026806289545902595
0.00024283322735560296,0.10314132773306023,0.11309892645202725,-0.05447584775778977,-7.173813844935095e-05,-0.026767503859128797,-0.00043124506126234586,0.0
0.00010125147798230316,0.0754566367254841,-0.042684518536768995,-0.055165688657765596,-0.0001026867780575881,-0.02611549859305182,-0.0009819972939884357,0.0
0.0005470113760201348,-0.004107170892219395,0.08296362429694118,-0.037002644696740555,0.0,-0.025479946200796227,0.00018876824840246208,0.00011647598386993127
0.0003786320543490374,0.07321484382749825,0.038357985321838255,0.11572297803500313,-6.886943390072009e-05,0.042726187671970464,-0.00023786715136269745,0.0006995496762930243
-0.0005013487237721889,-0.01525417536264223,-0.07475630647372222,-0.05971553838913079,-0.0007850467459665752,0.02746981365488754,0.0004702606350907453,-8.74991784918927e-05
-0.0005848183030321448,0.009689178784921981,-0.0912041344860712,0.08821553782938542,-5.313244847865439e-05,-0.05179519875125288,-0.0004073731467017388,0.0
-0.0011056405018228898,-0.06716453943468367,-0.04414451005993461,-0.013311985838456554,0.0005777948617073311,-0.0084326102841346,0.0008527168381368868,-2.8297509651664665e-05
0.001184889579446853,-0.07773201160180787,-0.066065970223157,0.1650086599258166,-0.00014794358680032121,0.03520541841753601,-0.0007713291724502666,-0.0015268647997975673
0.00042382565079410254,-0.08235465751348132,-0.059252829777550864,-0.07176806628532968,-0.0008695266913297259,-0.00316070604532873,0.0003675400126077949,0.0001326275826228629
-0.0004633668222039644,0.09468357342924888,-0.030700044558578374,0.08442699542173179,0.0004826016601400031,0.06634181718369903,-0.000548787262879354,0.0010473400394957132
-0.0002051348447016793,-0.0867075157542994,0.045310414966564634,-0.06559302541242301,0.0003652179043978558,-0.007633386692217766,0.0007930278713510966,0.0
-0.00012194738879376487,0.04496166879983545,0.08913295276335678,0.1247955278300766,0.00016561001155235858,8.132452671171088e-05,0.00021646411662632438,-7.107433031822152e-05
-0.0004565419449374616,0.031017859699847078,0.02276813010940885,0.035500522271051764,0.00015348839627464663,0.03863269672609246,-8.017998151862993e-05,0.0010562380631442933
-0.0008925592013783497,-0.0003922748361873344,-0.039381797463284705,0.005362022297430476,0.0,0.044929242786808224,0.00037893395864684656,0.0006741548845672605
-0.0005437203765861592,-0.047875560655307056,-0.04525166484439179,-0.024502354741300424,-0.0005669914898757012,-0.0048953081642091915,-0.001262733698292873,0.0001345830344684773
-4.347691649808638e-05,0.09682989578713067,-0.029948880943342367,0.09268805514850416,-0.00026321417026842,-0.02052872507443044,0.0004205359777637014,0.0011498492939237123
0.0001551604255236414,0.06437103938340874,0.12370395259678968,-0.05320650679098543,0.0,0.020481600493799046,0.0007528060194456963,0.00014168988471566224
-0.0002655903062753095,-0.0547914815975814,0.07749950532031993,-0.04893999736328189,-3.105991890257854e-05,0.02494619535282633,-0.00067851026409935,-5.16912016100595e-05
0.0010655214881754138,-0.011182548233167739,-0.07269208180794852,-0.05732414654986001,5.725444075074804e-05,-0.019577009847969742,0.0010895192216589958,-5.240682982705604e-05
-0.0003518128157131569,-0.0059291058564758135,0.11309765131693525,0.007055528267411993,-3.219351286246064e-05,-0.031288260656809216,-3.535980371318431e-05,-4.5016840905075516e-05
0.0009772165143565395,0.0892161428929076,-0.10156843198743806,-0.030720596864182378,-0.0007270080474689122,0.00877307711819436,0.0007620239952824116,-5.2311024304252385e-05
-0.0010917394924535302,0.0810364934907557,-0.10762004604800288,-0.06934781403125873,0.00010588938280872706,-0.03131359118713006,0.0013149408776235905,0.0
0.0009873594199088006,-0.07450729798250812,-0.047029012447314854,0.16183911003105617,0.0001073102156320567,-0.035578601123316886,-0.0003010729771711112,0.0006839882814579659
-0.0003811470205721094,0.06488242202112583,0.11266897421996275,0.09981730768507358,-0.00014096840522248577,0.06693696184792482,8.201061930509092e-05,0.0012924597392057638
0.0001748134543765878,-0.025297563122134024,0.006323796547721559,0.05439585891349396,0.0003023849243460941,0.05615670116526539,-0.0005798311065260342,-0.00027688104860434313
0.0004208862814225051,0.06431939589245508,-0.06709415979273499,-0.07567096808620495,-0.0009294676190888055,0.02451098469254066,-0.0009896523132349037,-0.00011663177247177997
0.0,0.053743996333840284,0.007538833105457582,0.06699301828817045,-0.00044761760994024846,0.06484023313775958,0.0,-0.0013394152438439078
-7.946062242142338e-05,0.0649883663835748,0.08774111363284472,-0.05501978733245077,0.0,0.0325409661616141,-0.0008196995504042829,0.0
0.00015834648546357295,0.10264797134156856,0.12315503892816577,-0.022922898841436678,0.0,-0.026148039858440053,-0.00042613404820518295,5.0894669046480656e-05
0.00044842062348124574,-0.03061036859439039,0.1380931805255591,-0.035614954222084196,6.084286658528115e-05,-0.02923010443289026,-0.001205228436819301,-0.00018109138191844167
-0.00037230223423202405,0.036902557368414586,0.11308457394047837,0.004546753305361803,0.0,-0.0339185394628335,0.0005871341479712715,-0.0001845916552359883
-0.00040337685246166364,-0.09805278510155976,0.07995421369722525,-0.0590322812592465,-5.876458811286678e-05,0.007047606744380243,-0.0011158022820197979,-0.00011714109175415855
-0.0003548561926777881,0.048911128905657617,0.0217062919065034,-0.07486866634919452,0.00011570611263092903,-0.02419619238685832,-0.0008575008285494739,-0.00015151490604930974
-0.0003948120969274459,-0.019245011795288824,0.036950500698800515,0.09260143145779574,0.0002405418650650717,0.05973948960770496,0.0,-0.0002628918807512093
-0.0006177393081530536,-0.10135129370443315,0.06337175145284325,-0.020528520573137064,0.0,-0.021420215031164598,0.00019970169705810226,0.0
0.0,-0.031220457239601176,0.031241212400099225,0.15708089067653475,-0.00032580676356948725,-0.057276712864240756,0.0002087071670914542,0.0
-0.001043249431247252,0.03016453160244596,-0.1030431154209469,-0.038471837975660526,-0.00012764862477124272,0.015106790032681233,0.00035459500513969035,0.0
-0.00041189861632544517,-0.06464736990701052,0.05867037493099262,-0.054754884042021716,0.0,-0.0010359352076228028,-0.00021063724019700365,-4.120148191605333e-05
0.0004609424084276045,-0.024980730354317367,-0.08782901107280236,0.13456192318202648,-7.992274582600905e-05,-0.009947633963109175,-0.0005129876299937704,7.3271717883008e-05
-0.00025918400179111124,-0.02338257838707559,0.1204006090338591,-0.029969854575103785,-5.497556255308622e-05,-0.002152408151205017,0.00043375510473182854,0.0
-7.204212476632067e-05,0.041430554489444896,-0.014271597086994844,-0.06050249862683305,0.00015164356320834793,-0.008052109197187796,-0.0007724625436852038,0.0
-0.0006052314351951416,0.04334061411472069,-0.060229915929004195,0.12701897376777366,0.0,0.05297539057914448,0.0,0.0012782682338579997
-0.00014713596050086597,0.007001774032636576,0.10269317254422222,0.1238827678753898,-0.00027040754061277657,0.05152284636325553,0.0002032984082541795,-0.0008587321787747116
0.0007547968973726889,-0.011808785514411856,-0.019252313243424097,-0.0231484543110552,0.00042389043433167935,-0.037465426938111876,0.0013776867196893443,6.121855446671043e-05
-0.000987745717855752,-0.06276855987531425,-0.047191119121196765,-0.02767238134660473,-0.00018972549715385822,-0.02567742548589687,-0.00012774654266137553,-5.9487677049885335e-05
-0.00040359585196092545,0.05360256083487256,0.03698150907678676,0.021735334657074654,-8.390241865037507e-05,-0.0192122321678499,0.00019805076943611063,-0.00010579242958273331
0.0005069538222093084,-0.010704291004781763,-0.03235813409812597,-0.05595904875214133,0.00029771145413224535,0.042888154023151305,0.0003923045604486557,4.644434529588182e-05
-0.0002958390226732198,-0.07405946172694082,-0.03061158105675503,-0.05682345081951646,-5.2654336206547914e-05,0.02248912116871087,-0.0003558562788023082,0.0
0.00015114843690689202,0.027615559658458425,0.10458590807984375,-0.10082882324016161,0.0,0.041966475224326845,-0.0008912740287006684,-6.001660848338475e-05
0.00010816859405969777,-0.023132866757417114,0.03168094326388472,-0.006567074001045146,0.0,-0.013393821342150617,-0.0010576411752998606,-5.7326385649348826e-05
0.0008292126154447432,-0.08193638185487354,0.0013348174852750607,-0.031865046552280535,-0.0006463224734845276,-0.021375164848975305,-0.0005551037306024498,-4.551704031804937e-05
0.0011045801047081536,-0.0871231644291341,-0.09356309844273533,0.023141243836774492,-0.0001871151832254503,0.0408771803569094,0.0002637293632178713,-0.00040841970452930613
0.00016808607491351676,0.0011490982756156782,-0.017241468129536273,-0.03512998868143364,-0.000742493887785445,0.03897582051057989,0.0011952406301242104,9.015215601761856e-05
0.000565589433735621,0.09173686967307305,-0.07777825939942727,-0.05058321265637786,0.0003000246111726257,0.03229754264655966,-0.0013032095266091745,-0.00011924901505188604
0.0008310821722451071,-0.09116277138767952,-0.01963878493682229,0.16208806718615124,0.0,0.06704570803232668,0.0005766964938523846,0.00010075737495432446
0.0004985460048118071,0.01092555006392112,0.09275148357632232,-0.01719056511915359,-0.00010151457393399169,-0.02776185236876909,-0.0005689065892157308,-4.108416094361633e-05
-0.00020416334877099152,0.011095177698834911,0.05688861413806767,0.1337529741407854,-0.0006513222364799958,-0.06650886132514712,-0.0005479913841409142,0.00040740214360143496
0.00042170924661643434,0.013339278447529728,-0.04346767940713897,0.0026060024373150636,-0.0004947972406955685,-0.006748964212465843,9.393272743935671e-05,-0.00012901962487236107
0.0005393041937641624,0.014222294490981774,0.007722852846792526,-0.030370678731310257,0.0,0.0395276722206939,0.0006936117330733375,3.9250740966174924e-05
9.188570973880055e-05,0.01570966881182485,0.034449509512765014,-0.05295865126038967,0.0,0.032187135436134336,0.0008147176727756086,4.454353502083078e-05
0.000548480257144938,0.003619421034849398,0.14068530947922697,0.000582761608606632,0.0,-0.014830115262987852,0.00021279563889039672,4.636002717955945e-05
-0.00023861240127269714,-0.05982054984318717,-0.015468099624251578,0.18687514969823132,0.0,0.038509727653741575,0.00010818037502527411,-0.0008812711761184274
-9.47198231725962e-05,-0.05967213559653906,-0.041665083458218434,-0.08380534900719756,-0.00016334293341474634,0.04190120784197129,0.0011768555701318622,0.0001125757069944111
-4.391011521506869e-05,-0.05493750469834272,0.03814615301232543,-0.08646697406852917,-4.2702783464840244e-05,0.0092152299043354,0.0,0.0001330125261856225
0.000253814627450978,0.03666712423985731,0.0877737392669209,-0.02777651622017386,9.979921723024532e-05,-0.03627991984725869,0.0005771002771172319,-0.0002613944469263294
0.0012333335120293287,-0.050779815851896004,-0.04625464561594307,-0.03821876542263519,0.0002467043541920318,0.012198278737150077,-0.000538123114854786,6.414781953865967e-05
-0.0009231364728467371,0.025386992483329335,-0.09516305274234706,-0.05009034327087318,-0.0004319707721690593,0.03768001107701824,0.0008205143016498146,0.00016742097771407782
0.0008018742451529843,-0.09148265135755701,0.03445003575022589,-0.0529750923201639,-0.00014298727596635794,0.00042381410111665905,0.0011217738164209605,3.4178932411893514e-05
0.0005233336621078317,-0.0058149641503783675,0.0621889433576786,-0.06841852919311518,3.656816583966216e-05,-0.03862085693176704,0.0010131155840245416,0.00019120106474852322
-0.00013242214970712564,-0.07908021419231512,-0.001421418454222851,-0.05009288493342072,-6.116406104095251e-05,-0.006524434903637501,-0.0008662116857699547,-7.257434682254354e-05
0.00017698130594789218,-0.038932653183971835,0.12738425838250353,0.003446002875802171,0.0,-0.019004636576390604,0.0004296130245680881,2.848834109707432e-05
0.0009311428067814984,0.08707255216565689,-0.08087793193837546,0.06860768092910893,4.895512628617926e-05,-0.05363002789934481,0.0006848240886533838,-8.034089475318686e-05
-5.352415926646037e-05,0.08977305802706237,0.020694885198403054,0.1203010537155717,-0.00016512461390295617,0.0597826580975626,-0.0005040212599757873,0.00039093134082003855
-0.0008547746614176549,0.07093788319971663,-0.06876087634356075,0.033634287923060356,0.00013857216760933266,0.03636671825006916,-0.00019486357023817258,-0.0012600595837520489
-0.00019522479726503462,0.08520234920308672,-0.02347068785042838,-0.0951489005186892,0.0,0.032699262403672415,0.0003896024863090222,0.0
-0.0006111136922931442,-0.016789427334859268,0.11101820764221744,-0.04723679943955717,0.0,-0.026397045912061056,-0.000747875887745316,5.9727255800196e-05
-0.0005989297872459737,-0.014575397142689562,0.11116426542391555,-0.08305269137513335,0.0,0.028118930773486633,0.0010021548761194182,0.00012197903809085808
0.0004408517875511969,-0.004043691785415087,-0.012705049683224475,-0.03571256969763072,0.0007402790085050137,-0.01770444735416069,0.0005047454983779187,0.0
0.00019360523868691693,0.0220165619099611,-0.028114592088102432,-0.04000925601735878,-0.0009033472200043178,-0.03547346505135972,0.00032994508590064066,0.0
0.00013813428924286386,0.040558609802559244,-0.033384588536477244,-0.07871151569156619,0.0003597473169208793,0.012949626230034341,-0.001347461271405567,0.0
-0.0006465284206160196,-0.056163826991133946,-0.035013133975406854,-0.009841620686350055,-0.00015965105198927076,0.01626270769697877,-0.000496169959373032,0.001147605325928029
0.0,0.06975335889389536,0.08199388808503921,0.1734405686074365,0.0006012463552705797,0.04957493789173479,-0.000316593979234725,0.000701433260040968
-0.000522973440131405,0.0010372837995237447,-0.08405960856439013,0.015225716525971404,0.00036095234341025005,-0.02245837629304765,7.749921988907393e-05,-0.00012138735129551516
9.795722578070931e-05,0.05761737570849128,0.0685166739897715,0.10421669537839076,-0.0002647902304293362,-0.04432030635151413,0.0003489023928190319,-0.0008665480038323191
-0.0002412043525494299,0.05181416428246739,0.06792778230150782,-0.005056554213760882,0.0,-0.02413359023773984,-0.0002794936493427388,-3.719708506957908e-05
-0.00020870347596570025,0.013199633487284035,0.04127700123157488,0.023667202648077236,-0.0001374773472255647,0.00739455213473906,-0.0005227187993309356,0.0002944350927850558
-0.0005788209763034052,0.050948457446738815,0.1426060487204766,-0.007659481428005802,0.0,-0.022603488198771903,0.0003305755269077021,0.00027484963099710935
-0.00014898441035506084,0.0941207370546568,-0.04909432791036803,0.0027546228687269528,4.4473905466052566e-05,-0.026100202020294123,-0.0008112246418212368,0.0
-0.00029207685903036296,-0.08213351252070644,0.05200993672538491,0.13134388599664015,-0.00044701142217771795,-0.044927955768297716,-0.0006412549584938441,0.0012301568947372978
0.0006265589151926409,-0.08329747337527682,-0.058062668370440745,0.003934593541580501,-0.0006768179061733066,-0.038355439103394784,0.0007119709077312267,7.133551897384183e-05
-0.0006299546054327431,0.07382658576597652,-0.09741900699713875,0.17791393032059827,4.1927371024402804e-05,-0.020966336408082722,-0.0005116030614452272,0.001345808687209395
0.0005959903071160112,0.056139768347359655,0.07071627104595174,-0.05334496686158267,0.0,0.007363478752552932,5.901739854878574e-05,7.398541367787004e-05
-0.0005208037805464617,0.011698536779615482,-0.09549821293366466,-0.07728376437835963,-0.00012100821640959047,0.015904253215131905,0.0010918254049889122,-0.00012784519993532494
0.000254222347054806,-0.07146861478946077,0.036767429849303715,0.14278783456738395,0.00014353776195699832,-0.050546035731879844,0.0,0.00013117738036673432
-0.0004449227264950206,0.10429735216772704,0.0949150634186933,-0.05043254018506734,0.0,0.0013435219508675963,0.0012203908024769584,0.00017368283880853097
-0.00014811316646211453,-0.008474736125278605,0.10562639342072794,-0.03867025581493429,0.0,0.03311797449668091,0.0011681696970040362,8.633375193559112e-05
-8.591528774402554e-05,-0.060850783826004326,0.09190411608041514,0.1672285763360559,-0.00016936438200647894,0.03292208602686233,-4.0407695033051194e-05,-0.0008550966269097049
-0.0007886659087283955,-0.06713251876043763,-0.0941211111391901,0.10167749530888423,-6.0294792687376475e-05,0.013904041488930178,-0.0005235974634190259,0.0016709929229378575
-0.0002933157571251301,-0.017179311452985898,0.11863007496274185,-0.04939513000408249,0.0,0.0228330395561058,-0.00018802198673968458,5.101597610950026e-05
0.0004764950964737402,0.09960351544874088,0.036123501573978596,-0.05784710336882739,0.0,-0.015717041042027834,-0.0009582694702167394,7.641588103993874e-05
-0.0006465984633841974,0.0036868567061986296,-0.02203330764873492,0.00016658259816476617,-0.0006770620633899812,-0.03686176023187802,-0.0002893885891926591,0.0
-0.0007748787339350303,-0.009103668653225493,-0.0927462030829751,0.12802745632573787,0.00013188313949797498,-0.0661334427077072,0.0,0.0008425028015873945
0.0007939988940370894,-0.04769413875953536,-0.04992222163742692,-0.039996891462503244,0.00022974931969954593,-0.013821490803918129,0.0005928224607487196,0.0
0.00047181451032579836,0.08110755366856885,0.13832044156688147,-0.04074433275570476,0.0,0.004079591604947283,-0.0010181614554003984,0.0001548167964616487
-0.00041742740145173096,-0.03469175230597851,0.009732055132112805,0.033489248706867265,0.00041519823524828757,0.04895362135262801,0.0006075533597733503,-0.0007192613052105774
-0.0008444498302535154,-0.024707724433545006,-0.014660064734742743,-0.02306926158316861,-0.000229518865756068,-0.006658088015825283,-0.0010976066996436805,7.810118970014157e-05
-9.112144192800756e-05,-0.030071623762370377,0.048985169188172015,-0.04778769798713961,0.0,0.027145321626256918,0.00012551255814966967,-5.8011739684584156e-05
0.0004732219703433754,0.007935112148455126,0.05029545789411912,-0.006707809114793942,0.0001056065106437784,-0.03877630440264959,0.0011499026472038339,-0.0002913550846975446
-0.00011197490958818458,0.09277470863595501,-0.006042168427266938,0.1686851276063298,0.00021074374715102963,0.00821133701616495,-0.00010887126637781908,-0.00023777250928214066
-0.0005151107808251917,0.0982692624613053,0.14445303110833835,-0.03706900605435348,0.0,-0.002569024067699137,0.0008269114971273534,-3.729071411309737e-05
-0.00018416443735147503,0.04273055866402505,0.12915500064971464,-0.014969854223675586,-0.0002691995830433521,0.038083716027636695,0.000575811953013356,0.0006068795762306188
0.0002949954184499167,-0.03440107667201763,0.07686094379388125,-0.06526218885692432,-5.8104807503673504e-05,-0.005323522728494008,-0.0009417718144409332,6.587950705254017e-05
-0.00023057152762846202,0.02781421562785798,0.07940368787098374,-0.028188420085301716,-2.526919787707721e-05,-0.01972439789569339,-0.0005931032125482107,-0.00021478227448642792
6.206076946154576e-05,-0.09258901636601297,0.042900537270329754,0.07875812633178424,-0.0004578065478138573,0.019938150366172653,-0.00012034421105662236,-0.0009011516415593408
-0.00014074932366585097,-0.1005159601574111,0.07055363875794697,0.17771768626582213,-0.000751410187359758,-0.004439242386700705,-0.00013321007791539108,0.0008176089089953443
0.0001443508319427261,0.03309780107664718,0.12353914993893568,0.0504010948253921,5.710660677596402e-05,-0.003406130841581153,0.00013634334202022687,-0.0009149009028884804
