Feature,Total_Effect (ST),First_Order (S1)
Current density (A/cm2),0.0006611607179043383,-0.00037701607983234916
Voltage (V),0.20781933739578468,0.2001439374116839
Faradaic efficiency,0.34234653728287845,0.332081667502619
CO conversion,0.405710300072733,0.38050471194577234
Crossover rate,0.0009980857260182573,0.002598442995304115
Capture energy (MJ/kgCO2),0.0804414177485493,0.05205634394375782
Electricity price (USD/kWh),0.0012587101340722864,0.0018055896315715334
Membrane cost (USD/m2),0.0009607430500382033,-8.019979905861045e-05
