Feature,Mean_Abs_SHAP
Current density (A/cm2),0.0012883652298934184
Voltage (V),0.04622930907686747
Faradaic efficiency,0.061980228128516765
CO conversion,0.05015763795743884
Crossover rate,0.0012301492245914273
Capture energy (MJ/kgCO2),0.026075681299531007
Electricity price (USD/kWh),0.0014771977976740813
Membrane cost (USD/m2),0.0011122786839332895
