Feature,Mean_Abs_SHAP
Current density (A/cm2),0.001169686729331225
Voltage (V),0.04793825834439307
Faradaic efficiency,0.06275712630790203
CO conversion,0.059129029594486876
Crossover rate,0.001262821163451749
Capture energy (MJ/kgCO2),0.02603703376966285
Electricity price (USD/kWh),0.001387379876063284
Membrane cost (USD/m2),0.001260907030789705
