Feature,Total_Effect (ST),First_Order (S1)
Current density (A/cm2),0.0006675171408879694,-3.733348496793528e-05
Voltage (V),0.2064885798028011,0.19938200310538093
Faradaic efficiency,0.34411428233583663,0.3299371743030938
CO conversion,0.4041324235876394,0.38169542133357787
Crossover rate,0.0008976554361846888,-0.0007111012592892114
Capture energy (MJ/kgCO2),0.08056204209459426,0.059920622259469564
Electricity price (USD/kWh),0.0012980872057838401,-0.0014365808880392639
Membrane cost (USD/m2),0.0009783474653418415,0.0008842232072629502
