Feature,Total_Effect (ST),First_Order (S1)
Current density (A/cm2),0.0006368024835374625,0.0005261421095507562
Voltage (V),0.20593570038115597,0.1990882269962854
Faradaic efficiency,0.3397267045239488,0.33170469533358465
CO conversion,0.40591353345916004,0.3822248256252136
Crossover rate,0.0008868127916743643,-0.00019143700768796268
Capture energy (MJ/kgCO2),0.08114975597030158,0.058108721696330565
Electricity price (USD/kWh),0.0011793975474468233,0.0006845988547273561
Membrane cost (USD/m2),0.0009177230141664011,0.0014070662641095242
