Feature,Total_Effect (ST),First_Order (S1)
CO conversion,0.40624380803304055,0.38199339305899344
Faradaic efficiency,0.3394689816465993,0.3334597685361085
Voltage (V),0.20460515274874042,0.1998066397001415
Capture energy (MJ/kgCO2),0.08232836141665208,0.052948615471272345
Electricity price (USD/kWh),0.0012474911017120059,-0.000490653184928217
Membrane cost (USD/m2),0.0009006551537202594,0.0013341731577196842
Crossover rate,0.000833210416857331,0.002283707187671985
Current density (A/cm2),0.000690630558420322,0.00025181418331331467
