{
    "dataset": "CO2RRC",
    "test_r2": 0.9999775452650526,
    "best_params": {
        "sym_range": 10,
        "steps": 50,
        "n_layers": 1,
        "lr": 0.1,
        "lamb_entropy": 0.001,
        "lamb_coefdiff": 0.01,
        "lamb_coef": 0.01,
        "lamb": 0.01,
        "k": 3,
        "grid": 5
    },
    "symbolic_formula": "-0.67229581438005 - 5.68729543685913/(-4.67000579833984*x_3 - 3.14348411560059) - 9.07877364329844e-8/(0.916363098444102 - x_8)**2 - 4.38577476576057e-8/(0.912832466153999 - x_6)**2 + 5.98705451690268e-9/(0.91271601470506 - x_4)**2 + 6.01187019237635e-8/(0.911926217949986 - x_7)**2 - 1.71689313199755e-8/(0.0899875065728998 - x_2)**2 + 8.09507448798579e-8/(0.0881750452507371 - x_5)**2 + 4.94879530925388e-8/(0.0881690844270683 - x_1)**2"
}