{
    "dataset": "CO2RRA",
    "test_r2": 0.9723120149492992,
    "best_params": {
        "sym_range": 10,
        "steps": 50,
        "n_layers": 1,
        "lr": 0.1,
        "lamb_entropy": 0.001,
        "lamb_coefdiff": 0.01,
        "lamb_coef": 0.01,
        "lamb": 0.01,
        "k": 3,
        "grid": 5
    },
    "symbolic_formula": "-0.446555584669113*tanh(1.30248534679413*x_3 + 0.163859814405441) + 0.323021065210924 + 0.296890011766542/(-x_1 - 0.613331649993862)**2 - 1.36032489107288e-6/(0.915011583861206 - x_4)**2 + 1.47069278757175e-6/(0.911325170583224 - x_5)**2 - 8.126980733037e-7/(0.0908492091566171 - x_8)**2 + 2.95616502994821e-7/(0.0887729714344661 - x_7)**2 - 9.82315799565537e-7/(0.0880088844921841 - x_2)**2 + 2.1609264198973e-6/(0.0849259640108375 - x_6)**2"
}