{"num_inputs": 10, "input_multipliers": [5.466309547424316, 7.91399621963501, 1.7962968349456787, 2.188274383544922, 3.766805410385132, 6.706707954406738, 5.4108405113220215, 9.068002700805664, 5.100651741027832, 6.690756320953369], "train_rmse": [[0.015446195378899574, 0.12791424989700317]], "symbolic_fun": "0.3447*log(3.3705*x_3 + 6.1538) + 0.3379*log(5.5968*x_4 + 7.3962) - 1.4689", "symbolic_res": {"test_loss": 1.105055332183838, "n_edge": 0, "n_grid": 10}, "inflection_points": [-0.7994099855422974, 0.015710165724158287, -0.999138355255127, 0.19639693200588226, 0.5615452527999878, 0.5615452527999878, null, 0.5416994690895081, -0.38387900590896606, -0.38387900590896606, -0.9995139837265015, -0.3844756782054901, -0.5443618297576904, 0.021817058324813843, 0.24596214294433594, 0.4368825852870941, -0.3514488935470581, -0.17140981554985046, -0.6160651445388794, 0.37678954005241394], "attribution_score": [0.0, 0.0, 0.5428239703178406, 0.8280928134918213, 0.0, 0.0, 0.0, 0.0, 0.0, 0.0], "attribution_score_norm": [0.0, 0.0, 0.9649587273597717, 1.4468588829040527, 0.0, 0.0, 0.0, 0.0, 0.0, 0.0], "first_rank_idx": 3, "mask_idx": 3, "mask_inflection_val": 0.19639693200588226, "scores_interval": [[0.0, 0.0, 0.5979357361793518, 0.7562224268913269, 0.0, 0.0, 0.0, 0.0, 0.0, 0.0], [0.0, 0.0, 0.9634376764297485, 0.34870532155036926, 0.0, 0.0, 0.0, 0.0, 0.0, 0.0]], "scores_interval_norm": [[0.0, 0.0, 1.0727348327636719, 2.1577095985412598, 0.0, 0.0, 0.0, 0.0, 0.0, 0.0], [0.0, 0.0, 1.6865516901016235, 1.4643267393112183, 0.0, 0.0, 0.0, 0.0, 0.0, 0.0]]}