{"num_inputs": 2, "input_multipliers": [5.466309547424316, 7.91399621963501], "train_rmse": [[0.07148994505405426, 0.07469233870506287]], "symbolic_fun": "0.7083*log(1.5826*x_1 + 1.5866) + 0.6853*log(1.214*x_2 + 1.218) - 0.0274", "symbolic_res": {"test_loss": 0.04319168999791145, "n_edge": 0, "n_grid": 10}, "inflection_points": [0.20229071378707886, null], "attribution_score": [0.719884991645813, 0.6706183552742004], "attribution_score_norm": [1.2291945219039917, 1.1575734615325928], "first_rank_idx": 0, "mask_idx": 0, "mask_inflection_val": 0.20229071378707886, "scores_interval": [[0.7241114377975464, 0.6749978065490723], [0.1570827215909958, 0.994692325592041]], "scores_interval_norm": [[2.06571626663208, 1.173775315284729], [0.6658437848091125, 1.7031962871551514]]}