{"num_inputs": 5, "input_multipliers": [253.1657257080078, 386.4286804199219, 53.35394287109375, 74.69493865966797, 160.63717651367188], "train_rmse": [[0.00030437199166044593, 0.00036095010000281036]], "symbolic_fun": "0.722*log(1.877*x_1 + 2.2524) + 0.7219*log(4.836*x_2 + 5.8041) + 0.7223*log(0.8375*x_3 + 1.0054) + 0.7221*log(1.0997*x_4 + 1.3198) + 0.7218*log(2.901*x_5 + 3.4807) - 2.3793", "symbolic_res": {"test_loss": 0.00016176083590835333, "n_edge": 0, "n_grid": 10}, "inflection_points": [0.8270792961120605, 0.8091137409210205, 0.7620543837547302, 0.7854897975921631, 0.8030505180358887], "attribution_score": [0.4441470801830292, 0.4371730089187622, 0.4339834451675415, 0.4417869746685028, 0.4396539330482483], "attribution_score_norm": [0.7583755254745483, 0.7546167969703674, 0.7714768052101135, 0.7718982696533203, 0.7660578489303589], "first_rank_idx": 0, "mask_idx": 0, "mask_inflection_val": 0.8270792961120605, "scores_interval": [[0.4324922263622284, 0.43927472829818726, 0.42859330773353577, 0.4419778883457184, 0.4419857859611511], [0.020496634766459465, 0.4729754626750946, 0.5323765873908997, 0.49641692638397217, 0.47405827045440674]], "scores_interval_norm": [[0.8197861909866333, 0.759491503238678, 0.7666492462158203, 0.7768548130989075, 0.7679353952407837], [0.3710983097553253, 0.8017899394035339, 0.8997636437416077, 0.8234193325042725, 0.8438358902931213]]}