{"num_inputs": 30, "input_multipliers": [2.9850263595581055, 4.072887420654297, 1.3539097309112549, 1.5281219482421875, 2.22969126701355, 3.5363147258758545, 2.960373640060425, 4.585779190063477, 2.822511911392212, 3.5292251110076904, 2.395573854446411, 2.6068692207336426, 1.0893030166625977, 1.6754357814788818, 2.175553798675537, 3.074087142944336, 3.790670394897461, 4.200045585632324, 1.644117832183838, 2.1290743350982666, 3.7264342308044434, 4.660776138305664, 2.588399648666382, 4.496623516082764, 2.677633285522461, 3.2116281986236572, 4.810952186584473, 1.1446592807769775, 1.7409241199493408, 2.4936695098876953], "train_rmse": [[0.05973890796303749, 0.08712626993656158]], "symbolic_fun": "0.2588*x_1 + 0.1414*x_11 + 0.1757*x_12 + 0.1067*x_15 + 0.109*x_20 + 0.1717*x_23 + 0.192*x_25 + 0.1665*x_30 + 0.1249*x_5 + 0.2698*x_7 + 0.2288*x_9 + 0.5461*sqrt(x_26 + 0.9981) + 0.4749*log(6.5627*x_10 + 9.3679) + 0.4021*log(5.939*x_16 + 9.2914) + 0.4439*log(7.0612*x_17 + 8.6766) + 0.4441*log(1.4337*x_18 + 1.6146) + 0.4375*log(1.3014*x_2 + 1.4896) + 0.4471*log(2.3049*x_21 + 2.8876) + 0.4313*log(7.6419*x_22 + 8.0368) + 0.4395*log(5.6422*x_24 + 6.0345) + 0.4382*log(4.5289*x_27 + 4.7256) + 0.4746*log(2.9582*x_6 + 4.1484) + 0.4382*log(6.0502*x_8 + 6.4384) - 7.4217", "symbolic_res": {"test_loss": 0.09137210249900818, "n_edge": 0, "n_grid": 10}, "inflection_points": [0.3969409465789795, 0.5708507895469666, 0.006592645775526762, 0.16693231463432312, -0.9997029900550842, 0.23016242682933807, 0.21128369867801666, -0.15588515996932983, -0.9992446899414062, null, 0.8017879724502563, 0.012520703487098217, 0.40825679898262024, -0.012643414549529552, -0.9989228248596191, -0.006101437844336033, 0.8095871806144714, 0.21763066947460175, null, -0.99996018409729, -0.9961438179016113, 0.011590163223445415, -0.8042146563529968, 0.23750904202461243, -0.9994111657142639, null, -0.19908083975315094, -0.8197933435440063, 0.4390018582344055, -0.40988168120384216], "attribution_score": [0.1518578827381134, 0.28938132524490356, 0.0, 0.0, 0.07181216031312943, 0.2268090695142746, 0.15293677151203156, 0.3414055109024048, 0.13310286402702332, 0.22373533248901367, 0.08092512935400009, 0.10353649407625198, 0.0, 0.0, 0.06186380237340927, 0.15998660027980804, 0.26250338554382324, 0.30279868841171265, 0.0, 0.06347422301769257, 0.24891065061092377, 0.3353762626647949, 0.09765785932540894, 0.32478347420692444, 0.11128336191177368, 0.1767997294664383, 0.34876713156700134, 0.0, 0.0, 0.09876206517219543], "attribution_score_norm": [0.25929540395736694, 0.499509334564209, 0.0, 0.0, 0.12512630224227905, 0.3915015161037445, 0.2703351080417633, 0.594516932964325, 0.2292451411485672, 0.3870919644832611, 0.14162448048591614, 0.17599347233772278, 0.0, 0.0, 0.10686498135328293, 0.28607234358787537, 0.4490286707878113, 0.5301257371902466, 0.0, 0.10922596603631973, 0.4328213036060333, 0.5789178609848022, 0.17199528217315674, 0.5716511607170105, 0.19236232340335846, 0.30891990661621094, 0.6226463317871094, 0.0, 0.0, 0.16679836809635162], "first_rank_idx": 26, "mask_idx": 26, "mask_inflection_val": -0.19908083975315094, "scores_interval": [[0.15909306704998016, 0.30919069051742554, 0.0, 0.0, 0.07467227429151535, 0.22626395523548126, 0.1632186472415924, 0.36140334606170654, 0.13779990375041962, 0.23201575875282288, 0.08397532999515533, 0.10654683411121368, 0.0, 0.0, 0.06454996764659882, 0.1633731722831726, 0.2897398769855499, 0.3102046549320221, 0.0, 0.06734677404165268, 0.26025471091270447, 0.35759806632995605, 0.10122145712375641, 0.3311671018600464, 0.11374329030513763, 0.18545405566692352, 0.3248860538005829, 0.0, 0.0, 0.1049320325255394], [0.15761315822601318, 0.29621830582618713, 0.0, 0.0, 0.07490219175815582, 0.24222654104232788, 0.15647006034851074, 0.35160741209983826, 0.1391250491142273, 0.23379841446876526, 0.08451883494853973, 0.10853420943021774, 0.0, 0.0, 0.06432083249092102, 0.16876617074012756, 0.26185330748558044, 0.31857815384864807, 0.0, 0.06531373411417007, 0.25851157307624817, 0.3437674939632416, 0.10208378732204437, 0.3429975211620331, 0.11716390401124954, 0.18333296477794647, 0.1131194680929184, 0.0, 0.0, 0.10152818262577057]], "scores_interval_norm": [[0.2712862193584442, 0.527945339679718, 0.0, 0.0, 0.13091261684894562, 0.40537142753601074, 0.2828364968299866, 0.6200870871543884, 0.23984631896018982, 0.39917653799057007, 0.1481737643480301, 0.18413208425045013, 0.0, 0.0, 0.11180681735277176, 0.2930944263935089, 0.47671425342559814, 0.5425823330879211, 0.0, 0.11427700519561768, 0.45649710297584534, 0.6228566765785217, 0.17994901537895203, 0.5758678913116455, 0.2012578696012497, 0.32751041650772095, 1.3825734853744507, 0.0, 0.0, 0.17451179027557373], [0.26915985345840454, 0.5150606036186218, 0.0, 0.0, 0.12988650798797607, 0.40854963660240173, 0.2806195616722107, 0.6184781789779663, 0.2379663735628128, 0.40569475293159485, 0.14701233804225922, 0.18268881738185883, 0.0, 0.0, 0.11093046516180038, 0.3009190857410431, 0.4603240191936493, 0.5581492185592651, 0.0, 0.1133812889456749, 0.4470336139202118, 0.5898417234420776, 0.17853854596614838, 0.6083773374557495, 0.1996803879737854, 0.31789204478263855, 0.3307654559612274, 0.0, 0.0, 0.17314393818378448]]}