{"num_inputs": 5, "input_multipliers": [5.466309547424316, 7.91399621963501, 1.7962968349456787, 2.188274383544922, 3.766805410385132], "train_rmse": [[0.010732211172580719, 0.07314475625753403]], "symbolic_fun": "0.5471*log(2.084*x_3 + 3.744) + 0.546*log(7.3246*x_4 + 9.6955) - 0.2786 - 1.4227/sqrt(0.7837*x_5 + 1)", "symbolic_res": {"test_loss": 0.7770919799804688, "n_edge": 0, "n_grid": 10}, "inflection_points": [0.6178915500640869, -0.9998406171798706, -0.7853595018386841, -0.999138355255127, null, 0.5615452527999878, -0.8160932064056396, 0.5416994690895081, -0.5822017192840576, -0.9997029900550842], "attribution_score": [0.0, 0.0, 0.315144419670105, 0.4788908362388611, 0.8099249601364136], "attribution_score_norm": [0.0, 0.0, 0.5602209568023682, 0.8367267847061157, 1.411222219467163], "first_rank_idx": 4, "mask_idx": 3, "mask_inflection_val": -0.999138355255127, "scores_interval": [[0.0, 0.0, 0.0, 0.0, 0.0], [0.0, 0.0, 0.315144419670105, 0.4788908362388611, 0.8099249601364136]], "scores_interval_norm": [[0.0, 0.0, 0.0, 0.0, 0.0], [0.0, 0.0, 0.5602209568023682, 0.8367267847061157, 1.411222219467163]]}