{"num_inputs": 5, "input_multipliers": [2.9850263595581055, 4.072887420654297, 1.3539097309112549, 1.5281219482421875, 2.22969126701355], "train_rmse": [[0.0007379172602668405, 0.0009456735569983721]], "symbolic_fun": "1.2818*log(3.516*x_1 + 6.4) + 1.283*log(6.8846*x_2 + 7.8765) - 0.8528 - 1.2525*exp(-0.274*x_5) - 1.2779*exp(-0.1051*x_4) - 1.3132*exp(-0.0794*x_3)", "symbolic_res": {"test_loss": 3.8442492485046387, "n_edge": 0, "n_grid": 10}, "inflection_points": [0.6178915500640869, 0.402013897895813, 0.5615452527999878, 0.5416994690895081, 0.39150404930114746], "attribution_score": [0.4586730897426605, 0.8715067505836487, 0.0, 0.0, 0.0], "attribution_score_norm": [0.7831785082817078, 1.5043325424194336, 0.0, 0.0, 0.0], "first_rank_idx": 1, "mask_idx": 1, "mask_inflection_val": 0.402013897895813, "scores_interval": [[0.5123333930969238, 0.8656874299049377, 0.0, 0.0, 0.0], [0.966396152973175, 0.2857847511768341, 0.0, 0.0, 0.0]], "scores_interval_norm": [[0.8678582906723022, 2.163496494293213, 0.0, 0.0, 0.0], [1.6929426193237305, 1.5915251970291138, 0.0, 0.0, 0.0]]}