{"num_inputs": 50, "input_multipliers": [2.9850263595581055, 4.072887420654297, 1.3539097309112549, 1.5281219482421875, 2.22969126701355, 3.5363147258758545, 2.960373640060425, 4.585779190063477, 2.822511911392212, 3.5292251110076904, 2.395573854446411, 2.6068692207336426, 1.0893030166625977, 1.6754357814788818, 2.175553798675537, 3.074087142944336, 3.790670394897461, 4.200045585632324, 1.644117832183838, 2.1290743350982666, 3.7264342308044434, 4.660776138305664, 2.588399648666382, 4.496623516082764, 2.677633285522461, 3.2116281986236572, 4.810952186584473, 1.1446592807769775, 1.7409241199493408, 2.4936695098876953, 2.220400094985962, 4.728001594543457, 1.7036406993865967, 2.079334259033203, 1.6027190685272217, 1.126878023147583, 1.8325190544128418, 4.719196319580078, 3.8924367427825928, 3.9693450927734375, 3.1051831245422363, 1.974632978439331, 3.338369369506836, 1.132610559463501, 1.5548675060272217, 1.968940019607544, 4.261876106262207, 4.172642707824707, 2.1130099296569824, 2.92783522605896], "train_rmse": [[0.03359104320406914, 0.22650980949401855]], "symbolic_fun": "0.193*x_1 + 0.1699*x_10 + 0.1078*x_11 + 0.3879*x_2 + 0.2242*x_21 + 0.1331*x_30 + 0.3098*x_39 + 0.2865*x_40 + 0.2498*x_41 + 0.2958*x_47 + 0.2226*x_50 + 0.1954*x_6 + 0.199*x_7 + 0.1702*x_9 + 0.0446", "symbolic_res": {"test_loss": 0.8649699687957764, "n_edge": 0, "n_grid": 10}, "inflection_points": [0.8270792961120605, 0.015710165724158287, -0.7853595018386841, -0.22188226878643036, -0.16543957591056824, null, -0.8160932064056396, -0.8160932064056396, -0.5822017192840576, null, -0.7903475761413574, -0.17609426379203796, -0.771660566329956, null, -0.3496060073375702, -0.5706865787506104, -0.5983297824859619, -0.5983297824859619, -0.4264245927333832, -0.6160651445388794, 0.4346095621585846, -0.9976625442504883, 0.012520703487098217, 0.2209758460521698, -0.3905324637889862, -0.7815902233123779, -0.20709559321403503, null, 0.4055217504501343, -0.585963249206543, -0.9984350204467773, -0.9984350204467773, 0.6291211843490601, null, -0.9982700347900391, 0.017028747126460075, 0.21905241906642914, 0.027885176241397858, -0.99996018409729, -0.21273870766162872, 0.5913824439048767, -0.7867546081542969, -0.9977817535400391, 0.011590163223445415, -0.5825991034507751, -0.5825991034507751, null, 0.5970240831375122, -0.5957536697387695, 0.0373823419213295, null, -0.5343418121337891, -0.19908083975315094, -0.19908083975315094, 0.6357948184013367, null, 0.23667167127132416, null, -0.8188847303390503, null, -0.9998970627784729, null, -0.7790943384170532, -0.9957084655761719, -0.21358491480350494, -0.5972200632095337, -0.6158744096755981, -0.6158744096755981, 0.5754028558731079, null, 0.01623241975903511, -0.9968065619468689, 0.017848122864961624, -0.8039990663528442, -0.00852791778743267, 0.16122323274612427, -0.5620962381362915, -0.9973207712173462, -0.024250036105513573, -0.22236624360084534, -0.4078870117664337, 0.16724902391433716, -0.9997567534446716, 0.33250221610069275, -0.6128705143928528, -0.8241958618164062, 0.010518353432416916, -0.8007091879844666, -0.4591520428657532, 0.3654898405075073, -0.18790006637573242, 0.794802725315094, -0.9991282820701599, -0.4188604950904846, 0.24735087156295776, -0.5502732992172241, -0.4117395281791687, -0.99837327003479, -0.809264600276947, -0.809264600276947], "attribution_score": [0.23057115077972412, 0.4583456516265869, 0.0, 0.0, 0.0, 0.23084764182567596, 0.22961360216140747, 0.0, 0.20159824192523956, 0.20035672187805176, 0.12568041682243347, 0.0, 0.0, 0.0, 0.0, 0.0, 0.0, 0.0, 0.0, 0.0, 0.2629932463169098, 0.0, 0.0, 0.0, 0.0, 0.0, 0.0, 0.0, 0.0, 0.16074347496032715, 0.0, 0.0, 0.0, 0.0, 0.0, 0.0, 0.0, 0.0, 0.3625817894935608, 0.33278772234916687, 0.28982898592948914, 0.0, 0.0, 0.0, 0.0, 0.0, 0.34943169355392456, 0.0, 0.0, 0.2588528096675873], "attribution_score_norm": [0.3936973214149475, 0.791163444519043, 0.0, 0.0, 0.0, 0.3984726071357727, 0.40587112307548523, 0.0, 0.34721580147743225, 0.34664386510849, 0.21994927525520325, 0.0, 0.0, 0.0, 0.0, 0.0, 0.0, 0.0, 0.0, 0.0, 0.45730897784233093, 0.0, 0.0, 0.0, 0.0, 0.0, 0.0, 0.0, 0.0, 0.27147823572158813, 0.0, 0.0, 0.0, 0.0, 0.0, 0.0, 0.0, 0.0, 0.6318269371986389, 0.5844355225563049, 0.5093928575515747, 0.0, 0.0, 0.0, 0.0, 0.0, 0.6032558679580688, 0.0, 0.0, 0.4540388286113739], "first_rank_idx": 1, "mask_idx": 1, "mask_inflection_val": 0.015710165724158287, "scores_interval": [[0.24388433992862701, 0.24073544144630432, 0.0, 0.0, 0.0, 0.24097266793251038, 0.23890815675258636, 0.0, 0.21116988360881805, 0.20757120847702026, 0.13106046617031097, 0.0, 0.0, 0.0, 0.0, 0.0, 0.0, 0.0, 0.0, 0.0, 0.27430954575538635, 0.0, 0.0, 0.0, 0.0, 0.0, 0.0, 0.0, 0.0, 0.16684123873710632, 0.0, 0.0, 0.0, 0.0, 0.0, 0.0, 0.0, 0.0, 0.3730863928794861, 0.34453853964805603, 0.30392611026763916, 0.0, 0.0, 0.0, 0.0, 0.0, 0.3621513843536377, 0.0, 0.0, 0.2715962529182434], [0.25497785210609436, 0.25264042615890503, 0.0, 0.0, 0.0, 0.25866419076919556, 0.25948768854141235, 0.0, 0.22608254849910736, 0.22687216103076935, 0.14161214232444763, 0.0, 0.0, 0.0, 0.0, 0.0, 0.0, 0.0, 0.0, 0.0, 0.29621201753616333, 0.0, 0.0, 0.0, 0.0, 0.0, 0.0, 0.0, 0.0, 0.18219377100467682, 0.0, 0.0, 0.0, 0.0, 0.0, 0.0, 0.0, 0.0, 0.4147718548774719, 0.3774125277996063, 0.32443785667419434, 0.0, 0.0, 0.0, 0.0, 0.0, 0.3965393602848053, 0.0, 0.0, 0.2897476851940155]], "scores_interval_norm": [[0.4098871648311615, 0.8235362768173218, 0.0, 0.0, 0.0, 0.414858877658844, 0.4225615859031677, 0.0, 0.361423134803772, 0.3608987629413605, 0.22894912958145142, 0.0, 0.0, 0.0, 0.0, 0.0, 0.0, 0.0, 0.0, 0.0, 0.4760211408138275, 0.0, 0.0, 0.0, 0.0, 0.0, 0.0, 0.0, 0.0, 0.282642126083374, 0.0, 0.0, 0.0, 0.0, 0.0, 0.0, 0.0, 0.0, 0.657809317111969, 0.6084691286087036, 0.5302360653877258, 0.0, 0.0, 0.0, 0.0, 0.0, 0.6280632615089417, 0.0, 0.0, 0.47261708974838257], [0.44429412484169006, 0.8926125764846802, 0.0, 0.0, 0.0, 0.4496830999851227, 0.45803242921829224, 0.0, 0.3917384147644043, 0.3911935091018677, 0.24815286695957184, 0.0, 0.0, 0.0, 0.0, 0.0, 0.0, 0.0, 0.0, 0.0, 0.5159486532211304, 0.0, 0.0, 0.0, 0.0, 0.0, 0.0, 0.0, 0.0, 0.30636775493621826, 0.0, 0.0, 0.0, 0.0, 0.0, 0.0, 0.0, 0.0, 0.7130274176597595, 0.6595454216003418, 0.5747110247612, 0.0, 0.0, 0.0, 0.0, 0.0, 0.6807844638824463, 0.0, 0.0, 0.5122591257095337]]}