{"num_inputs": 50, "input_multipliers": [5.466309547424316, 7.91399621963501, 1.7962968349456787, 2.188274383544922, 3.766805410385132, 6.706707954406738, 5.4108405113220215, 9.068002700805664, 5.100651741027832, 6.690756320953369, 4.140041351318359, 4.615455627441406, 1.2009317874908447, 2.519730567932129, 3.644996166229248, 5.666696071624756, 7.279008388519287, 8.200102806091309, 2.4492650032043457, 3.540417194366455, 7.134477138519287, 9.236745834350586, 4.573899269104004, 8.867403030395508, 4.774674892425537, 5.976163387298584, 9.5746431350708, 1.3254833221435547, 2.667079210281372, 4.3607563972473145, 3.7459001541137695, 9.3880033493042, 2.5831916332244873, 3.428502082824707, 2.3561179637908936, 1.285475492477417, 2.8731679916381836, 9.36819076538086, 7.5079827308654785, 7.681026458740234, 5.736661911010742, 3.1929242610931396, 6.261331081390381, 1.2983736991882324, 2.2484519481658936, 3.180114984512329, 8.33922004699707, 8.138444900512695, 3.5042724609375, 5.337629318237305], "train_rmse": [[0.04194563627243042, 0.1278759092092514]], "symbolic_fun": "0.1656*log(9.8*x_1 + 9.8681) + 0.1651*log(1.1996*x_10 + 1.196) + 0.1706*log(2.1879997253418*x_11 + 2.1998) + 0.165*log(4.2326*x_17 + 4.2374) + 0.1656*log(9.8*x_20 + 9.9767) + 0.1708*log(3.3822*x_21 + 3.3939) + 0.1618*log(5.309*x_46 + 5.5049) + 0.1656*log(4.1978*x_9 + 4.2138) - 1.5827", "symbolic_res": {"test_loss": 0.9325631856918335, "n_edge": 0, "n_grid": 10}, "inflection_points": [0.015710165724158287, -0.4059350788593292, null, -0.9965648055076599, 0.1837446540594101, -0.7903475761413574, 0.21128369867801666, -0.15588515996932983, -0.17140981554985046, -0.03645559400320053, null, -0.6139867901802063, -0.5962075591087341, -0.20709559321403503, null, -0.1595241129398346, -0.390693336725235, -0.39953142404556274, -0.40884163975715637, -0.21273870766162872, -0.20954112708568573, 0.011590163223445415, -0.20248153805732727, 0.23750904202461243, 0.0373823419213295, 0.20826978981494904, 0.18521089851856232, -0.8197933435440063, -0.16214489936828613, null, 0.17426632344722748, -0.2737232446670532, 0.1846509575843811, null, null, -0.7990807890892029, 0.40797245502471924, -0.6160377264022827, 0.2116563320159912, -0.22236624360084534, null, null, -0.6128705143928528, -0.9969184398651123, -0.4591520428657532, 0.6033329367637634, -0.196925088763237, -0.5502732992172241, 0.5946543216705322, -0.587876558303833], "attribution_score": [0.35961946845054626, 0.0, 0.0, 0.0, 0.0, 0.0, 0.0, 0.0, 0.3787284791469574, 0.3744407296180725, 0.36168864369392395, 0.0, 0.0, 0.0, 0.0, 0.0, 0.36148905754089355, 0.0, 0.0, 0.33157220482826233, 0.34964844584465027, 0.0, 0.0, 0.0, 0.0, 0.0, 0.0, 0.0, 0.0, 0.0, 0.0, 0.0, 0.0, 0.0, 0.0, 0.0, 0.0, 0.0, 0.0, 0.0, 0.0, 0.0, 0.0, 0.0, 0.0, 0.30352890491485596, 0.0, 0.0, 0.0, 0.0], "attribution_score_norm": [0.6140456795692444, 0.0, 0.0, 0.0, 0.0, 0.0, 0.0, 0.0, 0.6522899866104126, 0.6478323936462402, 0.6329797506332397, 0.0, 0.0, 0.0, 0.0, 0.0, 0.6183499693870544, 0.0, 0.0, 0.5705669522285461, 0.6079904437065125, 0.0, 0.0, 0.0, 0.0, 0.0, 0.0, 0.0, 0.0, 0.0, 0.0, 0.0, 0.0, 0.0, 0.0, 0.0, 0.0, 0.0, 0.0, 0.0, 0.0, 0.0, 0.0, 0.0, 0.0, 0.5261791944503784, 0.0, 0.0, 0.0, 0.0], "first_rank_idx": 8, "mask_idx": 8, "mask_inflection_val": -0.17140981554985046, "scores_interval": [[0.3623708486557007, 0.0, 0.0, 0.0, 0.0, 0.0, 0.0, 0.0, 0.3809344172477722, 0.3834739029407501, 0.33590760827064514, 0.0, 0.0, 0.0, 0.0, 0.0, 0.37240365147590637, 0.0, 0.0, 0.3371448218822479, 0.3681800961494446, 0.0, 0.0, 0.0, 0.0, 0.0, 0.0, 0.0, 0.0, 0.0, 0.0, 0.0, 0.0, 0.0, 0.0, 0.0, 0.0, 0.0, 0.0, 0.0, 0.0, 0.0, 0.0, 0.0, 0.0, 0.3102400600910187, 0.0, 0.0, 0.0, 0.0], [0.38777902722358704, 0.0, 0.0, 0.0, 0.0, 0.0, 0.0, 0.0, 0.10179407894611359, 0.3990809917449951, 0.4095367193222046, 0.0, 0.0, 0.0, 0.0, 0.0, 0.38364407420158386, 0.0, 0.0, 0.35512521862983704, 0.3646719753742218, 0.0, 0.0, 0.0, 0.0, 0.0, 0.0, 0.0, 0.0, 0.0, 0.0, 0.0, 0.0, 0.0, 0.0, 0.0, 0.0, 0.0, 0.0, 0.0, 0.0, 0.0, 0.0, 0.0, 0.0, 0.3239092528820038, 0.0, 0.0, 0.0, 0.0]], "scores_interval_norm": [[0.6208032369613647, 0.0, 0.0, 0.0, 0.0, 0.0, 0.0, 0.0, 1.4872969388961792, 0.6460235118865967, 0.6056210398674011, 0.0, 0.0, 0.0, 0.0, 0.0, 0.6213831901550293, 0.0, 0.0, 0.5757501721382141, 0.6409825086593628, 0.0, 0.0, 0.0, 0.0, 0.0, 0.0, 0.0, 0.0, 0.0, 0.0, 0.0, 0.0, 0.0, 0.0, 0.0, 0.0, 0.0, 0.0, 0.0, 0.0, 0.0, 0.0, 0.0, 0.0, 0.5395699739456177, 0.0, 0.0, 0.0, 0.0], [0.6603004336357117, 0.0, 0.0, 0.0, 0.0, 0.0, 0.0, 0.0, 0.2973858416080475, 0.7027989625930786, 0.7032759785652161, 0.0, 0.0, 0.0, 0.0, 0.0, 0.6679868102073669, 0.0, 0.0, 0.6140555739402771, 0.6330887675285339, 0.0, 0.0, 0.0, 0.0, 0.0, 0.0, 0.0, 0.0, 0.0, 0.0, 0.0, 0.0, 0.0, 0.0, 0.0, 0.0, 0.0, 0.0, 0.0, 0.0, 0.0, 0.0, 0.0, 0.0, 0.5600031614303589, 0.0, 0.0, 0.0, 0.0]]}