{"num_inputs": [2, 5, 10, 30], "input_multipliers": [[2.9850263595581055, 4.072887420654297], [2.9850263595581055, 4.072887420654297, 1.3539097309112549, 1.5281219482421875, 2.22969126701355], [2.9850263595581055, 4.072887420654297, 1.3539097309112549, 1.5281219482421875, 2.22969126701355, 3.5363147258758545, 2.960373640060425, 4.585779190063477, 2.822511911392212, 3.5292251110076904], [2.9850263595581055, 4.072887420654297, 1.3539097309112549, 1.5281219482421875, 2.22969126701355, 3.5363147258758545, 2.960373640060425, 4.585779190063477, 2.822511911392212, 3.5292251110076904, 2.395573854446411, 2.6068692207336426, 1.0893030166625977, 1.6754357814788818, 2.175553798675537, 3.074087142944336, 3.790670394897461, 4.200045585632324, 1.644117832183838, 2.1290743350982666, 3.7264342308044434, 4.660776138305664, 2.588399648666382, 4.496623516082764, 2.677633285522461, 3.2116281986236572, 4.810952186584473, 1.1446592807769775, 1.7409241199493408, 2.4936695098876953]], "train_rmse": [[[0.0001260139251826331, 0.00012852804502472281]], [[0.0007377070724032819, 0.0009493849356658757]], [[0.0019853180274367332, 0.0026996107771992683]], [[0.05973890796303749, 0.08712626993656158]]], "symbolic_fun": ["-0.6187*(0.6278*x_1 - 1)**2 - 16.0828*cos(0.2914*x_2 + 9.1155) - 14.3931", "1.2827*log(2.1768*x_1 + 3.9646) + 1.2839*log(1.4414*x_2 + 1.6497) + 1.7891 - 1.2532*exp(-0.2738*x_5) - 1.2878*exp(-0.1043*x_4) - 1.3266*exp(-0.0786*x_3)", "0.0581*x_3 + 0.7133*log(2.1003*x_1 + 3.8246) + 0.7131*log(7.0327*x_10 + 9.44) + 0.7138*log(1.2758*x_2 + 1.4598) + 0.7128*log(1.916*x_6 + 2.564) + 0.7125*log(5.4*x_7 + 10.0) + 0.7144*log(9.4*x_8 + 9.9986) + 0.7123*log(3.1161*x_9 + 6.4285) - 6.1575 - 0.6925*exp(-0.2755*x_5) - 0.7157*exp(-0.1044*x_4)", "0.2588*x_1 + 0.1414*x_11 + 0.1757*x_12 + 0.1067*x_15 + 0.109*x_20 + 0.1717*x_23 + 0.192*x_25 + 0.1665*x_30 + 0.1249*x_5 + 0.2698*x_7 + 0.2288*x_9 + 0.5461*sqrt(x_26 + 0.9981) + 0.4749*log(6.5627*x_10 + 9.3679) + 0.4021*log(5.939*x_16 + 9.2914) + 0.4439*log(7.0612*x_17 + 8.6766) + 0.4441*log(1.4337*x_18 + 1.6146) + 0.4375*log(1.3014*x_2 + 1.4896) + 0.4471*log(2.3049*x_21 + 2.8876) + 0.4313*log(7.6419*x_22 + 8.0368) + 0.4395*log(5.6422*x_24 + 6.0345) + 0.4382*log(4.5289*x_27 + 4.7256) + 0.4746*log(2.9582*x_6 + 4.1484) + 0.4382*log(6.0502*x_8 + 6.4384) - 7.4217"], "symbolic_res": [{"test_loss": 0.12511703372001648, "n_edge": 0, "n_grid": 10}, {"test_loss": 3.819314479827881, "n_edge": 0, "n_grid": 10}, {"test_loss": 1.3806170225143433, "n_edge": 0, "n_grid": 10}, {"test_loss": 0.09137210249900818, "n_edge": 0, "n_grid": 10}], "inflection_points": [[-0.7994099855422974, 0.3969409465789795, -0.014551587402820587, null], [0.3969409465789795, 0.402013897895813, 0.3585914969444275, null, 0.39150404930114746], [0.20229071378707886, -0.014551587402820587, 0.7620543837547302, null, null, 0.23016242682933807, 0.21128369867801666, 0.04290952906012535, 0.39848536252975464, 0.18322381377220154], [0.3969409465789795, 0.5708507895469666, 0.006592645775526762, 0.16693231463432312, -0.9997029900550842, 0.23016242682933807, 0.21128369867801666, -0.15588515996932983, -0.9992446899414062, null, 0.8017879724502563, 0.012520703487098217, 0.40825679898262024, -0.012643414549529552, -0.9989228248596191, -0.006101437844336033, 0.8095871806144714, 0.21763066947460175, null, -0.99996018409729, -0.9961438179016113, 0.011590163223445415, -0.8042146563529968, 0.23750904202461243, -0.9994111657142639, null, -0.19908083975315094, -0.8197933435440063, 0.4390018582344055, -0.40988168120384216]], "attribution_score": [[0.4721057713031769, 0.860899806022644], [0.458654522895813, 0.871488094329834, 0.0, 0.0, 0.0], [0.24983708560466766, 0.4746624827384949, 0.03289517015218735, 0.0, 0.0, 0.36562979221343994, 0.23365339636802673, 0.5600247979164124, 0.2156459093093872, 0.3682173192501068], [0.1518578827381134, 0.28938132524490356, 0.0, 0.0, 0.07181216031312943, 0.2268090695142746, 0.15293677151203156, 0.3414055109024048, 0.13310286402702332, 0.22373533248901367, 0.08092512935400009, 0.10353649407625198, 0.0, 0.0, 0.06186380237340927, 0.15998660027980804, 0.26250338554382324, 0.30279868841171265, 0.0, 0.06347422301769257, 0.24891065061092377, 0.3353762626647949, 0.09765785932540894, 0.32478347420692444, 0.11128336191177368, 0.1767997294664383, 0.34876713156700134, 0.0, 0.0, 0.09876206517219543]], "attribution_score_norm": [[0.8061146140098572, 1.4860236644744873], [0.7831467986106873, 1.5043003559112549, 0.0, 0.0, 0.0], [0.4265936613082886, 0.8193284273147583, 0.05847656726837158, 0.0, 0.0, 0.6311238408088684, 0.41301196813583374, 0.975216269493103, 0.3714103102684021, 0.637065052986145], [0.25929540395736694, 0.499509334564209, 0.0, 0.0, 0.12512630224227905, 0.3915015161037445, 0.2703351080417633, 0.594516932964325, 0.2292451411485672, 0.3870919644832611, 0.14162448048591614, 0.17599347233772278, 0.0, 0.0, 0.10686498135328293, 0.28607234358787537, 0.4490286707878113, 0.5301257371902466, 0.0, 0.10922596603631973, 0.4328213036060333, 0.5789178609848022, 0.17199528217315674, 0.5716511607170105, 0.19236232340335846, 0.30891990661621094, 0.6226463317871094, 0.0, 0.0, 0.16679836809635162]], "first_rank_idx": [1, 1, 7, 26], "mask_idx": [1, 1, 7, 26], "mask_inflection_val": [0.3969409465789795, 0.402013897895813, 0.04290952906012535, -0.19908083975315094], "scores_interval": [[[0.5440545678138733, 0.8451396226882935], [0.9855267405509949, 0.2085740864276886]], [[0.5123615264892578, 0.8656412363052368, 0.0, 0.0, 0.0], [0.9663181304931641, 0.28588736057281494, 0.0, 0.0, 0.0]], [[0.2608683705329895, 0.4927089512348175, 0.03386734053492546, 0.0, 0.0, 0.3588053286075592, 0.24322326481342316, 0.5203021764755249, 0.22089406847953796, 0.3743668794631958], [0.29384759068489075, 0.5627517700195312, 0.03925226628780365, 0.0, 0.0, 0.4565849304199219, 0.27555155754089355, 0.15018343925476074, 0.2592320442199707, 0.4459895193576813]], [[0.15909306704998016, 0.30919069051742554, 0.0, 0.0, 0.07467227429151535, 0.22626395523548126, 0.1632186472415924, 0.36140334606170654, 0.13779990375041962, 0.23201575875282288, 0.08397532999515533, 0.10654683411121368, 0.0, 0.0, 0.06454996764659882, 0.1633731722831726, 0.2897398769855499, 0.3102046549320221, 0.0, 0.06734677404165268, 0.26025471091270447, 0.35759806632995605, 0.10122145712375641, 0.3311671018600464, 0.11374329030513763, 0.18545405566692352, 0.3248860538005829, 0.0, 0.0, 0.1049320325255394], [0.15761315822601318, 0.29621830582618713, 0.0, 0.0, 0.07490219175815582, 0.24222654104232788, 0.15647006034851074, 0.35160741209983826, 0.1391250491142273, 0.23379841446876526, 0.08451883494853973, 0.10853420943021774, 0.0, 0.0, 0.06432083249092102, 0.16876617074012756, 0.26185330748558044, 0.31857815384864807, 0.0, 0.06531373411417007, 0.25851157307624817, 0.3437674939632416, 0.10208378732204437, 0.3429975211620331, 0.11716390401124954, 0.18333296477794647, 0.1131194680929184, 0.0, 0.0, 0.10152818262577057]]],