{"num_inputs": 2, "input_multipliers": [2.9850263595581055, 4.072887420654297], "train_rmse": [[0.0001260139251826331, 0.00012852804502472281]], "symbolic_fun": "-0.6187*(0.6278*x_1 - 1)**2 - 16.0828*cos(0.2914*x_2 + 9.1155) - 14.3931", "symbolic_res": {"test_loss": 0.12511703372001648, "n_edge": 0, "n_grid": 10}, "inflection_points": [-0.7994099855422974, 0.3969409465789795, -0.014551587402820587, null], "attribution_score": [0.4721057713031769, 0.860899806022644], "attribution_score_norm": [0.8061146140098572, 1.4860236644744873], "first_rank_idx": 1, "mask_idx": 1, "mask_inflection_val": 0.3969409465789795, "scores_interval": [[0.5440545678138733, 0.8451396226882935], [0.9855267405509949, 0.2085740864276886]], "scores_interval_norm": [[0.9202706217765808, 2.1219868659973145], [1.7328121662139893, 1.151444673538208]]}