{"num_inputs": 50, "input_multipliers": [2.9850263595581055, 4.072887420654297, 1.3539097309112549, 1.5281219482421875, 2.22969126701355, 3.5363147258758545, 2.960373640060425, 4.585779190063477, 2.822511911392212, 3.5292251110076904, 2.395573854446411, 2.6068692207336426, 1.0893030166625977, 1.6754357814788818, 2.175553798675537, 3.074087142944336, 3.790670394897461, 4.200045585632324, 1.644117832183838, 2.1290743350982666, 3.7264342308044434, 4.660776138305664, 2.588399648666382, 4.496623516082764, 2.677633285522461, 3.2116281986236572, 4.810952186584473, 1.1446592807769775, 1.7409241199493408, 2.4936695098876953, 2.220400094985962, 4.728001594543457, 1.7036406993865967, 2.079334259033203, 1.6027190685272217, 1.126878023147583, 1.8325190544128418, 4.719196319580078, 3.8924367427825928, 3.9693450927734375, 3.1051831245422363, 1.974632978439331, 3.338369369506836, 1.132610559463501, 1.5548675060272217, 1.968940019607544, 4.261876106262207, 4.172642707824707, 2.1130099296569824, 2.92783522605896], "train_rmse": [[0.039202217012643814, 0.24219301342964172]], "symbolic_fun": "0.2041*x_1 + 0.1147*x_11 + 0.1362*x_12 + 0.2085*x_17 + 0.0996*x_21 + 0.2462*x_22 + 0.1383*x_23 + 0.1644*x_25 + 0.3051*x_27 + 0.1443*x_30 + 0.335*x_39 + 0.1812*x_41 + 0.1564*x_43 + 0.1502*x_50 + 0.1949*x_6 + 0.2108*x_7 + 0.1991*x_9 + 0.1127", "symbolic_res": {"test_loss": 0.8472297191619873, "n_edge": 0, "n_grid": 10}, "inflection_points": [-0.9998406171798706, 0.015710165724158287, -0.014551587402820587, -0.22188226878643036, -0.16543957591056824, null, -0.8160932064056396, 0.35188567638397217, null, -0.8049774765968323, null, -0.17609426379203796, -0.9987626075744629, null, -0.5706865787506104, -0.15588515996932983, 0.20916159451007843, -0.9992446899414062, -0.03645559400320053, -0.6160651445388794, 0.4346095621585846, -0.33778613805770874, 0.6296737790107727, 0.012520703487098217, -0.3905324637889862, -0.7815902233123779, -0.20709559321403503, null, 0.4055217504501343, -0.585963249206543, 0.3858584761619568, -0.9984350204467773, null, 0.6291211843490601, -0.5838407874107361, -0.9982700347900391, 0.21905241906642914, -0.183793842792511, -0.99996018409729, -0.21273870766162872, -0.9961438179016113, 0.005493066273629665, -0.7685187458992004, null, -0.9999706745147705, 0.20011048018932343, 0.23750904202461243, 0.027801021933555603, -0.17136406898498535, 0.0373823419213295, -0.34607452154159546, 0.6373806595802307, -0.017907708883285522, -0.9973236322402954, null, null, 0.23667167127132416, null, -0.6060580015182495, null, null, null, -0.46229949593544006, 0.7635409832000732, -0.21358491480350494, -0.7905004620552063, null, -0.6158744096755981, 0.5754028558731079, -0.3714989721775055, 0.01623241975903511, -0.9968065619468689, 0.017848122864961624, -0.8039990663528442, -0.4134112596511841, 0.5460470914840698, -0.18096254765987396, 0.2116563320159912, null, -0.999986469745636, -0.4078870117664337, 0.35161319375038147, -0.8003906607627869, 0.5545833110809326, -0.8241958618164062, -0.6128705143928528, 0.010518353432416916, -0.9969184398651123, -0.4591520428657532, null, -0.18790006637573242, 0.794802725315094, -0.9991282820701599, -0.9991282820701599, -0.18802635371685028, -0.5502732992172241, -0.8049524426460266, -0.99837327003479, -0.809264600276947, 0.17243105173110962], "attribution_score": [0.2601715326309204, 0.0, 0.0, 0.0, 0.0, 0.24572023749351501, 0.2595252990722656, 0.0, 0.25164347887039185, 0.0, 0.14259931445121765, 0.17434124648571014, 0.0, 0.0, 0.0, 0.0, 0.2652603089809418, 0.0, 0.0, 0.0, 0.12470720708370209, 0.31033021211624146, 0.1709013134241104, 0.0, 0.20690321922302246, 0.0, 0.3720020353794098, 0.0, 0.0, 0.18592673540115356, 0.0, 0.0, 0.0, 0.0, 0.0, 0.0, 0.0, 0.0, 0.4183831214904785, 0.0, 0.2244153618812561, 0.0, 0.1979551464319229, 0.0, 0.0, 0.0, 0.0, 0.0, 0.0, 0.18636184930801392], "attribution_score_norm": [0.44423961639404297, 0.0, 0.0, 0.0, 0.0, 0.42414459586143494, 0.4587438404560089, 0.0, 0.4334094822406769, 0.0, 0.2495584934949875, 0.29634883999824524, 0.0, 0.0, 0.0, 0.0, 0.4537445604801178, 0.0, 0.0, 0.0, 0.21684862673282623, 0.5356840491294861, 0.30099183320999146, 0.0, 0.3576489984989166, 0.0, 0.6641271114349365, 0.0, 0.0, 0.31400999426841736, 0.0, 0.0, 0.0, 0.0, 0.0, 0.0, 0.0, 0.0, 0.7290651202201843, 0.0, 0.3944242596626282, 0.0, 0.3404649794101715, 0.0, 0.0, 0.0, 0.0, 0.0, 0.0, 0.3268865942955017], "first_rank_idx": 38, "mask_idx": 38, "mask_inflection_val": -0.99996018409729, "scores_interval": [[0.0, 0.0, 0.0, 0.0, 0.0, 0.0, 0.0, 0.0, 0.0, 0.0, 0.0, 0.0, 0.0, 0.0, 0.0, 0.0, 0.0, 0.0, 0.0, 0.0, 0.0, 0.0, 0.0, 0.0, 0.0, 0.0, 0.0, 0.0, 0.0, 0.0, 0.0, 0.0, 0.0, 0.0, 0.0, 0.0, 0.0, 0.0, 0.0, 0.0, 0.0, 0.0, 0.0, 0.0, 0.0, 0.0, 0.0, 0.0, 0.0, 0.0], [0.2601715326309204, 0.0, 0.0, 0.0, 0.0, 0.24572023749351501, 0.2595252990722656, 0.0, 0.25164347887039185, 0.0, 0.14259931445121765, 0.17434124648571014, 0.0, 0.0, 0.0, 0.0, 0.2652603089809418, 0.0, 0.0, 0.0, 0.12470720708370209, 0.31033021211624146, 0.1709013134241104, 0.0, 0.20690321922302246, 0.0, 0.3720020353794098, 0.0, 0.0, 0.18592673540115356, 0.0, 0.0, 0.0, 0.0, 0.0, 0.0, 0.0, 0.0, 0.4183831214904785, 0.0, 0.2244153618812561, 0.0, 0.1979551464319229, 0.0, 0.0, 0.0, 0.0, 0.0, 0.0, 0.18636184930801392]], "scores_interval_norm": [[0.0, 0.0, 0.0, 0.0, 0.0, 0.0, 0.0, 0.0, 0.0, 0.0, 0.0, 0.0, 0.0, 0.0, 0.0, 0.0, 0.0, 0.0, 0.0, 0.0, 0.0, 0.0, 0.0, 0.0, 0.0, 0.0, 0.0, 0.0, 0.0, 0.0, 0.0, 0.0, 0.0, 0.0, 0.0, 0.0, 0.0, 0.0, 0.0, 0.0, 0.0, 0.0, 0.0, 0.0, 0.0, 0.0, 0.0, 0.0, 0.0, 0.0], [0.44423961639404297, 0.0, 0.0, 0.0, 0.0, 0.42414459586143494, 0.4587438404560089, 0.0, 0.4334094822406769, 0.0, 0.2495584934949875, 0.29634883999824524, 0.0, 0.0, 0.0, 0.0, 0.4537445604801178, 0.0, 0.0, 0.0, 0.21684862673282623, 0.5356840491294861, 0.30099183320999146, 0.0, 0.3576489984989166, 0.0, 0.6641271114349365, 0.0, 0.0, 0.31400999426841736, 0.0, 0.0, 0.0, 0.0, 0.0, 0.0, 0.0, 0.0, 0.7290651202201843, 0.0, 0.3944242596626282, 0.0, 0.3404649794101715, 0.0, 0.0, 0.0, 0.0, 0.0, 0.0, 0.3268865942955017]]}