{"num_inputs": 5, "input_multipliers": [2.9850263595581055, 4.072887420654297, 1.3539097309112549, 1.5281219482421875, 2.22969126701355], "train_rmse": [[0.0007381098112091422, 0.0009409537888132036]], "symbolic_fun": "1.2834*log(2.136*x_1 + 3.892) + 1.2829*log(1.255*x_2 + 1.4358) + 1.9646 - 1.2521*exp(-0.2741*x_5) - 1.2682*exp(-0.1059*x_4) - 1.3212*exp(-0.0789*x_3)", "symbolic_res": {"test_loss": 3.6477203369140625, "n_edge": 0, "n_grid": 10}, "inflection_points": [0.3969409465789795, 0.402013897895813, 0.5615452527999878, 0.7854897975921631, 0.39150404930114746], "attribution_score": [0.4586769640445709, 0.8715061545372009, 0.0, 0.0, 0.0], "attribution_score_norm": [0.7831851243972778, 1.5043315887451172, 0.0, 0.0, 0.0], "first_rank_idx": 1, "mask_idx": 1, "mask_inflection_val": 0.402013897895813, "scores_interval": [[0.5123212337493896, 0.8656941056251526, 0.0, 0.0, 0.0], [0.9664034247398376, 0.2857484221458435, 0.0, 0.0, 0.0]], "scores_interval_norm": [[0.86783766746521, 2.16351318359375, 0.0, 0.0, 0.0], [1.6929553747177124, 1.591322898864746, 0.0, 0.0, 0.0]]}