{"num_inputs": 5, "input_multipliers": [2.9850263595581055, 4.072887420654297, 1.3539097309112549, 1.5281219482421875, 2.22969126701355], "train_rmse": [[0.0007377070724032819, 0.0009493849356658757]], "symbolic_fun": "1.2827*log(2.1768*x_1 + 3.9646) + 1.2839*log(1.4414*x_2 + 1.6497) + 1.7891 - 1.2532*exp(-0.2738*x_5) - 1.2878*exp(-0.1043*x_4) - 1.3266*exp(-0.0786*x_3)", "symbolic_res": {"test_loss": 3.819314479827881, "n_edge": 0, "n_grid": 10}, "inflection_points": [0.3969409465789795, 0.402013897895813, 0.3585914969444275, null, 0.39150404930114746], "attribution_score": [0.458654522895813, 0.871488094329834, 0.0, 0.0, 0.0], "attribution_score_norm": [0.7831467986106873, 1.5043003559112549, 0.0, 0.0, 0.0], "first_rank_idx": 1, "mask_idx": 1, "mask_inflection_val": 0.402013897895813, "scores_interval": [[0.5123615264892578, 0.8656412363052368, 0.0, 0.0, 0.0], [0.9663181304931641, 0.28588736057281494, 0.0, 0.0, 0.0]], "scores_interval_norm": [[0.8679059743881226, 2.1633810997009277, 0.0, 0.0, 0.0], [1.6928060054779053, 1.5920965671539307, 0.0, 0.0, 0.0]]}