{"num_inputs": 5, "input_multipliers": [2.9850263595581055, 4.072887420654297, 1.3539097309112549, 1.5281219482421875, 2.22969126701355], "train_rmse": [[0.0007379266899079084, 0.0009465720504522324]], "symbolic_fun": "1.2831*log(2.1881*x_1 + 3.9862) + 1.2837*log(1.3057*x_2 + 1.4942) + 1.869 - 1.2495*exp(-0.2746*x_5) - 1.2769*exp(-0.1052*x_4) - 1.3013*exp(-0.0801*x_3)", "symbolic_res": {"test_loss": 3.6932804584503174, "n_edge": 0, "n_grid": 10}, "inflection_points": [0.3969409465789795, 0.19639693200588226, 0.19851715862751007, null, 0.39150404930114746], "attribution_score": [0.45865294337272644, 0.8714773058891296, 0.0, 0.0, 0.0], "attribution_score_norm": [0.7831441164016724, 1.504281759262085, 0.0, 0.0, 0.0], "first_rank_idx": 1, "mask_idx": 1, "mask_inflection_val": 0.19639693200588226, "scores_interval": [[0.531701385974884, 0.8521511554718018, 0.0, 0.0, 0.0], [0.9092965126037598, 0.3620883524417877, 0.0, 0.0, 0.0]], "scores_interval_norm": [[0.8976905941963196, 2.530092239379883, 0.0, 0.0, 0.0], [1.5825355052947998, 1.553620457649231, 0.0, 0.0, 0.0]]}