{"num_inputs": 10, "input_multipliers": [2.9850263595581055, 4.072887420654297, 1.3539097309112549, 1.5281219482421875, 2.22969126701355, 3.5363147258758545, 2.960373640060425, 4.585779190063477, 2.822511911392212, 3.5292251110076904], "train_rmse": [[0.001985531533136964, 0.0026966820005327463]], "symbolic_fun": "0.0581*x_3 + 0.713*log(2.2429*x_1 + 4.0822) + 0.7129*log(6.3448*x_10 + 8.5144) + 0.7136*log(8.2244*x_2 + 9.4094) + 0.7129*log(2.3825*x_6 + 3.1883) + 0.7138*log(1.3461*x_7 + 2.4964) + 0.7147*log(9.4*x_8 + 10.0) + 0.7128*log(2.9154*x_9 + 6.0184) - 6.5884 - 0.6923*exp(-0.2756*x_5) - 0.7091*exp(-0.1054*x_4)", "symbolic_res": {"test_loss": 1.4231334924697876, "n_edge": 0, "n_grid": 10}, "inflection_points": [0.20229071378707886, 0.19639693200588226, 0.7620543837547302, 0.7854897975921631, null, 0.23016242682933807, 0.21128369867801666, 0.04290952906012535, 0.39848536252975464, 0.37678954005241394], "attribution_score": [0.24984070658683777, 0.4746550917625427, 0.03289986401796341, 0.0, 0.0, 0.36563387513160706, 0.23367401957511902, 0.5600258708000183, 0.21565021574497223, 0.3682217597961426], "attribution_score_norm": [0.4265998601913452, 0.8193156719207764, 0.05848491191864014, 0.0, 0.0, 0.6311309337615967, 0.4130484163761139, 0.9752181768417358, 0.37141773104667664, 0.637072741985321], "first_rank_idx": 7, "mask_idx": 7, "mask_inflection_val": 0.04290952906012535, "scores_interval": [[0.2608848214149475, 0.49272680282592773, 0.03387366980314255, 0.0, 0.0, 0.35882559418678284, 0.24325107038021088, 0.5202422738075256, 0.22090789675712585, 0.37438565492630005], [0.2938479483127594, 0.5627339482307434, 0.03925754502415657, 0.0, 0.0, 0.4565858244895935, 0.2755792737007141, 0.1502254158258438, 0.25923553109169006, 0.44599398970603943]], "scores_interval_norm": [[0.43788817524909973, 0.8470340371131897, 0.05964336171746254, 0.0, 0.0, 0.629702091217041, 0.4253687262535095, 1.7028567790985107, 0.37891533970832825, 0.6423776149749756], [0.5108768343925476, 0.9744930863380432, 0.07056988030672073, 0.0, 0.0, 0.7760870456695557, 0.493044376373291, 0.5592907667160034, 0.44802379608154297, 0.7775877118110657]]}