{"num_inputs": 2, "input_multipliers": [2.9850263595581055, 4.072887420654297], "train_rmse": [[0.00015236296167131513, 0.00013785115152131766]], "symbolic_fun": "-0.6383*(0.6075*x_1 - 1)**2 - 0.768*(0.9218*x_2 - 1)**2 + 1.7138", "symbolic_res": {"test_loss": 0.1217922642827034, "n_edge": 0, "n_grid": 10}, "inflection_points": [null, 0.3969409465789795, -0.014551587402820587, null], "attribution_score": [0.4706791341304779, 0.8618662357330322], "attribution_score_norm": [0.8036786913871765, 1.487691879272461], "first_rank_idx": 1, "mask_idx": 1, "mask_inflection_val": 0.3969409465789795, "scores_interval": [[0.5418506264686584, 0.8466396331787109], [0.9847760200500488, 0.21240580081939697]], "scores_interval_norm": [[0.916542649269104, 2.1257529258728027], [1.7314921617507935, 1.172597885131836]]}