{"num_inputs": 5, "input_multipliers": [2.9850263595581055, 4.072887420654297, 1.3539097309112549, 1.5281219482421875, 2.22969126701355], "train_rmse": [[0.0007385401404462755, 0.0009537441655993462]], "symbolic_fun": "1.2828*log(2.1014*x_1 + 3.8276) + 1.2841*log(4.1023*x_2 + 4.6953) + 0.4622 - 1.2517*exp(-0.2742*x_5) - 1.2897*exp(-0.1042*x_4) - 1.2974*exp(-0.0803*x_3)", "symbolic_res": {"test_loss": 3.869992256164551, "n_edge": 0, "n_grid": 10}, "inflection_points": [0.3969409465789795, 0.19639693200588226, 0.19851715862751007, 0.7854897975921631, 0.39150404930114746], "attribution_score": [0.4586377739906311, 0.8714591264724731, 0.0, 0.0, 0.0], "attribution_score_norm": [0.7831181883811951, 1.504250407218933, 0.0, 0.0, 0.0], "first_rank_idx": 1, "mask_idx": 1, "mask_inflection_val": 0.19639693200588226, "scores_interval": [[0.5317211747169495, 0.8521089553833008, 0.0, 0.0, 0.0], [0.9092265963554382, 0.3621402680873871, 0.0, 0.0, 0.0]], "scores_interval_norm": [[0.8977239727973938, 2.5299670696258545, 0.0, 0.0, 0.0], [1.582413911819458, 1.5538432598114014, 0.0, 0.0, 0.0]]}