{"num_inputs": 2, "input_multipliers": [1.8665449619293213, 4.052633285522461], "train_rmse": [[0.0007523481035605073, 0.0009749977034516633]], "symbolic_fun": "1.499*log(5.2771*x_2 + 6.06) - 0.9308 - 1.4905*exp(-0.1692*x_1)", "symbolic_res": {"test_loss": 1.2674199342727661, "n_edge": 0, "n_grid": 10}, "inflection_points": [0.3969409465789795, 0.19639693200588226], "attribution_score": [0.0, 0.9996607303619385], "attribution_score_norm": [0.0, 1.7255427837371826], "first_rank_idx": 1, "mask_idx": 1, "mask_inflection_val": 0.19639693200588226, "scores_interval": [[0.0, 0.9996027946472168], [0.0, 0.9983491897583008]], "scores_interval_norm": [[0.0, 2.967885732650757], [0.0, 4.283638954162598]]}