{"num_inputs": 50, "input_multipliers": [253.1657257080078, 386.4286804199219, 53.35394287109375, 74.69493865966797, 160.63717651367188, 320.69854736328125, 250.14576721191406, 449.2579345703125, 233.25770568847656, 319.830078125, 180.95779418945312, 206.8414764404297, 20.939619064331055, 92.74088287353516, 154.00534057617188, 264.07568359375, 351.85711669921875, 402.0055847167969, 88.90443420410156, 148.3115997314453, 343.9881896972656, 458.4450378417969, 204.57896423339844, 438.3363952636719, 215.51007080078125, 280.9244689941406, 476.8416748046875, 27.720762252807617, 100.7632064819336, 192.97451782226562, 159.49900817871094, 466.6802062988281, 96.19598388671875, 142.21844482421875, 83.83308410644531, 25.542556762695312, 111.98358154296875, 465.6015319824219, 364.323486328125, 373.7447814941406, 267.8849182128906, 129.39254760742188, 296.45025634765625, 26.244792938232422, 77.97126770019531, 128.69515991210938, 409.5798034667969, 398.6487121582031, 146.34371948242188, 246.15982055664062], "train_rmse": [[0.00027980972663499415, 0.0007935757166706026]], "symbolic_fun": "0.2304*log(0.9581*x_1 + 1.1496) + 0.2302*log(1.139*x_10 + 1.3662) + 0.2301*log(3.0164*x_11 + 3.6174) + 0.2301*log(7.8553*x_12 + 9.4214) + 0.23*log(3.985*x_13 + 4.7772) + 0.2302*log(2.081*x_14 + 2.4964) + 0.2302*log(6.9489*x_15 + 8.3362) + 0.2301*log(4.0421*x_16 + 4.8481) + 0.2305*log(6.8416*x_17 + 8.2126) + 0.23*log(1.1254*x_18 + 1.3494) + 0.23*log(2.1506*x_19 + 2.579) + 0.2307*log(4.1582*x_2 + 4.9948) + 0.23*log(1.9669*x_20 + 2.3582) + 0.2302*log(3.852*x_21 + 4.62) + 0.2297*log(3.9986*x_22 + 4.7901) + 0.2301*log(4.919*x_23 + 5.8997) + 0.2301*log(4.0026*x_24 + 4.801) + 0.2302*log(2.9695*x_25 + 3.5625) + 0.23*log(1.8461*x_26 + 2.2132) + 0.2304*log(6.8866*x_27 + 8.2665) + 0.2303*log(0.984*x_28 + 1.1809) + 0.2301*log(2.105*x_29 + 2.5248) + 0.2298*log(1.168*x_3 + 1.3996) + 0.2301*log(7.0311*x_30 + 8.43280029296875) + 0.2304*log(1.917*x_31 + 2.3006) + 0.2301*log(7.8469*x_32 + 9.4105) + 0.2301*log(3.0074*x_33 + 3.607) + 0.2306*log(3.8529*x_34 + 4.6262) + 0.2297*log(4.0513*x_35 + 4.8523) + 0.2304*log(3.0558*x_36 + 3.668) + 0.2304*log(7.9971*x_37 + 9.5978) + 0.2302*log(1.8805*x_38 + 2.2561) + 0.2303*log(7.1435*x_39 + 8.5699) + 0.2302*log(1.0014*x_4 + 1.2014) + 0.2302*log(1.0032*x_40 + 1.2033) + 0.2303*log(2.0144*x_41 + 2.4167) + 0.2304*log(6.0493*x_42 + 7.2606) + 0.2308*log(3.9041*x_43 + 4.6896) + 0.2303*log(1.8447*x_44 + 2.2133) + 0.2302*log(4.8364*x_45 + 5.8009) + 0.2297*log(1.9708*x_46 + 2.3615) + 0.2301*log(2.9663*x_47 + 3.5581) + 0.2305*log(0.882*x_48 + 1.0587) + 0.2301*log(2.925*x_49 + 3.5083) + 0.2306*log(0.9781*x_5 + 1.1742) + 0.2305*log(1.1365*x_50 + 1.3642) + 0.2308*log(1.9958*x_6 + 2.3976) + 0.2306*log(1.8395*x_7 + 2.2083) + 0.2301*log(8.0327*x_8 + 9.6296) + 0.2303*log(4.9966*x_9 + 5.9961) - 12.3247", "symbolic_res": {"test_loss": 0.00041288952343165874, "n_edge": 0, "n_grid": 10}, "inflection_points": [0.20229071378707886, -0.014551587402820587, 0.19851715862751007, 0.16693231463432312, 0.1837446540594101, 0.03085157461464405, 0.021817058324813843, 0.24596214294433594, 0.20916159451007843, 0.18322381377220154, 0.25033408403396606, 0.2209758460521698, 0.20682843029499054, -0.012643414549529552, 0.4055217504501343, -0.006101437844336033, 0.22639934718608856, 0.017028747126460075, 0.21905241906642914, 0.2037842571735382, 0.005493066273629665, 0.011590163223445415, 0.20011048018932343, 0.23750904202461243, 0.0373823419213295, 0.20826978981494904, 0.18521089851856232, -0.005350248888134956, 0.23667167127132416, -0.010928659699857235, 0.17426632344722748, 0.157552570104599, -0.014675331301987171, 0.21294476091861725, 0.19706329703330994, 0.01623241975903511, 0.017848122864961624, -0.00852791778743267, 0.2116563320159912, 0.1913318783044815, -0.017564695328474045, 0.33250221610069275, -0.025764664635062218, 0.19924882054328918, -0.06700499355792999, 0.19050061702728271, 0.02880033291876316, 0.05197707936167717, 0.01265103928744793, -0.04418334737420082], "attribution_score": [0.14169012010097504, 0.13945317268371582, 0.13844645023345947, 0.1409054547548294, 0.14026238024234772, 0.13902439177036285, 0.13349881768226624, 0.1393527388572693, 0.14311006665229797, 0.14081384241580963, 0.13819272816181183, 0.1408826857805252, 0.13755680620670319, 0.13991379737854004, 0.13922402262687683, 0.13304531574249268, 0.14135204255580902, 0.1390232890844345, 0.139701709151268, 0.13929705321788788, 0.13710662722587585, 0.13695770502090454, 0.13834239542484283, 0.13558870553970337, 0.13958808779716492, 0.13350161910057068, 0.13514508306980133, 0.14087669551372528, 0.13970839977264404, 0.14257794618606567, 0.13745173811912537, 0.13744696974754333, 0.13626614212989807, 0.14465047419071198, 0.13697436451911926, 0.14180518686771393, 0.14307759702205658, 0.1411706805229187, 0.13634546101093292, 0.13639439642429352, 0.13972659409046173, 0.13874551653862, 0.14235757291316986, 0.14206041395664215, 0.14288385212421417, 0.13995830714702606, 0.13886259496212006, 0.1389371156692505, 0.13946622610092163, 0.13833138346672058], "attribution_score_norm": [0.24193409085273743, 0.24071408808231354, 0.24611130356788635, 0.2461925894021988, 0.2443947196006775, 0.23997390270233154, 0.23597607016563416, 0.24266615509986877, 0.24648070335388184, 0.24362672865390778, 0.24184666574001312, 0.2394752949476242, 0.23678603768348694, 0.2442343384027481, 0.24049882590770721, 0.2378985732793808, 0.24179163575172424, 0.24339544773101807, 0.2416384220123291, 0.23970133066177368, 0.23840951919555664, 0.2364128679037094, 0.24364899098873138, 0.23864959180355072, 0.24128933250904083, 0.23326566815376282, 0.24127157032489777, 0.24103191494941711, 0.24034930765628815, 0.24079862236976624, 0.24306045472621918, 0.24068114161491394, 0.2394932061433792, 0.24615374207496643, 0.24213320016860962, 0.243091881275177, 0.2429184913635254, 0.24786028265953064, 0.23759256303310394, 0.23953326046466827, 0.2455783635377884, 0.24467605352401733, 0.24484218657016754, 0.2428220510482788, 0.24423222243785858, 0.24262318015098572, 0.23973117768764496, 0.24002113938331604, 0.24107779562473297, 0.24263912439346313], "first_rank_idx": 33, "mask_idx": 33, "mask_inflection_val": 0.21294476091861725,