{"num_inputs": 2, "input_multipliers": [2.9850263595581055, 4.072887420654297], "train_rmse": [[0.00012567061639856547, 0.000129298961837776]], "symbolic_fun": "-0.6157*(0.6307*x_1 - 1)**2 - 16.2059*sin(0.2904*x_2 - 1.8788) - 14.5187", "symbolic_res": {"test_loss": 0.12498601526021957, "n_edge": 0, "n_grid": 10}, "inflection_points": [-0.7994099855422974, 0.3969409465789795, -0.014551587402820587, null], "attribution_score": [0.4719352722167969, 0.8609955906867981], "attribution_score_norm": [0.8058235049247742, 1.4861890077590942], "first_rank_idx": 1, "mask_idx": 1, "mask_inflection_val": 0.3969409465789795, "scores_interval": [[0.5438328981399536, 0.8452790379524231], [0.9855504035949707, 0.20848791301250458]], "scores_interval_norm": [[0.9198957085609436, 2.1223368644714355], [1.7328537702560425, 1.1509689092636108]]}