{"num_inputs": 30, "input_multipliers": [253.1657257080078, 386.4286804199219, 53.35394287109375, 74.69493865966797, 160.63717651367188, 320.69854736328125, 250.14576721191406, 449.2579345703125, 233.25770568847656, 319.830078125, 180.95779418945312, 206.8414764404297, 20.939619064331055, 92.74088287353516, 154.00534057617188, 264.07568359375, 351.85711669921875, 402.0055847167969, 88.90443420410156, 148.3115997314453, 343.9881896972656, 458.4450378417969, 204.57896423339844, 438.3363952636719, 215.51007080078125, 280.9244689941406, 476.8416748046875, 27.720762252807617, 100.7632064819336, 192.97451782226562], "train_rmse": [[0.00029966302099637687, 0.0004231459752190858]], "symbolic_fun": "0.3033*log(2.001*x_1 + 2.4012) + 0.3031*log(3.1308*x_10 + 3.7556) + 0.303*log(2.9702*x_11 + 3.5628) + 0.3031*log(6.0272*x_12 + 7.2306) + 0.3031*log(3.1037*x_13 + 3.7225) + 0.3031*log(4.153*x_14 + 4.9818) + 0.3032*log(6.945*x_15 + 8.333) + 0.3031*log(3.8742*x_16 + 4.648) + 0.3032*log(2.8676*x_17 + 3.4409) + 0.3029*log(4.0467*x_18 + 4.8526) + 0.3034*log(4.8601*x_19 + 5.8329) + 0.3033*log(3.8656*x_2 + 4.6398) + 0.303*log(1.0397*x_20 + 1.2471) + 0.3031*log(1.8466*x_21 + 2.2148) + 0.3029*log(4.0842*x_22 + 4.8966) + 0.3031*log(7.9491*x_23 + 9.5361) + 0.303*log(4.8448*x_24 + 5.8105) + 0.3031*log(6.9034*x_25 + 8.2805) + 0.303*log(1.9855*x_26 + 2.3813) + 0.3031*log(0.9979*x_27 + 1.1971) + 0.3031*log(1.0226*x_28 + 1.2266) + 0.303*log(4.9112*x_29 + 5.8906) + 0.303*log(1.8457*x_3 + 2.2138) + 0.3031*log(2.8469*x_30 + 3.4149) + 0.3033*log(0.98*x_4 + 1.176) + 0.3032*log(3.9816*x_5 + 4.7771) + 0.3032*log(1.9836*x_6 + 2.3801) + 0.3033*log(6.8373*x_7 + 8.2051) + 0.3033*log(1.0619*x_8 + 1.2742) + 0.3032*log(4.839599609375*x_9 + 5.8067) - 10.3806", "symbolic_res": {"test_loss": 0.0002735585439950228, "n_edge": 0, "n_grid": 10}, "inflection_points": [0.015710165724158287, 0.19639693200588226, 0.006592645775526762, -0.014071319252252579, 0.1837446540594101, 0.03085157461464405, 0.021817058324813843, 0.04290952906012535, 0.01964460127055645, 0.18322381377220154, 0.25033408403396606, 0.012520703487098217, 0.01574060507118702, -0.012643414549529552, 0.008328688330948353, -0.006101437844336033, 0.014896513894200325, 0.017028747126460075, 0.5952481627464294, -0.012198660522699356, 0.005493066273629665, 0.011590163223445415, 0.20011048018932343, 0.027801021933555603, 0.0373823419213295, 0.015917960554361343, -0.017907708883285522, 0.41078686714172363, 0.03629700466990471, 0.20822377502918243], "attribution_score": [0.1864871233701706, 0.18357545137405396, 0.18221387267112732, 0.18553437292575836, 0.18462422490119934, 0.18297886848449707, 0.17573104798793793, 0.18339870870113373, 0.18842239677906036, 0.18537159264087677, 0.18191322684288025, 0.18546968698501587, 0.18112480640411377, 0.18424656987190247, 0.18330568075180054, 0.17517082393169403, 0.18609175086021423, 0.18304318189620972, 0.1839418113231659, 0.18333682417869568, 0.1804911345243454, 0.18030866980552673, 0.18211126327514648, 0.1785753071308136, 0.1838088482618332, 0.17577886581420898, 0.17795540392398834, 0.18549636006355286, 0.1839730590581894, 0.18772585690021515], "attribution_score_norm": [0.31842440366744995, 0.31687480211257935, 0.3239150643348694, 0.3241690397262573, 0.32169127464294434, 0.31584495306015015, 0.31062689423561096, 0.3193669319152832, 0.32452282309532166, 0.32071757316589355, 0.31836050748825073, 0.3152652084827423, 0.3117826581001282, 0.3216218650341034, 0.3166465163230896, 0.313223272562027, 0.31832173466682434, 0.3204634189605713, 0.3181593716144562, 0.3154846429824829, 0.31384918093681335, 0.3112441897392273, 0.32073482871055603, 0.3143102824687958, 0.31772851943969727, 0.3071361780166626, 0.3176999092102051, 0.3173736035823822, 0.31650063395500183, 0.3170485198497772], "first_rank_idx": 8, "mask_idx": 8, "mask_inflection_val": 0.01964460127055645, "scores_interval": [[0.19359207153320312, 0.18533653020858765, 0.18059159815311432, 0.18865157663822174, 0.187318354845047, 0.18874099850654602, 0.18292470276355743, 0.18749921023845673, 0.15811969339847565, 0.1969619244337082, 0.1800795942544937, 0.1815652847290039, 0.1785673350095749, 0.190183624625206, 0.19162152707576752, 0.1841145008802414, 0.19046299159526825, 0.1849776655435562, 0.18828506767749786, 0.18595916032791138, 0.18275506794452667, 0.18145304918289185, 0.17676803469657898, 0.182816281914711, 0.1836167871952057, 0.1808091104030609, 0.18249237537384033, 0.19168975949287415, 0.19117999076843262, 0.18632717430591583], [0.18257936835289001, 0.18520331382751465, 0.18697573244571686, 0.18576480448246002, 0.18531294167041779, 0.18059438467025757, 0.17171043157577515, 0.182713583111763, 0.052515286952257156, 0.17670656740665436, 0.18692007660865784, 0.19255471229553223, 0.18664568662643433, 0.18163259327411652, 0.17774221301078796, 0.16881927847862244, 0.18518565595149994, 0.1845109760761261, 0.18300466239452362, 0.18413382768630981, 0.18158452212810516, 0.18248869478702545, 0.19019745290279388, 0.17738401889801025, 0.18729951977729797, 0.17392010986804962, 0.17672760784626007, 0.18268099427223206, 0.18010878562927246, 0.19229808449745178]], "scores_interval_norm": [[0.32795339822769165, 0.3174162209033966, 0.32183927297592163, 0.33739396929740906, 0.32947131991386414, 0.32173579931259155, 0.31445837020874023, 0.32151156663894653, 0.5114424228668213, 0.3292763829231262, 0.31969282031059265, 0.31656140089035034, 0.309399276971817, 0.3314317762851715, 0.32904404401779175, 0.31944891810417175, 0.32068830728530884, 0.32590359449386597, 0.32322028279304504, 0.3212539851665497, 0.32301557064056396, 0.31252196431159973, 0.3219899833202362, 0.31472891569137573, 0.31681209802627563, 0.30976516008377075, 0.3208809494972229, 0.3204902112483978, 0.3251919448375702, 0.31613799929618835], [0.3141482174396515, 0.32197287678718567, 0.3314034640789032, 0.3174247145652771, 0.3197232186794281, 0.31545302271842957, 0.3124588131904602, 0.3229822814464569, 0.18205341696739197, 0.3168611228466034, 0.3223506510257721, 0.3194529414176941, 0.3191967010498047, 0.3173445165157318, 0.3092338740825653, 0.3118204176425934, 0.32168132066726685, 0.3207094371318817, 0.31874310970306396, 0.3153129816055298, 0.31049975752830505, 0.3154284954071045, 0.3244287967681885, 0.32017654180526733, 0.3241370916366577, 0.3099327087402344, 0.3201845586299896, 0.320156067609787, 0.31322741508483887, 0.32326915860176086]]}