{"num_inputs": 10, "input_multipliers": [253.1657257080078, 386.4286804199219, 53.35394287109375, 74.69493865966797, 160.63717651367188, 320.69854736328125, 250.14576721191406, 449.2579345703125, 233.25770568847656, 319.830078125], "train_rmse": [[0.0002915644727181643, 0.0007073709857650101]], "symbolic_fun": "0.2037*log(6.8417*x_1 + 8.2525) + 0.3008*log(8.3446*x_1 + 9.981) + 0.2107*log(4.5054*x_10 + 5.5309) + 0.2025*log(1.9269*x_2 + 2.3145) + 0.3019*log(7.9546*x_2 + 9.541) + 0.3015*log(1.8736*x_3 + 2.252) + 0.2029*log(8.2146*x_3 + 9.8325) + 0.2967*log(7.5006*x_4 + 8.8773) + 0.2077*log(7.8929*x_4 + 9.6692) + 0.2095*log(5.7962*x_5 + 6.9995) + 0.295*log(7.1235*x_5 + 8.5118) + 0.3077*log(3.8606*x_6 + 4.6727) + 0.197*log(5.2327*x_6 + 6.2042) + 0.2166*log(1.7033*x_7 + 2.1306) + 0.2895*log(8.0311*x_7 + 9.4036) + 0.214*log(7.9286*x_8 + 9.7614) + 0.2104*log(7.871*x_9 + 9.4762) + 0.2938*log(8.2519*x_9 + 9.8766) - 6.2 - 0.7435/sqrt(0.6622*x_8 + 1) - 0.762/sqrt(0.6549*x_10 + 1)", "symbolic_res": {"test_loss": 0.0055921305902302265, "n_edge": 0, "n_grid": 10}, "inflection_points": [null, -0.2056848555803299, null, 0.19639693200588226, null, 0.006592645775526762, null, 0.35188567638397217, null, 0.1837446540594101, null, 0.03085157461464405, null, 0.021817058324813843, 0.6039011478424072, -0.15588515996932983, 0.8127386569976807, 0.20916159451007843, 0.5993687510490417, 0.18322381377220154], "attribution_score": [0.31021738052368164, 0.3053346276283264, 0.3031037747859955, 0.30860888957977295, 0.30702751874923706, 0.30434978008270264, 0.2923257350921631, 0.3051224946975708, 0.3133249878883362, 0.3087417185306549], "attribution_score_norm": [0.5296922326087952, 0.527046799659729, 0.5388167500495911, 0.5392071008682251, 0.5349681377410889, 0.5253466963768005, 0.5167227387428284, 0.531334400177002, 0.5396445393562317, 0.5341643691062927], "first_rank_idx": 8, "mask_idx": 9, "mask_inflection_val": 0.1837446540594101, "scores_interval": [[0.3283799886703491, 0.3175293505191803, 0.31979358196258545, 0.32444483041763306, 0.31840354204177856, 0.3188713788986206, 0.29934221506118774, 0.3203376531600952, 0.32421761751174927, 0.27194398641586304], [0.30449822545051575, 0.3087809085845947, 0.29965510964393616, 0.3063390254974365, 0.31134656071662903, 0.304380863904953, 0.3007346987724304, 0.3042716383934021, 0.3188633620738983, 0.06309481710195541]], "scores_interval_norm": [[0.5600718855857849, 0.5550931692123413, 0.5692432522773743, 0.5710960030555725, 0.5576518774032593, 0.5508877635002136, 0.5354463458061218, 0.5599214434623718, 0.564567506313324, 0.7999789118766785], [0.521908700466156, 0.5225859880447388, 0.5316616892814636, 0.5304980874061584, 0.5384013652801514, 0.5243058204650879, 0.5239015221595764, 0.5263128876686096, 0.5400906801223755, 0.2729809582233429]]}