{"num_inputs": 10, "input_multipliers": [2.9850263595581055, 4.072887420654297, 1.3539097309112549, 1.5281219482421875, 2.22969126701355, 3.5363147258758545, 2.960373640060425, 4.585779190063477, 2.822511911392212, 3.5292251110076904], "train_rmse": [[0.0019853180274367332, 0.0026996107771992683]], "symbolic_fun": "0.0581*x_3 + 0.7133*log(2.1003*x_1 + 3.8246) + 0.7131*log(7.0327*x_10 + 9.44) + 0.7138*log(1.2758*x_2 + 1.4598) + 0.7128*log(1.916*x_6 + 2.564) + 0.7125*log(5.4*x_7 + 10.0) + 0.7144*log(9.4*x_8 + 9.9986) + 0.7123*log(3.1161*x_9 + 6.4285) - 6.1575 - 0.6925*exp(-0.2755*x_5) - 0.7157*exp(-0.1044*x_4)", "symbolic_res": {"test_loss": 1.3806170225143433, "n_edge": 0, "n_grid": 10}, "inflection_points": [0.20229071378707886, -0.014551587402820587, 0.7620543837547302, null, null, 0.23016242682933807, 0.21128369867801666, 0.04290952906012535, 0.39848536252975464, 0.18322381377220154], "attribution_score": [0.24983708560466766, 0.4746624827384949, 0.03289517015218735, 0.0, 0.0, 0.36562979221343994, 0.23365339636802673, 0.5600247979164124, 0.2156459093093872, 0.3682173192501068], "attribution_score_norm": [0.4265936613082886, 0.8193284273147583, 0.05847656726837158, 0.0, 0.0, 0.6311238408088684, 0.41301196813583374, 0.975216269493103, 0.3714103102684021, 0.637065052986145], "first_rank_idx": 7, "mask_idx": 7, "mask_inflection_val": 0.04290952906012535, "scores_interval": [[0.2608683705329895, 0.4927089512348175, 0.03386734053492546, 0.0, 0.0, 0.3588053286075592, 0.24322326481342316, 0.5203021764755249, 0.22089406847953796, 0.3743668794631958], [0.29384759068489075, 0.5627517700195312, 0.03925226628780365, 0.0, 0.0, 0.4565849304199219, 0.27555155754089355, 0.15018343925476074, 0.2592320442199707, 0.4459895193576813]], "scores_interval_norm": [[0.4378605782985687, 0.8470033407211304, 0.05963221937417984, 0.0, 0.0, 0.6296665668487549, 0.4253201186656952, 1.7030527591705322, 0.37889161705970764, 0.6423453688621521], [0.5108762383460999, 0.9745239019393921, 0.07056039571762085, 0.0, 0.0, 0.7760854959487915, 0.4929947853088379, 0.5591344833374023, 0.44801774621009827, 0.7775799036026001]]}