{"num_inputs": 50, "input_multipliers": [2.9850263595581055, 4.072887420654297, 1.3539097309112549, 1.5281219482421875, 2.22969126701355, 3.5363147258758545, 2.960373640060425, 4.585779190063477, 2.822511911392212, 3.5292251110076904, 2.395573854446411, 2.6068692207336426, 1.0893030166625977, 1.6754357814788818, 2.175553798675537, 3.074087142944336, 3.790670394897461, 4.200045585632324, 1.644117832183838, 2.1290743350982666, 3.7264342308044434, 4.660776138305664, 2.588399648666382, 4.496623516082764, 2.677633285522461, 3.2116281986236572, 4.810952186584473, 1.1446592807769775, 1.7409241199493408, 2.4936695098876953, 2.220400094985962, 4.728001594543457, 1.7036406993865967, 2.079334259033203, 1.6027190685272217, 1.126878023147583, 1.8325190544128418, 4.719196319580078, 3.8924367427825928, 3.9693450927734375, 3.1051831245422363, 1.974632978439331, 3.338369369506836, 1.132610559463501, 1.5548675060272217, 1.968940019607544, 4.261876106262207, 4.172642707824707, 2.1130099296569824, 2.92783522605896], "train_rmse": [[0.06704087555408478, 0.07270783185958862]], "symbolic_fun": "0.1102*x_11 + 0.0831*x_15 + 0.0797*x_20 + 0.1347*x_23 + 0.1218*x_30 + 0.0867*x_31 + 0.0739*x_34 + 0.0533*x_37 + 0.0634*x_42 + 0.0643*x_46 + 0.0784*x_49 + 0.0877*x_5 + 0.4071*sqrt(0.8719*x_7 + 1) + 0.324*log(4.5492*x_1 + 8.1133) + 0.335*log(7.396*x_10 + 9.9967) + 0.3595*log(2.2056*x_16 + 4.02) + 0.3263*log(6.6653*x_17 + 8.077) + 0.3323*log(6.6574*x_18 + 7.4424) + 0.3333*log(8.1772*x_2 + 9.3656005859375) + 0.3325*log(0.9339*x_21 + 1.1669) + 0.3303*log(3.5896*x_22 + 3.7888) + 0.334*log(7.8432*x_24 + 8.4367) + 0.3467*log(1.353*x_25 + 3.2848) + 0.3237*log(5.5323*x_26 + 8.4934) + 0.3309*log(4.6184*x_27 + 4.8113) + 0.333*log(3.8872*x_32 + 4.0918) + 0.333*log(3.9259*x_38 + 4.1331) + 0.3302*log(5.4324*x_39 + 6.4387) + 0.3332*log(5.6423*x_40 + 6.6134) + 0.3438*log(5.0049*x_41 + 8.6146) + 0.3319*log(7.5696*x_47 + 8.3699) + 0.3352*log(7.9648*x_48 + 8.984) + 0.3325*log(4.133*x_50 + 7.8718) + 0.3382*log(2.7141*x_6 + 3.6811) + 0.331*log(3.0758*x_8 + 3.2676) + 0.3131*log(4.8758*x_9 + 9.5581) - 11.4388 - 0.3252*exp(-0.4144*x_12) - 0.9309/sqrt(0.4931*x_43 + 1)", "symbolic_res": {"test_loss": 0.3348751366138458, "n_edge": 0, "n_grid": 10}, "inflection_points": [null, 0.41199272871017456, 0.005210300907492638, 0.19641713798046112, null, 0.38768237829208374, 0.21331347525119781, 0.009307824075222015, -0.9994644522666931, -0.0024220289196819067, -0.8025641441345215, 0.019688181579113007, null, null, -0.9998851418495178, -0.9998368620872498, 0.19799788296222687, -0.008430122397840023, 0.009637974202632904, -0.004506867378950119, -0.0023862372618168592, 0.0004306078189983964, 0.5856614708900452, 0.1873849332332611, null, null, -0.20257559418678284, null, 0.393290251493454, -0.9996331930160522, -0.9998655319213867, 0.005573607515543699, 0.18931488692760468, -0.9994881749153137, 0.21822209656238556, null, -0.18518337607383728, -0.20350150763988495, 0.3929139971733093, 0.21292005479335785, 0.39520254731178284, -0.19311770796775818, 0.0044481526128947735, 0.003686783369630575, 0.20571322739124298, -0.5905657410621643, -0.00894680991768837, 0.389676958322525, -0.9997751712799072, 0.4013645052909851], "attribution_score": [0.11464627087116241, 0.2203603982925415, 0.0, 0.0, 0.05095520615577698, 0.169380784034729, 0.1127786859869957, 0.25978991389274597, 0.09962528198957443, 0.1701584905385971, 0.06429750472307205, 0.0, 0.0, 0.0, 0.04855155944824219, 0.12347429990768433, 0.1939893513917923, 0.22985412180423737, 0.0, 0.04650270938873291, 0.19074544310569763, 0.26428040862083435, 0.07792750000953674, 0.25512659549713135, 0.08623317629098892, 0.13846170902252197, 0.27358394861221313, 0.0, 0.0, 0.07042279839515686, 0.05032592639327049, 0.2664112448692322, 0.0, 0.04287924990057945, 0.0, 0.0, 0.030976058915257454, 0.2672320306301117, 0.20779600739479065, 0.21119283139705658, 0.12811872363090515, 0.036856573075056076, 0.14947611093521118, 0.0, 0.0, 0.037098873406648636, 0.23878787457942963, 0.2272396981716156, 0.04528087377548218, 0.10895366221666336], "attribution_score_norm": [0.19907748699188232, 0.38196197152137756, 0.0, 0.0, 0.0882100909948349, 0.29508939385414124, 0.1947241574525833, 0.450204461812973, 0.17220059037208557, 0.2935873568058014, 0.11084982752799988, 0.0, 0.0, 0.0, 0.08355137705802917, 0.21395131945610046, 0.3373872935771942, 0.3997036814689636, 0.0, 0.08012091368436813, 0.3285587430000305, 0.4569703936576843, 0.13542461395263672, 0.44043388962745667, 0.1497386246919632, 0.2388211190700531, 0.4737277328968048, 0.0, 0.0, 0.12250884622335434, 0.08717542141675949, 0.46284058690071106, 0.0, 0.07433190941810608, 0.0, 0.0, 0.053559474647045135, 0.4615143835544586, 0.3585156798362732, 0.36544257402420044, 0.22060616314411163, 0.06375422328710556, 0.2604680061340332, 0.0, 0.0, 0.06468100100755692, 0.41367366909980774, 0.3953855633735657, 0.07886011898517609, 0.18849164247512817], "first_rank_idx": 26, "mask_idx": 26, "mask_inflection_val": -0.20257559418678284, "scores_interval": [[0.11433014273643494, 0.22291216254234314, 0.0, 0.0, 0.05075821280479431, 0.16920123994350433, 0.11265744268894196, 0.25997936725616455, 0.10042412579059601, 0.16973020136356354, 0.0645185261964798, 0.0, 0.0, 0.0, 0.04874290153384209, 0.12324389815330505, 0.19713462889194489, 0.22880961000919342, 0.0, 0.046860471367836, 0.1914670765399933, 0.2620905637741089, 0.07780209183692932, 0.2556746304035187, 0.08583442866802216, 0.13877123594284058, 0.23691731691360474, 0.0, 0.0, 0.07083828747272491, 0.050348423421382904, 0.2654459774494171, 0.0, 0.042855117470026016, 0.0, 0.0, 0.030982730910182, 0.2666684091091156, 0.20717297494411469, 0.21037262678146362, 0.12725844979286194, 0.03678818792104721, 0.14987066388130188, 0.0, 0.0, 0.037682101130485535, 0.24074897170066833, 0.22773142158985138, 0.045037150382995605, 0.10917577147483826], [0.11957511305809021, 0.22762663662433624, 0.0, 0.0, 0.053181473165750504, 0.17646464705467224, 0.11749303340911865, 0.27033764123916626, 0.10306715220212936, 0.17744332551956177, 0.0667843222618103, 0.0, 0.0, 0.0, 0.05040765553712845, 0.12870708107948303, 0.1997312605381012, 0.23997478187084198, 0.0, 0.04816092923283577, 0.19808611273765564, 0.2766386866569519, 0.08121354877948761, 0.2652287781238556, 0.09002713114023209, 0.14393854141235352, 0.08602693676948547, 0.0, 0.0, 0.07301706075668335, 0.05237536504864693, 0.2780093550682068, 0.0, 0.0446443036198616, 0.0, 0.0, 0.032243791967630386, 0.2785784602165222, 0.2167644202709198, 0.22040916979312897, 0.1339685022830963, 0.03841842710971832, 0.15534722805023193, 0.0, 0.0, 0.038215454667806625, 0.24724052846431732, 0.23623254895210266, 0.047306641936302185, 0.11327318847179413]],