{"num_inputs": 2, "input_multipliers": [1.5901317596435547, 1.899031639099121], "train_rmse": [[2.743033655860927e-05, 2.5532697691232897e-05]], "symbolic_fun": "-2.9121*(0.4761 - sqrt(1 - 0.7563*x_2))**2 + 0.1651*(-0.9252*x_2 - 1)**2 + 8.6376 - 7.9487*exp(-0.1154*x_1)", "symbolic_res": {"test_loss": 7.940375804901123, "n_edge": 0, "n_grid": 10}, "inflection_points": [0.3969409465789795, 0.3969409465789795, -0.22188226878643036, -0.7853595018386841], "attribution_score": [0.0, 1.0099092721939087], "attribution_score_norm": [0.0, 1.74323308467865], "first_rank_idx": 1, "mask_idx": 1, "mask_inflection_val": 0.3969409465789795, "scores_interval": [[0.0, 1.004316806793213], [0.0, 1.0029093027114868]], "scores_interval_norm": [[0.0, 2.521650791168213], [0.0, 5.53661584854126]]}