{"num_inputs": [2, 5, 10, 30, 50], "input_multipliers": [[1.5901317596435547, 1.899031639099121], [2.9850263595581055, 4.072887420654297, 1.3539097309112549, 1.5281219482421875, 2.22969126701355], [2.9850263595581055, 4.072887420654297, 1.3539097309112549, 1.5281219482421875, 2.22969126701355, 3.5363147258758545, 2.960373640060425, 4.585779190063477, 2.822511911392212, 3.5292251110076904], [2.9850263595581055, 4.072887420654297, 1.3539097309112549, 1.5281219482421875, 2.22969126701355, 3.5363147258758545, 2.960373640060425, 4.585779190063477, 2.822511911392212, 3.5292251110076904, 2.395573854446411, 2.6068692207336426, 1.0893030166625977, 1.6754357814788818, 2.175553798675537, 3.074087142944336, 3.790670394897461, 4.200045585632324, 1.644117832183838, 2.1290743350982666, 3.7264342308044434, 4.660776138305664, 2.588399648666382, 4.496623516082764, 2.677633285522461, 3.2116281986236572, 4.810952186584473, 1.1446592807769775, 1.7409241199493408, 2.4936695098876953], [2.9850263595581055, 4.072887420654297, 1.3539097309112549, 1.5281219482421875, 2.22969126701355, 3.5363147258758545, 2.960373640060425, 4.585779190063477, 2.822511911392212, 3.5292251110076904, 2.395573854446411, 2.6068692207336426, 1.0893030166625977, 1.6754357814788818, 2.175553798675537, 3.074087142944336, 3.790670394897461, 4.200045585632324, 1.644117832183838, 2.1290743350982666, 3.7264342308044434, 4.660776138305664, 2.588399648666382, 4.496623516082764, 2.677633285522461, 3.2116281986236572, 4.810952186584473, 1.1446592807769775, 1.7409241199493408, 2.4936695098876953, 2.220400094985962, 4.728001594543457, 1.7036406993865967, 2.079334259033203, 1.6027190685272217, 1.126878023147583, 1.8325190544128418, 4.719196319580078, 3.8924367427825928, 3.9693450927734375, 3.1051831245422363, 1.974632978439331, 3.338369369506836, 1.132610559463501, 1.5548675060272217, 1.968940019607544, 4.261876106262207, 4.172642707824707, 2.1130099296569824, 2.92783522605896]], "train_rmse": [[[2.743033655860927e-05, 2.5532697691232897e-05]], [[0.0007381098112091422, 0.0009409537888132036]], [[0.030563073232769966, 0.03562195599079132]], [[0.05973898619413376, 0.08712251484394073]], [[0.039202217012643814, 0.24219301342964172]]], "symbolic_fun": ["-2.9121*(0.4761 - sqrt(1 - 0.7563*x_2))**2 + 0.1651*(-0.9252*x_2 - 1)**2 + 8.6376 - 7.9487*exp(-0.1154*x_1)", "1.2834*log(2.136*x_1 + 3.892) + 1.2829*log(1.255*x_2 + 1.4358) + 1.9646 - 1.2521*exp(-0.2741*x_5) - 1.2682*exp(-0.1059*x_4) - 1.3212*exp(-0.0789*x_3)", "0.0762*x_4 + 0.197*x_5 + 0.7063*log(4.2022*x_1 + 7.5985) + 0.7274*log(4.4193*x_10 + 6.0202) + 0.7185*log(8.0884*x_2 + 9.2686) + 0.6985*log(7.592*x_6 + 9.9869) + 0.7196*log(2.7069*x_7 + 5.0382) + 0.7116*log(3.1019*x_8 + 3.2978) - 6.1047 + 0.7963/(-0.1587*x_9 - 0.6041)", "0.2588*x_1 + 0.1414*x_11 + 0.1757*x_12 + 0.1067*x_15 + 0.109*x_20 + 0.1717*x_23 + 0.192*x_25 + 0.1665*x_30 + 0.1249*x_5 + 0.2698*x_7 + 0.2288*x_9 + 0.5462*sqrt(x_26 + 0.9982) + 0.4739*log(6.4919*x_10 + 9.2518) + 0.4021*log(5.9559*x_16 + 9.3173) + 0.4442*log(6.8953*x_17 + 8.475) + 0.4439*log(1.4961*x_18 + 1.6845) + 0.4377*log(8.1213*x_2 + 9.297) + 0.4473*log(4.628*x_21 + 5.8) + 0.4313*log(7.8394*x_22 + 8.2446) + 0.4392*log(5.6351*x_24 + 6.0253) + 0.4383*log(9.3029*x_27 + 9.7082) + 0.4751*log(1.9221*x_6 + 2.6974) + 0.4381*log(6.1588*x_8 + 6.5538) - 8.6668", "0.2041*x_1 + 0.1147*x_11 + 0.1362*x_12 + 0.2085*x_17 + 0.0996*x_21 + 0.2462*x_22 + 0.1383*x_23 + 0.1644*x_25 + 0.3051*x_27 + 0.1443*x_30 + 0.335*x_39 + 0.1812*x_41 + 0.1564*x_43 + 0.1502*x_50 + 0.1949*x_6 + 0.2108*x_7 + 0.1991*x_9 + 0.1127"], "symbolic_res": [{"test_loss": 7.940375804901123, "n_edge": 0, "n_grid": 10}, {"test_loss": 3.6477203369140625, "n_edge": 0, "n_grid": 10}, {"test_loss": 0.037353113293647766, "n_edge": 0, "n_grid": 10}, {"test_loss": 0.09140316396951675, "n_edge": 0, "n_grid": 10}, {"test_loss": 0.8472297191619873, "n_edge": 0, "n_grid": 10}], "inflection_points": [[0.3969409465789795, 0.3969409465789795, -0.22188226878643036, -0.7853595018386841], [0.3969409465789795, 0.402013897895813, 0.5615452527999878, 0.7854897975921631, 0.39150404930114746], [0.20229071378707886, -0.014551587402820587, null, -0.9965648055076599, 0.0010583685943856835, 0.23016242682933807, 0.40932613611221313, 0.04290952906012535, -0.9992446899414062, 0.37678954005241394], [0.3969409465789795, 0.5708507895469666, 0.006592645775526762, 0.16693231463432312, -0.9997029900550842, 0.23016242682933807, 0.21128369867801666, -0.15588515996932983, -0.9992446899414062, null, 0.8017879724502563, 0.012520703487098217, -0.7815902233123779, -0.012643414549529552, -0.9989228248596191, -0.006101437844336033, 0.8095871806144714, 0.21763066947460175, null, -0.99996018409729, -0.9961438179016113, 0.011590163223445415, -0.8042146563529968, 0.23750904202461243, -0.9994111657142639, null, -0.19908083975315094, -0.8197933435440063, 0.4390018582344055, -0.40988168120384216], [-0.9998406171798706, 0.015710165724158287, -0.014551587402820587, -0.22188226878643036, -0.16543957591056824, null, -0.8160932064056396, 0.35188567638397217, null, -0.8049774765968323, null, -0.17609426379203796, -0.9987626075744629, null, -0.5706865787506104, -0.15588515996932983, 0.20916159451007843, -0.9992446899414062, -0.03645559400320053, -0.6160651445388794, 0.4346095621585846, -0.33778613805770874, 0.6296737790107727, 0.012520703487098217, -0.3905324637889862, -0.7815902233123779, -0.20709559321403503, null, 0.4055217504501343, -0.585963249206543, 0.3858584761619568, -0.9984350204467773, null, 0.6291211843490601, -0.5838407874107361, -0.9982700347900391, 0.21905241906642914, -0.183793842792511, -0.99996018409729, -0.21273870766162872, -0.9961438179016113, 0.005493066273629665, -0.7685187458992004, null, -0.9999706745147705, 0.20011048018932343, 0.23750904202461243, 0.027801021933555603, -0.17136406898498535, 0.0373823419213295, -0.34607452154159546, 0.6373806595802307, -0.017907708883285522, -0.9973236322402954, null, null, 0.23667167127132416, null, -0.6060580015182495, null, null, null, -0.46229949593544006, 0.7635409832000732, -0.21358491480350494, -0.7905004620552063, null, -0.6158744096755981, 0.5754028558731079, -0.3714989721775055, 0.01623241975903511, -0.9968065619468689, 0.017848122864961624, -0.8039990663528442, -0.4134112596511841, 0.5460470914840698, -0.18096254765987396, 0.2116563320159912, null, -0.999986469745636, -0.4078870117664337, 0.35161319375038147, -0.8003906607627869, 0.5545833110809326, -0.8241958618164062, -0.6128705143928528, 0.010518353432416916, -0.9969184398651123, -0.4591520428657532, null, -0.18790006637573242, 0.794802725315094, -0.9991282820701599, -0.9991282820701599, -0.18802635371685028, -0.5502732992172241, -0.8049524426460266, -0.99837327003479, -0.809264600276947, 0.17243105173110962]],