{"num_inputs": 30, "input_multipliers": [5.466309547424316, 7.91399621963501, 1.7962968349456787, 2.188274383544922, 3.766805410385132, 6.706707954406738, 5.4108405113220215, 9.068002700805664, 5.100651741027832, 6.690756320953369, 4.140041351318359, 4.615455627441406, 1.2009317874908447, 2.519730567932129, 3.644996166229248, 5.666696071624756, 7.279008388519287, 8.200102806091309, 2.4492650032043457, 3.540417194366455, 7.134477138519287, 9.236745834350586, 4.573899269104004, 8.867403030395508, 4.774674892425537, 5.976163387298584, 9.5746431350708, 1.3254833221435547, 2.667079210281372, 4.3607563972473145], "train_rmse": [[0.05121955648064613, 0.09216876327991486]], "symbolic_fun": "0.0669*x_28 + 0.1205*x_3 + 0.2161*log(1.2066*x_1 + 1.2107) + 0.2105*log(0.7991*x_10 + 0.796) + 0.2191*log(7.504*x_11 + 7.54) + 0.2214*log(9.8*x_15 + 9.9484) + 0.2142*log(8.7978*x_16 + 8.7977) + 0.2141*log(0.6434*x_17 + 0.644) + 0.2093*log(5.386*x_18 + 5.3537) + 0.2109*log(8.04*x_19 + 9.42) + 0.2085*log(9.8458*x_2 + 9.8738) + 0.2151*log(9.8*x_20 + 9.9774) + 0.2096*log(1.5999*x_21 + 1.592) + 0.2119*log(6.3269*x_22 + 6.279) + 0.2129*log(1.9992*x_24 + 1.988) + 0.2184*log(2.0129*x_26 + 2.013) + 0.2101*log(1.5989*x_27 + 1.596) + 0.2117*log(2.4017*x_30 + 2.4059) + 0.2136*log(7.2618*x_5 + 7.3168) + 0.2082*log(4.3941*x_6 + 4.3868) + 0.2175*log(0.596*x_9 + 0.5977) - 3.8015", "symbolic_res": {"test_loss": 0.59711092710495, "n_edge": 0, "n_grid": 10}, "inflection_points": [-0.7994099855422974, 0.19639693200588226, 0.3585914969444275, -0.9965648055076599, 0.1837446540594101, -0.7903475761413574, -0.155547097325325, 0.24596214294433594, -0.5983297824859619, -0.24044901132583618, 0.6168903112411499, -0.6139867901802063, 0.01574060507118702, -0.20709559321403503, 0.21537280082702637, -0.1595241129398346, -0.17811419069766998, -0.17618504166603088, null, -0.7823536396026611, -0.20954112708568573, -0.37524884939193726, -0.8042146563529968, null, -0.5957536697387695, 0.20826978981494904, -0.5683543682098389, -0.996740996837616, -0.16214489936828613, 0.4207417368888855], "attribution_score": [0.2408018261194229, 0.22644633054733276, 0.07582571357488632, 0.0, 0.23284503817558289, 0.23863078653812408, 0.0, 0.0, 0.250832736492157, 0.2392418533563614, 0.23285090923309326, 0.0, 0.0, 0.0, 0.22123603522777557, 0.22170038521289825, 0.23463743925094604, 0.25112828612327576, 0.1493523120880127, 0.21506460011005402, 0.22965219616889954, 0.2440681904554367, 0.0, 0.2356957495212555, 0.0, 0.224974125623703, 0.2292601466178894, 0.04374583810567856, 0.0, 0.23154427111148834], "attribution_score_norm": [0.41116607189178467, 0.3908754587173462, 0.13479265570640564, 0.0, 0.4057117700576782, 0.4119073152542114, 0.0, 0.0, 0.4320131540298462, 0.4139203131198883, 0.4075049161911011, 0.0, 0.0, 0.0, 0.3821682929992676, 0.3964228630065918, 0.40136221051216125, 0.4396636188030243, 0.2583308219909668, 0.3700815439224243, 0.39933350682258606, 0.42130422592163086, 0.0, 0.4148479402065277, 0.0, 0.39309442043304443, 0.40929314494132996, 0.07484661042690277, 0.0, 0.39105305075645447], "first_rank_idx": 17, "mask_idx": 17, "mask_inflection_val": -0.17618504166603088, "scores_interval": [[0.2526911199092865, 0.22700992226600647, 0.08404334634542465, 0.0, 0.23475044965744019, 0.2662495970726013, 0.0, 0.0, 0.27671027183532715, 0.21827740967273712, 0.2546999454498291, 0.0, 0.0, 0.0, 0.23439133167266846, 0.22243720293045044, 0.24337875843048096, 0.28648537397384644, 0.16279111802577972, 0.2337157279253006, 0.24918298423290253, 0.24770623445510864, 0.0, 0.26757121086120605, 0.0, 0.24899323284626007, 0.23937106132507324, 0.04639079421758652, 0.0, 0.24908863008022308], [0.23746098577976227, 0.2292102873325348, 0.07205656915903091, 0.0, 0.23476622998714447, 0.22565129399299622, 0.0, 0.0, 0.23916561901569366, 0.2519429922103882, 0.22343075275421143, 0.0, 0.0, 0.0, 0.21678996086120605, 0.22430992126464844, 0.23280128836631775, 0.0561242550611496, 0.1433471441268921, 0.20730718970298767, 0.22152121365070343, 0.24520140886306763, 0.0, 0.2198755443096161, 0.0, 0.2140265554189682, 0.2265670895576477, 0.04278765246272087, 0.0, 0.2247064709663391]], "scores_interval_norm": [[0.42652982473373413, 0.38712579011917114, 0.14490991830825806, 0.0, 0.4190939664840698, 0.45854875445365906, 0.0, 0.0, 0.48313528299331665, 0.3958524167537689, 0.4469103515148163, 0.0, 0.0, 0.0, 0.40926024317741394, 0.39969828724861145, 0.4198901951313019, 1.230836033821106, 0.2761014997959137, 0.391127347946167, 0.4300541877746582, 0.4357455372810364, 0.0, 0.46912452578544617, 0.0, 0.4322540760040283, 0.419768750667572, 0.0804644450545311, 0.0, 0.4299389719963074], [0.40831077098846436, 0.3986019194126129, 0.13077475130558014, 0.0, 0.4024708569049835, 0.39008936285972595, 0.0, 0.0, 0.4080653786659241, 0.42335814237594604, 0.3900529444217682, 0.0, 0.0, 0.0, 0.3716948926448822, 0.39956721663475037, 0.39605027437210083, 0.169194296002388, 0.25166335701942444, 0.3634583652019501, 0.38700950145721436, 0.4179346561431885, 0.0, 0.38809752464294434, 0.0, 0.3753093183040619, 0.4097074568271637, 0.07261557877063751, 0.0, 0.3739404082298279]]}