{"num_inputs": 10, "input_multipliers": [2.9850263595581055, 4.072887420654297, 1.3539097309112549, 1.5281219482421875, 2.22969126701355, 3.5363147258758545, 2.960373640060425, 4.585779190063477, 2.822511911392212, 3.5292251110076904], "train_rmse": [[0.001985315466299653, 0.002697473857551813]], "symbolic_fun": "0.0581*x_3 + 0.713*log(4.3781*x_1 + 7.969) + 0.7134*log(7.0685*x_10 + 9.4906) + 0.7137*log(1.2784*x_2 + 1.4626) + 0.7129*log(4.884*x_6 + 6.5362) + 0.714*log(1.2986*x_7 + 2.4091) + 0.7148*log(9.396*x_8 + 9.9963) + 0.7123*log(3.1162*x_9 + 6.429) - 6.3418 - 0.6946*exp(-0.2747*x_5) - 0.7135*exp(-0.1047*x_4)", "symbolic_res": {"test_loss": 1.3806054592132568, "n_edge": 0, "n_grid": 10}, "inflection_points": [0.20229071378707886, 0.19639693200588226, 0.7620543837547302, 0.7854897975921631, null, 0.23016242682933807, 0.21128369867801666, 0.04290952906012535, 0.39848536252975464, 0.18322381377220154], "attribution_score": [0.24983994662761688, 0.4746634066104889, 0.032897163182497025, 0.0, 0.0, 0.36563530564308167, 0.23367805778980255, 0.5600199699401855, 0.21564891934394836, 0.3682258725166321], "attribution_score_norm": [0.42659854888916016, 0.8193300366401672, 0.05848011001944542, 0.0, 0.0, 0.6311333775520325, 0.41305556893348694, 0.9752078652381897, 0.37141549587249756, 0.6370798945426941], "first_rank_idx": 7, "mask_idx": 7, "mask_inflection_val": 0.04290952906012535, "scores_interval": [[0.26088759303092957, 0.49274149537086487, 0.0338713712990284, 0.0, 0.0, 0.3588326871395111, 0.24325788021087646, 0.5202129483222961, 0.22091002762317657, 0.37439998984336853], [0.2938458025455475, 0.5627422332763672, 0.03925412893295288, 0.0, 0.0, 0.45658478140830994, 0.27558380365371704, 0.150239035487175, 0.2592323124408722, 0.4459910988807678]], "scores_interval_norm": [[0.4378928244113922, 0.8470593094825745, 0.05963931605219841, 0.0, 0.0, 0.6297145485877991, 0.4253806471824646, 1.7027606964111328, 0.37891900539398193, 0.6424022316932678], [0.5108731389045715, 0.9745073914527893, 0.07056374102830887, 0.0, 0.0, 0.7760852575302124, 0.4930524528026581, 0.5593414902687073, 0.44801822304725647, 0.7775826454162598]]}