{"num_inputs": 30, "input_multipliers": [2.9850263595581055, 4.072887420654297, 1.3539097309112549, 1.5281219482421875, 2.22969126701355, 3.5363147258758545, 2.960373640060425, 4.585779190063477, 2.822511911392212, 3.5292251110076904, 2.395573854446411, 2.6068692207336426, 1.0893030166625977, 1.6754357814788818, 2.175553798675537, 3.074087142944336, 3.790670394897461, 4.200045585632324, 1.644117832183838, 2.1290743350982666, 3.7264342308044434, 4.660776138305664, 2.588399648666382, 4.496623516082764, 2.677633285522461, 3.2116281986236572, 4.810952186584473, 1.1446592807769775, 1.7409241199493408, 2.4936695098876953], "train_rmse": [[0.05973847955465317, 0.08705665171146393]], "symbolic_fun": "0.2588*x_1 + 0.1413*x_11 + 0.1757*x_12 + 0.1066*x_15 + 0.109*x_20 + 0.1717*x_23 + 0.192*x_25 + 0.1665*x_30 + 0.1249*x_5 + 0.2698*x_7 + 0.2288*x_9 + 0.5461*sqrt(x_26 + 0.9981) + 0.474*log(6.5754*x_10 + 9.3736) + 0.4014*log(6.4*x_16 + 9.9994) + 0.4438*log(7.075*x_17 + 8.6921) + 0.444*log(4.799*x_18 + 5.4035) + 0.4376*log(8.4906*x_2 + 9.7185) + 0.447*log(2.3466*x_21 + 2.9398) + 0.4314*log(7.7166*x_22 + 8.1166) + 0.4394*log(5.7246*x_24 + 6.122) + 0.4383*log(9.2728*x_27 + 9.6762) + 0.4751*log(6.3802*x_6 + 8.9537) + 0.4384*log(6.0258*x_8 + 6.4134) - 9.5032", "symbolic_res": {"test_loss": 0.09140057116746902, "n_edge": 0, "n_grid": 10}, "inflection_points": [0.3969409465789795, 0.5708507895469666, 0.006592645775526762, 0.16693231463432312, -0.9997029900550842, 0.23016242682933807, 0.21128369867801666, -0.15588515996932983, -0.9992446899414062, null, 0.8017879724502563, 0.012520703487098217, 0.40825679898262024, -0.20709559321403503, -0.9989228248596191, -0.006101437844336033, 0.4223310351371765, 0.21763066947460175, null, -0.99996018409729, -0.9961438179016113, 0.011590163223445415, -0.8042146563529968, 0.23750904202461243, -0.9994111657142639, null, -0.19908083975315094, -0.8197933435440063, 0.4390018582344055, -0.40988168120384216], "attribution_score": [0.1518447995185852, 0.289415180683136, 0.0, 0.0, 0.07179516553878784, 0.22681063413619995, 0.15292988717556, 0.341399610042572, 0.13309936225414276, 0.22372573614120483, 0.08092202991247177, 0.10356295853853226, 0.0, 0.0, 0.06183416768908501, 0.15997952222824097, 0.2625039517879486, 0.30278903245925903, 0.0, 0.06347904354333878, 0.2488947957754135, 0.3353574275970459, 0.09765388071537018, 0.3248026967048645, 0.11128678917884827, 0.1767359972000122, 0.34873953461647034, 0.0, 0.0, 0.09876304864883423], "attribution_score_norm": [0.25927308201789856, 0.49956777691841125, 0.0, 0.0, 0.12509669363498688, 0.3915041983127594, 0.2703229486942291, 0.5945066213607788, 0.2292391061782837, 0.38707536458969116, 0.14161905646324158, 0.176038458943367, 0.0, 0.0, 0.10681378841400146, 0.2860596776008606, 0.4490296542644501, 0.5301088094711304, 0.0, 0.1092342659831047, 0.4327937364578247, 0.5788853764533997, 0.17198826372623444, 0.5716850161552429, 0.19236823916435242, 0.3088085353374481, 0.6225970983505249, 0.0, 0.0, 0.16680003702640533], "first_rank_idx": 26, "mask_idx": 26, "mask_inflection_val": -0.19908083975315094, "scores_interval": [[0.1590796411037445, 0.3092269003391266, 0.0, 0.0, 0.0746547281742096, 0.2262694239616394, 0.16321155428886414, 0.36139872670173645, 0.1377965360879898, 0.23199918866157532, 0.0839722529053688, 0.10657424479722977, 0.0, 0.0, 0.06451916694641113, 0.16335901618003845, 0.2897423207759857, 0.3101939558982849, 0.0, 0.06735199689865112, 0.26023873686790466, 0.35756707191467285, 0.10121749341487885, 0.3311791718006134, 0.11374698579311371, 0.18544110655784607, 0.32482439279556274, 0.0, 0.0, 0.1049332544207573], [0.1575995832681656, 0.2962532043457031, 0.0, 0.0, 0.07488445937633514, 0.24222621321678162, 0.15646299719810486, 0.3516004681587219, 0.1391213983297348, 0.23379291594028473, 0.08451559394598007, 0.10856195539236069, 0.0, 0.0, 0.06429001688957214, 0.16876322031021118, 0.26185280084609985, 0.3185688555240631, 0.0, 0.06531868875026703, 0.2584950029850006, 0.34375590085983276, 0.1020796149969101, 0.3430229723453522, 0.11716751009225845, 0.18323081731796265, 0.11312559992074966, 0.0, 0.0, 0.10152918845415115]], "scores_interval_norm": [[0.27126333117485046, 0.5280071496963501, 0.0, 0.0, 0.13088184595108032, 0.4053812325000763, 0.28282421827316284, 0.6200791597366333, 0.23984044790267944, 0.39914804697036743, 0.14816832542419434, 0.18417945504188538, 0.0, 0.0, 0.11175346374511719, 0.2930690348148346, 0.4767182767391205, 0.5425636172294617, 0.0, 0.11428586393594742, 0.4564690589904785, 0.6228026747703552, 0.17994196712970734, 0.5758888721466064, 0.2012644112110138, 0.3274875581264496, 1.3823111057281494, 0.0, 0.0, 0.1745138168334961], [0.2691366672515869, 0.5151212811470032, 0.0, 0.0, 0.12985575199127197, 0.40854910016059875, 0.2806068956851959, 0.6184659600257874, 0.23796012997627258, 0.4056852161884308, 0.14700670540332794, 0.18273553252220154, 0.0, 0.0, 0.11087732017040253, 0.30091381072998047, 0.46032312512397766, 0.5581329464912415, 0.0, 0.11338988691568375, 0.4470049738883972, 0.5898218154907227, 0.17853125929832458, 0.6084225177764893, 0.19968654215335846, 0.3177149295806885, 0.3307833671569824, 0.0, 0.0, 0.17314565181732178]]}