{"num_inputs": 30, "input_multipliers": [2.9850263595581055, 4.072887420654297, 1.3539097309112549, 1.5281219482421875, 2.22969126701355, 3.5363147258758545, 2.960373640060425, 4.585779190063477, 2.822511911392212, 3.5292251110076904, 2.395573854446411, 2.6068692207336426, 1.0893030166625977, 1.6754357814788818, 2.175553798675537, 3.074087142944336, 3.790670394897461, 4.200045585632324, 1.644117832183838, 2.1290743350982666, 3.7264342308044434, 4.660776138305664, 2.588399648666382, 4.496623516082764, 2.677633285522461, 3.2116281986236572, 4.810952186584473, 1.1446592807769775, 1.7409241199493408, 2.4936695098876953], "train_rmse": [[0.05973898619413376, 0.08712251484394073]], "symbolic_fun": "0.2588*x_1 + 0.1414*x_11 + 0.1757*x_12 + 0.1067*x_15 + 0.109*x_20 + 0.1717*x_23 + 0.192*x_25 + 0.1665*x_30 + 0.1249*x_5 + 0.2698*x_7 + 0.2288*x_9 + 0.5462*sqrt(x_26 + 0.9982) + 0.4739*log(6.4919*x_10 + 9.2518) + 0.4021*log(5.9559*x_16 + 9.3173) + 0.4442*log(6.8953*x_17 + 8.475) + 0.4439*log(1.4961*x_18 + 1.6845) + 0.4377*log(8.1213*x_2 + 9.297) + 0.4473*log(4.628*x_21 + 5.8) + 0.4313*log(7.8394*x_22 + 8.2446) + 0.4392*log(5.6351*x_24 + 6.0253) + 0.4383*log(9.3029*x_27 + 9.7082) + 0.4751*log(1.9221*x_6 + 2.6974) + 0.4381*log(6.1588*x_8 + 6.5538) - 8.6668", "symbolic_res": {"test_loss": 0.09140316396951675, "n_edge": 0, "n_grid": 10}, "inflection_points": [0.3969409465789795, 0.5708507895469666, 0.006592645775526762, 0.16693231463432312, -0.9997029900550842, 0.23016242682933807, 0.21128369867801666, -0.15588515996932983, -0.9992446899414062, null, 0.8017879724502563, 0.012520703487098217, -0.7815902233123779, -0.012643414549529552, -0.9989228248596191, -0.006101437844336033, 0.8095871806144714, 0.21763066947460175, null, -0.99996018409729, -0.9961438179016113, 0.011590163223445415, -0.8042146563529968, 0.23750904202461243, -0.9994111657142639, null, -0.19908083975315094, -0.8197933435440063, 0.4390018582344055, -0.40988168120384216], "attribution_score": [0.1518477201461792, 0.28938615322113037, 0.0, 0.0, 0.07180458307266235, 0.2268262505531311, 0.15292970836162567, 0.3414081335067749, 0.1331021785736084, 0.2237529456615448, 0.08092910051345825, 0.10353715717792511, 0.0, 0.0, 0.061860229820013046, 0.15999633073806763, 0.2625209093093872, 0.3027968406677246, 0.0, 0.06349163502454758, 0.24890395998954773, 0.3353826403617859, 0.0976547822356224, 0.32481977343559265, 0.1112871766090393, 0.17675291001796722, 0.3487570583820343, 0.0, 0.0, 0.09876992553472519], "attribution_score_norm": [0.2592780590057373, 0.49951767921447754, 0.0, 0.0, 0.1251130998134613, 0.39153116941452026, 0.27032262086868286, 0.5945214629173279, 0.22924396395683289, 0.3871224522590637, 0.14163142442703247, 0.17599458992481232, 0.0, 0.0, 0.10685880482196808, 0.2860897481441498, 0.4490586519241333, 0.5301224589347839, 0.0, 0.10925593227148056, 0.43280965089797974, 0.5789288878440857, 0.17198985815048218, 0.5717150568962097, 0.19236890971660614, 0.3088380992412567, 0.622628390789032, 0.0, 0.0, 0.16681164503097534], "first_rank_idx": 26, "mask_idx": 26, "mask_inflection_val": -0.19908083975315094, "scores_interval": [[0.1590840220451355, 0.30919697880744934, 0.0, 0.0, 0.07466515153646469, 0.22628706693649292, 0.16321274638175964, 0.361409455537796, 0.13780057430267334, 0.2320277839899063, 0.08398028463125229, 0.10654859244823456, 0.0, 0.0, 0.06454689800739288, 0.16338446736335754, 0.28975987434387207, 0.31020432710647583, 0.0, 0.06736592203378677, 0.2602494955062866, 0.35760819911956787, 0.1012192890048027, 0.3311825692653656, 0.11374834179878235, 0.18546117842197418, 0.32480505108833313, 0.0, 0.0, 0.10494143515825272], [0.1576031595468521, 0.29622551798820496, 0.0, 0.0, 0.07489454746246338, 0.24224361777305603, 0.1564633697271347, 0.35161149501800537, 0.139124795794487, 0.23382316529750824, 0.0845232680439949, 0.1085352823138237, 0.0, 0.0, 0.06431733071804047, 0.16877718269824982, 0.2618734538555145, 0.31857830286026, 0.0, 0.06533186137676239, 0.25850602984428406, 0.3437754213809967, 0.10208090394735336, 0.3430529832839966, 0.11716831475496292, 0.18324844539165497, 0.11314753443002701, 0.0, 0.0, 0.10153660178184509]], "scores_interval_norm": [[0.2712708115577698, 0.5279560685157776, 0.0, 0.0, 0.13090012967586517, 0.40541282296180725, 0.2828262746334076, 0.6200975775718689, 0.23984748125076294, 0.3991972506046295, 0.14818249642848969, 0.18413512408733368, 0.0, 0.0, 0.11180149763822556, 0.29311469197273254, 0.47674715518951416, 0.5425817370414734, 0.0, 0.11430949717760086, 0.4564879536628723, 0.6228743195533752, 0.17994515597820282, 0.5758947730064392, 0.201266810297966, 0.32752299308776855, 1.3822288513183594, 0.0, 0.0, 0.17452742159366608], [0.2691427767276764, 0.5150731801986694, 0.0, 0.0, 0.12987324595451355, 0.40857845544815063, 0.28060755133628845, 0.6184853315353394, 0.23796594142913818, 0.4057376980781555, 0.14702004194259644, 0.18269063532352448, 0.0, 0.0, 0.11092443019151688, 0.3009387254714966, 0.4603594243526459, 0.558149516582489, 0.0, 0.1134127527475357, 0.44702401757240295, 0.5898553133010864, 0.17853350937366486, 0.6084757447242737, 0.1996879130601883, 0.31774550676345825, 0.33084750175476074, 0.0, 0.0, 0.17315828800201416]]}