{"num_inputs": [2, 5, 10, 30, 50], "input_multipliers": [[2.9850263595581055, 4.072887420654297], [2.9850263595581055, 4.072887420654297, 1.3539097309112549, 1.5281219482421875, 2.22969126701355], [2.9850263595581055, 4.072887420654297, 1.3539097309112549, 1.5281219482421875, 2.22969126701355, 3.5363147258758545, 2.960373640060425, 4.585779190063477, 2.822511911392212, 3.5292251110076904], [2.9850263595581055, 4.072887420654297, 1.3539097309112549, 1.5281219482421875, 2.22969126701355, 3.5363147258758545, 2.960373640060425, 4.585779190063477, 2.822511911392212, 3.5292251110076904, 2.395573854446411, 2.6068692207336426, 1.0893030166625977, 1.6754357814788818, 2.175553798675537, 3.074087142944336, 3.790670394897461, 4.200045585632324, 1.644117832183838, 2.1290743350982666, 3.7264342308044434, 4.660776138305664, 2.588399648666382, 4.496623516082764, 2.677633285522461, 3.2116281986236572, 4.810952186584473, 1.1446592807769775, 1.7409241199493408, 2.4936695098876953], [2.9850263595581055, 4.072887420654297, 1.3539097309112549, 1.5281219482421875, 2.22969126701355, 3.5363147258758545, 2.960373640060425, 4.585779190063477, 2.822511911392212, 3.5292251110076904, 2.395573854446411, 2.6068692207336426, 1.0893030166625977, 1.6754357814788818, 2.175553798675537, 3.074087142944336, 3.790670394897461, 4.200045585632324, 1.644117832183838, 2.1290743350982666, 3.7264342308044434, 4.660776138305664, 2.588399648666382, 4.496623516082764, 2.677633285522461, 3.2116281986236572, 4.810952186584473, 1.1446592807769775, 1.7409241199493408, 2.4936695098876953, 2.220400094985962, 4.728001594543457, 1.7036406993865967, 2.079334259033203, 1.6027190685272217, 1.126878023147583, 1.8325190544128418, 4.719196319580078, 3.8924367427825928, 3.9693450927734375, 3.1051831245422363, 1.974632978439331, 3.338369369506836, 1.132610559463501, 1.5548675060272217, 1.968940019607544, 4.261876106262207, 4.172642707824707, 2.1130099296569824, 2.92783522605896]], "train_rmse": [[[0.00015236296167131513, 0.00013785115152131766]], [[0.0007385401404462755, 0.0009537441655993462]], [[0.001985531533136964, 0.0026966820005327463]], [[0.05973847955465317, 0.08705665171146393]], [[0.06704087555408478, 0.07270783185958862]]], "symbolic_fun": ["-0.6383*(0.6075*x_1 - 1)**2 - 0.768*(0.9218*x_2 - 1)**2 + 1.7138", "1.2828*log(2.1014*x_1 + 3.8276) + 1.2841*log(4.1023*x_2 + 4.6953) + 0.4622 - 1.2517*exp(-0.2742*x_5) - 1.2897*exp(-0.1042*x_4) - 1.2974*exp(-0.0803*x_3)", "0.0581*x_3 + 0.713*log(2.2429*x_1 + 4.0822) + 0.7129*log(6.3448*x_10 + 8.5144) + 0.7136*log(8.2244*x_2 + 9.4094) + 0.7129*log(2.3825*x_6 + 3.1883) + 0.7138*log(1.3461*x_7 + 2.4964) + 0.7147*log(9.4*x_8 + 10.0) + 0.7128*log(2.9154*x_9 + 6.0184) - 6.5884 - 0.6923*exp(-0.2756*x_5) - 0.7091*exp(-0.1054*x_4)", "0.2588*x_1 + 0.1413*x_11 + 0.1757*x_12 + 0.1066*x_15 + 0.109*x_20 + 0.1717*x_23 + 0.192*x_25 + 0.1665*x_30 + 0.1249*x_5 + 0.2698*x_7 + 0.2288*x_9 + 0.5461*sqrt(x_26 + 0.9981) + 0.474*log(6.5754*x_10 + 9.3736) + 0.4014*log(6.4*x_16 + 9.9994) + 0.4438*log(7.075*x_17 + 8.6921) + 0.444*log(4.799*x_18 + 5.4035) + 0.4376*log(8.4906*x_2 + 9.7185) + 0.447*log(2.3466*x_21 + 2.9398) + 0.4314*log(7.7166*x_22 + 8.1166) + 0.4394*log(5.7246*x_24 + 6.122) + 0.4383*log(9.2728*x_27 + 9.6762) + 0.4751*log(6.3802*x_6 + 8.9537) + 0.4384*log(6.0258*x_8 + 6.4134) - 9.5032", "0.1102*x_11 + 0.0831*x_15 + 0.0797*x_20 + 0.1347*x_23 + 0.1218*x_30 + 0.0867*x_31 + 0.0739*x_34 + 0.0533*x_37 + 0.0634*x_42 + 0.0643*x_46 + 0.0784*x_49 + 0.0877*x_5 + 0.4071*sqrt(0.8719*x_7 + 1) + 0.324*log(4.5492*x_1 + 8.1133) + 0.335*log(7.396*x_10 + 9.9967) + 0.3595*log(2.2056*x_16 + 4.02) + 0.3263*log(6.6653*x_17 + 8.077) + 0.3323*log(6.6574*x_18 + 7.4424) + 0.3333*log(8.1772*x_2 + 9.3656005859375) + 0.3325*log(0.9339*x_21 + 1.1669) + 0.3303*log(3.5896*x_22 + 3.7888) + 0.334*log(7.8432*x_24 + 8.4367) + 0.3467*log(1.353*x_25 + 3.2848) + 0.3237*log(5.5323*x_26 + 8.4934) + 0.3309*log(4.6184*x_27 + 4.8113) + 0.333*log(3.8872*x_32 + 4.0918) + 0.333*log(3.9259*x_38 + 4.1331) + 0.3302*log(5.4324*x_39 + 6.4387) + 0.3332*log(5.6423*x_40 + 6.6134) + 0.3438*log(5.0049*x_41 + 8.6146) + 0.3319*log(7.5696*x_47 + 8.3699) + 0.3352*log(7.9648*x_48 + 8.984) + 0.3325*log(4.133*x_50 + 7.8718) + 0.3382*log(2.7141*x_6 + 3.6811) + 0.331*log(3.0758*x_8 + 3.2676) + 0.3131*log(4.8758*x_9 + 9.5581) - 11.4388 - 0.3252*exp(-0.4144*x_12) - 0.9309/sqrt(0.4931*x_43 + 1)"], "symbolic_res": [{"test_loss": 0.1217922642827034, "n_edge": 0, "n_grid": 10}, {"test_loss": 3.869992256164551, "n_edge": 0, "n_grid": 10}, {"test_loss": 1.4231334924697876, "n_edge": 0, "n_grid": 10}, {"test_loss": 0.09140057116746902, "n_edge": 0, "n_grid": 10}, {"test_loss": 0.3348751366138458, "n_edge": 0, "n_grid": 10}], "inflection_points": [[null, 0.3969409465789795, -0.014551587402820587, null], [0.3969409465789795, 0.19639693200588226, 0.19851715862751007, 0.7854897975921631, 0.39150404930114746], [0.20229071378707886, 0.19639693200588226, 0.7620543837547302, 0.7854897975921631, null, 0.23016242682933807, 0.21128369867801666, 0.04290952906012535, 0.39848536252975464, 0.37678954005241394], [0.3969409465789795, 0.5708507895469666, 0.006592645775526762, 0.16693231463432312, -0.9997029900550842, 0.23016242682933807, 0.21128369867801666, -0.15588515996932983, -0.9992446899414062, null, 0.8017879724502563, 0.012520703487098217, 0.40825679898262024, -0.20709559321403503, -0.9989228248596191, -0.006101437844336033, 0.4223310351371765, 0.21763066947460175, null, -0.99996018409729, -0.9961438179016113, 0.011590163223445415, -0.8042146563529968, 0.23750904202461243, -0.9994111657142639, null, -0.19908083975315094, -0.8197933435440063, 0.4390018582344055, -0.40988168120384216], [null, 0.41199272871017456, 0.005210300907492638, 0.19641713798046112, null, 0.38768237829208374, 0.21331347525119781, 0.009307824075222015, -0.9994644522666931, -0.0024220289196819067, -0.8025641441345215, 0.019688181579113007, null, null, -0.9998851418495178, -0.9998368620872498, 0.19799788296222687, -0.008430122397840023, 0.009637974202632904, -0.004506867378950119, -0.0023862372618168592, 0.0004306078189983964, 0.5856614708900452, 0.1873849332332611, null, null, -0.20257559418678284, null, 0.393290251493454, -0.9996331930160522, -0.9998655319213867, 0.005573607515543699, 0.18931488692760468, -0.9994881749153137, 0.21822209656238556, null, -0.18518337607383728, -0.20350150763988495, 0.3929139971733093, 0.21292005479335785, 0.39520254731178284, -0.19311770796775818, 0.0044481526128947735, 0.003686783369630575, 0.20571322739124298, -0.5905657410621643, -0.00894680991768837, 0.389676958322525, -0.9997751712799072, 0.4013645052909851]],