{"num_inputs": 10, "input_multipliers": [2.9850263595581055, 4.072887420654297, 1.3539097309112549, 1.5281219482421875, 2.22969126701355, 3.5363147258758545, 2.960373640060425, 4.585779190063477, 2.822511911392212, 3.5292251110076904], "train_rmse": [[0.030563073232769966, 0.03562195599079132]], "symbolic_fun": "0.0762*x_4 + 0.197*x_5 + 0.7063*log(4.2022*x_1 + 7.5985) + 0.7274*log(4.4193*x_10 + 6.0202) + 0.7185*log(8.0884*x_2 + 9.2686) + 0.6985*log(7.592*x_6 + 9.9869) + 0.7196*log(2.7069*x_7 + 5.0382) + 0.7116*log(3.1019*x_8 + 3.2978) - 6.1047 + 0.7963/(-0.1587*x_9 - 0.6041)", "symbolic_res": {"test_loss": 0.037353113293647766, "n_edge": 0, "n_grid": 10}, "inflection_points": [0.20229071378707886, -0.014551587402820587, null, -0.9965648055076599, 0.0010583685943856835, 0.23016242682933807, 0.40932613611221313, 0.04290952906012535, -0.9992446899414062, 0.37678954005241394], "attribution_score": [0.24775747954845428, 0.47317758202552795, 0.0, 0.04359292984008789, 0.11306877434253693, 0.3648792505264282, 0.23301292955875397, 0.5547136068344116, 0.21310830116271973, 0.365175724029541], "attribution_score_norm": [0.42304277420043945, 0.816765308380127, 0.0, 0.07616636157035828, 0.1970122754573822, 0.6298283338546753, 0.41187986731529236, 0.9659674763679504, 0.3670397698879242, 0.6318027377128601], "first_rank_idx": 7, "mask_idx": 7, "mask_inflection_val": 0.04290952906012535, "scores_interval": [[0.25841325521469116, 0.49055564403533936, 0.0, 0.0440385565161705, 0.11666184663772583, 0.357334703207016, 0.2422591894865036, 0.5150488615036011, 0.21796715259552002, 0.3709711730480194], [0.2894511818885803, 0.5573298335075378, 0.0, 0.05267554894089699, 0.13380728662014008, 0.45296770334243774, 0.2729974389076233, 0.14763246476650238, 0.254573255777359, 0.43922924995422363]], "scores_interval_norm": [[0.43373972177505493, 0.8433016538619995, 0.0, 0.0775812491774559, 0.20067203044891357, 0.6270857453346252, 0.42363426089286804, 1.6858576536178589, 0.37387120723724365, 0.6365189552307129], [0.5032327771186829, 0.9651346802711487, 0.0, 0.09129761904478073, 0.23615087568759918, 0.7699370980262756, 0.4884251356124878, 0.5496371984481812, 0.43996620178222656, 0.7657934427261353]]}