{"num_inputs": 2, "input_multipliers": [253.1657257080078, 386.4286804199219], "train_rmse": [[0.0009509465307928622, 0.0010336402337998152]], "symbolic_fun": "1.1361*log(4.8458*x_1 + 5.8152) + 1.1371*log(3.9342*x_2 + 4.7245) - 3.4059", "symbolic_res": {"test_loss": 0.0003382457362022251, "n_edge": 0, "n_grid": 10}, "inflection_points": [0.20229071378707886, 0.19639693200588226], "attribution_score": [0.6987979412078857, 0.6878271698951721], "attribution_score_norm": [1.1931886672973633, 1.1872780323028564], "first_rank_idx": 0, "mask_idx": 0, "mask_inflection_val": 0.20229071378707886, "scores_interval": [[0.6485217809677124, 0.7500141859054565], [0.21414031088352203, 0.9875503778457642]], "scores_interval_norm": [[1.8500770330429077, 1.304223656654358], [0.9077000021934509, 1.690967321395874]]}