{"num_inputs": 30, "input_multipliers": [2.9850263595581055, 4.072887420654297, 1.3539097309112549, 1.5281219482421875, 2.22969126701355, 3.5363147258758545, 2.960373640060425, 4.585779190063477, 2.822511911392212, 3.5292251110076904, 2.395573854446411, 2.6068692207336426, 1.0893030166625977, 1.6754357814788818, 2.175553798675537, 3.074087142944336, 3.790670394897461, 4.200045585632324, 1.644117832183838, 2.1290743350982666, 3.7264342308044434, 4.660776138305664, 2.588399648666382, 4.496623516082764, 2.677633285522461, 3.2116281986236572, 4.810952186584473, 1.1446592807769775, 1.7409241199493408, 2.4936695098876953], "train_rmse": [[0.05973994731903076, 0.08706150203943253]], "symbolic_fun": "0.2588*x_1 + 0.1413*x_11 + 0.1757*x_12 + 0.1066*x_15 + 0.109*x_20 + 0.1716*x_23 + 0.192*x_25 + 0.1665*x_30 + 0.1249*x_5 + 0.2698*x_7 + 0.2288*x_9 + 0.5464*sqrt(x_26 + 0.9984) + 0.4743*log(1.4246*x_10 + 2.0318) + 0.4023*log(5.9189*x_16 + 9.262) + 0.4445*log(6.9606*x_17 + 8.559) + 0.4437*log(3.0621*x_18 + 3.4468) + 0.4374*log(1.5272*x_2 + 1.7476) + 0.4476*log(7.9214*x_21 + 9.9315) + 0.4315*log(7.7134*x_22 + 8.113) + 0.4394*log(5.6373*x_24 + 6.0288) + 0.4383*log(4.4124*x_27 + 4.6045) + 0.4752*log(5.016*x_6 + 7.03919982910156) + 0.4384*log(6.09*x_8 + 6.4817) - 7.8981", "symbolic_res": {"test_loss": 0.09140695631504059, "n_edge": 0, "n_grid": 10}, "inflection_points": [0.3969409465789795, 0.5708507895469666, 0.006592645775526762, 0.16693231463432312, -0.9997029900550842, 0.23016242682933807, 0.21128369867801666, -0.15588515996932983, -0.9992446899414062, null, 0.8017879724502563, 0.012520703487098217, -0.7815902233123779, 0.18390391767024994, -0.9989228248596191, -0.006101437844336033, 0.8095871806144714, 0.21763066947460175, null, -0.99996018409729, -0.9961438179016113, 0.011590163223445415, -0.8042146563529968, 0.23750904202461243, -0.9994111657142639, null, -0.19908083975315094, -0.8197933435440063, 0.4390018582344055, -0.40988168120384216], "attribution_score": [0.1518292874097824, 0.289424329996109, 0.0, 0.0, 0.07179874181747437, 0.22685934603214264, 0.15292774140834808, 0.34143728017807007, 0.1330920308828354, 0.2237132489681244, 0.08088910579681396, 0.10357990860939026, 0.0, 0.0, 0.06182660907506943, 0.1599990874528885, 0.26251572370529175, 0.3027728796005249, 0.0, 0.06345879286527634, 0.24888984858989716, 0.3354001045227051, 0.09763670712709427, 0.32480672001838684, 0.11126955598592758, 0.1767488718032837, 0.34875693917274475, 0.0, 0.0, 0.09875783324241638], "attribution_score_norm": [0.2592465877532959, 0.49958357214927673, 0.0, 0.0, 0.1251029223203659, 0.3915883004665375, 0.2703191339969635, 0.5945722460746765, 0.2292264848947525, 0.3870537579059601, 0.14156143367290497, 0.1760672628879547, 0.0, 0.0, 0.10680072754621506, 0.28609466552734375, 0.44904980063438416, 0.5300805568695068, 0.0, 0.1091994196176529, 0.43278512358665466, 0.578959047794342, 0.17195802927017212, 0.5716921091079712, 0.19233845174312592, 0.30883103609085083, 0.6226281523704529, 0.0, 0.0, 0.16679123044013977], "first_rank_idx": 26, "mask_idx": 26, "mask_inflection_val": -0.19908083975315094, "scores_interval": [[0.15906406939029694, 0.30924108624458313, 0.0, 0.0, 0.07465877383947372, 0.22631898522377014, 0.1632099747657776, 0.36144012212753296, 0.1377895176410675, 0.2319898158311844, 0.08393844962120056, 0.10659214109182358, 0.0, 0.0, 0.06451155245304108, 0.1633882075548172, 0.28974929451942444, 0.31017664074897766, 0.0, 0.06733080744743347, 0.2602326273918152, 0.35761553049087524, 0.10120013356208801, 0.3311869204044342, 0.11372987926006317, 0.18545681238174438, 0.3248229920864105, 0.0, 0.0, 0.104928158223629], [0.15758417546749115, 0.29626184701919556, 0.0, 0.0, 0.07488851994276047, 0.2422792911529541, 0.15646150708198547, 0.35164088010787964, 0.13911432027816772, 0.23377926647663116, 0.08448158204555511, 0.10858019441366196, 0.0, 0.0, 0.06428243964910507, 0.16877926886081696, 0.26187142729759216, 0.3185546398162842, 0.0, 0.06529813259840012, 0.25849223136901855, 0.34380027651786804, 0.10206211358308792, 0.34302735328674316, 0.11714988946914673, 0.1832440048456192, 0.11313962936401367, 0.0, 0.0, 0.10152425616979599]], "scores_interval_norm": [[0.271236777305603, 0.5280313491821289, 0.0, 0.0, 0.1308889389038086, 0.40547001361846924, 0.2828214764595032, 0.6201502084732056, 0.2398282289505005, 0.3991319239139557, 0.14810867607593536, 0.1842103898525238, 0.0, 0.0, 0.11174027621746063, 0.2931213974952698, 0.47672975063323975, 0.5425333380699158, 0.0, 0.11424991488456726, 0.45645835995674133, 0.6228870749473572, 0.17991110682487488, 0.5759023427963257, 0.2012341469526291, 0.32751530408859253, 1.3823051452636719, 0.0, 0.0, 0.1745053380727768], [0.2691103518009186, 0.5151363611221313, 0.0, 0.0, 0.12986280024051666, 0.4086386263370514, 0.28060421347618103, 0.6185370683670044, 0.23794801533222198, 0.40566152334213257, 0.14694754779338837, 0.18276622891426086, 0.0, 0.0, 0.11086425185203552, 0.30094245076179504, 0.46035587787628174, 0.5581080317497253, 0.0, 0.11335420608520508, 0.4470001757144928, 0.5898979306221008, 0.17850063741207123, 0.6084302663803101, 0.19965650141239166, 0.3177378177642822, 0.3308244049549103, 0.0, 0.0, 0.17313723266124725]]}