{
    "dataset": "Perovskite",
    "test_r2": 0.7308177633653756,
    "best_params": {
        "sym_range": 50,
        "steps": 50,
        "n_layers": 1,
        "lr": 0.1,
        "lamb_entropy": 2.0,
        "lamb_coefdiff": 0.01,
        "lamb_coef": 1.0,
        "lamb": 0.01,
        "k": 3,
        "grid": 5
    },
    "symbolic_formula": "-0.421721667051315*sin(2.50102949142456*x_3 + 7.82709884643555) + 0.604347690939903 - 1.57631404010635e-6/(0.153487676016305 - x_2)**2 + 1.92793057803152e-6/(0.144455624958288 - x_1)**2"
}