{
    "dataset": "Perovskite",
    "test_r2": 0.7808121493719467,
    "best_params": {
        "steps": 20,
        "n_layers": 1,
        "lr": 0.01,
        "lamb_entropy": 10.0,
        "lamb_coef": 0.1,
        "lamb": 0.001,
        "k": 3,
        "grid": 5
    },
    "symbolic_formula": "-0.310239523649216*sin(3.23839974403381*x_3 + 7.98031902313232) + 0.457321979105473 + 3.06715545229029e-6/(0.151430960185726 - x_2)**2 - 3.55458595680502e-7/(0.143819904612528 - x_1)**2"
}