Feature,Mean_Abs_SHAP
QAgNO3(%),0.06120957819012327
Qpva(%),0.018549288832929615
Qtsc(%),0.06891407454889188
Qseed(%),0.1319041900321702
Qtot(uL/min),0.028593516442074068
