Feature,Total_Effect (ST),First_Order (S1)
QAgNO3(%),0.41206922536167195,0.27927332032221847
Qpva(%),0.04031527339266533,0.010965190764481183
Qtsc(%),0.26289111025241363,0.12155753803110539
Qseed(%),0.3826901419126397,0.24168944596555106
Qtot(uL/min),0.20869368857232576,0.06000504366999071
