func,grid,k,slicing_feat_idx,slicing_feat_name,interval_idx,lo_norm,hi_norm,lo_raw,hi_raw,attr_0,attr_1
exponential,3,2,0,Exponent (x0),0,0.1,0.3667,-0.9989,-0.333,12.90757,1.32614
exponential,3,2,0,Exponent (x0),1,0.3667,0.6333,-0.333,0.3329,8.86273,3.34972
exponential,3,2,0,Exponent (x0),2,0.6333,0.9,0.3329,0.9988,2.99011,4.26189
exponential,3,2,1,Linear (x1),0,0.1,0.3667,-0.999,-0.3332,4.16471,0.86448
exponential,3,2,1,Linear (x1),1,0.3667,0.6333,-0.3332,0.3325,4.27536,1.10123
exponential,3,2,1,Linear (x1),2,0.6333,0.9,0.3325,0.9982,4.2374,1.28804
exponential,3,3,0,Exponent (x0),0,0.1,0.3667,-0.9989,-0.333,11.64388,2.30258
exponential,3,3,0,Exponent (x0),1,0.3667,0.6333,-0.333,0.3329,6.63217,3.90226
exponential,3,3,0,Exponent (x0),2,0.6333,0.9,0.3329,0.9988,0.45984,4.36437
exponential,3,3,1,Linear (x1),0,0.1,0.3667,-0.999,-0.3332,4.16031,1.45492
exponential,3,3,1,Linear (x1),1,0.3667,0.6333,-0.3332,0.3325,4.26788,1.6883
exponential,3,3,1,Linear (x1),2,0.6333,0.9,0.3325,0.9982,4.21241,1.99582
exponential,3,4,0,Exponent (x0),0,0.1,0.3667,-0.9989,-0.333,12.20809,1.98492
exponential,3,4,0,Exponent (x0),1,0.3667,0.6333,-0.333,0.3329,8.13391,3.56267
exponential,3,4,0,Exponent (x0),2,0.6333,0.9,0.3329,0.9988,0.76412,4.3651
exponential,3,4,1,Linear (x1),0,0.1,0.3667,-0.999,-0.3332,4.16315,1.17776
exponential,3,4,1,Linear (x1),1,0.3667,0.6333,-0.3332,0.3325,4.27064,1.47648
exponential,3,4,1,Linear (x1),2,0.6333,0.9,0.3325,0.9982,4.22449,1.70505
exponential,3,5,0,Exponent (x0),0,0.1,0.3667,-0.9989,-0.333,11.56184,2.3423
exponential,3,5,0,Exponent (x0),1,0.3667,0.6333,-0.333,0.3329,9.10179,3.25885
exponential,3,5,0,Exponent (x0),2,0.6333,0.9,0.3329,0.9988,0.64316,4.36195
exponential,3,5,1,Linear (x1),0,0.1,0.3667,-0.999,-0.3332,4.163,1.15243
exponential,3,5,1,Linear (x1),1,0.3667,0.6333,-0.3332,0.3325,4.2654,1.46673
exponential,3,5,1,Linear (x1),2,0.6333,0.9,0.3325,0.9982,4.22824,1.62366
exponential,5,2,0,Exponent (x0),0,0.1,0.26,-0.9989,-0.5993,20.47209,1.81712
exponential,5,2,0,Exponent (x0),1,0.26,0.42,-0.5993,-0.1998,16.63788,3.0406
exponential,5,2,0,Exponent (x0),2,0.42,0.58,-0.1998,0.1998,9.52697,4.02736
exponential,5,2,0,Exponent (x0),3,0.58,0.74,0.1998,0.5993,4.2016,4.34928
exponential,5,2,0,Exponent (x0),4,0.74,0.9,0.5993,0.9988,4.75536,4.17004
exponential,5,2,1,Linear (x1),0,0.1,0.26,-0.999,-0.5995,4.1273,0.85585
exponential,5,2,1,Linear (x1),1,0.26,0.42,-0.5995,-0.2001,4.21056,0.97359
exponential,5,2,1,Linear (x1),2,0.42,0.58,-0.2001,0.1993,4.20879,1.09921
exponential,5,2,1,Linear (x1),3,0.58,0.74,0.1993,0.5988,4.46471,1.4121
exponential,5,2,1,Linear (x1),4,0.74,0.9,0.5988,0.9982,4.12535,1.33971
exponential,5,3,0,Exponent (x0),0,0.1,0.26,-0.9989,-0.5993,20.78919,1.479
exponential,5,3,0,Exponent (x0),1,0.26,0.42,-0.5993,-0.1998,17.27851,2.90417
exponential,5,3,0,Exponent (x0),2,0.42,0.58,-0.1998,0.1998,13.64894,3.47624
exponential,5,3,0,Exponent (x0),3,0.58,0.74,0.1998,0.5993,4.21164,4.33889
exponential,5,3,0,Exponent (x0),4,0.74,0.9,0.5993,0.9988,6.78819,4.06579
exponential,5,3,1,Linear (x1),0,0.1,0.26,-0.999,-0.5995,4.13173,0.39878
exponential,5,3,1,Linear (x1),1,0.26,0.42,-0.5995,-0.2001,4.20849,0.87614
exponential,5,3,1,Linear (x1),2,0.42,0.58,-0.2001,0.1993,4.2079,0.84235
exponential,5,3,1,Linear (x1),3,0.58,0.74,0.1993,0.5988,4.47784,0.97694
exponential,5,3,1,Linear (x1),4,0.74,0.9,0.5988,0.9982,4.12798,0.91446
exponential,5,4,0,Exponent (x0),0,0.1,0.26,-0.9989,-0.5993,20.1646,1.94458
exponential,5,4,0,Exponent (x0),1,0.26,0.42,-0.5993,-0.1998,16.08613,3.162
exponential,5,4,0,Exponent (x0),2,0.42,0.58,-0.1998,0.1998,9.20718,4.05905
exponential,5,4,0,Exponent (x0),3,0.58,0.74,0.1998,0.5993,4.6437,4.33643
exponential,5,4,0,Exponent (x0),4,0.74,0.9,0.5993,0.9988,0.73283,4.27711
exponential,5,4,1,Linear (x1),0,0.1,0.26,-0.999,-0.5995,4.12667,0.89834
exponential,5,4,1,Linear (x1),1,0.26,0.42,-0.5995,-0.2001,4.21004,1.02388
exponential,5,4,1,Linear (x1),2,0.42,0.58,-0.2001,0.1993,4.20916,1.15845
exponential,5,4,1,Linear (x1),3,0.58,0.74,0.1993,0.5988,4.46507,1.47609
exponential,5,4,1,Linear (x1),4,0.74,0.9,0.5988,0.9982,4.12465,1.39699
exponential,5,5,0,Exponent (x0),0,0.1,0.26,-0.9989,-0.5993,18.18856,2.54476
exponential,5,5,0,Exponent (x0),1,0.26,0.42,-0.5993,-0.1998,14.98809,3.39242
exponential,5,5,0,Exponent (x0),2,0.42,0.58,-0.1998,0.1998,7.66884,4.20119
exponential,5,5,0,Exponent (x0),3,0.58,0.74,0.1998,0.5993,2.96995,4.3882
exponential,5,5,0,Exponent (x0),4,0.74,0.9,0.5993,0.9988,0.58195,4.28193
exponential,5,5,1,Linear (x1),0,0.1,0.26,-0.999,-0.5995,4.12341,1.099
exponential,5,5,1,Linear (x1),1,0.26,0.42,-0.5995,-0.2001,4.21046,1.27693
exponential,5,5,1,Linear (x1),2,0.42,0.58,-0.2001,0.1993,4.20995,1.44033
exponential,5,5,1,Linear (x1),3,0.58,0.74,0.1993,0.5988,4.45995,1.78608
exponential,5,5,1,Linear (x1),4,0.74,0.9,0.5988,0.9982,4.12107,1.68051
exponential,7,2,0,Exponent (x0),0,0.1,0.2143,-0.9989,-0.7135,26.98945,2.02776
exponential,7,2,0,Exponent (x0),1,0.2143,0.3286,-0.7135,-0.4281,21.68065,2.70758
exponential,7,2,0,Exponent (x0),2,0.3286,0.4429,-0.4281,-0.1427,16.3809,3.65851
exponential,7,2,0,Exponent (x0),3,0.4429,0.5571,-0.1427,0.1427,10.9588,4.33863
exponential,7,2,0,Exponent (x0),4,0.5571,0.6714,0.1427,0.4281,5.95867,4.21116
exponential,7,2,0,Exponent (x0),5,0.6714,0.7857,0.4281,0.7135,3.07167,4.31149
exponential,7,2,0,Exponent (x0),6,0.7857,0.9,0.7135,0.9988,3.06763,4.30265
exponential,7,2,1,Linear (x1),0,0.1,0.2143,-0.999,-0.7137,4.12369,0.79033
exponential,7,2,1,Linear (x1),1,0.2143,0.3286,-0.7137,-0.4283,4.05729,0.80342
exponential,7,2,1,Linear (x1),2,0.3286,0.4429,-0.4283,-0.143,4.32759,1.02633
exponential,7,2,1,Linear (x1),3,0.4429,0.5571,-0.143,0.1423,4.28271,1.06382
exponential,7,2,1,Linear (x1),4,0.5571,0.6714,0.1423,0.4276,4.25684,1.19293
exponential,7,2,1,Linear (x1),5,0.6714,0.7857,0.4276,0.7129,4.25816,1.26471
exponential,7,2,1,Linear (x1),6,0.7857,0.9,0.7129,0.9982,4.20555,1.31242
exponential,7,3,0,Exponent (x0),0,0.1,0.2143,-0.9989,-0.7135,24.68072,2.66003
exponential,7,3,0,Exponent (x0),1,0.2143,0.3286,-0.7135,-0.4281,17.83248,3.18278
exponential,7,3,0,Exponent (x0),2,0.3286,0.4429,-0.4281,-0.1427,15.77263,3.73272
exponential,7,3,0,Exponent (x0),3,0.4429,0.5571,-0.1427,0.1427,8.87124,4.44517
exponential,7,3,0,Exponent (x0),4,0.5571,0.6714,0.1427,0.4281,2.75466,4.2828
exponential,7,3,0,Exponent (x0),5,0.6714,0.7857,0.4281,0.7135,0.79075,4.35214
exponential,7,3,0,Exponent (x0),6,0.7857,0.9,0.7135,0.9988,2.2338,4.34105
exponential,7,3,1,Linear (x1),0,0.1,0.2143,-0.999,-0.7137,4.12126,1.02972
exponential,7,3,1,Linear (x1),1,0.2143,0.3286,-0.7137,-0.4283,4.05682,1.03957
exponential,7,3,1,Linear (x1),2,0.3286,0.4429,-0.4283,-0.143,4.31892,1.32341
exponential,7,3,1,Linear (x1),3,0.4429,0.5571,-0.143,0.1423,4.28698,1.39141
exponential,7,3,1,Linear (x1),4,0.5571,0.6714,0.1423,0.4276,4.25601,1.52455
exponential,7,3,1,Linear (x1),5,0.6714,0.7857,0.4276,0.7129,4.24849,1.65009
exponential,7,3,1,Linear (x1),6,0.7857,0.9,0.7129,0.9982,4.20631,1.67559
exponential,7,4,0,Exponent (x0),0,0.1,0.2143,-0.9989,-0.7135,23.39837,2.93312
exponential,7,4,0,Exponent (x0),1,0.2143,0.3286,-0.7135,-0.4281,21.08906,2.76083
exponential,7,4,0,Exponent (x0),2,0.3286,0.4429,-0.4281,-0.1427,11.72326,4.10725
exponential,7,4,0,Exponent (x0),3,0.4429,0.5571,-0.1427,0.1427,13.14472,4.22605
exponential,7,4,0,Exponent (x0),4,0.5571,0.6714,0.1427,0.4281,1.51091,4.29518
exponential,7,4,0,Exponent (x0),5,0.6714,0.7857,0.4281,0.7135,2.13394,4.33085
exponential,7,4,0,Exponent (x0),6,0.7857,0.9,0.7135,0.9988,0.75445,4.34224
exponential,7,4,1,Linear (x1),0,0.1,0.2143,-0.999,-0.7137,4.12142,0.98158
exponential,7,4,1,Linear (x1),1,0.2143,0.3286,-0.7137,-0.4283,4.05741,0.9973
exponential,7,4,1,Linear (x1),2,0.3286,0.4429,-0.4283,-0.143,4.31851,1.26991
exponential,7,4,1,Linear (x1),3,0.4429,0.5571,-0.143,0.1423,4.28615,1.33807
exponential,7,4,1,Linear (x1),4,0.5571,0.6714,0.1423,0.4276,4.25633,1.44636
exponential,7,4,1,Linear (x1),5,0.6714,0.7857,0.4276,0.7129,4.25045,1.56665
exponential,7,4,1,Linear (x1),6,0.7857,0.9,0.7129,0.9982,4.20545,1.57843
exponential,7,5,0,Exponent (x0),0,0.1,0.2143,-0.9989,-0.7135,20.09872,3.42296
exponential,7,5,0,Exponent (x0),1,0.2143,0.3286,-0.7135,-0.4281,19.89173,2.94944
exponential,7,5,0,Exponent (x0),2,0.3286,0.4429,-0.4281,-0.1427,13.61588,3.9325
exponential,7,5,0,Exponent (x0),3,0.4429,0.5571,-0.1427,0.1427,8.22086,4.46806
exponential,7,5,0,Exponent (x0),4,0.5571,0.6714,0.1427,0.4281,2.19154,4.29322
exponential,7,5,0,Exponent (x0),5,0.6714,0.7857,0.4281,0.7135,0.4147,4.35944
exponential,7,5,0,Exponent (x0),6,0.7857,0.9,0.7135,0.9988,0.86451,4.34425
exponential,7,5,1,Linear (x1),0,0.1,0.2143,-0.999,-0.7137,4.12018,1.13351
exponential,7,5,1,Linear (x1),1,0.2143,0.3286,-0.7137,-0.4283,4.05702,1.15986
exponential,7,5,1,Linear (x1),2,0.3286,0.4429,-0.4283,-0.143,4.31472,1.46188
exponential,7,5,1,Linear (x1),3,0.4429,0.5571,-0.143,0.1423,4.28898,1.55769
exponential,7,5,1,Linear (x1),4,0.5571,0.6714,0.1423,0.4276,4.25457,1.66204
exponential,7,5,1,Linear (x1),5,0.6714,0.7857,0.4276,0.7129,4.24283,1.79869
exponential,7,5,1,Linear (x1),6,0.7857,0.9,0.7129,0.9982,4.20648,1.81038
exponential,10,2,0,Exponent (x0),0,0.1,0.18,-0.9989,-0.7991,29.85069,3.56804
exponential,10,2,0,Exponent (x0),1,0.18,0.26,-0.7991,-0.5993,25.03211,3.15091
exponential,10,2,0,Exponent (x0),2,0.26,0.34,-0.5993,-0.3996,20.05758,4.14462
exponential,10,2,0,Exponent (x0),3,0.34,0.42,-0.3996,-0.1998,14.21296,4.11832
exponential,10,2,0,Exponent (x0),4,0.42,0.5,-0.1998,-0.0,8.80966,4.49858
exponential,10,2,0,Exponent (x0),5,0.5,0.58,-0.0,0.1998,7.0448,4.19022
exponential,10,2,0,Exponent (x0),6,0.58,0.66,0.1998,0.3995,4.59789,4.22366
exponential,10,2,0,Exponent (x0),7,0.66,0.74,0.3995,0.5993,3.31541,4.56583
exponential,10,2,0,Exponent (x0),8,0.74,0.82,0.5993,0.7991,2.59213,4.13393
exponential,10,2,0,Exponent (x0),9,0.82,0.9,0.7991,0.9988,14.78714,4.17031
exponential,10,2,1,Linear (x1),0,0.1,0.18,-0.999,-0.7992,4.12658,1.1128
exponential,10,2,1,Linear (x1),1,0.18,0.26,-0.7992,-0.5995,4.12879,1.09692
exponential,10,2,1,Linear (x1),2,0.26,0.34,-0.5995,-0.3998,4.07463,1.11755
exponential,10,2,1,Linear (x1),3,0.34,0.42,-0.3998,-0.2001,4.31361,1.41723
exponential,10,2,1,Linear (x1),4,0.42,0.5,-0.2001,-0.0004,4.10306,1.30456
exponential,10,2,1,Linear (x1),5,0.5,0.58,-0.0004,0.1993,4.3045,1.57628
exponential,10,2,1,Linear (x1),6,0.58,0.66,0.1993,0.3991,4.3402,1.66728
exponential,10,2,1,Linear (x1),7,0.66,0.74,0.3991,0.5988,4.55749,1.98453
exponential,10,2,1,Linear (x1),8,0.74,0.82,0.5988,0.7985,4.05056,1.64489
exponential,10,2,1,Linear (x1),9,0.82,0.9,0.7985,0.9982,4.23451,1.81132
exponential,10,3,0,Exponent (x0),0,0.1,0.18,-0.9989,-0.7991,32.49109,3.25555
exponential,10,3,0,Exponent (x0),1,0.18,0.26,-0.7991,-0.5993,24.72022,3.15648
exponential,10,3,0,Exponent (x0),2,0.26,0.34,-0.5993,-0.3996,28.04575,3.7197
exponential,10,3,0,Exponent (x0),3,0.34,0.42,-0.3996,-0.1998,17.26042,3.96116
exponential,10,3,0,Exponent (x0),4,0.42,0.5,-0.1998,-0.0,9.70628,4.46447
exponential,10,3,0,Exponent (x0),5,0.5,0.58,-0.0,0.1998,6.47974,4.2008
exponential,10,3,0,Exponent (x0),6,0.58,0.66,0.1998,0.3995,1.42432,4.24549
exponential,10,3,0,Exponent (x0),7,0.66,0.74,0.3995,0.5993,2.25595,4.56017
exponential,10,3,0,Exponent (x0),8,0.74,0.82,0.5993,0.7991,5.99231,4.14002
exponential,10,3,0,Exponent (x0),9,0.82,0.9,0.7991,0.9988,10.87346,4.22253
exponential,10,3,1,Linear (x1),0,0.1,0.18,-0.999,-0.7992,4.12537,0.94261
exponential,10,3,1,Linear (x1),1,0.18,0.26,-0.7992,-0.5995,4.12821,0.92221
exponential,10,3,1,Linear (x1),2,0.26,0.34,-0.5995,-0.3998,4.07188,0.93794
exponential,10,3,1,Linear (x1),3,0.34,0.42,-0.3998,-0.2001,4.3165,1.18915
exponential,10,3,1,Linear (x1),4,0.42,0.5,-0.2001,-0.0004,4.1012,1.08214
exponential,10,3,1,Linear (x1),5,0.5,0.58,-0.0004,0.1993,4.30657,1.34057
exponential,10,3,1,Linear (x1),6,0.58,0.66,0.1993,0.3991,4.34809,1.40514
exponential,10,3,1,Linear (x1),7,0.66,0.74,0.3991,0.5988,4.56685,1.70251
exponential,10,3,1,Linear (x1),8,0.74,0.82,0.5988,0.7985,4.05186,1.39867
exponential,10,3,1,Linear (x1),9,0.82,0.9,0.7985,0.9982,4.22969,1.51361
exponential,10,4,0,Exponent (x0),0,0.1,0.18,-0.9989,-0.7991,25.42331,3.87828
exponential,10,4,0,Exponent (x0),1,0.18,0.26,-0.7991,-0.5993,25.67515,3.11033
exponential,10,4,0,Exponent (x0),2,0.26,0.34,-0.5993,-0.3996,19.16636,4.18452
exponential,10,4,0,Exponent (x0),3,0.34,0.42,-0.3996,-0.1998,14.99878,4.07222
exponential,10,4,0,Exponent (x0),4,0.42,0.5,-0.1998,-0.0,8.35667,4.51914
exponential,10,4,0,Exponent (x0),5,0.5,0.58,-0.0,0.1998,8.21701,4.14533
exponential,10,4,0,Exponent (x0),6,0.58,0.66,0.1998,0.3995,1.67025,4.24578
exponential,10,4,0,Exponent (x0),7,0.66,0.74,0.3995,0.5993,1.97612,4.5606
exponential,10,4,0,Exponent (x0),8,0.74,0.82,0.5993,0.7991,0.2737,4.17062
exponential,10,4,0,Exponent (x0),9,0.82,0.9,0.7991,0.9988,0.57375,4.37051
exponential,10,4,1,Linear (x1),0,0.1,0.18,-0.999,-0.7992,4.12628,1.1642
exponential,10,4,1,Linear (x1),1,0.18,0.26,-0.7992,-0.5995,4.12758,1.13965
exponential,10,4,1,Linear (x1),2,0.26,0.34,-0.5995,-0.3998,4.07413,1.16801
exponential,10,4,1,Linear (x1),3,0.34,0.42,-0.3998,-0.2001,4.31286,1.47523
exponential,10,4,1,Linear (x1),4,0.42,0.5,-0.2001,-0.0004,4.10318,1.34811
exponential,10,4,1,Linear (x1),5,0.5,0.58,-0.0004,0.1993,4.30264,1.66478
exponential,10,4,1,Linear (x1),6,0.58,0.66,0.1993,0.3991,4.33941,1.72962
exponential,10,4,1,Linear (x1),7,0.66,0.74,0.3991,0.5988,4.55605,2.08448
exponential,10,4,1,Linear (x1),8,0.74,0.82,0.5988,0.7985,4.0488,1.70881
exponential,10,4,1,Linear (x1),9,0.82,0.9,0.7985,0.9982,4.23556,1.87473
exponential,10,5,0,Exponent (x0),0,0.1,0.18,-0.9989,-0.7991,17.76603,4.17266
exponential,10,5,0,Exponent (x0),1,0.18,0.26,-0.7991,-0.5993,27.77681,2.92173
exponential,10,5,0,Exponent (x0),2,0.26,0.34,-0.5993,-0.3996,16.47213,4.25356
exponential,10,5,0,Exponent (x0),3,0.34,0.42,-0.3996,-0.1998,14.94034,4.09628
exponential,10,5,0,Exponent (x0),4,0.42,0.5,-0.1998,-0.0,9.18347,4.47785
exponential,10,5,0,Exponent (x0),5,0.5,0.58,-0.0,0.1998,4.36359,4.25835
exponential,10,5,0,Exponent (x0),6,0.58,0.66,0.1998,0.3995,1.365,4.24788
exponential,10,5,0,Exponent (x0),7,0.66,0.74,0.3995,0.5993,0.36589,4.54281
exponential,10,5,0,Exponent (x0),8,0.74,0.82,0.5993,0.7991,0.15805,4.17028
exponential,10,5,0,Exponent (x0),9,0.82,0.9,0.7991,0.9988,1.20734,4.37083
exponential,10,5,1,Linear (x1),0,0.1,0.18,-0.999,-0.7992,4.12646,1.25471
exponential,10,5,1,Linear (x1),1,0.18,0.26,-0.7992,-0.5995,4.1262,1.21783
exponential,10,5,1,Linear (x1),2,0.26,0.34,-0.5995,-0.3998,4.07493,1.25369
exponential,10,5,1,Linear (x1),3,0.34,0.42,-0.3998,-0.2001,4.30971,1.58138
exponential,10,5,1,Linear (x1),4,0.42,0.5,-0.2001,-0.0004,4.10306,1.44059
exponential,10,5,1,Linear (x1),5,0.5,0.58,-0.0004,0.1993,4.2992,1.79364
exponential,10,5,1,Linear (x1),6,0.58,0.66,0.1993,0.3991,4.33776,1.81276
exponential,10,5,1,Linear (x1),7,0.66,0.74,0.3991,0.5988,4.54973,2.2754
exponential,10,5,1,Linear (x1),8,0.74,0.82,0.5988,0.7985,4.04759,1.81308
exponential,10,5,1,Linear (x1),9,0.82,0.9,0.7985,0.9982,4.23607,1.97315
exponential,15,2,0,Exponent (x0),0,0.1,0.1533,-0.9989,-0.8657,49.80483,3.48361
exponential,15,2,0,Exponent (x0),1,0.1533,0.2067,-0.8657,-0.7325,37.15649,3.23529
exponential,15,2,0,Exponent (x0),2,0.2067,0.26,-0.7325,-0.5993,28.59908,3.15361
exponential,15,2,0,Exponent (x0),3,0.26,0.3133,-0.5993,-0.4661,27.0447,3.98535
exponential,15,2,0,Exponent (x0),4,0.3133,0.3667,-0.4661,-0.333,22.53138,4.39919
exponential,15,2,0,Exponent (x0),5,0.3667,0.42,-0.333,-0.1998,18.34721,4.36154
exponential,15,2,0,Exponent (x0),6,0.42,0.4733,-0.1998,-0.0666,13.00076,4.31758
exponential,15,2,0,Exponent (x0),7,0.4733,0.5267,-0.0666,0.0666,10.51809,4.66681
exponential,15,2,0,Exponent (x0),8,0.5267,0.58,0.0666,0.1998,8.35142,4.14309
exponential,15,2,0,Exponent (x0),9,0.58,0.6333,0.1998,0.3329,5.59614,4.30141
exponential,15,2,0,Exponent (x0),10,0.6333,0.6867,0.3329,0.4661,4.87385,4.609
exponential,15,2,0,Exponent (x0),11,0.6867,0.74,0.4661,0.5993,3.01497,4.42913
exponential,15,2,0,Exponent (x0),12,0.74,0.7933,0.5993,0.7325,2.9461,4.09824
exponential,15,2,0,Exponent (x0),13,0.7933,0.8467,0.7325,0.8657,1.57881,4.3677
exponential,15,2,0,Exponent (x0),14,0.8467,0.9,0.8657,0.9988,2.88478,4.37237
exponential,15,2,1,Linear (x1),0,0.1,0.1533,-0.999,-0.8658,4.14004,0.79518
exponential,15,2,1,Linear (x1),1,0.1533,0.2067,-0.8658,-0.7327,4.14317,0.86598
exponential,15,2,1,Linear (x1),2,0.2067,0.26,-0.7327,-0.5995,4.11269,0.86741
exponential,15,2,1,Linear (x1),3,0.26,0.3133,-0.5995,-0.4664,3.99875,0.80942
exponential,15,2,1,Linear (x1),4,0.3133,0.3667,-0.4664,-0.3332,4.39877,1.1231
exponential,15,2,1,Linear (x1),5,0.3667,0.42,-0.3332,-0.2001,4.18058,0.98977
exponential,15,2,1,Linear (x1),6,0.42,0.4733,-0.2001,-0.0669,4.07218,0.92401
exponential,15,2,1,Linear (x1),7,0.4733,0.5267,-0.0669,0.0662,4.31898,1.28113
exponential,15,2,1,Linear (x1),8,0.5267,0.58,0.0662,0.1993,4.24508,1.13709
exponential,15,2,1,Linear (x1),9,0.58,0.6333,0.1993,0.3325,4.51861,1.50526
exponential,15,2,1,Linear (x1),10,0.6333,0.6867,0.3325,0.4656,4.29733,1.23829
exponential,15,2,1,Linear (x1),11,0.6867,0.74,0.4656,0.5988,4.63287,1.49333
exponential,15,2,1,Linear (x1),12,0.74,0.7933,0.5988,0.7319,4.07939,1.25035
exponential,15,2,1,Linear (x1),13,0.7933,0.8467,0.7319,0.8651,4.01255,1.31486
exponential,15,2,1,Linear (x1),14,0.8467,0.9,0.8651,0.9982,4.26865,1.40973
exponential,15,3,0,Exponent (x0),0,0.1,0.1533,-0.9989,-0.8657,16.89473,4.57068
exponential,15,3,0,Exponent (x0),1,0.1533,0.2067,-0.8657,-0.7325,26.91245,3.54938
exponential,15,3,0,Exponent (x0),2,0.2067,0.26,-0.7325,-0.5993,19.42163,3.57172
exponential,15,3,0,Exponent (x0),3,0.26,0.3133,-0.5993,-0.4661,23.6851,4.06849
exponential,15,3,0,Exponent (x0),4,0.3133,0.3667,-0.4661,-0.333,15.36686,4.53003
exponential,15,3,0,Exponent (x0),5,0.3667,0.42,-0.333,-0.1998,8.4518,4.50604
exponential,15,3,0,Exponent (x0),6,0.42,0.4733,-0.1998,-0.0666,10.21491,4.39733
exponential,15,3,0,Exponent (x0),7,0.4733,0.5267,-0.0666,0.0666,9.88487,4.67953
exponential,15,3,0,Exponent (x0),8,0.5267,0.58,0.0666,0.1998,2.56628,4.20528
exponential,15,3,0,Exponent (x0),9,0.58,0.6333,0.1998,0.3329,0.16038,4.29842
exponential,15,3,0,Exponent (x0),10,0.6333,0.6867,0.3329,0.4661,0.19878,4.57281
exponential,15,3,0,Exponent (x0),11,0.6867,0.74,0.4661,0.5993,0.19171,4.40986
exponential,15,3,0,Exponent (x0),12,0.74,0.7933,0.5993,0.7325,0.18543,4.12221
exponential,15,3,0,Exponent (x0),13,0.7933,0.8467,0.7325,0.8657,0.20525,4.37572
exponential,15,3,0,Exponent (x0),14,0.8467,0.9,0.8657,0.9988,0.2078,4.34838
exponential,15,3,1,Linear (x1),0,0.1,0.1533,-0.999,-0.8658,4.13851,1.32695
exponential,15,3,1,Linear (x1),1,0.1533,0.2067,-0.8658,-0.7327,4.14089,1.45586
exponential,15,3,1,Linear (x1),2,0.2067,0.26,-0.7327,-0.5995,4.11312,1.41657
exponential,15,3,1,Linear (x1),3,0.26,0.3133,-0.5995,-0.4664,4.00246,1.35912
exponential,15,3,1,Linear (x1),4,0.3133,0.3667,-0.4664,-0.3332,4.40074,1.89479
exponential,15,3,1,Linear (x1),5,0.3667,0.42,-0.3332,-0.2001,4.18336,1.63028
exponential,15,3,1,Linear (x1),6,0.42,0.4733,-0.2001,-0.0669,4.07035,1.52641
exponential,15,3,1,Linear (x1),7,0.4733,0.5267,-0.0669,0.0662,4.31903,2.14155
exponential,15,3,1,Linear (x1),8,0.5267,0.58,0.0662,0.1993,4.22977,1.88033
exponential,15,3,1,Linear (x1),9,0.58,0.6333,0.1993,0.3325,4.51629,2.48422
exponential,15,3,1,Linear (x1),10,0.6333,0.6867,0.3325,0.4656,4.30735,1.9832
exponential,15,3,1,Linear (x1),11,0.6867,0.74,0.4656,0.5988,4.60947,2.55052
exponential,15,3,1,Linear (x1),12,0.74,0.7933,0.5988,0.7319,4.07436,2.07661
exponential,15,3,1,Linear (x1),13,0.7933,0.8467,0.7319,0.8651,4.00603,2.15117
exponential,15,3,1,Linear (x1),14,0.8467,0.9,0.8651,0.9982,4.27582,2.28998
exponential,15,4,0,Exponent (x0),0,0.1,0.1533,-0.9989,-0.8657,23.49629,4.3035
exponential,15,4,0,Exponent (x0),1,0.1533,0.2067,-0.8657,-0.7325,38.14787,3.25544
exponential,15,4,0,Exponent (x0),2,0.2067,0.26,-0.7325,-0.5993,22.49625,3.4374
exponential,15,4,0,Exponent (x0),3,0.26,0.3133,-0.5993,-0.4661,26.7935,3.98572
exponential,15,4,0,Exponent (x0),4,0.3133,0.3667,-0.4661,-0.333,17.73402,4.49087
exponential,15,4,0,Exponent (x0),5,0.3667,0.42,-0.333,-0.1998,15.50152,4.41597
exponential,15,4,0,Exponent (x0),6,0.42,0.4733,-0.1998,-0.0666,11.19199,4.36851
exponential,15,4,0,Exponent (x0),7,0.4733,0.5267,-0.0666,0.0666,10.62107,4.66843
exponential,15,4,0,Exponent (x0),8,0.5267,0.58,0.0666,0.1998,5.88652,4.17054
exponential,15,4,0,Exponent (x0),9,0.58,0.6333,0.1998,0.3329,0.52062,4.29508
exponential,15,4,0,Exponent (x0),10,0.6333,0.6867,0.3329,0.4661,0.30395,4.57203
exponential,15,4,0,Exponent (x0),11,0.6867,0.74,0.4661,0.5993,2.06936,4.42475
exponential,15,4,0,Exponent (x0),12,0.74,0.7933,0.5993,0.7325,0.45102,4.12078
exponential,15,4,0,Exponent (x0),13,0.7933,0.8467,0.7325,0.8657,3.25159,4.35112
exponential,15,4,0,Exponent (x0),14,0.8467,0.9,0.8657,0.9988,3.75104,4.31324
exponential,15,4,1,Linear (x1),0,0.1,0.1533,-0.999,-0.8658,4.13957,1.01917
exponential,15,4,1,Linear (x1),1,0.1533,0.2067,-0.8658,-0.7327,4.14243,1.11753
exponential,15,4,1,Linear (x1),2,0.2067,0.26,-0.7327,-0.5995,4.11289,1.07979
exponential,15,4,1,Linear (x1),3,0.26,0.3133,-0.5995,-0.4664,3.99996,1.02957
exponential,15,4,1,Linear (x1),4,0.3133,0.3667,-0.4664,-0.3332,4.39996,1.41852
exponential,15,4,1,Linear (x1),5,0.3667,0.42,-0.3332,-0.2001,4.1818,1.23141
exponential,15,4,1,Linear (x1),6,0.42,0.4733,-0.2001,-0.0669,4.07117,1.15327
exponential,15,4,1,Linear (x1),7,0.4733,0.5267,-0.0669,0.0662,4.31943,1.62573
exponential,15,4,1,Linear (x1),8,0.5267,0.58,0.0662,0.1993,4.23867,1.41404
exponential,15,4,1,Linear (x1),9,0.58,0.6333,0.1993,0.3325,4.5176,1.86724
exponential,15,4,1,Linear (x1),10,0.6333,0.6867,0.3325,0.4656,4.30109,1.51014
exponential,15,4,1,Linear (x1),11,0.6867,0.74,0.4656,0.5988,4.62201,1.9771
exponential,15,4,1,Linear (x1),12,0.74,0.7933,0.5988,0.7319,4.07816,1.58886
exponential,15,4,1,Linear (x1),13,0.7933,0.8467,0.7319,0.8651,4.01105,1.64781
exponential,15,4,1,Linear (x1),14,0.8467,0.9,0.8651,0.9982,4.27188,1.7488
exponential,15,5,0,Exponent (x0),0,0.1,0.1533,-0.9989,-0.8657,17.04564,4.41794
exponential,15,5,0,Exponent (x0),1,0.1533,0.2067,-0.8657,-0.7325,36.59613,3.24632
exponential,15,5,0,Exponent (x0),2,0.2067,0.26,-0.7325,-0.5993,20.28491,3.54311
exponential,15,5,0,Exponent (x0),3,0.26,0.3133,-0.5993,-0.4661,21.86865,4.10759
exponential,15,5,0,Exponent (x0),4,0.3133,0.3667,-0.4661,-0.333,15.83149,4.52378
exponential,15,5,0,Exponent (x0),5,0.3667,0.42,-0.333,-0.1998,8.02732,4.50767
exponential,15,5,0,Exponent (x0),6,0.42,0.4733,-0.1998,-0.0666,8.73714,4.42841
exponential,15,5,0,Exponent (x0),7,0.4733,0.5267,-0.0666,0.0666,7.81079,4.69673
exponential,15,5,0,Exponent (x0),8,0.5267,0.58,0.0666,0.1998,2.27309,4.21122
exponential,15,5,0,Exponent (x0),9,0.58,0.6333,0.1998,0.3329,0.07259,4.29842
exponential,15,5,0,Exponent (x0),10,0.6333,0.6867,0.3329,0.4661,0.25066,4.57217
exponential,15,5,0,Exponent (x0),11,0.6867,0.74,0.4661,0.5993,0.29872,4.40886
exponential,15,5,0,Exponent (x0),12,0.74,0.7933,0.5993,0.7325,0.30076,4.12283
exponential,15,5,0,Exponent (x0),13,0.7933,0.8467,0.7325,0.8657,0.383,4.37583
exponential,15,5,0,Exponent (x0),14,0.8467,0.9,0.8657,0.9988,0.37207,4.34658
exponential,15,5,1,Linear (x1),0,0.1,0.1533,-0.999,-0.8658,4.14001,1.31373
exponential,15,5,1,Linear (x1),1,0.1533,0.2067,-0.8658,-0.7327,4.14115,1.45232
exponential,15,5,1,Linear (x1),2,0.2067,0.26,-0.7327,-0.5995,4.11327,1.38181
exponential,15,5,1,Linear (x1),3,0.26,0.3133,-0.5995,-0.4664,4.00252,1.32659
exponential,15,5,1,Linear (x1),4,0.3133,0.3667,-0.4664,-0.3332,4.40201,1.89674
exponential,15,5,1,Linear (x1),5,0.3667,0.42,-0.3332,-0.2001,4.18208,1.60795
exponential,15,5,1,Linear (x1),6,0.42,0.4733,-0.2001,-0.0669,4.06967,1.49375
exponential,15,5,1,Linear (x1),7,0.4733,0.5267,-0.0669,0.0662,4.32092,2.13065
exponential,15,5,1,Linear (x1),8,0.5267,0.58,0.0662,0.1993,4.22972,1.83619
exponential,15,5,1,Linear (x1),9,0.58,0.6333,0.1993,0.3325,4.51724,2.49416
exponential,15,5,1,Linear (x1),10,0.6333,0.6867,0.3325,0.4656,4.30571,1.928
exponential,15,5,1,Linear (x1),11,0.6867,0.74,0.4656,0.5988,4.60549,2.65754
exponential,15,5,1,Linear (x1),12,0.74,0.7933,0.5988,0.7319,4.07644,2.07202
exponential,15,5,1,Linear (x1),13,0.7933,0.8467,0.7319,0.8651,4.00921,2.13216
exponential,15,5,1,Linear (x1),14,0.8467,0.9,0.8651,0.9982,4.2758,2.2519
exponential,20,2,0,Exponent (x0),0,0.1,0.14,-0.9989,-0.899,26.05108,4.45678
exponential,20,2,0,Exponent (x0),1,0.14,0.18,-0.899,-0.7991,39.3315,3.30655
exponential,20,2,0,Exponent (x0),2,0.18,0.22,-0.7991,-0.6992,30.13028,3.98783
exponential,20,2,0,Exponent (x0),3,0.22,0.26,-0.6992,-0.5993,22.42072,3.62819
exponential,20,2,0,Exponent (x0),4,0.26,0.3,-0.5993,-0.4994,23.01461,4.25661
exponential,20,2,0,Exponent (x0),5,0.3,0.34,-0.4994,-0.3996,20.93755,4.36807
exponential,20,2,0,Exponent (x0),6,0.34,0.38,-0.3996,-0.2997,13.01855,4.2587
exponential,20,2,0,Exponent (x0),7,0.38,0.42,-0.2997,-0.1998,14.98506,4.72602
exponential,20,2,0,Exponent (x0),8,0.42,0.46,-0.1998,-0.0999,11.06383,4.00591
exponential,20,2,0,Exponent (x0),9,0.46,0.5,-0.0999,-0.0,7.46652,5.14629
exponential,20,2,0,Exponent (x0),10,0.5,0.54,-0.0,0.0999,9.06784,4.54783
exponential,20,2,0,Exponent (x0),11,0.54,0.58,0.0999,0.1998,5.89071,4.26703
exponential,20,2,0,Exponent (x0),12,0.58,0.62,0.1998,0.2996,3.34989,4.34128
exponential,20,2,0,Exponent (x0),13,0.62,0.66,0.2996,0.3995,6.01986,4.06869
exponential,20,2,0,Exponent (x0),14,0.66,0.7,0.3995,0.4994,0.85905,4.63373
exponential,20,2,0,Exponent (x0),15,0.7,0.74,0.4994,0.5993,3.69966,4.48443
exponential,20,2,0,Exponent (x0),16,0.74,0.78,0.5993,0.6992,1.98248,3.9181
exponential,20,2,0,Exponent (x0),17,0.78,0.82,0.6992,0.7991,2.27264,4.39538
exponential,20,2,0,Exponent (x0),18,0.82,0.86,0.7991,0.899,6.25379,4.3889
exponential,20,2,0,Exponent (x0),19,0.86,0.9,0.899,0.9988,27.48035,4.16906
exponential,20,2,1,Linear (x1),0,0.1,0.14,-0.999,-0.8991,4.06134,1.0546
exponential,20,2,1,Linear (x1),1,0.14,0.18,-0.8991,-0.7992,4.13857,1.20541
exponential,20,2,1,Linear (x1),2,0.18,0.22,-0.7992,-0.6994,4.25862,1.09819
exponential,20,2,1,Linear (x1),3,0.22,0.26,-0.6994,-0.5995,4.00994,1.12507
exponential,20,2,1,Linear (x1),4,0.26,0.3,-0.5995,-0.4997,3.9739,1.0049
exponential,20,2,1,Linear (x1),5,0.3,0.34,-0.4997,-0.3998,4.18853,1.41094
exponential,20,2,1,Linear (x1),6,0.34,0.38,-0.3998,-0.3,4.33476,1.44358
exponential,20,2,1,Linear (x1),7,0.38,0.42,-0.3,-0.2001,4.25139,1.39201
exponential,20,2,1,Linear (x1),8,0.42,0.46,-0.2001,-0.1002,4.22124,1.27378
exponential,20,2,1,Linear (x1),9,0.46,0.5,-0.1002,-0.0004,4.01373,1.34621
exponential,20,2,1,Linear (x1),10,0.5,0.54,-0.0004,0.0995,4.48689,1.93304
exponential,20,2,1,Linear (x1),11,0.54,0.58,0.0995,0.1993,4.27135,1.43503
exponential,20,2,1,Linear (x1),12,0.58,0.62,0.1993,0.2992,4.50474,2.0826
exponential,20,2,1,Linear (x1),13,0.62,0.66,0.2992,0.3991,4.4907,1.55923
exponential,20,2,1,Linear (x1),14,0.66,0.7,0.3991,0.4989,4.69269,2.4483
exponential,20,2,1,Linear (x1),15,0.7,0.74,0.4989,0.5988,4.56313,1.85213
exponential,20,2,1,Linear (x1),16,0.74,0.78,0.5988,0.6986,4.07021,1.68325
exponential,20,2,1,Linear (x1),17,0.78,0.82,0.6986,0.7985,4.00658,1.67899
exponential,20,2,1,Linear (x1),18,0.82,0.86,0.7985,0.8984,4.25363,1.79599
exponential,20,2,1,Linear (x1),19,0.86,0.9,0.8984,0.9982,4.24578,1.90204
exponential,20,3,0,Exponent (x0),0,0.1,0.14,-0.9989,-0.899,25.28325,4.44347
exponential,20,3,0,Exponent (x0),1,0.14,0.18,-0.899,-0.7991,40.80989,3.28187
exponential,20,3,0,Exponent (x0),2,0.18,0.22,-0.7991,-0.6992,22.69975,4.02265
exponential,20,3,0,Exponent (x0),3,0.22,0.26,-0.6992,-0.5993,30.82188,3.37978
exponential,20,3,0,Exponent (x0),4,0.26,0.3,-0.5993,-0.4994,14.97842,4.33862
exponential,20,3,0,Exponent (x0),5,0.3,0.34,-0.4994,-0.3996,24.237,4.33351
exponential,20,3,0,Exponent (x0),6,0.34,0.38,-0.3996,-0.2997,14.79124,4.23561
exponential,20,3,0,Exponent (x0),7,0.38,0.42,-0.2997,-0.1998,16.30285,4.7189
exponential,20,3,0,Exponent (x0),8,0.42,0.46,-0.1998,-0.0999,6.63464,4.07068
exponential,20,3,0,Exponent (x0),9,0.46,0.5,-0.0999,-0.0,13.35061,5.12792
exponential,20,3,0,Exponent (x0),10,0.5,0.54,-0.0,0.0999,3.50817,4.57066
exponential,20,3,0,Exponent (x0),11,0.54,0.58,0.0999,0.1998,1.29457,4.25552
exponential,20,3,0,Exponent (x0),12,0.58,0.62,0.1998,0.2996,1.3557,4.33269
exponential,20,3,0,Exponent (x0),13,0.62,0.66,0.2996,0.3995,0.96387,4.12608
exponential,20,3,0,Exponent (x0),14,0.66,0.7,0.3995,0.4994,6.72059,4.61506
exponential,20,3,0,Exponent (x0),15,0.7,0.74,0.4994,0.5993,4.73508,4.47306
exponential,20,3,0,Exponent (x0),16,0.74,0.78,0.5993,0.6992,5.84546,3.92592
exponential,20,3,0,Exponent (x0),17,0.78,0.82,0.6992,0.7991,1.46836,4.35817
exponential,20,3,0,Exponent (x0),18,0.82,0.86,0.7991,0.899,8.25669,4.23142
exponential,20,3,0,Exponent (x0),19,0.86,0.9,0.899,0.9988,19.6307,4.18685
exponential,20,3,1,Linear (x1),0,0.1,0.14,-0.999,-0.8991,4.06121,1.1361
exponential,20,3,1,Linear (x1),1,0.14,0.18,-0.8991,-0.7992,4.13851,1.31078
exponential,20,3,1,Linear (x1),2,0.18,0.22,-0.7992,-0.6994,4.25879,1.16657
exponential,20,3,1,Linear (x1),3,0.22,0.26,-0.6994,-0.5995,4.00936,1.21162
exponential,20,3,1,Linear (x1),4,0.26,0.3,-0.5995,-0.4997,3.97391,1.0691
exponential,20,3,1,Linear (x1),5,0.3,0.34,-0.4997,-0.3998,4.18635,1.53424
exponential,20,3,1,Linear (x1),6,0.34,0.38,-0.3998,-0.3,4.33179,1.56921
exponential,20,3,1,Linear (x1),7,0.38,0.42,-0.3,-0.2001,4.25142,1.48793
exponential,20,3,1,Linear (x1),8,0.42,0.46,-0.2001,-0.1002,4.21975,1.34417
exponential,20,3,1,Linear (x1),9,0.46,0.5,-0.1002,-0.0004,4.0154,1.42984
exponential,20,3,1,Linear (x1),10,0.5,0.54,-0.0004,0.0995,4.49014,2.21873
exponential,20,3,1,Linear (x1),11,0.54,0.58,0.0995,0.1993,4.26889,1.52735
exponential,20,3,1,Linear (x1),12,0.58,0.62,0.1993,0.2992,4.50626,2.32061
exponential,20,3,1,Linear (x1),13,0.62,0.66,0.2992,0.3991,4.4899,1.64729
exponential,20,3,1,Linear (x1),14,0.66,0.7,0.3991,0.4989,4.69246,2.83398
exponential,20,3,1,Linear (x1),15,0.7,0.74,0.4989,0.5988,4.55618,1.98637
exponential,20,3,1,Linear (x1),16,0.74,0.78,0.5988,0.6986,4.06895,1.83085
exponential,20,3,1,Linear (x1),17,0.78,0.82,0.6986,0.7985,4.00639,1.84016
exponential,20,3,1,Linear (x1),18,0.82,0.86,0.7985,0.8984,4.25379,1.92956
exponential,20,3,1,Linear (x1),19,0.86,0.9,0.8984,0.9982,4.24874,2.0531
exponential,20,4,0,Exponent (x0),0,0.1,0.14,-0.9989,-0.899,28.37063,4.34305
exponential,20,4,0,Exponent (x0),1,0.14,0.18,-0.899,-0.7991,43.77753,3.12977
exponential,20,4,0,Exponent (x0),2,0.18,0.22,-0.7991,-0.6992,23.9872,4.05287
exponential,20,4,0,Exponent (x0),3,0.22,0.26,-0.6992,-0.5993,27.12465,3.49853
exponential,20,4,0,Exponent (x0),4,0.26,0.3,-0.5993,-0.4994,22.30323,4.26165
exponential,20,4,0,Exponent (x0),5,0.3,0.34,-0.4994,-0.3996,22.62032,4.35092
exponential,20,4,0,Exponent (x0),6,0.34,0.38,-0.3996,-0.2997,18.682,4.18317
exponential,20,4,0,Exponent (x0),7,0.38,0.42,-0.2997,-0.1998,10.09619,4.70869
exponential,20,4,0,Exponent (x0),8,0.42,0.46,-0.1998,-0.0999,9.34698,4.02806
exponential,20,4,0,Exponent (x0),9,0.46,0.5,-0.0999,-0.0,14.88867,5.14036
exponential,20,4,0,Exponent (x0),10,0.5,0.54,-0.0,0.0999,4.4255,4.57126
exponential,20,4,0,Exponent (x0),11,0.54,0.58,0.0999,0.1998,2.28501,4.26457
exponential,20,4,0,Exponent (x0),12,0.58,0.62,0.1998,0.2996,0.5918,4.33147
exponential,20,4,0,Exponent (x0),13,0.62,0.66,0.2996,0.3995,0.47007,4.1215
exponential,20,4,0,Exponent (x0),14,0.66,0.7,0.3995,0.4994,1.07563,4.63096
exponential,20,4,0,Exponent (x0),15,0.7,0.74,0.4994,0.5993,2.82885,4.48401
exponential,20,4,0,Exponent (x0),16,0.74,0.78,0.5993,0.6992,2.59576,3.91988
exponential,20,4,0,Exponent (x0),17,0.78,0.82,0.6992,0.7991,1.84007,4.40305
exponential,20,4,0,Exponent (x0),18,0.82,0.86,0.7991,0.899,3.02807,4.31228
exponential,20,4,0,Exponent (x0),19,0.86,0.9,0.899,0.9988,9.12422,4.30501
exponential,20,4,1,Linear (x1),0,0.1,0.14,-0.999,-0.8991,4.06118,1.0869
exponential,20,4,1,Linear (x1),1,0.14,0.18,-0.8991,-0.7992,4.13809,1.25647
exponential,20,4,1,Linear (x1),2,0.18,0.22,-0.7992,-0.6994,4.25833,1.12201
exponential,20,4,1,Linear (x1),3,0.22,0.26,-0.6994,-0.5995,4.0093,1.15914
exponential,20,4,1,Linear (x1),4,0.26,0.3,-0.5995,-0.4997,3.97369,1.03597
exponential,20,4,1,Linear (x1),5,0.3,0.34,-0.4997,-0.3998,4.18744,1.46991
exponential,20,4,1,Linear (x1),6,0.34,0.38,-0.3998,-0.3,4.33321,1.50122
exponential,20,4,1,Linear (x1),7,0.38,0.42,-0.3,-0.2001,4.25198,1.40376
exponential,20,4,1,Linear (x1),8,0.42,0.46,-0.2001,-0.1002,4.22003,1.29284
exponential,20,4,1,Linear (x1),9,0.46,0.5,-0.1002,-0.0004,4.0143,1.37064
exponential,20,4,1,Linear (x1),10,0.5,0.54,-0.0004,0.0995,4.48928,2.09408
exponential,20,4,1,Linear (x1),11,0.54,0.58,0.0995,0.1993,4.26959,1.46281
exponential,20,4,1,Linear (x1),12,0.58,0.62,0.1993,0.2992,4.50491,2.16704
exponential,20,4,1,Linear (x1),13,0.62,0.66,0.2992,0.3991,4.49051,1.56286
exponential,20,4,1,Linear (x1),14,0.66,0.7,0.3991,0.4989,4.69143,2.65682
exponential,20,4,1,Linear (x1),15,0.7,0.74,0.4989,0.5988,4.55841,1.92184
exponential,20,4,1,Linear (x1),16,0.74,0.78,0.5988,0.6986,4.06971,1.74638
exponential,20,4,1,Linear (x1),17,0.78,0.82,0.6986,0.7985,4.0063,1.7426
exponential,20,4,1,Linear (x1),18,0.82,0.86,0.7985,0.8984,4.25398,1.83989
exponential,20,4,1,Linear (x1),19,0.86,0.9,0.8984,0.9982,4.24687,1.94053
exponential,20,5,0,Exponent (x0),0,0.1,0.14,-0.9989,-0.899,26.83982,4.46822
exponential,20,5,0,Exponent (x0),1,0.14,0.18,-0.899,-0.7991,37.65946,3.42311
exponential,20,5,0,Exponent (x0),2,0.18,0.22,-0.7991,-0.6992,18.75264,4.02085
exponential,20,5,0,Exponent (x0),3,0.22,0.26,-0.6992,-0.5993,18.64511,3.70416
exponential,20,5,0,Exponent (x0),4,0.26,0.3,-0.5993,-0.4994,19.8536,4.29019
exponential,20,5,0,Exponent (x0),5,0.3,0.34,-0.4994,-0.3996,16.08481,4.40513
exponential,20,5,0,Exponent (x0),6,0.34,0.38,-0.3996,-0.2997,15.55622,4.22804
exponential,20,5,0,Exponent (x0),7,0.38,0.42,-0.2997,-0.1998,11.12665,4.71657
exponential,20,5,0,Exponent (x0),8,0.42,0.46,-0.1998,-0.0999,5.47535,4.09108
exponential,20,5,0,Exponent (x0),9,0.46,0.5,-0.0999,-0.0,5.24056,5.17143
exponential,20,5,0,Exponent (x0),10,0.5,0.54,-0.0,0.0999,1.93528,4.58109
exponential,20,5,0,Exponent (x0),11,0.54,0.58,0.0999,0.1998,0.06649,4.26189
exponential,20,5,0,Exponent (x0),12,0.58,0.62,0.1998,0.2996,0.1457,4.33503
exponential,20,5,0,Exponent (x0),13,0.62,0.66,0.2996,0.3995,0.15017,4.11975
exponential,20,5,0,Exponent (x0),14,0.66,0.7,0.3995,0.4994,0.1359,4.63328
exponential,20,5,0,Exponent (x0),15,0.7,0.74,0.4994,0.5993,0.10671,4.48046
exponential,20,5,0,Exponent (x0),16,0.74,0.78,0.5993,0.6992,0.3944,3.92
exponential,20,5,0,Exponent (x0),17,0.78,0.82,0.6992,0.7991,1.45487,4.39986
exponential,20,5,0,Exponent (x0),18,0.82,0.86,0.7991,0.899,0.92463,4.37074
exponential,20,5,0,Exponent (x0),19,0.86,0.9,0.899,0.9988,1.29775,4.341
exponential,20,5,1,Linear (x1),0,0.1,0.14,-0.999,-0.8991,4.06057,1.53828
exponential,20,5,1,Linear (x1),1,0.14,0.18,-0.8991,-0.7992,4.13863,1.81461
exponential,20,5,1,Linear (x1),2,0.18,0.22,-0.7992,-0.6994,4.2552,1.65962
exponential,20,5,1,Linear (x1),3,0.22,0.26,-0.6994,-0.5995,4.00749,1.60909
exponential,20,5,1,Linear (x1),4,0.26,0.3,-0.5995,-0.4997,3.9736,1.39837
exponential,20,5,1,Linear (x1),5,0.3,0.34,-0.4997,-0.3998,4.18482,2.05745
exponential,20,5,1,Linear (x1),6,0.34,0.38,-0.3998,-0.3,4.32397,2.17852
exponential,20,5,1,Linear (x1),7,0.38,0.42,-0.3,-0.2001,4.25186,1.99839
exponential,20,5,1,Linear (x1),8,0.42,0.46,-0.2001,-0.1002,4.21962,1.82054
exponential,20,5,1,Linear (x1),9,0.46,0.5,-0.1002,-0.0004,4.0189,1.92777
exponential,20,5,1,Linear (x1),10,0.5,0.54,-0.0004,0.0995,4.50473,3.08376
exponential,20,5,1,Linear (x1),11,0.54,0.58,0.0995,0.1993,4.2627,2.0386
exponential,20,5,1,Linear (x1),12,0.58,0.62,0.1993,0.2992,4.50724,3.08629
exponential,20,5,1,Linear (x1),13,0.62,0.66,0.2992,0.3991,4.48555,2.1589
exponential,20,5,1,Linear (x1),14,0.66,0.7,0.3991,0.4989,4.67771,3.80958
exponential,20,5,1,Linear (x1),15,0.7,0.74,0.4989,0.5988,4.54087,2.82132
exponential,20,5,1,Linear (x1),16,0.74,0.78,0.5988,0.6986,4.06557,2.42682
exponential,20,5,1,Linear (x1),17,0.78,0.82,0.6986,0.7985,4.00478,2.45384
exponential,20,5,1,Linear (x1),18,0.82,0.86,0.7985,0.8984,4.25502,2.58083
exponential,20,5,1,Linear (x1),19,0.86,0.9,0.8984,0.9982,4.2556,2.7881
logarithm,3,2,0,Log (x0),0,0.1,0.3667,-0.9989,-0.333,7.12283,3.36753
logarithm,3,2,0,Log (x0),1,0.3667,0.6333,-0.333,0.3329,3.54089,4.25394
logarithm,3,2,0,Log (x0),2,0.6333,0.9,0.3329,0.9988,2.29284,4.29586
logarithm,3,2,1,Linear (x1),0,0.1,0.3667,-0.999,-0.3332,3.93721,3.66947
logarithm,3,2,1,Linear (x1),1,0.3667,0.6333,-0.3332,0.3325,3.99792,3.84073
logarithm,3,2,1,Linear (x1),2,0.6333,0.9,0.3325,0.9982,4.0168,3.95847
logarithm,3,3,0,Log (x0),0,0.1,0.3667,-0.9989,-0.333,7.08499,3.36901
logarithm,3,3,0,Log (x0),1,0.3667,0.6333,-0.333,0.3329,3.64171,4.24313
logarithm,3,3,0,Log (x0),2,0.6333,0.9,0.3329,0.9988,2.28949,4.29654
logarithm,3,3,1,Linear (x1),0,0.1,0.3667,-0.999,-0.3332,3.93806,3.67986
logarithm,3,3,1,Linear (x1),1,0.3667,0.6333,-0.3332,0.3325,3.99909,3.83826
logarithm,3,3,1,Linear (x1),2,0.6333,0.9,0.3325,0.9982,4.01689,3.9525
logarithm,3,4,0,Log (x0),0,0.1,0.3667,-0.9989,-0.333,7.06042,3.37198
logarithm,3,4,0,Log (x0),1,0.3667,0.6333,-0.333,0.3329,3.61609,4.24629
logarithm,3,4,0,Log (x0),2,0.6333,0.9,0.3329,0.9988,2.30859,4.29545
logarithm,3,4,1,Linear (x1),0,0.1,0.3667,-0.999,-0.3332,3.93871,3.67639
logarithm,3,4,1,Linear (x1),1,0.3667,0.6333,-0.3332,0.3325,3.99932,3.83511
logarithm,3,4,1,Linear (x1),2,0.6333,0.9,0.3325,0.9982,4.01681,3.94896
logarithm,3,5,0,Log (x0),0,0.1,0.3667,-0.9989,-0.333,7.07132,3.37037
logarithm,3,5,0,Log (x0),1,0.3667,0.6333,-0.333,0.3329,3.63545,4.24377
logarithm,3,5,0,Log (x0),2,0.6333,0.9,0.3329,0.9988,2.30412,4.2962
logarithm,3,5,1,Linear (x1),0,0.1,0.3667,-0.999,-0.3332,3.93866,3.67446
logarithm,3,5,1,Linear (x1),1,0.3667,0.6333,-0.3332,0.3325,3.99828,3.84556
logarithm,3,5,1,Linear (x1),2,0.6333,0.9,0.3325,0.9982,4.01737,3.94801
logarithm,5,2,0,Log (x0),0,0.1,0.26,-0.9989,-0.5993,9.50321,3.52661
logarithm,5,2,0,Log (x0),1,0.26,0.42,-0.5993,-0.1998,5.44047,4.28773
logarithm,5,2,0,Log (x0),2,0.42,0.58,-0.1998,0.1998,3.75101,4.45366
logarithm,5,2,0,Log (x0),3,0.58,0.74,0.1998,0.5993,2.73337,4.3793
logarithm,5,2,0,Log (x0),4,0.74,0.9,0.5993,0.9988,2.1325,4.26836
logarithm,5,2,1,Linear (x1),0,0.1,0.26,-0.999,-0.5995,4.09484,3.85642
logarithm,5,2,1,Linear (x1),1,0.26,0.42,-0.5995,-0.2001,4.06935,3.76631
logarithm,5,2,1,Linear (x1),2,0.42,0.58,-0.2001,0.1993,4.07856,3.84462
logarithm,5,2,1,Linear (x1),3,0.58,0.74,0.1993,0.5988,4.43337,4.48711
logarithm,5,2,1,Linear (x1),4,0.74,0.9,0.5988,0.9982,4.05925,3.98624
logarithm,5,3,0,Log (x0),0,0.1,0.26,-0.9989,-0.5993,9.46419,3.52961
logarithm,5,3,0,Log (x0),1,0.26,0.42,-0.5993,-0.1998,5.45026,4.28675
logarithm,5,3,0,Log (x0),2,0.42,0.58,-0.1998,0.1998,3.72377,4.45468
logarithm,5,3,0,Log (x0),3,0.58,0.74,0.1998,0.5993,2.74417,4.37904
logarithm,5,3,0,Log (x0),4,0.74,0.9,0.5993,0.9988,2.13145,4.26835
logarithm,5,3,1,Linear (x1),0,0.1,0.26,-0.999,-0.5995,4.09483,3.84655
logarithm,5,3,1,Linear (x1),1,0.26,0.42,-0.5995,-0.2001,4.06908,3.76934
logarithm,5,3,1,Linear (x1),2,0.42,0.58,-0.2001,0.1993,4.07867,3.8403
logarithm,5,3,1,Linear (x1),3,0.58,0.74,0.1993,0.5988,4.43399,4.49284
logarithm,5,3,1,Linear (x1),4,0.74,0.9,0.5988,0.9982,4.05934,3.98152
logarithm,5,4,0,Log (x0),0,0.1,0.26,-0.9989,-0.5993,9.45164,3.53135
logarithm,5,4,0,Log (x0),1,0.26,0.42,-0.5993,-0.1998,5.43327,4.28779
logarithm,5,4,0,Log (x0),2,0.42,0.58,-0.1998,0.1998,3.72546,4.45465
logarithm,5,4,0,Log (x0),3,0.58,0.74,0.1998,0.5993,2.73917,4.37924
logarithm,5,4,0,Log (x0),4,0.74,0.9,0.5993,0.9988,2.13364,4.26833
logarithm,5,4,1,Linear (x1),0,0.1,0.26,-0.999,-0.5995,4.09493,3.84348
logarithm,5,4,1,Linear (x1),1,0.26,0.42,-0.5995,-0.2001,4.06908,3.76917
logarithm,5,4,1,Linear (x1),2,0.42,0.58,-0.2001,0.1993,4.07862,3.84154
logarithm,5,4,1,Linear (x1),3,0.58,0.74,0.1993,0.5988,4.43409,4.49291
logarithm,5,4,1,Linear (x1),4,0.74,0.9,0.5988,0.9982,4.05932,3.98294
logarithm,5,5,0,Log (x0),0,0.1,0.26,-0.9989,-0.5993,9.45385,3.5312
logarithm,5,5,0,Log (x0),1,0.26,0.42,-0.5993,-0.1998,5.43747,4.28766
logarithm,5,5,0,Log (x0),2,0.42,0.58,-0.1998,0.1998,3.70855,4.45526
logarithm,5,5,0,Log (x0),3,0.58,0.74,0.1998,0.5993,2.74484,4.37932
logarithm,5,5,0,Log (x0),4,0.74,0.9,0.5993,0.9988,2.15947,4.26846
logarithm,5,5,1,Linear (x1),0,0.1,0.26,-0.999,-0.5995,4.09497,3.8439
logarithm,5,5,1,Linear (x1),1,0.26,0.42,-0.5995,-0.2001,4.06923,3.7666
logarithm,5,5,1,Linear (x1),2,0.42,0.58,-0.2001,0.1993,4.0787,3.84298
logarithm,5,5,1,Linear (x1),3,0.58,0.74,0.1993,0.5988,4.434,4.49325
logarithm,5,5,1,Linear (x1),4,0.74,0.9,0.5988,0.9982,4.05933,3.98428
logarithm,7,2,0,Log (x0),0,0.1,0.2143,-0.9989,-0.7135,11.04359,3.64341
logarithm,7,2,0,Log (x0),1,0.2143,0.3286,-0.7135,-0.4281,6.73354,4.1774
logarithm,7,2,0,Log (x0),2,0.3286,0.4429,-0.4281,-0.1427,5.08666,4.56328
logarithm,7,2,0,Log (x0),3,0.4429,0.5571,-0.1427,0.1427,3.76608,4.52039
logarithm,7,2,0,Log (x0),4,0.5571,0.6714,0.1427,0.4281,2.90491,4.28679
logarithm,7,2,0,Log (x0),5,0.6714,0.7857,0.4281,0.7135,2.45228,4.3654
logarithm,7,2,0,Log (x0),6,0.7857,0.9,0.7135,0.9988,2.11264,4.3438
logarithm,7,2,1,Linear (x1),0,0.1,0.2143,-0.999,-0.7137,4.11417,3.88492
logarithm,7,2,1,Linear (x1),1,0.2143,0.3286,-0.7137,-0.4283,4.01634,3.62181
logarithm,7,2,1,Linear (x1),2,0.3286,0.4429,-0.4283,-0.143,4.40167,4.26139
logarithm,7,2,1,Linear (x1),3,0.4429,0.5571,-0.143,0.1423,4.17968,3.95813
logarithm,7,2,1,Linear (x1),4,0.5571,0.6714,0.1423,0.4276,4.23093,4.19092
logarithm,7,2,1,Linear (x1),5,0.6714,0.7857,0.4276,0.7129,4.28162,4.21004
logarithm,7,2,1,Linear (x1),6,0.7857,0.9,0.7129,0.9982,4.12124,4.08106
logarithm,7,3,0,Log (x0),0,0.1,0.2143,-0.9989,-0.7135,11.00483,3.64595
logarithm,7,3,0,Log (x0),1,0.2143,0.3286,-0.7135,-0.4281,6.74858,4.17769
logarithm,7,3,0,Log (x0),2,0.3286,0.4429,-0.4281,-0.1427,5.03481,4.56419
logarithm,7,3,0,Log (x0),3,0.4429,0.5571,-0.1427,0.1427,3.78208,4.51985
logarithm,7,3,0,Log (x0),4,0.5571,0.6714,0.1427,0.4281,2.89311,4.2869
logarithm,7,3,0,Log (x0),5,0.6714,0.7857,0.4281,0.7135,2.45971,4.36532
logarithm,7,3,0,Log (x0),6,0.7857,0.9,0.7135,0.9988,2.11243,4.34377
logarithm,7,3,1,Linear (x1),0,0.1,0.2143,-0.999,-0.7137,4.11431,3.87207
logarithm,7,3,1,Linear (x1),1,0.2143,0.3286,-0.7137,-0.4283,4.01622,3.62497
logarithm,7,3,1,Linear (x1),2,0.3286,0.4429,-0.4283,-0.143,4.4016,4.25986
logarithm,7,3,1,Linear (x1),3,0.4429,0.5571,-0.143,0.1423,4.17952,3.95947
logarithm,7,3,1,Linear (x1),4,0.5571,0.6714,0.1423,0.4276,4.23079,4.19385
logarithm,7,3,1,Linear (x1),5,0.6714,0.7857,0.4276,0.7129,4.28177,4.20716
logarithm,7,3,1,Linear (x1),6,0.7857,0.9,0.7129,0.9982,4.12111,4.087
logarithm,7,4,0,Log (x0),0,0.1,0.2143,-0.9989,-0.7135,10.9957,3.64673
logarithm,7,4,0,Log (x0),1,0.2143,0.3286,-0.7135,-0.4281,6.73895,4.1779
logarithm,7,4,0,Log (x0),2,0.3286,0.4429,-0.4281,-0.1427,5.03471,4.56411
logarithm,7,4,0,Log (x0),3,0.4429,0.5571,-0.1427,0.1427,3.77902,4.51992
logarithm,7,4,0,Log (x0),4,0.5571,0.6714,0.1427,0.4281,2.89381,4.28692
logarithm,7,4,0,Log (x0),5,0.6714,0.7857,0.4281,0.7135,2.45803,4.36532
logarithm,7,4,0,Log (x0),6,0.7857,0.9,0.7135,0.9988,2.11323,4.34378
logarithm,7,4,1,Linear (x1),0,0.1,0.2143,-0.999,-0.7137,4.11436,3.86714
logarithm,7,4,1,Linear (x1),1,0.2143,0.3286,-0.7137,-0.4283,4.01622,3.62437
logarithm,7,4,1,Linear (x1),2,0.3286,0.4429,-0.4283,-0.143,4.40161,4.26086
logarithm,7,4,1,Linear (x1),3,0.4429,0.5571,-0.143,0.1423,4.17948,3.96032
logarithm,7,4,1,Linear (x1),4,0.5571,0.6714,0.1423,0.4276,4.23077,4.19319
logarithm,7,4,1,Linear (x1),5,0.6714,0.7857,0.4276,0.7129,4.28176,4.20768
logarithm,7,4,1,Linear (x1),6,0.7857,0.9,0.7129,0.9982,4.12109,4.08745
logarithm,7,5,0,Log (x0),0,0.1,0.2143,-0.9989,-0.7135,10.99598,3.64671
logarithm,7,5,0,Log (x0),1,0.2143,0.3286,-0.7135,-0.4281,6.73681,4.17789
logarithm,7,5,0,Log (x0),2,0.3286,0.4429,-0.4281,-0.1427,5.0356,4.56409
logarithm,7,5,0,Log (x0),3,0.4429,0.5571,-0.1427,0.1427,3.77892,4.51993
logarithm,7,5,0,Log (x0),4,0.5571,0.6714,0.1427,0.4281,2.89295,4.28693
logarithm,7,5,0,Log (x0),5,0.6714,0.7857,0.4281,0.7135,2.45783,4.3653
logarithm,7,5,0,Log (x0),6,0.7857,0.9,0.7135,0.9988,2.11598,4.34387
logarithm,7,5,1,Linear (x1),0,0.1,0.2143,-0.999,-0.7137,4.11438,3.86529
logarithm,7,5,1,Linear (x1),1,0.2143,0.3286,-0.7137,-0.4283,4.01622,3.62457
logarithm,7,5,1,Linear (x1),2,0.3286,0.4429,-0.4283,-0.143,4.40161,4.26087
logarithm,7,5,1,Linear (x1),3,0.4429,0.5571,-0.143,0.1423,4.17947,3.96063
logarithm,7,5,1,Linear (x1),4,0.5571,0.6714,0.1423,0.4276,4.23077,4.19333
logarithm,7,5,1,Linear (x1),5,0.6714,0.7857,0.4276,0.7129,4.28176,4.20727
logarithm,7,5,1,Linear (x1),6,0.7857,0.9,0.7129,0.9982,4.12111,4.08702
logarithm,10,2,0,Log (x0),0,0.1,0.18,-0.9989,-0.7991,13.33352,3.8961
logarithm,10,2,0,Log (x0),1,0.18,0.26,-0.7991,-0.5993,8.06257,4.05137
logarithm,10,2,0,Log (x0),2,0.26,0.34,-0.5993,-0.3996,6.22212,4.33481
logarithm,10,2,0,Log (x0),3,0.34,0.42,-0.3996,-0.1998,4.99292,4.48088
logarithm,10,2,0,Log (x0),4,0.42,0.5,-0.1998,-0.0,4.26023,4.66787
logarithm,10,2,0,Log (x0),5,0.5,0.58,-0.0,0.1998,3.37364,4.37519
logarithm,10,2,0,Log (x0),6,0.58,0.66,0.1998,0.3995,2.84765,4.25538
logarithm,10,2,0,Log (x0),7,0.66,0.74,0.3995,0.5993,2.65825,4.51817
logarithm,10,2,0,Log (x0),8,0.74,0.82,0.5993,0.7991,2.1932,4.16306
logarithm,10,2,0,Log (x0),9,0.82,0.9,0.7991,0.9988,2.08364,4.3748
logarithm,10,2,1,Linear (x1),0,0.1,0.18,-0.999,-0.7992,4.09011,3.97728
logarithm,10,2,1,Linear (x1),1,0.18,0.26,-0.7992,-0.5995,4.12093,3.77177
logarithm,10,2,1,Linear (x1),2,0.26,0.34,-0.5995,-0.3998,4.00592,3.57618
logarithm,10,2,1,Linear (x1),3,0.34,0.42,-0.3998,-0.2001,4.32366,4.20405
logarithm,10,2,1,Linear (x1),4,0.42,0.5,-0.2001,-0.0004,4.01639,3.6804
logarithm,10,2,1,Linear (x1),5,0.5,0.58,-0.0004,0.1993,4.33351,4.24974
logarithm,10,2,1,Linear (x1),6,0.58,0.66,0.1993,0.3991,4.48828,4.50198
logarithm,10,2,1,Linear (x1),7,0.66,0.74,0.3991,0.5988,4.71166,4.84386
logarithm,10,2,1,Linear (x1),8,0.74,0.82,0.5988,0.7985,4.0673,3.95597
logarithm,10,2,1,Linear (x1),9,0.82,0.9,0.7985,0.9982,4.10369,4.06174
logarithm,10,3,0,Log (x0),0,0.1,0.18,-0.9989,-0.7991,13.29862,3.89779
logarithm,10,3,0,Log (x0),1,0.18,0.26,-0.7991,-0.5993,8.12193,4.05056
logarithm,10,3,0,Log (x0),2,0.26,0.34,-0.5993,-0.3996,6.18082,4.33564
logarithm,10,3,0,Log (x0),3,0.34,0.42,-0.3996,-0.1998,4.99393,4.48094
logarithm,10,3,0,Log (x0),4,0.42,0.5,-0.1998,-0.0,4.25239,4.66796
logarithm,10,3,0,Log (x0),5,0.5,0.58,-0.0,0.1998,3.37065,4.37517
logarithm,10,3,0,Log (x0),6,0.58,0.66,0.1998,0.3995,2.84872,4.25538
logarithm,10,3,0,Log (x0),7,0.66,0.74,0.3995,0.5993,2.66043,4.51814
logarithm,10,3,0,Log (x0),8,0.74,0.82,0.5993,0.7991,2.19099,4.16307
logarithm,10,3,0,Log (x0),9,0.82,0.9,0.7991,0.9988,2.08361,4.37483
logarithm,10,3,1,Linear (x1),0,0.1,0.18,-0.999,-0.7992,4.09031,3.95181
logarithm,10,3,1,Linear (x1),1,0.18,0.26,-0.7992,-0.5995,4.12085,3.77966
logarithm,10,3,1,Linear (x1),2,0.26,0.34,-0.5995,-0.3998,4.00596,3.57257
logarithm,10,3,1,Linear (x1),3,0.34,0.42,-0.3998,-0.2001,4.32364,4.2035
logarithm,10,3,1,Linear (x1),4,0.42,0.5,-0.2001,-0.0004,4.0163,3.68406
logarithm,10,3,1,Linear (x1),5,0.5,0.58,-0.0004,0.1993,4.33343,4.24969
logarithm,10,3,1,Linear (x1),6,0.58,0.66,0.1993,0.3991,4.48831,4.50207
logarithm,10,3,1,Linear (x1),7,0.66,0.74,0.3991,0.5988,4.71152,4.84491
logarithm,10,3,1,Linear (x1),8,0.74,0.82,0.5988,0.7985,4.06734,3.95511
logarithm,10,3,1,Linear (x1),9,0.82,0.9,0.7985,0.9982,4.10365,4.06185
logarithm,10,4,0,Log (x0),0,0.1,0.18,-0.9989,-0.7991,13.28623,3.89829
logarithm,10,4,0,Log (x0),1,0.18,0.26,-0.7991,-0.5993,8.11946,4.0506
logarithm,10,4,0,Log (x0),2,0.26,0.34,-0.5993,-0.3996,6.18541,4.3355
logarithm,10,4,0,Log (x0),3,0.34,0.42,-0.3996,-0.1998,4.99024,4.48096
logarithm,10,4,0,Log (x0),4,0.42,0.5,-0.1998,-0.0,4.2534,4.66795
logarithm,10,4,0,Log (x0),5,0.5,0.58,-0.0,0.1998,3.36985,4.37517
logarithm,10,4,0,Log (x0),6,0.58,0.66,0.1998,0.3995,2.8485,4.25538
logarithm,10,4,0,Log (x0),7,0.66,0.74,0.3995,0.5993,2.66044,4.51814
logarithm,10,4,0,Log (x0),8,0.74,0.82,0.5993,0.7991,2.19121,4.16306
logarithm,10,4,0,Log (x0),9,0.82,0.9,0.7991,0.9988,2.08317,4.37483
logarithm,10,4,1,Linear (x1),0,0.1,0.18,-0.999,-0.7992,4.09034,3.9469
logarithm,10,4,1,Linear (x1),1,0.18,0.26,-0.7992,-0.5995,4.12084,3.78053
logarithm,10,4,1,Linear (x1),2,0.26,0.34,-0.5995,-0.3998,4.00597,3.57218
logarithm,10,4,1,Linear (x1),3,0.34,0.42,-0.3998,-0.2001,4.32363,4.20375
logarithm,10,4,1,Linear (x1),4,0.42,0.5,-0.2001,-0.0004,4.01629,3.68439
logarithm,10,4,1,Linear (x1),5,0.5,0.58,-0.0004,0.1993,4.33344,4.24966
logarithm,10,4,1,Linear (x1),6,0.58,0.66,0.1993,0.3991,4.48833,4.50271
logarithm,10,4,1,Linear (x1),7,0.66,0.74,0.3991,0.5988,4.71149,4.8447
logarithm,10,4,1,Linear (x1),8,0.74,0.82,0.5988,0.7985,4.06734,3.95483
logarithm,10,4,1,Linear (x1),9,0.82,0.9,0.7985,0.9982,4.10364,4.06168
logarithm,10,5,0,Log (x0),0,0.1,0.18,-0.9989,-0.7991,13.2438,3.90028
logarithm,10,5,0,Log (x0),1,0.18,0.26,-0.7991,-0.5993,8.02842,4.05141
logarithm,10,5,0,Log (x0),2,0.26,0.34,-0.5993,-0.3996,6.26046,4.3336
logarithm,10,5,0,Log (x0),3,0.34,0.42,-0.3996,-0.1998,4.93706,4.48148
logarithm,10,5,0,Log (x0),4,0.42,0.5,-0.1998,-0.0,4.28085,4.66764
logarithm,10,5,0,Log (x0),5,0.5,0.58,-0.0,0.1998,3.37485,4.37532
logarithm,10,5,0,Log (x0),6,0.58,0.66,0.1998,0.3995,2.81169,4.25548
logarithm,10,5,0,Log (x0),7,0.66,0.74,0.3995,0.5993,2.71884,4.51731
logarithm,10,5,0,Log (x0),8,0.74,0.82,0.5993,0.7991,2.12839,4.16321
logarithm,10,5,0,Log (x0),9,0.82,0.9,0.7991,0.9988,2.08177,4.37615
logarithm,10,5,1,Linear (x1),0,0.1,0.18,-0.999,-0.7992,4.09016,3.94213
logarithm,10,5,1,Linear (x1),1,0.18,0.26,-0.7992,-0.5995,4.12098,3.7716
logarithm,10,5,1,Linear (x1),2,0.26,0.34,-0.5995,-0.3998,4.00602,3.57308
logarithm,10,5,1,Linear (x1),3,0.34,0.42,-0.3998,-0.2001,4.32362,4.20962
logarithm,10,5,1,Linear (x1),4,0.42,0.5,-0.2001,-0.0004,4.01665,3.66951
logarithm,10,5,1,Linear (x1),5,0.5,0.58,-0.0004,0.1993,4.33365,4.26063
logarithm,10,5,1,Linear (x1),6,0.58,0.66,0.1993,0.3991,4.48853,4.51002
logarithm,10,5,1,Linear (x1),7,0.66,0.74,0.3991,0.5988,4.7111,4.8269
logarithm,10,5,1,Linear (x1),8,0.74,0.82,0.5988,0.7985,4.0672,3.97089
logarithm,10,5,1,Linear (x1),9,0.82,0.9,0.7985,0.9982,4.10483,4.02476
logarithm,15,2,0,Log (x0),0,0.1,0.1533,-0.9989,-0.8657,16.80876,4.35682
logarithm,15,2,0,Log (x0),1,0.1533,0.2067,-0.8657,-0.7325,9.62026,3.88144
logarithm,15,2,0,Log (x0),2,0.2067,0.26,-0.7325,-0.5993,7.9496,4.23466
logarithm,15,2,0,Log (x0),3,0.26,0.3133,-0.5993,-0.4661,6.39397,4.2754
logarithm,15,2,0,Log (x0),4,0.3133,0.3667,-0.4661,-0.333,5.7118,4.57792
logarithm,15,2,0,Log (x0),5,0.3667,0.42,-0.333,-0.1998,4.81364,4.48854
logarithm,15,2,0,Log (x0),6,0.42,0.4733,-0.1998,-0.0666,4.31792,4.60183
logarithm,15,2,0,Log (x0),7,0.4733,0.5267,-0.0666,0.0666,3.92896,4.68849
logarithm,15,2,0,Log (x0),8,0.5267,0.58,0.0666,0.1998,3.18868,4.25052
logarithm,15,2,0,Log (x0),9,0.58,0.6333,0.1998,0.3329,2.92241,4.28783
logarithm,15,2,0,Log (x0),10,0.6333,0.6867,0.3329,0.4661,2.84298,4.54059
logarithm,15,2,0,Log (x0),11,0.6867,0.74,0.4661,0.5993,2.54044,4.38816
logarithm,15,2,0,Log (x0),12,0.74,0.7933,0.5993,0.7325,2.21314,4.13365
logarithm,15,2,0,Log (x0),13,0.7933,0.8467,0.7325,0.8657,2.18969,4.37642
logarithm,15,2,0,Log (x0),14,0.8467,0.9,0.8657,0.9988,2.03307,4.3289
logarithm,15,2,1,Linear (x1),0,0.1,0.1533,-0.999,-0.8658,4.15239,3.85175
logarithm,15,2,1,Linear (x1),1,0.1533,0.2067,-0.8658,-0.7327,4.15635,3.95246
logarithm,15,2,1,Linear (x1),2,0.2067,0.26,-0.7327,-0.5995,4.08637,3.82456
logarithm,15,2,1,Linear (x1),3,0.26,0.3133,-0.5995,-0.4664,3.94946,3.45832
logarithm,15,2,1,Linear (x1),4,0.3133,0.3667,-0.4664,-0.3332,4.36705,4.36573
logarithm,15,2,1,Linear (x1),5,0.3667,0.42,-0.3332,-0.2001,4.15133,3.86893
logarithm,15,2,1,Linear (x1),6,0.42,0.4733,-0.2001,-0.0669,4.0577,3.58227
logarithm,15,2,1,Linear (x1),7,0.4733,0.5267,-0.0669,0.0662,4.31125,4.4521
logarithm,15,2,1,Linear (x1),8,0.5267,0.58,0.0662,0.1993,4.31292,4.08477
logarithm,15,2,1,Linear (x1),9,0.58,0.6333,0.1993,0.3325,4.53621,4.86843
logarithm,15,2,1,Linear (x1),10,0.6333,0.6867,0.3325,0.4656,4.20127,4.06157
logarithm,15,2,1,Linear (x1),11,0.6867,0.74,0.4656,0.5988,4.6938,4.72155
logarithm,15,2,1,Linear (x1),12,0.74,0.7933,0.5988,0.7319,4.10998,3.95178
logarithm,15,2,1,Linear (x1),13,0.7933,0.8467,0.7319,0.8651,4.05045,4.03032
logarithm,15,2,1,Linear (x1),14,0.8467,0.9,0.8651,0.9982,4.18643,4.14526
logarithm,15,3,0,Log (x0),0,0.1,0.1533,-0.9989,-0.8657,16.77852,4.35753
logarithm,15,3,0,Log (x0),1,0.1533,0.2067,-0.8657,-0.7325,9.57861,3.88158
logarithm,15,3,0,Log (x0),2,0.2067,0.26,-0.7325,-0.5993,7.94661,4.23464
logarithm,15,3,0,Log (x0),3,0.26,0.3133,-0.5993,-0.4661,6.38989,4.2754
logarithm,15,3,0,Log (x0),4,0.3133,0.3667,-0.4661,-0.333,5.70674,4.57797
logarithm,15,3,0,Log (x0),5,0.3667,0.42,-0.333,-0.1998,4.8068,4.48862
logarithm,15,3,0,Log (x0),6,0.42,0.4733,-0.1998,-0.0666,4.31818,4.60185
logarithm,15,3,0,Log (x0),7,0.4733,0.5267,-0.0666,0.0666,3.92602,4.6885
logarithm,15,3,0,Log (x0),8,0.5267,0.58,0.0666,0.1998,3.1895,4.25055
logarithm,15,3,0,Log (x0),9,0.58,0.6333,0.1998,0.3329,2.9226,4.28783
logarithm,15,3,0,Log (x0),10,0.6333,0.6867,0.3329,0.4661,2.84338,4.54059
logarithm,15,3,0,Log (x0),11,0.6867,0.74,0.4661,0.5993,2.54075,4.38816
logarithm,15,3,0,Log (x0),12,0.74,0.7933,0.5993,0.7325,2.21226,4.13365
logarithm,15,3,0,Log (x0),13,0.7933,0.8467,0.7325,0.8657,2.18951,4.37641
logarithm,15,3,0,Log (x0),14,0.8467,0.9,0.8657,0.9988,2.03267,4.32891
logarithm,15,3,1,Linear (x1),0,0.1,0.1533,-0.999,-0.8658,4.15234,3.8515
logarithm,15,3,1,Linear (x1),1,0.1533,0.2067,-0.8658,-0.7327,4.15636,3.9526
logarithm,15,3,1,Linear (x1),2,0.2067,0.26,-0.7327,-0.5995,4.08637,3.82346
logarithm,15,3,1,Linear (x1),3,0.26,0.3133,-0.5995,-0.4664,3.94944,3.4598
logarithm,15,3,1,Linear (x1),4,0.3133,0.3667,-0.4664,-0.3332,4.36702,4.36578
logarithm,15,3,1,Linear (x1),5,0.3667,0.42,-0.3332,-0.2001,4.15133,3.8688
logarithm,15,3,1,Linear (x1),6,0.42,0.4733,-0.2001,-0.0669,4.05771,3.58154
logarithm,15,3,1,Linear (x1),7,0.4733,0.5267,-0.0669,0.0662,4.31126,4.45268
logarithm,15,3,1,Linear (x1),8,0.5267,0.58,0.0662,0.1993,4.31293,4.08481
logarithm,15,3,1,Linear (x1),9,0.58,0.6333,0.1993,0.3325,4.53619,4.86854
logarithm,15,3,1,Linear (x1),10,0.6333,0.6867,0.3325,0.4656,4.20127,4.06076
logarithm,15,3,1,Linear (x1),11,0.6867,0.74,0.4656,0.5988,4.69379,4.72269
logarithm,15,3,1,Linear (x1),12,0.74,0.7933,0.5988,0.7319,4.10997,3.95141
logarithm,15,3,1,Linear (x1),13,0.7933,0.8467,0.7319,0.8651,4.05043,4.02938
logarithm,15,3,1,Linear (x1),14,0.8467,0.9,0.8651,0.9982,4.1864,4.1466
logarithm,15,4,0,Log (x0),0,0.1,0.1533,-0.9989,-0.8657,16.77878,4.35748
logarithm,15,4,0,Log (x0),1,0.1533,0.2067,-0.8657,-0.7325,9.57607,3.88167
logarithm,15,4,0,Log (x0),2,0.2067,0.26,-0.7325,-0.5993,7.94478,4.23463
logarithm,15,4,0,Log (x0),3,0.26,0.3133,-0.5993,-0.4661,6.39164,4.27538
logarithm,15,4,0,Log (x0),4,0.3133,0.3667,-0.4661,-0.333,5.70656,4.57797
logarithm,15,4,0,Log (x0),5,0.3667,0.42,-0.333,-0.1998,4.80673,4.48861
logarithm,15,4,0,Log (x0),6,0.42,0.4733,-0.1998,-0.0666,4.31804,4.60184
logarithm,15,4,0,Log (x0),7,0.4733,0.5267,-0.0666,0.0666,3.9259,4.6885
logarithm,15,4,0,Log (x0),8,0.5267,0.58,0.0666,0.1998,3.18935,4.25055
logarithm,15,4,0,Log (x0),9,0.58,0.6333,0.1998,0.3329,2.92269,4.28783
logarithm,15,4,0,Log (x0),10,0.6333,0.6867,0.3329,0.4661,2.84338,4.54059
logarithm,15,4,0,Log (x0),11,0.6867,0.74,0.4661,0.5993,2.54073,4.38816
logarithm,15,4,0,Log (x0),12,0.74,0.7933,0.5993,0.7325,2.21216,4.13365
logarithm,15,4,0,Log (x0),13,0.7933,0.8467,0.7325,0.8657,2.18975,4.37641
logarithm,15,4,0,Log (x0),14,0.8467,0.9,0.8657,0.9988,2.03259,4.32891
logarithm,15,4,1,Linear (x1),0,0.1,0.1533,-0.999,-0.8658,4.15234,3.85041
logarithm,15,4,1,Linear (x1),1,0.1533,0.2067,-0.8658,-0.7327,4.15636,3.95183
logarithm,15,4,1,Linear (x1),2,0.2067,0.26,-0.7327,-0.5995,4.08637,3.824
logarithm,15,4,1,Linear (x1),3,0.26,0.3133,-0.5995,-0.4664,3.94945,3.45946
logarithm,15,4,1,Linear (x1),4,0.3133,0.3667,-0.4664,-0.3332,4.36702,4.36636
logarithm,15,4,1,Linear (x1),5,0.3667,0.42,-0.3332,-0.2001,4.15133,3.86891
logarithm,15,4,1,Linear (x1),6,0.42,0.4733,-0.2001,-0.0669,4.05771,3.58107
logarithm,15,4,1,Linear (x1),7,0.4733,0.5267,-0.0669,0.0662,4.31126,4.45311
logarithm,15,4,1,Linear (x1),8,0.5267,0.58,0.0662,0.1993,4.31293,4.08447
logarithm,15,4,1,Linear (x1),9,0.58,0.6333,0.1993,0.3325,4.53619,4.86879
logarithm,15,4,1,Linear (x1),10,0.6333,0.6867,0.3325,0.4656,4.20128,4.06061
logarithm,15,4,1,Linear (x1),11,0.6867,0.74,0.4656,0.5988,4.69379,4.72235
logarithm,15,4,1,Linear (x1),12,0.74,0.7933,0.5988,0.7319,4.10998,3.95188
logarithm,15,4,1,Linear (x1),13,0.7933,0.8467,0.7319,0.8651,4.05043,4.02929
logarithm,15,4,1,Linear (x1),14,0.8467,0.9,0.8651,0.9982,4.18639,4.14693
logarithm,15,5,0,Log (x0),0,0.1,0.1533,-0.9989,-0.8657,16.71097,4.35962
logarithm,15,5,0,Log (x0),1,0.1533,0.2067,-0.8657,-0.7325,9.44898,3.88194
logarithm,15,5,0,Log (x0),2,0.2067,0.26,-0.7325,-0.5993,8.02779,4.23557
logarithm,15,5,0,Log (x0),3,0.26,0.3133,-0.5993,-0.4661,6.33969,4.27583
logarithm,15,5,0,Log (x0),4,0.3133,0.3667,-0.4661,-0.333,5.71367,4.57794
logarithm,15,5,0,Log (x0),5,0.3667,0.42,-0.333,-0.1998,4.81998,4.48855
logarithm,15,5,0,Log (x0),6,0.42,0.4733,-0.1998,-0.0666,4.29942,4.6017
logarithm,15,5,0,Log (x0),7,0.4733,0.5267,-0.0666,0.0666,3.94979,4.68833
logarithm,15,5,0,Log (x0),8,0.5267,0.58,0.0666,0.1998,3.17791,4.2506
logarithm,15,5,0,Log (x0),9,0.58,0.6333,0.1998,0.3329,2.92153,4.28779
logarithm,15,5,0,Log (x0),10,0.6333,0.6867,0.3329,0.4661,2.84972,4.54052
logarithm,15,5,0,Log (x0),11,0.6867,0.74,0.4661,0.5993,2.52419,4.38835
logarithm,15,5,0,Log (x0),12,0.74,0.7933,0.5993,0.7325,2.23979,4.13373
logarithm,15,5,0,Log (x0),13,0.7933,0.8467,0.7325,0.8657,2.15216,4.37673
logarithm,15,5,0,Log (x0),14,0.8467,0.9,0.8657,0.9988,2.00018,4.32912
logarithm,15,5,1,Linear (x1),0,0.1,0.1533,-0.999,-0.8658,4.15243,3.83536
logarithm,15,5,1,Linear (x1),1,0.1533,0.2067,-0.8658,-0.7327,4.15649,3.95349
logarithm,15,5,1,Linear (x1),2,0.2067,0.26,-0.7327,-0.5995,4.08644,3.82704
logarithm,15,5,1,Linear (x1),3,0.26,0.3133,-0.5995,-0.4664,3.94961,3.45135
logarithm,15,5,1,Linear (x1),4,0.3133,0.3667,-0.4664,-0.3332,4.36709,4.3698
logarithm,15,5,1,Linear (x1),5,0.3667,0.42,-0.3332,-0.2001,4.1513,3.87033
logarithm,15,5,1,Linear (x1),6,0.42,0.4733,-0.2001,-0.0669,4.05773,3.57497
logarithm,15,5,1,Linear (x1),7,0.4733,0.5267,-0.0669,0.0662,4.31129,4.46071
logarithm,15,5,1,Linear (x1),8,0.5267,0.58,0.0662,0.1993,4.3128,4.07987
logarithm,15,5,1,Linear (x1),9,0.58,0.6333,0.1993,0.3325,4.5362,4.87736
logarithm,15,5,1,Linear (x1),10,0.6333,0.6867,0.3325,0.4656,4.20129,4.05608
logarithm,15,5,1,Linear (x1),11,0.6867,0.74,0.4656,0.5988,4.69383,4.72008
logarithm,15,5,1,Linear (x1),12,0.74,0.7933,0.5988,0.7319,4.11004,3.95742
logarithm,15,5,1,Linear (x1),13,0.7933,0.8467,0.7319,0.8651,4.05034,4.02509
logarithm,15,5,1,Linear (x1),14,0.8467,0.9,0.8651,0.9982,4.18658,4.13958
logarithm,20,2,0,Log (x0),0,0.1,0.14,-0.9989,-0.899,19.11114,4.72819
logarithm,20,2,0,Log (x0),1,0.14,0.18,-0.899,-0.7991,11.27702,3.90938
logarithm,20,2,0,Log (x0),2,0.18,0.22,-0.7991,-0.6992,8.95553,4.04119
logarithm,20,2,0,Log (x0),3,0.22,0.26,-0.6992,-0.5993,7.41727,4.07502
logarithm,20,2,0,Log (x0),4,0.26,0.3,-0.5993,-0.4994,6.7929,4.43476
logarithm,20,2,0,Log (x0),5,0.3,0.34,-0.4994,-0.3996,5.86412,4.37925
logarithm,20,2,0,Log (x0),6,0.34,0.38,-0.3996,-0.2997,5.13613,4.35622
logarithm,20,2,0,Log (x0),7,0.38,0.42,-0.2997,-0.1998,4.83649,4.60631
logarithm,20,2,0,Log (x0),8,0.42,0.46,-0.1998,-0.0999,4.00581,4.20236
logarithm,20,2,0,Log (x0),9,0.46,0.5,-0.0999,-0.0,4.48067,5.15806
logarithm,20,2,0,Log (x0),10,0.5,0.54,-0.0,0.0999,3.69177,4.59008
logarithm,20,2,0,Log (x0),11,0.54,0.58,0.0999,0.1998,3.15544,4.24966
logarithm,20,2,0,Log (x0),12,0.58,0.62,0.1998,0.2996,2.98873,4.33532
logarithm,20,2,0,Log (x0),13,0.62,0.66,0.2996,0.3995,2.67614,4.13423
logarithm,20,2,0,Log (x0),14,0.66,0.7,0.3995,0.4994,2.80619,4.63318
logarithm,20,2,0,Log (x0),15,0.7,0.74,0.4994,0.5993,2.56264,4.4739
logarithm,20,2,0,Log (x0),16,0.74,0.78,0.5993,0.6992,2.11921,3.91839
logarithm,20,2,0,Log (x0),17,0.78,0.82,0.6992,0.7991,2.23583,4.34891
logarithm,20,2,0,Log (x0),18,0.82,0.86,0.7991,0.899,2.14277,4.38991
logarithm,20,2,0,Log (x0),19,0.86,0.9,0.899,0.9988,2.0183,4.33935
logarithm,20,2,1,Linear (x1),0,0.1,0.14,-0.999,-0.8991,4.08686,3.83624
logarithm,20,2,1,Linear (x1),1,0.14,0.18,-0.8991,-0.7992,4.11887,4.0686
logarithm,20,2,1,Linear (x1),2,0.18,0.22,-0.7992,-0.6994,4.2889,3.83375
logarithm,20,2,1,Linear (x1),3,0.22,0.26,-0.6994,-0.5995,4.02349,3.75534
logarithm,20,2,1,Linear (x1),4,0.26,0.3,-0.5995,-0.4997,3.96656,3.34354
logarithm,20,2,1,Linear (x1),5,0.3,0.34,-0.4997,-0.3998,4.19315,4.16701
logarithm,20,2,1,Linear (x1),6,0.34,0.38,-0.3998,-0.3,4.38676,4.26727
logarithm,20,2,1,Linear (x1),7,0.38,0.42,-0.3,-0.2001,4.25314,4.12856
logarithm,20,2,1,Linear (x1),8,0.42,0.46,-0.2001,-0.1002,4.20771,3.74862
logarithm,20,2,1,Linear (x1),9,0.46,0.5,-0.1002,-0.0004,3.96163,3.72935
logarithm,20,2,1,Linear (x1),10,0.5,0.54,-0.0004,0.0995,4.3521,4.66124
logarithm,20,2,1,Linear (x1),11,0.54,0.58,0.0995,0.1993,4.2717,3.91076
logarithm,20,2,1,Linear (x1),12,0.58,0.62,0.1993,0.2992,4.49749,4.98137
logarithm,20,2,1,Linear (x1),13,0.62,0.66,0.2992,0.3991,4.53562,4.17618
logarithm,20,2,1,Linear (x1),14,0.66,0.7,0.3991,0.4989,4.79273,5.47177
logarithm,20,2,1,Linear (x1),15,0.7,0.74,0.4989,0.5988,4.61179,4.42849
logarithm,20,2,1,Linear (x1),16,0.74,0.78,0.5988,0.6986,4.1101,4.00431
logarithm,20,2,1,Linear (x1),17,0.78,0.82,0.6986,0.7985,3.99843,3.87677
logarithm,20,2,1,Linear (x1),18,0.82,0.86,0.7985,0.8984,4.2377,4.10811
logarithm,20,2,1,Linear (x1),19,0.86,0.9,0.8984,0.9982,4.16084,4.18884
logarithm,20,3,0,Log (x0),0,0.1,0.14,-0.9989,-0.899,19.08416,4.72864
logarithm,20,3,0,Log (x0),1,0.14,0.18,-0.899,-0.7991,11.23594,3.91015
logarithm,20,3,0,Log (x0),2,0.18,0.22,-0.7991,-0.6992,8.98067,4.04113
logarithm,20,3,0,Log (x0),3,0.22,0.26,-0.6992,-0.5993,7.40956,4.07502
logarithm,20,3,0,Log (x0),4,0.26,0.3,-0.5993,-0.4994,6.79135,4.43477
logarithm,20,3,0,Log (x0),5,0.3,0.34,-0.4994,-0.3996,5.85947,4.37929
logarithm,20,3,0,Log (x0),6,0.34,0.38,-0.3996,-0.2997,5.13417,4.35622
logarithm,20,3,0,Log (x0),7,0.38,0.42,-0.2997,-0.1998,4.833,4.60637
logarithm,20,3,0,Log (x0),8,0.42,0.46,-0.1998,-0.0999,4.00519,4.20236
logarithm,20,3,0,Log (x0),9,0.46,0.5,-0.0999,-0.0,4.48123,5.15806
logarithm,20,3,0,Log (x0),10,0.5,0.54,-0.0,0.0999,3.69018,4.59009
logarithm,20,3,0,Log (x0),11,0.54,0.58,0.0999,0.1998,3.15616,4.24966
logarithm,20,3,0,Log (x0),12,0.58,0.62,0.1998,0.2996,2.98935,4.33532
logarithm,20,3,0,Log (x0),13,0.62,0.66,0.2996,0.3995,2.67713,4.13424
logarithm,20,3,0,Log (x0),14,0.66,0.7,0.3995,0.4994,2.80695,4.63319
logarithm,20,3,0,Log (x0),15,0.7,0.74,0.4994,0.5993,2.56203,4.4739
logarithm,20,3,0,Log (x0),16,0.74,0.78,0.5993,0.6992,2.11883,3.9184
logarithm,20,3,0,Log (x0),17,0.78,0.82,0.6992,0.7991,2.23583,4.34891
logarithm,20,3,0,Log (x0),18,0.82,0.86,0.7991,0.899,2.14286,4.38991
logarithm,20,3,0,Log (x0),19,0.86,0.9,0.899,0.9988,2.01825,4.33935
logarithm,20,3,1,Linear (x1),0,0.1,0.14,-0.999,-0.8991,4.08678,3.83694
logarithm,20,3,1,Linear (x1),1,0.14,0.18,-0.8991,-0.7992,4.11887,4.06886
logarithm,20,3,1,Linear (x1),2,0.18,0.22,-0.7992,-0.6994,4.28889,3.83362
logarithm,20,3,1,Linear (x1),3,0.22,0.26,-0.6994,-0.5995,4.02349,3.75598
logarithm,20,3,1,Linear (x1),4,0.26,0.3,-0.5995,-0.4997,3.96656,3.34307
logarithm,20,3,1,Linear (x1),5,0.3,0.34,-0.4997,-0.3998,4.19315,4.16699
logarithm,20,3,1,Linear (x1),6,0.34,0.38,-0.3998,-0.3,4.38677,4.26923
logarithm,20,3,1,Linear (x1),7,0.38,0.42,-0.3,-0.2001,4.25315,4.13043
logarithm,20,3,1,Linear (x1),8,0.42,0.46,-0.2001,-0.1002,4.20772,3.74341
logarithm,20,3,1,Linear (x1),9,0.46,0.5,-0.1002,-0.0004,3.96161,3.73165
logarithm,20,3,1,Linear (x1),10,0.5,0.54,-0.0004,0.0995,4.35211,4.66099
logarithm,20,3,1,Linear (x1),11,0.54,0.58,0.0995,0.1993,4.27169,3.91022
logarithm,20,3,1,Linear (x1),12,0.58,0.62,0.1993,0.2992,4.49749,4.98217
logarithm,20,3,1,Linear (x1),13,0.62,0.66,0.2992,0.3991,4.5356,4.17656
logarithm,20,3,1,Linear (x1),14,0.66,0.7,0.3991,0.4989,4.79271,5.46969
logarithm,20,3,1,Linear (x1),15,0.7,0.74,0.4989,0.5988,4.61178,4.42729
logarithm,20,3,1,Linear (x1),16,0.74,0.78,0.5988,0.6986,4.11011,4.00613
logarithm,20,3,1,Linear (x1),17,0.78,0.82,0.6986,0.7985,3.99843,3.87874
logarithm,20,3,1,Linear (x1),18,0.82,0.86,0.7985,0.8984,4.2377,4.10635
logarithm,20,3,1,Linear (x1),19,0.86,0.9,0.8984,0.9982,4.16082,4.19053
logarithm,20,4,0,Log (x0),0,0.1,0.14,-0.9989,-0.899,19.08582,4.72866
logarithm,20,4,0,Log (x0),1,0.14,0.18,-0.899,-0.7991,11.22827,3.91018
logarithm,20,4,0,Log (x0),2,0.18,0.22,-0.7991,-0.6992,8.97855,4.04117
logarithm,20,4,0,Log (x0),3,0.22,0.26,-0.6992,-0.5993,7.41285,4.07505
logarithm,20,4,0,Log (x0),4,0.26,0.3,-0.5993,-0.4994,6.78998,4.43478
logarithm,20,4,0,Log (x0),5,0.3,0.34,-0.4994,-0.3996,5.86032,4.37928
logarithm,20,4,0,Log (x0),6,0.34,0.38,-0.3996,-0.2997,5.13393,4.35622
logarithm,20,4,0,Log (x0),7,0.38,0.42,-0.2997,-0.1998,4.83308,4.60637
logarithm,20,4,0,Log (x0),8,0.42,0.46,-0.1998,-0.0999,4.00518,4.20236
logarithm,20,4,0,Log (x0),9,0.46,0.5,-0.0999,-0.0,4.48119,5.15806
logarithm,20,4,0,Log (x0),10,0.5,0.54,-0.0,0.0999,3.69014,4.59009
logarithm,20,4,0,Log (x0),11,0.54,0.58,0.0999,0.1998,3.156,4.24967
logarithm,20,4,0,Log (x0),12,0.58,0.62,0.1998,0.2996,2.98948,4.33532
logarithm,20,4,0,Log (x0),13,0.62,0.66,0.2996,0.3995,2.6771,4.13424
logarithm,20,4,0,Log (x0),14,0.66,0.7,0.3995,0.4994,2.80701,4.63319
logarithm,20,4,0,Log (x0),15,0.7,0.74,0.4994,0.5993,2.56205,4.4739
logarithm,20,4,0,Log (x0),16,0.74,0.78,0.5993,0.6992,2.11878,3.9184
logarithm,20,4,0,Log (x0),17,0.78,0.82,0.6992,0.7991,2.23593,4.34891
logarithm,20,4,0,Log (x0),18,0.82,0.86,0.7991,0.899,2.14279,4.38991
logarithm,20,4,0,Log (x0),19,0.86,0.9,0.899,0.9988,2.01793,4.33935
logarithm,20,4,1,Linear (x1),0,0.1,0.14,-0.999,-0.8991,4.08678,3.83632
logarithm,20,4,1,Linear (x1),1,0.14,0.18,-0.8991,-0.7992,4.11888,4.06855
logarithm,20,4,1,Linear (x1),2,0.18,0.22,-0.7992,-0.6994,4.28889,3.8339
logarithm,20,4,1,Linear (x1),3,0.22,0.26,-0.6994,-0.5995,4.02349,3.75625
logarithm,20,4,1,Linear (x1),4,0.26,0.3,-0.5995,-0.4997,3.96656,3.34273
logarithm,20,4,1,Linear (x1),5,0.3,0.34,-0.4997,-0.3998,4.19314,4.16712
logarithm,20,4,1,Linear (x1),6,0.34,0.38,-0.3998,-0.3,4.38677,4.26899
logarithm,20,4,1,Linear (x1),7,0.38,0.42,-0.3,-0.2001,4.25315,4.13106
logarithm,20,4,1,Linear (x1),8,0.42,0.46,-0.2001,-0.1002,4.20772,3.74314
logarithm,20,4,1,Linear (x1),9,0.46,0.5,-0.1002,-0.0004,3.96162,3.73162
logarithm,20,4,1,Linear (x1),10,0.5,0.54,-0.0004,0.0995,4.3521,4.66141
logarithm,20,4,1,Linear (x1),11,0.54,0.58,0.0995,0.1993,4.27169,3.90986
logarithm,20,4,1,Linear (x1),12,0.58,0.62,0.1993,0.2992,4.49749,4.98253
logarithm,20,4,1,Linear (x1),13,0.62,0.66,0.2992,0.3991,4.5356,4.17667
logarithm,20,4,1,Linear (x1),14,0.66,0.7,0.3991,0.4989,4.7927,5.46931
logarithm,20,4,1,Linear (x1),15,0.7,0.74,0.4989,0.5988,4.61178,4.42723
logarithm,20,4,1,Linear (x1),16,0.74,0.78,0.5988,0.6986,4.11011,4.00627
logarithm,20,4,1,Linear (x1),17,0.78,0.82,0.6986,0.7985,3.99843,3.87901
logarithm,20,4,1,Linear (x1),18,0.82,0.86,0.7985,0.8984,4.2377,4.10607
logarithm,20,4,1,Linear (x1),19,0.86,0.9,0.8984,0.9982,4.16082,4.19039
logarithm,20,5,0,Log (x0),0,0.1,0.14,-0.9989,-0.899,19.06366,4.73037
logarithm,20,5,0,Log (x0),1,0.14,0.18,-0.899,-0.7991,11.15884,3.91121
logarithm,20,5,0,Log (x0),2,0.18,0.22,-0.7991,-0.6992,9.04011,4.04058
logarithm,20,5,0,Log (x0),3,0.22,0.26,-0.6992,-0.5993,7.36653,4.07471
logarithm,20,5,0,Log (x0),4,0.26,0.3,-0.5993,-0.4994,6.83562,4.43471
logarithm,20,5,0,Log (x0),5,0.3,0.34,-0.4994,-0.3996,5.81731,4.37965
logarithm,20,5,0,Log (x0),6,0.34,0.38,-0.3996,-0.2997,5.18114,4.35618
logarithm,20,5,0,Log (x0),7,0.38,0.42,-0.2997,-0.1998,4.78193,4.60708
logarithm,20,5,0,Log (x0),8,0.42,0.46,-0.1998,-0.0999,4.03097,4.20258
logarithm,20,5,0,Log (x0),9,0.46,0.5,-0.0999,-0.0,4.47337,5.15794
logarithm,20,5,0,Log (x0),10,0.5,0.54,-0.0,0.0999,3.68926,4.59004
logarithm,20,5,0,Log (x0),11,0.54,0.58,0.0999,0.1998,3.17229,4.24962
logarithm,20,5,0,Log (x0),12,0.58,0.62,0.1998,0.2996,2.95411,4.33535
logarithm,20,5,0,Log (x0),13,0.62,0.66,0.2996,0.3995,2.70514,4.13427
logarithm,20,5,0,Log (x0),14,0.66,0.7,0.3995,0.4994,2.78696,4.63318
logarithm,20,5,0,Log (x0),15,0.7,0.74,0.4994,0.5993,2.57909,4.47389
logarithm,20,5,0,Log (x0),16,0.74,0.78,0.5993,0.6992,2.09192,3.91851
logarithm,20,5,0,Log (x0),17,0.78,0.82,0.6992,0.7991,2.26521,4.34843
logarithm,20,5,0,Log (x0),18,0.82,0.86,0.7991,0.899,2.09976,4.38941
logarithm,20,5,0,Log (x0),19,0.86,0.9,0.899,0.9988,2.0207,4.33918
logarithm,20,5,1,Linear (x1),0,0.1,0.14,-0.999,-0.8991,4.08688,3.8438
logarithm,20,5,1,Linear (x1),1,0.14,0.18,-0.8991,-0.7992,4.11885,4.07373
logarithm,20,5,1,Linear (x1),2,0.18,0.22,-0.7992,-0.6994,4.28881,3.81989
logarithm,20,5,1,Linear (x1),3,0.22,0.26,-0.6994,-0.5995,4.02347,3.75222
logarithm,20,5,1,Linear (x1),4,0.26,0.3,-0.5995,-0.4997,3.96657,3.34759
logarithm,20,5,1,Linear (x1),5,0.3,0.34,-0.4997,-0.3998,4.19314,4.17048
logarithm,20,5,1,Linear (x1),6,0.34,0.38,-0.3998,-0.3,4.3868,4.27068
logarithm,20,5,1,Linear (x1),7,0.38,0.42,-0.3,-0.2001,4.25316,4.12324
logarithm,20,5,1,Linear (x1),8,0.42,0.46,-0.2001,-0.1002,4.20772,3.73961
logarithm,20,5,1,Linear (x1),9,0.46,0.5,-0.1002,-0.0004,3.9616,3.73397
logarithm,20,5,1,Linear (x1),10,0.5,0.54,-0.0004,0.0995,4.35194,4.6671
logarithm,20,5,1,Linear (x1),11,0.54,0.58,0.0995,0.1993,4.27166,3.90684
logarithm,20,5,1,Linear (x1),12,0.58,0.62,0.1993,0.2992,4.49747,4.98419
logarithm,20,5,1,Linear (x1),13,0.62,0.66,0.2992,0.3991,4.53554,4.17194
logarithm,20,5,1,Linear (x1),14,0.66,0.7,0.3991,0.4989,4.79259,5.46124
logarithm,20,5,1,Linear (x1),15,0.7,0.74,0.4989,0.5988,4.61185,4.43599
logarithm,20,5,1,Linear (x1),16,0.74,0.78,0.5988,0.6986,4.11012,4.00533
logarithm,20,5,1,Linear (x1),17,0.78,0.82,0.6986,0.7985,3.99841,3.89025
logarithm,20,5,1,Linear (x1),18,0.82,0.86,0.7985,0.8984,4.23772,4.09587
logarithm,20,5,1,Linear (x1),19,0.86,0.9,0.8984,0.9982,4.16079,4.19299
log2,3,2,0,Log (x0),0,0.1,0.3667,-0.9989,-0.333,7.05224,3.38162
log2,3,2,0,Log (x0),1,0.3667,0.6333,-0.333,0.3329,3.8062,4.20805
log2,3,2,0,Log (x0),2,0.6333,0.9,0.3329,0.9988,2.58308,4.26883
log2,3,2,1,Linear (x1),0,0.1,0.3667,-0.999,-0.3332,4.00844,3.73878
log2,3,2,1,Linear (x1),1,0.3667,0.6333,-0.3332,0.3325,4.08476,3.82372
log2,3,2,1,Linear (x1),2,0.6333,0.9,0.3325,0.9982,4.07962,3.97794
log2,3,3,0,Log (x0),0,0.1,0.3667,-0.9989,-0.333,7.16074,3.37628
log2,3,3,0,Log (x0),1,0.3667,0.6333,-0.333,0.3329,3.77699,4.23588
log2,3,3,0,Log (x0),2,0.6333,0.9,0.3329,0.9988,2.37595,4.2786
log2,3,3,1,Linear (x1),0,0.1,0.3667,-0.999,-0.3332,4.00175,3.82907
log2,3,3,1,Linear (x1),1,0.3667,0.6333,-0.3332,0.3325,4.08059,3.83941
log2,3,3,1,Linear (x1),2,0.6333,0.9,0.3325,0.9982,4.08557,3.96032
log2,3,4,0,Log (x0),0,0.1,0.3667,-0.9989,-0.333,6.99011,3.77003
log2,3,4,0,Log (x0),1,0.3667,0.6333,-0.333,0.3329,3.61386,4.44469
log2,3,4,0,Log (x0),2,0.6333,0.9,0.3329,0.9988,2.32777,4.47746
log2,3,4,1,Linear (x1),0,0.1,0.3667,-0.999,-0.3332,3.97032,3.77532
log2,3,4,1,Linear (x1),1,0.3667,0.6333,-0.3332,0.3325,4.01506,4.25976
log2,3,4,1,Linear (x1),2,0.6333,0.9,0.3325,0.9982,4.02677,4.40235
log2,3,5,0,Log (x0),0,0.1,0.3667,-0.9989,-0.333,7.04771,4.58688
log2,3,5,0,Log (x0),1,0.3667,0.6333,-0.333,0.3329,3.68895,4.58167
log2,3,5,0,Log (x0),2,0.6333,0.9,0.3329,0.9988,2.77271,4.27654
log2,3,5,1,Linear (x1),0,0.1,0.3667,-0.999,-0.3332,4.0246,3.93887
log2,3,5,1,Linear (x1),1,0.3667,0.6333,-0.3332,0.3325,4.00797,4.34595
log2,3,5,1,Linear (x1),2,0.6333,0.9,0.3325,0.9982,3.98409,4.97075
log2,5,2,0,Log (x0),0,0.1,0.26,-0.9989,-0.5993,9.40809,3.51977
log2,5,2,0,Log (x0),1,0.26,0.42,-0.5993,-0.1998,5.47085,4.26104
log2,5,2,0,Log (x0),2,0.42,0.58,-0.1998,0.1998,3.8153,4.42468
log2,5,2,0,Log (x0),3,0.58,0.74,0.1998,0.5993,4.31642,4.35436
log2,5,2,0,Log (x0),4,0.74,0.9,0.5993,0.9988,2.24425,4.24296
log2,5,2,1,Linear (x1),0,0.1,0.26,-0.999,-0.5995,4.19184,3.84325
log2,5,2,1,Linear (x1),1,0.26,0.42,-0.5995,-0.2001,4.18244,3.77992
log2,5,2,1,Linear (x1),2,0.42,0.58,-0.2001,0.1993,4.1913,3.84581
log2,5,2,1,Linear (x1),3,0.58,0.74,0.1993,0.5988,4.56636,4.48449
log2,5,2,1,Linear (x1),4,0.74,0.9,0.5988,0.9982,4.14934,3.97888
log2,5,3,0,Log (x0),0,0.1,0.26,-0.9989,-0.5993,9.46359,3.51846
log2,5,3,0,Log (x0),1,0.26,0.42,-0.5993,-0.1998,5.43112,4.26347
log2,5,3,0,Log (x0),2,0.42,0.58,-0.1998,0.1998,3.72501,4.43093
log2,5,3,0,Log (x0),3,0.58,0.74,0.1998,0.5993,2.72568,4.35627
log2,5,3,0,Log (x0),4,0.74,0.9,0.5993,0.9988,2.16264,4.24789
log2,5,3,1,Linear (x1),0,0.1,0.26,-0.999,-0.5995,4.10379,3.90697
log2,5,3,1,Linear (x1),1,0.26,0.42,-0.5995,-0.2001,4.07825,3.75916
log2,5,3,1,Linear (x1),2,0.42,0.58,-0.2001,0.1993,4.08896,3.81434
log2,5,3,1,Linear (x1),3,0.58,0.74,0.1993,0.5988,4.45001,4.46987
log2,5,3,1,Linear (x1),4,0.74,0.9,0.5988,0.9982,4.06765,3.98153
log2,5,4,0,Log (x0),0,0.1,0.26,-0.9989,-0.5993,9.38943,4.35546
log2,5,4,0,Log (x0),1,0.26,0.42,-0.5993,-0.1998,5.44731,4.86747
log2,5,4,0,Log (x0),2,0.42,0.58,-0.1998,0.1998,3.72808,4.93349
log2,5,4,0,Log (x0),3,0.58,0.74,0.1998,0.5993,2.7333,4.80601
log2,5,4,0,Log (x0),4,0.74,0.9,0.5993,0.9988,2.13525,4.65607
log2,5,4,1,Linear (x1),0,0.1,0.26,-0.999,-0.5995,4.09764,3.94636
log2,5,4,1,Linear (x1),1,0.26,0.42,-0.5995,-0.2001,4.06226,3.93369
log2,5,4,1,Linear (x1),2,0.42,0.58,-0.2001,0.1993,4.06465,4.51072
log2,5,4,1,Linear (x1),3,0.58,0.74,0.1993,0.5988,4.41351,5.46743
log2,5,4,1,Linear (x1),4,0.74,0.9,0.5988,0.9982,4.04263,4.84031
log2,5,5,0,Log (x0),0,0.1,0.26,-0.9989,-0.5993,9.42013,5.10313
log2,5,5,0,Log (x0),1,0.26,0.42,-0.5993,-0.1998,5.51084,5.32139
log2,5,5,0,Log (x0),2,0.42,0.58,-0.1998,0.1998,3.77105,5.12058
log2,5,5,0,Log (x0),3,0.58,0.74,0.1998,0.5993,2.7799,4.75839
log2,5,5,0,Log (x0),4,0.74,0.9,0.5993,0.9988,2.18158,4.44353
log2,5,5,1,Linear (x1),0,0.1,0.26,-0.999,-0.5995,4.06408,4.02801
log2,5,5,1,Linear (x1),1,0.26,0.42,-0.5995,-0.2001,4.03554,4.22354
log2,5,5,1,Linear (x1),2,0.42,0.58,-0.2001,0.1993,4.04091,4.50616
log2,5,5,1,Linear (x1),3,0.58,0.74,0.1993,0.5988,4.38974,5.5212
log2,5,5,1,Linear (x1),4,0.74,0.9,0.5988,0.9982,4.02239,5.29262
log2,7,2,0,Log (x0),0,0.1,0.2143,-0.9989,-0.7135,10.95508,3.62855
log2,7,2,0,Log (x0),1,0.2143,0.3286,-0.7135,-0.4281,6.76431,4.15276
log2,7,2,0,Log (x0),2,0.3286,0.4429,-0.4281,-0.1427,5.03024,4.53731
log2,7,2,0,Log (x0),3,0.4429,0.5571,-0.1427,0.1427,3.89653,4.48898
log2,7,2,0,Log (x0),4,0.5571,0.6714,0.1427,0.4281,4.6836,4.25901
log2,7,2,0,Log (x0),5,0.6714,0.7857,0.4281,0.7135,3.05452,4.33666
log2,7,2,0,Log (x0),6,0.7857,0.9,0.7135,0.9988,2.11492,4.31588
log2,7,2,1,Linear (x1),0,0.1,0.2143,-0.999,-0.7137,4.21407,3.8845
log2,7,2,1,Linear (x1),1,0.2143,0.3286,-0.7137,-0.4283,4.10232,3.63655
log2,7,2,1,Linear (x1),2,0.3286,0.4429,-0.4283,-0.143,4.52452,4.26971
log2,7,2,1,Linear (x1),3,0.4429,0.5571,-0.143,0.1423,4.31662,3.97508
log2,7,2,1,Linear (x1),4,0.5571,0.6714,0.1423,0.4276,4.33396,4.18786
log2,7,2,1,Linear (x1),5,0.6714,0.7857,0.4276,0.7129,4.37921,4.20479
log2,7,2,1,Linear (x1),6,0.7857,0.9,0.7129,0.9982,4.21509,4.0687
log2,7,3,0,Log (x0),0,0.1,0.2143,-0.9989,-0.7135,10.97647,3.62675
log2,7,3,0,Log (x0),1,0.2143,0.3286,-0.7135,-0.4281,6.7271,4.156
log2,7,3,0,Log (x0),2,0.3286,0.4429,-0.4281,-0.1427,5.01876,4.53695
log2,7,3,0,Log (x0),3,0.4429,0.5571,-0.1427,0.1427,3.77649,4.49322
log2,7,3,0,Log (x0),4,0.5571,0.6714,0.1427,0.4281,2.95812,4.26276
log2,7,3,0,Log (x0),5,0.6714,0.7857,0.4281,0.7135,2.45539,4.34026
log2,7,3,0,Log (x0),6,0.7857,0.9,0.7135,0.9988,2.1166,4.32004
log2,7,3,1,Linear (x1),0,0.1,0.2143,-0.999,-0.7137,4.12317,3.99833
log2,7,3,1,Linear (x1),1,0.2143,0.3286,-0.7137,-0.4283,4.02381,3.60864
log2,7,3,1,Linear (x1),2,0.3286,0.4429,-0.4283,-0.143,4.40945,4.23144
log2,7,3,1,Linear (x1),3,0.4429,0.5571,-0.143,0.1423,4.19432,3.9396
log2,7,3,1,Linear (x1),4,0.5571,0.6714,0.1423,0.4276,4.24155,4.16008
log2,7,3,1,Linear (x1),5,0.6714,0.7857,0.4276,0.7129,4.28745,4.18419
log2,7,3,1,Linear (x1),6,0.7857,0.9,0.7129,0.9982,4.12934,4.0787
log2,7,4,0,Log (x0),0,0.1,0.2143,-0.9989,-0.7135,10.80259,4.1825
log2,7,4,0,Log (x0),1,0.2143,0.3286,-0.7135,-0.4281,6.72109,4.42252
log2,7,4,0,Log (x0),2,0.3286,0.4429,-0.4281,-0.1427,5.01926,4.74889
log2,7,4,0,Log (x0),3,0.4429,0.5571,-0.1427,0.1427,3.92724,4.69091
log2,7,4,0,Log (x0),4,0.5571,0.6714,0.1427,0.4281,3.02994,4.45099
log2,7,4,0,Log (x0),5,0.6714,0.7857,0.4281,0.7135,2.45325,4.53461
log2,7,4,0,Log (x0),6,0.7857,0.9,0.7135,0.9988,2.10886,4.48968
log2,7,4,1,Linear (x1),0,0.1,0.2143,-0.999,-0.7137,4.17153,3.97033
log2,7,4,1,Linear (x1),1,0.2143,0.3286,-0.7137,-0.4283,4.05175,3.7914
log2,7,4,1,Linear (x1),2,0.3286,0.4429,-0.4283,-0.143,4.44263,4.63454
log2,7,4,1,Linear (x1),3,0.4429,0.5571,-0.143,0.1423,4.22187,4.36244
log2,7,4,1,Linear (x1),4,0.5571,0.6714,0.1423,0.4276,4.26647,4.56473
log2,7,4,1,Linear (x1),5,0.6714,0.7857,0.4276,0.7129,4.32474,4.53741
log2,7,4,1,Linear (x1),6,0.7857,0.9,0.7129,0.9982,4.15348,4.41491
log2,7,5,0,Log (x0),0,0.1,0.2143,-0.9989,-0.7135,10.99101,5.56913
log2,7,5,0,Log (x0),1,0.2143,0.3286,-0.7135,-0.4281,6.84145,5.56539
log2,7,5,0,Log (x0),2,0.3286,0.4429,-0.4281,-0.1427,5.10851,5.67768
log2,7,5,0,Log (x0),3,0.4429,0.5571,-0.1427,0.1427,3.87335,5.35808
log2,7,5,0,Log (x0),4,0.5571,0.6714,0.1427,0.4281,2.95849,4.8284
log2,7,5,0,Log (x0),5,0.6714,0.7857,0.4281,0.7135,2.5006,4.727
log2,7,5,0,Log (x0),6,0.7857,0.9,0.7135,0.9988,2.15677,4.55298
log2,7,5,1,Linear (x1),0,0.1,0.2143,-0.999,-0.7137,4.08322,4.03984
log2,7,5,1,Linear (x1),1,0.2143,0.3286,-0.7137,-0.4283,3.98621,3.98679
log2,7,5,1,Linear (x1),2,0.3286,0.4429,-0.4283,-0.143,4.36557,4.83645
log2,7,5,1,Linear (x1),3,0.4429,0.5571,-0.143,0.1423,4.14611,4.71702
log2,7,5,1,Linear (x1),4,0.5571,0.6714,0.1423,0.4276,4.19503,5.12315
log2,7,5,1,Linear (x1),5,0.6714,0.7857,0.4276,0.7129,4.24608,5.50465
log2,7,5,1,Linear (x1),6,0.7857,0.9,0.7129,0.9982,4.08665,5.80333
log2,10,2,0,Log (x0),0,0.1,0.18,-0.9989,-0.7991,13.21708,3.87355
log2,10,2,0,Log (x0),1,0.18,0.26,-0.7991,-0.5993,8.03624,4.02496
log2,10,2,0,Log (x0),2,0.26,0.34,-0.5993,-0.3996,6.16422,4.30796
log2,10,2,0,Log (x0),3,0.34,0.42,-0.3996,-0.1998,4.96553,4.45488
log2,10,2,0,Log (x0),4,0.42,0.5,-0.1998,-0.0,4.28983,4.63598
log2,10,2,0,Log (x0),5,0.5,0.58,-0.0,0.1998,3.54913,4.3468
log2,10,2,0,Log (x0),6,0.58,0.66,0.1998,0.3995,4.63752,4.22872
log2,10,2,0,Log (x0),7,0.66,0.74,0.3995,0.5993,4.26643,4.48738
log2,10,2,0,Log (x0),8,0.74,0.82,0.5993,0.7991,2.28788,4.13649
log2,10,2,0,Log (x0),9,0.82,0.9,0.7991,0.9988,2.0759,4.34634
log2,10,2,1,Linear (x1),0,0.1,0.18,-0.999,-0.7992,4.22291,3.98615
log2,10,2,1,Linear (x1),1,0.18,0.26,-0.7992,-0.5995,4.22414,3.7949
log2,10,2,1,Linear (x1),2,0.26,0.34,-0.5995,-0.3998,4.11908,3.59727
log2,10,2,1,Linear (x1),3,0.34,0.42,-0.3998,-0.2001,4.47966,4.22448
log2,10,2,1,Linear (x1),4,0.42,0.5,-0.2001,-0.0004,4.13709,3.69596
log2,10,2,1,Linear (x1),5,0.5,0.58,-0.0004,0.1993,4.49134,4.26491
log2,10,2,1,Linear (x1),6,0.58,0.66,0.1993,0.3991,4.62781,4.50643
log2,10,2,1,Linear (x1),7,0.66,0.74,0.3991,0.5988,4.90452,4.85271
log2,10,2,1,Linear (x1),8,0.74,0.82,0.5988,0.7985,4.1445,3.94648
log2,10,2,1,Linear (x1),9,0.82,0.9,0.7985,0.9982,4.23242,4.05593
log2,10,3,0,Log (x0),0,0.1,0.18,-0.9989,-0.7991,13.25136,3.87726
log2,10,3,0,Log (x0),1,0.18,0.26,-0.7991,-0.5993,8.08166,4.02978
log2,10,3,0,Log (x0),2,0.26,0.34,-0.5993,-0.3996,6.15453,4.31301
log2,10,3,0,Log (x0),3,0.34,0.42,-0.3996,-0.1998,4.9712,4.45663
log2,10,3,0,Log (x0),4,0.42,0.5,-0.1998,-0.0,4.23629,4.64149
log2,10,3,0,Log (x0),5,0.5,0.58,-0.0,0.1998,3.35028,4.35228
log2,10,3,0,Log (x0),6,0.58,0.66,0.1998,0.3995,2.83357,4.23347
log2,10,3,0,Log (x0),7,0.66,0.74,0.3995,0.5993,2.64702,4.49335
log2,10,3,0,Log (x0),8,0.74,0.82,0.5993,0.7991,2.18441,4.14238
log2,10,3,0,Log (x0),9,0.82,0.9,0.7991,0.9988,2.08284,4.35265
log2,10,3,1,Linear (x1),0,0.1,0.18,-0.999,-0.7992,4.0966,4.09883
log2,10,3,1,Linear (x1),1,0.18,0.26,-0.7992,-0.5995,4.12564,3.74754
log2,10,3,1,Linear (x1),2,0.26,0.34,-0.5995,-0.3998,4.00809,3.56825
log2,10,3,1,Linear (x1),3,0.34,0.42,-0.3998,-0.2001,4.3287,4.16322
log2,10,3,1,Linear (x1),4,0.42,0.5,-0.2001,-0.0004,4.01837,3.6652
log2,10,3,1,Linear (x1),5,0.5,0.58,-0.0004,0.1993,4.34206,4.21007
log2,10,3,1,Linear (x1),6,0.58,0.66,0.1993,0.3991,4.49982,4.47619
log2,10,3,1,Linear (x1),7,0.66,0.74,0.3991,0.5988,4.72047,4.79724
log2,10,3,1,Linear (x1),8,0.74,0.82,0.5988,0.7985,4.06537,3.93266
log2,10,3,1,Linear (x1),9,0.82,0.9,0.7985,0.9982,4.11281,4.06207
log2,10,4,0,Log (x0),0,0.1,0.18,-0.9989,-0.7991,22.05228,4.07897
log2,10,4,0,Log (x0),1,0.18,0.26,-0.7991,-0.5993,10.28762,4.1645
log2,10,4,0,Log (x0),2,0.26,0.34,-0.5993,-0.3996,6.94549,4.36368
log2,10,4,0,Log (x0),3,0.34,0.42,-0.3996,-0.1998,5.07255,4.4623
log2,10,4,0,Log (x0),4,0.42,0.5,-0.1998,-0.0,4.20693,4.63439
log2,10,4,0,Log (x0),5,0.5,0.58,-0.0,0.1998,3.34958,4.34502
log2,10,4,0,Log (x0),6,0.58,0.66,0.1998,0.3995,2.82351,4.2266
log2,10,4,0,Log (x0),7,0.66,0.74,0.3995,0.5993,2.6334,4.48512
log2,10,4,0,Log (x0),8,0.74,0.82,0.5993,0.7991,2.17642,4.13587
log2,10,4,0,Log (x0),9,0.82,0.9,0.7991,0.9988,2.0639,4.34615
log2,10,4,1,Linear (x1),0,0.1,0.18,-0.999,-0.7992,4.95252,4.27322
log2,10,4,1,Linear (x1),1,0.18,0.26,-0.7992,-0.5995,4.92227,4.00644
log2,10,4,1,Linear (x1),2,0.26,0.34,-0.5995,-0.3998,4.75268,3.71252
log2,10,4,1,Linear (x1),3,0.34,0.42,-0.3998,-0.2001,4.84925,4.20692
log2,10,4,1,Linear (x1),4,0.42,0.5,-0.2001,-0.0004,4.53854,3.62654
log2,10,4,1,Linear (x1),5,0.5,0.58,-0.0004,0.1993,4.75965,4.13337
log2,10,4,1,Linear (x1),6,0.58,0.66,0.1993,0.3991,4.79671,4.41518
log2,10,4,1,Linear (x1),7,0.66,0.74,0.3991,0.5988,5.0365,4.75282
log2,10,4,1,Linear (x1),8,0.74,0.82,0.5988,0.7985,4.38196,3.88661
log2,10,4,1,Linear (x1),9,0.82,0.9,0.7985,0.9982,4.40584,3.98956
log2,10,5,0,Log (x0),0,0.1,0.18,-0.9989,-0.7991,13.33297,5.96603
log2,10,5,0,Log (x0),1,0.18,0.26,-0.7991,-0.5993,8.28029,5.53289
log2,10,5,0,Log (x0),2,0.26,0.34,-0.5993,-0.3996,6.27014,5.4596
log2,10,5,0,Log (x0),3,0.34,0.42,-0.3996,-0.1998,5.08217,5.40391
log2,10,5,0,Log (x0),4,0.42,0.5,-0.1998,-0.0,4.32903,5.41437
log2,10,5,0,Log (x0),5,0.5,0.58,-0.0,0.1998,3.42862,4.89837
log2,10,5,0,Log (x0),6,0.58,0.66,0.1998,0.3995,2.89503,4.63378
log2,10,5,0,Log (x0),7,0.66,0.74,0.3995,0.5993,2.68803,4.78396
log2,10,5,0,Log (x0),8,0.74,0.82,0.5993,0.7991,2.23573,4.32854
log2,10,5,0,Log (x0),9,0.82,0.9,0.7991,0.9988,2.12399,4.46198
log2,10,5,1,Linear (x1),0,0.1,0.18,-0.999,-0.7992,4.06219,4.03089
log2,10,5,1,Linear (x1),1,0.18,0.26,-0.7992,-0.5995,4.08979,4.04637
log2,10,5,1,Linear (x1),2,0.26,0.34,-0.5995,-0.3998,3.9749,3.94927
log2,10,5,1,Linear (x1),3,0.34,0.42,-0.3998,-0.2001,4.28458,4.71362
log2,10,5,1,Linear (x1),4,0.42,0.5,-0.2001,-0.0004,3.98081,4.28254
log2,10,5,1,Linear (x1),5,0.5,0.58,-0.0004,0.1993,4.29341,4.99343
log2,10,5,1,Linear (x1),6,0.58,0.66,0.1993,0.3991,4.44875,5.41253
log2,10,5,1,Linear (x1),7,0.66,0.74,0.3991,0.5988,4.66567,5.90271
log2,10,5,1,Linear (x1),8,0.74,0.82,0.5988,0.7985,4.03441,5.08173
log2,10,5,1,Linear (x1),9,0.82,0.9,0.7985,0.9982,4.06429,5.36129
log2,15,2,0,Log (x0),0,0.1,0.1533,-0.9989,-0.8657,16.7352,4.32846
log2,15,2,0,Log (x0),1,0.1533,0.2067,-0.8657,-0.7325,9.56092,3.85547
log2,15,2,0,Log (x0),2,0.2067,0.26,-0.7325,-0.5993,7.89317,4.2039
log2,15,2,0,Log (x0),3,0.26,0.3133,-0.5993,-0.4661,6.34244,4.24446
log2,15,2,0,Log (x0),4,0.3133,0.3667,-0.4661,-0.333,5.66462,4.54276
log2,15,2,0,Log (x0),5,0.3667,0.42,-0.333,-0.1998,4.77619,4.45571
log2,15,2,0,Log (x0),6,0.42,0.4733,-0.1998,-0.0666,4.2762,4.56695
log2,15,2,0,Log (x0),7,0.4733,0.5267,-0.0666,0.0666,3.89623,4.65202
log2,15,2,0,Log (x0),8,0.5267,0.58,0.0666,0.1998,3.31204,4.22089
log2,15,2,0,Log (x0),9,0.58,0.6333,0.1998,0.3329,3.34049,4.25797
log2,15,2,0,Log (x0),10,0.6333,0.6867,0.3329,0.4661,3.31319,4.50672
log2,15,2,0,Log (x0),11,0.6867,0.74,0.4661,0.5993,2.72971,4.35626
log2,15,2,0,Log (x0),12,0.74,0.7933,0.5993,0.7325,2.23151,4.10537
log2,15,2,0,Log (x0),13,0.7933,0.8467,0.7325,0.8657,2.17171,4.34478
log2,15,2,0,Log (x0),14,0.8467,0.9,0.8657,0.9988,2.01204,4.29825
log2,15,2,1,Linear (x1),0,0.1,0.1533,-0.999,-0.8658,4.15971,3.8145
log2,15,2,1,Linear (x1),1,0.1533,0.2067,-0.8658,-0.7327,4.16714,3.93145
log2,15,2,1,Linear (x1),2,0.2067,0.26,-0.7327,-0.5995,4.0872,3.79761
log2,15,2,1,Linear (x1),3,0.26,0.3133,-0.5995,-0.4664,3.95949,3.44127
log2,15,2,1,Linear (x1),4,0.3133,0.3667,-0.4664,-0.3332,4.37891,4.34134
log2,15,2,1,Linear (x1),5,0.3667,0.42,-0.3332,-0.2001,4.16329,3.84983
log2,15,2,1,Linear (x1),6,0.42,0.4733,-0.2001,-0.0669,4.06155,3.5626
log2,15,2,1,Linear (x1),7,0.4733,0.5267,-0.0669,0.0662,4.33398,4.42899
log2,15,2,1,Linear (x1),8,0.5267,0.58,0.0662,0.1993,4.32321,4.0629
log2,15,2,1,Linear (x1),9,0.58,0.6333,0.1993,0.3325,4.55577,4.8399
log2,15,2,1,Linear (x1),10,0.6333,0.6867,0.3325,0.4656,4.20096,4.03811
log2,15,2,1,Linear (x1),11,0.6867,0.74,0.4656,0.5988,4.71017,4.69255
log2,15,2,1,Linear (x1),12,0.74,0.7933,0.5988,0.7319,4.11025,3.93001
log2,15,2,1,Linear (x1),13,0.7933,0.8467,0.7319,0.8651,4.04806,4.00798
log2,15,2,1,Linear (x1),14,0.8467,0.9,0.8651,0.9982,4.19787,4.12766
log2,15,3,0,Log (x0),0,0.1,0.1533,-0.9989,-0.8657,16.67823,4.33007
log2,15,3,0,Log (x0),1,0.1533,0.2067,-0.8657,-0.7325,9.53665,3.8599
log2,15,3,0,Log (x0),2,0.2067,0.26,-0.7325,-0.5993,7.90139,4.21011
log2,15,3,0,Log (x0),3,0.26,0.3133,-0.5993,-0.4661,6.37319,4.25107
log2,15,3,0,Log (x0),4,0.3133,0.3667,-0.4661,-0.333,5.67616,4.55037
log2,15,3,0,Log (x0),5,0.3667,0.42,-0.333,-0.1998,4.78504,4.46259
log2,15,3,0,Log (x0),6,0.42,0.4733,-0.1998,-0.0666,4.29475,4.57472
log2,15,3,0,Log (x0),7,0.4733,0.5267,-0.0666,0.0666,3.90515,4.66018
log2,15,3,0,Log (x0),8,0.5267,0.58,0.0666,0.1998,3.17313,4.22806
log2,15,3,0,Log (x0),9,0.58,0.6333,0.1998,0.3329,2.91115,4.26452
log2,15,3,0,Log (x0),10,0.6333,0.6867,0.3329,0.4661,2.82921,4.51374
log2,15,3,0,Log (x0),11,0.6867,0.74,0.4661,0.5993,2.52747,4.36312
log2,15,3,0,Log (x0),12,0.74,0.7933,0.5993,0.7325,2.20126,4.1121
log2,15,3,0,Log (x0),13,0.7933,0.8467,0.7325,0.8657,2.182,4.35198
log2,15,3,0,Log (x0),14,0.8467,0.9,0.8657,0.9988,2.02382,4.30534
log2,15,3,1,Linear (x1),0,0.1,0.1533,-0.999,-0.8658,4.17132,4.87423
log2,15,3,1,Linear (x1),1,0.1533,0.2067,-0.8658,-0.7327,4.18129,3.92929
log2,15,3,1,Linear (x1),2,0.2067,0.26,-0.7327,-0.5995,4.1031,3.81051
log2,15,3,1,Linear (x1),3,0.26,0.3133,-0.5995,-0.4664,3.96233,3.45739
log2,15,3,1,Linear (x1),4,0.3133,0.3667,-0.4664,-0.3332,4.38852,4.32455
log2,15,3,1,Linear (x1),5,0.3667,0.42,-0.3332,-0.2001,4.16917,3.84064
log2,15,3,1,Linear (x1),6,0.42,0.4733,-0.2001,-0.0669,4.06857,3.56382
log2,15,3,1,Linear (x1),7,0.4733,0.5267,-0.0669,0.0662,4.34183,4.41711
log2,15,3,1,Linear (x1),8,0.5267,0.58,0.0662,0.1993,4.33536,4.04964
log2,15,3,1,Linear (x1),9,0.58,0.6333,0.1993,0.3325,4.57778,4.82026
log2,15,3,1,Linear (x1),10,0.6333,0.6867,0.3325,0.4656,4.21946,4.0407
log2,15,3,1,Linear (x1),11,0.6867,0.74,0.4656,0.5988,4.72633,4.69048
log2,15,3,1,Linear (x1),12,0.74,0.7933,0.5988,0.7319,4.11548,3.9227
log2,15,3,1,Linear (x1),13,0.7933,0.8467,0.7319,0.8651,4.06441,4.00876
log2,15,3,1,Linear (x1),14,0.8467,0.9,0.8651,0.9982,4.2124,4.14544
log2,15,4,0,Log (x0),0,0.1,0.1533,-0.9989,-0.8657,17.21834,6.9662
log2,15,4,0,Log (x0),1,0.1533,0.2067,-0.8657,-0.7325,9.70229,5.3667
log2,15,4,0,Log (x0),2,0.2067,0.26,-0.7325,-0.5993,8.05575,5.50261
log2,15,4,0,Log (x0),3,0.26,0.3133,-0.5993,-0.4661,6.45547,5.28807
log2,15,4,0,Log (x0),4,0.3133,0.3667,-0.4661,-0.333,5.7358,5.57283
log2,15,4,0,Log (x0),5,0.3667,0.42,-0.333,-0.1998,4.84304,5.30612
log2,15,4,0,Log (x0),6,0.42,0.4733,-0.1998,-0.0666,4.34095,5.37812
log2,15,4,0,Log (x0),7,0.4733,0.5267,-0.0666,0.0666,3.93829,5.45823
log2,15,4,0,Log (x0),8,0.5267,0.58,0.0666,0.1998,3.19981,4.85805
log2,15,4,0,Log (x0),9,0.58,0.6333,0.1998,0.3329,2.92432,4.91328
log2,15,4,0,Log (x0),10,0.6333,0.6867,0.3329,0.4661,2.8419,5.16932
log2,15,4,0,Log (x0),11,0.6867,0.74,0.4661,0.5993,2.53821,4.99312
log2,15,4,0,Log (x0),12,0.74,0.7933,0.5993,0.7325,2.21462,4.68127
log2,15,4,0,Log (x0),13,0.7933,0.8467,0.7325,0.8657,2.19722,4.93884
log2,15,4,0,Log (x0),14,0.8467,0.9,0.8657,0.9988,2.04717,4.84101
log2,15,4,1,Linear (x1),0,0.1,0.1533,-0.999,-0.8658,4.21766,4.0595
log2,15,4,1,Linear (x1),1,0.1533,0.2067,-0.8658,-0.7327,4.20571,4.18076
log2,15,4,1,Linear (x1),2,0.2067,0.26,-0.7327,-0.5995,4.11774,3.98826
log2,15,4,1,Linear (x1),3,0.26,0.3133,-0.5995,-0.4664,3.97548,3.78018
log2,15,4,1,Linear (x1),4,0.3133,0.3667,-0.4664,-0.3332,4.39977,5.0671
log2,15,4,1,Linear (x1),5,0.3667,0.42,-0.3332,-0.2001,4.17332,4.76368
log2,15,4,1,Linear (x1),6,0.42,0.4733,-0.2001,-0.0669,4.07473,4.5807
log2,15,4,1,Linear (x1),7,0.4733,0.5267,-0.0669,0.0662,4.33582,5.69181
log2,15,4,1,Linear (x1),8,0.5267,0.58,0.0662,0.1993,4.33854,5.39637
log2,15,4,1,Linear (x1),9,0.58,0.6333,0.1993,0.3325,4.55594,6.25429
log2,15,4,1,Linear (x1),10,0.6333,0.6867,0.3325,0.4656,4.21002,5.25488
log2,15,4,1,Linear (x1),11,0.6867,0.74,0.4656,0.5988,4.71806,6.12836
log2,15,4,1,Linear (x1),12,0.74,0.7933,0.5988,0.7319,4.11748,5.1113
log2,15,4,1,Linear (x1),13,0.7933,0.8467,0.7319,0.8651,4.06284,5.10599
log2,15,4,1,Linear (x1),14,0.8467,0.9,0.8651,0.9982,4.20328,5.26934
log2,15,5,0,Log (x0),0,0.1,0.1533,-0.9989,-0.8657,16.86446,5.66882
log2,15,5,0,Log (x0),1,0.1533,0.2067,-0.8657,-0.7325,9.1897,4.36785
log2,15,5,0,Log (x0),2,0.2067,0.26,-0.7325,-0.5993,7.69798,4.65714
log2,15,5,0,Log (x0),3,0.26,0.3133,-0.5993,-0.4661,6.18213,4.62854
log2,15,5,0,Log (x0),4,0.3133,0.3667,-0.4661,-0.333,5.47628,4.98847
log2,15,5,0,Log (x0),5,0.3667,0.42,-0.333,-0.1998,4.65553,4.82367
log2,15,5,0,Log (x0),6,0.42,0.4733,-0.1998,-0.0666,4.1738,4.9644
log2,15,5,0,Log (x0),7,0.4733,0.5267,-0.0666,0.0666,3.78583,5.08359
log2,15,5,0,Log (x0),8,0.5267,0.58,0.0666,0.1998,3.0928,4.53672
log2,15,5,0,Log (x0),9,0.58,0.6333,0.1998,0.3329,2.82557,4.62248
log2,15,5,0,Log (x0),10,0.6333,0.6867,0.3329,0.4661,2.7516,4.90756
log2,15,5,0,Log (x0),11,0.6867,0.74,0.4661,0.5993,2.46198,4.75689
log2,15,5,0,Log (x0),12,0.74,0.7933,0.5993,0.7325,2.14768,4.46831
log2,15,5,0,Log (x0),13,0.7933,0.8467,0.7325,0.8657,2.13228,4.7033
log2,15,5,0,Log (x0),14,0.8467,0.9,0.8657,0.9988,2.0413,4.63456
log2,15,5,1,Linear (x1),0,0.1,0.1533,-0.999,-0.8658,4.20969,3.93005
log2,15,5,1,Linear (x1),1,0.1533,0.2067,-0.8658,-0.7327,4.14317,3.95599
log2,15,5,1,Linear (x1),2,0.2067,0.26,-0.7327,-0.5995,4.05947,3.84848
log2,15,5,1,Linear (x1),3,0.26,0.3133,-0.5995,-0.4664,3.92994,3.5505
log2,15,5,1,Linear (x1),4,0.3133,0.3667,-0.4664,-0.3332,4.32902,4.89939
log2,15,5,1,Linear (x1),5,0.3667,0.42,-0.3332,-0.2001,4.11942,4.47765
log2,15,5,1,Linear (x1),6,0.42,0.4733,-0.2001,-0.0669,4.02531,4.43224
log2,15,5,1,Linear (x1),7,0.4733,0.5267,-0.0669,0.0662,4.26907,5.08697
log2,15,5,1,Linear (x1),8,0.5267,0.58,0.0662,0.1993,4.27205,4.8198
log2,15,5,1,Linear (x1),9,0.58,0.6333,0.1993,0.3325,4.48225,5.29837
log2,15,5,1,Linear (x1),10,0.6333,0.6867,0.3325,0.4656,4.15804,4.40551
log2,15,5,1,Linear (x1),11,0.6867,0.74,0.4656,0.5988,4.63378,5.14268
log2,15,5,1,Linear (x1),12,0.74,0.7933,0.5988,0.7319,4.06637,4.22021
log2,15,5,1,Linear (x1),13,0.7933,0.8467,0.7319,0.8651,4.00468,4.14341
log2,15,5,1,Linear (x1),14,0.8467,0.9,0.8651,0.9982,4.13809,4.82154
log2,20,2,0,Log (x0),0,0.1,0.14,-0.9989,-0.899,18.97484,4.69368
log2,20,2,0,Log (x0),1,0.14,0.18,-0.899,-0.7991,11.22031,3.88442
log2,20,2,0,Log (x0),2,0.18,0.22,-0.7991,-0.6992,8.91082,4.01549
log2,20,2,0,Log (x0),3,0.22,0.26,-0.6992,-0.5993,7.35865,4.04903
log2,20,2,0,Log (x0),4,0.26,0.3,-0.5993,-0.4994,6.75813,4.40459
log2,20,2,0,Log (x0),5,0.3,0.34,-0.4994,-0.3996,5.78136,4.35099
log2,20,2,0,Log (x0),6,0.34,0.38,-0.3996,-0.2997,5.09896,4.32837
log2,20,2,0,Log (x0),7,0.38,0.42,-0.2997,-0.1998,4.82837,4.57453
log2,20,2,0,Log (x0),8,0.42,0.46,-0.1998,-0.0999,3.96883,4.17616
log2,20,2,0,Log (x0),9,0.46,0.5,-0.0999,-0.0,4.47566,5.11871
log2,20,2,0,Log (x0),10,0.5,0.54,-0.0,0.0999,3.66526,4.55904
log2,20,2,0,Log (x0),11,0.54,0.58,0.0999,0.1998,3.26401,4.22307
log2,20,2,0,Log (x0),12,0.58,0.62,0.1998,0.2996,4.5881,4.30825
log2,20,2,0,Log (x0),13,0.62,0.66,0.2996,0.3995,5.45749,4.10979
log2,20,2,0,Log (x0),14,0.66,0.7,0.3995,0.4994,5.25107,4.60098
log2,20,2,0,Log (x0),15,0.7,0.74,0.4994,0.5993,3.48008,4.44366
log2,20,2,0,Log (x0),16,0.74,0.78,0.5993,0.6992,2.25919,3.89515
log2,20,2,0,Log (x0),17,0.78,0.82,0.6992,0.7991,2.22727,4.32033
log2,20,2,0,Log (x0),18,0.82,0.86,0.7991,0.899,2.12092,4.36066
log2,20,2,0,Log (x0),19,0.86,0.9,0.899,0.9988,1.98805,4.31135
log2,20,2,1,Linear (x1),0,0.1,0.14,-0.999,-0.8991,4.23134,3.80899
log2,20,2,1,Linear (x1),1,0.14,0.18,-0.8991,-0.7992,4.26843,4.10855
log2,20,2,1,Linear (x1),2,0.18,0.22,-0.7992,-0.6994,4.42257,3.84025
log2,20,2,1,Linear (x1),3,0.22,0.26,-0.6994,-0.5995,4.12666,3.76365
log2,20,2,1,Linear (x1),4,0.26,0.3,-0.5995,-0.4997,4.09341,3.36186
log2,20,2,1,Linear (x1),5,0.3,0.34,-0.4997,-0.3998,4.34224,4.17723
log2,20,2,1,Linear (x1),6,0.34,0.38,-0.3998,-0.3,4.55039,4.28331
log2,20,2,1,Linear (x1),7,0.38,0.42,-0.3,-0.2001,4.43368,4.15529
log2,20,2,1,Linear (x1),8,0.42,0.46,-0.2001,-0.1002,4.32905,3.75316
log2,20,2,1,Linear (x1),9,0.46,0.5,-0.1002,-0.0004,4.11295,3.74574
log2,20,2,1,Linear (x1),10,0.5,0.54,-0.0004,0.0995,4.59345,4.67794
log2,20,2,1,Linear (x1),11,0.54,0.58,0.0995,0.1993,4.3987,3.91994
log2,20,2,1,Linear (x1),12,0.58,0.62,0.1993,0.2992,4.74252,4.99001
log2,20,2,1,Linear (x1),13,0.62,0.66,0.2992,0.3991,4.63762,4.1699
log2,20,2,1,Linear (x1),14,0.66,0.7,0.3991,0.4989,5.02609,5.46041
log2,20,2,1,Linear (x1),15,0.7,0.74,0.4989,0.5988,4.81962,4.4468
log2,20,2,1,Linear (x1),16,0.74,0.78,0.5988,0.6986,4.21063,4.00002
log2,20,2,1,Linear (x1),17,0.78,0.82,0.6986,0.7985,4.0796,3.86648
log2,20,2,1,Linear (x1),18,0.82,0.86,0.7985,0.8984,4.3679,4.11004
log2,20,2,1,Linear (x1),19,0.86,0.9,0.8984,0.9982,4.3297,4.2044
log2,20,3,0,Log (x0),0,0.1,0.14,-0.9989,-0.899,18.97238,4.69549
log2,20,3,0,Log (x0),1,0.14,0.18,-0.899,-0.7991,11.19537,3.88856
log2,20,3,0,Log (x0),2,0.18,0.22,-0.7991,-0.6992,8.92749,4.01967
log2,20,3,0,Log (x0),3,0.22,0.26,-0.6992,-0.5993,7.36967,4.05315
log2,20,3,0,Log (x0),4,0.26,0.3,-0.5993,-0.4994,6.75732,4.41039
log2,20,3,0,Log (x0),5,0.3,0.34,-0.4994,-0.3996,5.82057,4.35563
log2,20,3,0,Log (x0),6,0.34,0.38,-0.3996,-0.2997,5.11511,4.33312
log2,20,3,0,Log (x0),7,0.38,0.42,-0.2997,-0.1998,4.81179,4.58048
log2,20,3,0,Log (x0),8,0.42,0.46,-0.1998,-0.0999,3.98583,4.18091
log2,20,3,0,Log (x0),9,0.46,0.5,-0.0999,-0.0,4.45328,5.12562
log2,20,3,0,Log (x0),10,0.5,0.54,-0.0,0.0999,3.6919,4.56455
log2,20,3,0,Log (x0),11,0.54,0.58,0.0999,0.1998,3.38054,4.22799
log2,20,3,0,Log (x0),12,0.58,0.62,0.1998,0.2996,3.13075,4.31262
log2,20,3,0,Log (x0),13,0.62,0.66,0.2996,0.3995,2.67006,4.11306
log2,20,3,0,Log (x0),14,0.66,0.7,0.3995,0.4994,2.79418,4.60651
log2,20,3,0,Log (x0),15,0.7,0.74,0.4994,0.5993,2.54836,4.44907
log2,20,3,0,Log (x0),16,0.74,0.78,0.5993,0.6992,2.10925,3.89943
log2,20,3,0,Log (x0),17,0.78,0.82,0.6992,0.7991,2.22771,4.3259
log2,20,3,0,Log (x0),18,0.82,0.86,0.7991,0.899,2.13914,4.3664
log2,20,3,0,Log (x0),19,0.86,0.9,0.899,0.9988,2.18597,4.31687
log2,20,3,1,Linear (x1),0,0.1,0.14,-0.999,-0.8991,4.10865,4.87763
log2,20,3,1,Linear (x1),1,0.14,0.18,-0.8991,-0.7992,4.16467,4.02519
log2,20,3,1,Linear (x1),2,0.18,0.22,-0.7992,-0.6994,4.32584,3.82363
log2,20,3,1,Linear (x1),3,0.22,0.26,-0.6994,-0.5995,4.05716,3.75428
log2,20,3,1,Linear (x1),4,0.26,0.3,-0.5995,-0.4997,3.98767,3.32747
log2,20,3,1,Linear (x1),5,0.3,0.34,-0.4997,-0.3998,4.22477,4.14472
log2,20,3,1,Linear (x1),6,0.34,0.38,-0.3998,-0.3,4.42012,4.24282
log2,20,3,1,Linear (x1),7,0.38,0.42,-0.3,-0.2001,4.29344,4.09975
log2,20,3,1,Linear (x1),8,0.42,0.46,-0.2001,-0.1002,4.2375,3.73122
log2,20,3,1,Linear (x1),9,0.46,0.5,-0.1002,-0.0004,3.99225,3.70619
log2,20,3,1,Linear (x1),10,0.5,0.54,-0.0004,0.0995,4.41325,4.63248
log2,20,3,1,Linear (x1),11,0.54,0.58,0.0995,0.1993,4.30827,3.88487
log2,20,3,1,Linear (x1),12,0.58,0.62,0.1993,0.2992,4.57447,4.93184
log2,20,3,1,Linear (x1),13,0.62,0.66,0.2992,0.3991,4.57573,4.15002
log2,20,3,1,Linear (x1),14,0.66,0.7,0.3991,0.4989,4.85155,5.39463
log2,20,3,1,Linear (x1),15,0.7,0.74,0.4989,0.5988,4.66338,4.41199
log2,20,3,1,Linear (x1),16,0.74,0.78,0.5988,0.6986,4.12908,3.98259
log2,20,3,1,Linear (x1),17,0.78,0.82,0.6986,0.7985,4.01713,3.854
log2,20,3,1,Linear (x1),18,0.82,0.86,0.7985,0.8984,4.27977,4.09824
log2,20,3,1,Linear (x1),19,0.86,0.9,0.8984,0.9982,4.20779,4.18216
log2,20,4,0,Log (x0),0,0.1,0.14,-0.9989,-0.899,19.50954,6.7829
log2,20,4,0,Log (x0),1,0.14,0.18,-0.899,-0.7991,11.18295,5.00082
log2,20,4,0,Log (x0),2,0.18,0.22,-0.7991,-0.6992,9.0578,4.94499
log2,20,4,0,Log (x0),3,0.22,0.26,-0.6992,-0.5993,7.46182,4.79713
log2,20,4,0,Log (x0),4,0.26,0.3,-0.5993,-0.4994,6.81561,5.08748
log2,20,4,0,Log (x0),5,0.3,0.34,-0.4994,-0.3996,5.86142,5.00002
log2,20,4,0,Log (x0),6,0.34,0.38,-0.3996,-0.2997,5.13262,4.88879
log2,20,4,0,Log (x0),7,0.38,0.42,-0.2997,-0.1998,4.82183,5.11835
log2,20,4,0,Log (x0),8,0.42,0.46,-0.1998,-0.0999,3.99713,4.64608
log2,20,4,0,Log (x0),9,0.46,0.5,-0.0999,-0.0,4.46496,5.6978
log2,20,4,0,Log (x0),10,0.5,0.54,-0.0,0.0999,3.67448,5.07039
log2,20,4,0,Log (x0),11,0.54,0.58,0.0999,0.1998,3.15319,4.64186
log2,20,4,0,Log (x0),12,0.58,0.62,0.1998,0.2996,3.01435,4.74903
log2,20,4,0,Log (x0),13,0.62,0.66,0.2996,0.3995,2.70581,4.52543
log2,20,4,0,Log (x0),14,0.66,0.7,0.3995,0.4994,2.8185,5.06669
log2,20,4,0,Log (x0),15,0.7,0.74,0.4994,0.5993,2.55228,4.89021
log2,20,4,0,Log (x0),16,0.74,0.78,0.5993,0.6992,2.1128,4.26982
log2,20,4,0,Log (x0),17,0.78,0.82,0.6992,0.7991,2.22928,4.73879
log2,20,4,0,Log (x0),18,0.82,0.86,0.7991,0.899,2.14753,4.76333
log2,20,4,0,Log (x0),19,0.86,0.9,0.899,0.9988,2.01317,4.68396
log2,20,4,1,Linear (x1),0,0.1,0.14,-0.999,-0.8991,4.13765,3.94731
log2,20,4,1,Linear (x1),1,0.14,0.18,-0.8991,-0.7992,4.17097,4.23055
log2,20,4,1,Linear (x1),2,0.18,0.22,-0.7992,-0.6994,4.32815,3.97463
log2,20,4,1,Linear (x1),3,0.22,0.26,-0.6994,-0.5995,4.0536,3.92205
log2,20,4,1,Linear (x1),4,0.26,0.3,-0.5995,-0.4997,3.98521,3.63693
log2,20,4,1,Linear (x1),5,0.3,0.34,-0.4997,-0.3998,4.22446,4.63572
log2,20,4,1,Linear (x1),6,0.34,0.38,-0.3998,-0.3,4.42226,4.9235
log2,20,4,1,Linear (x1),7,0.38,0.42,-0.3,-0.2001,4.27295,4.80386
log2,20,4,1,Linear (x1),8,0.42,0.46,-0.2001,-0.1002,4.22949,4.45032
log2,20,4,1,Linear (x1),9,0.46,0.5,-0.1002,-0.0004,3.97951,4.48199
log2,20,4,1,Linear (x1),10,0.5,0.54,-0.0004,0.0995,4.37765,5.48951
log2,20,4,1,Linear (x1),11,0.54,0.58,0.0995,0.1993,4.29787,4.76297
log2,20,4,1,Linear (x1),12,0.58,0.62,0.1993,0.2992,4.51697,5.83296
log2,20,4,1,Linear (x1),13,0.62,0.66,0.2992,0.3991,4.55303,4.9945
log2,20,4,1,Linear (x1),14,0.66,0.7,0.3991,0.4989,4.80512,6.3343
log2,20,4,1,Linear (x1),15,0.7,0.74,0.4989,0.5988,4.64297,5.29722
log2,20,4,1,Linear (x1),16,0.74,0.78,0.5988,0.6986,4.12028,4.73982
log2,20,4,1,Linear (x1),17,0.78,0.82,0.6986,0.7985,4.00959,4.56169
log2,20,4,1,Linear (x1),18,0.82,0.86,0.7985,0.8984,4.25938,4.79642
log2,20,4,1,Linear (x1),19,0.86,0.9,0.8984,0.9982,4.18025,4.92567
log2,20,5,0,Log (x0),0,0.1,0.14,-0.9989,-0.899,22.7798,5.9353
log2,20,5,0,Log (x0),1,0.14,0.18,-0.899,-0.7991,10.86612,4.01699
log2,20,5,0,Log (x0),2,0.18,0.22,-0.7991,-0.6992,8.66478,4.05349
log2,20,5,0,Log (x0),3,0.22,0.26,-0.6992,-0.5993,6.99628,4.07789
log2,20,5,0,Log (x0),4,0.26,0.3,-0.5993,-0.4994,6.52043,4.43668
log2,20,5,0,Log (x0),5,0.3,0.34,-0.4994,-0.3996,5.62863,4.36518
log2,20,5,0,Log (x0),6,0.34,0.38,-0.3996,-0.2997,4.9667,4.34019
log2,20,5,0,Log (x0),7,0.38,0.42,-0.2997,-0.1998,4.60673,4.59867
log2,20,5,0,Log (x0),8,0.42,0.46,-0.1998,-0.0999,3.88859,4.19088
log2,20,5,0,Log (x0),9,0.46,0.5,-0.0999,-0.0,4.31795,5.1357
log2,20,5,0,Log (x0),10,0.5,0.54,-0.0,0.0999,3.55813,4.56686
log2,20,5,0,Log (x0),11,0.54,0.58,0.0999,0.1998,3.04447,4.24986
log2,20,5,0,Log (x0),12,0.58,0.62,0.1998,0.2996,2.88853,4.32452
log2,20,5,0,Log (x0),13,0.62,0.66,0.2996,0.3995,2.59004,4.12448
log2,20,5,0,Log (x0),14,0.66,0.7,0.3995,0.4994,2.74764,4.61748
log2,20,5,0,Log (x0),15,0.7,0.74,0.4994,0.5993,2.46282,4.45775
log2,20,5,0,Log (x0),16,0.74,0.78,0.5993,0.6992,2.08929,3.90422
log2,20,5,0,Log (x0),17,0.78,0.82,0.6992,0.7991,2.13035,4.33989
log2,20,5,0,Log (x0),18,0.82,0.86,0.7991,0.899,2.13223,4.37839
log2,20,5,0,Log (x0),19,0.86,0.9,0.899,0.9988,2.48729,4.32764
log2,20,5,1,Linear (x1),0,0.1,0.14,-0.999,-0.8991,5.20583,5.86415
log2,20,5,1,Linear (x1),1,0.14,0.18,-0.8991,-0.7992,4.4918,4.53092
log2,20,5,1,Linear (x1),2,0.18,0.22,-0.7992,-0.6994,4.40027,3.72583
log2,20,5,1,Linear (x1),3,0.22,0.26,-0.6994,-0.5995,4.01358,3.48506
log2,20,5,1,Linear (x1),4,0.26,0.3,-0.5995,-0.4997,3.95727,3.08473
log2,20,5,1,Linear (x1),5,0.3,0.34,-0.4997,-0.3998,4.17556,3.93544
log2,20,5,1,Linear (x1),6,0.34,0.38,-0.3998,-0.3,4.3662,3.95387
log2,20,5,1,Linear (x1),7,0.38,0.42,-0.3,-0.2001,4.23335,3.90072
log2,20,5,1,Linear (x1),8,0.42,0.46,-0.2001,-0.1002,4.19243,3.51572
log2,20,5,1,Linear (x1),9,0.46,0.5,-0.1002,-0.0004,3.94624,3.50467
log2,20,5,1,Linear (x1),10,0.5,0.54,-0.0004,0.0995,4.3323,4.44889
log2,20,5,1,Linear (x1),11,0.54,0.58,0.0995,0.1993,4.25505,3.58665
log2,20,5,1,Linear (x1),12,0.58,0.62,0.1993,0.2992,4.4643,4.77472
log2,20,5,1,Linear (x1),13,0.62,0.66,0.2992,0.3991,4.50886,3.98622
log2,20,5,1,Linear (x1),14,0.66,0.7,0.3991,0.4989,4.74615,5.24759
log2,20,5,1,Linear (x1),15,0.7,0.74,0.4989,0.5988,4.58864,4.18753
log2,20,5,1,Linear (x1),16,0.74,0.78,0.5988,0.6986,4.08458,3.85025
log2,20,5,1,Linear (x1),17,0.78,0.82,0.6986,0.7985,3.97692,3.78767
log2,20,5,1,Linear (x1),18,0.82,0.86,0.7985,0.8984,4.21388,4.01864
log2,20,5,1,Linear (x1),19,0.86,0.9,0.8984,0.9982,4.14007,4.58458
conditional,3,2,0,Conditional (x0),0,0.1,0.3667,-0.9989,-0.333,6.93865,3.42404
conditional,3,2,0,Conditional (x0),1,0.3667,0.6333,-0.333,0.3329,4.34836,4.16633
conditional,3,2,0,Conditional (x0),2,0.6333,0.9,0.3329,0.9988,0.3415,4.37093
conditional,3,2,1,Linear (x1),0,0.1,0.3667,-0.999,-0.3332,3.96039,3.46102
conditional,3,2,1,Linear (x1),1,0.3667,0.6333,-0.3332,0.3325,4.02174,3.69022
conditional,3,2,1,Linear (x1),2,0.6333,0.9,0.3325,0.9982,4.05539,3.7218
conditional,3,3,0,Conditional (x0),0,0.1,0.3667,-0.9989,-0.333,7.21582,3.36483
conditional,3,3,0,Conditional (x0),1,0.3667,0.6333,-0.333,0.3329,4.22186,4.17839
conditional,3,3,0,Conditional (x0),2,0.6333,0.9,0.3329,0.9988,0.58553,4.36539
conditional,3,3,1,Linear (x1),0,0.1,0.3667,-0.999,-0.3332,3.96423,3.36727
conditional,3,3,1,Linear (x1),1,0.3667,0.6333,-0.3332,0.3325,4.02149,3.66584
conditional,3,3,1,Linear (x1),2,0.6333,0.9,0.3325,0.9982,4.05645,3.73125
conditional,3,4,0,Conditional (x0),0,0.1,0.3667,-0.9989,-0.333,6.97414,3.42195
conditional,3,4,0,Conditional (x0),1,0.3667,0.6333,-0.333,0.3329,4.31072,4.17116
conditional,3,4,0,Conditional (x0),2,0.6333,0.9,0.3329,0.9988,0.50069,4.36936
conditional,3,4,1,Linear (x1),0,0.1,0.3667,-0.999,-0.3332,3.96253,3.42134
conditional,3,4,1,Linear (x1),1,0.3667,0.6333,-0.3332,0.3325,4.02453,3.66274
conditional,3,4,1,Linear (x1),2,0.6333,0.9,0.3325,0.9982,4.04771,3.79887
conditional,3,5,0,Conditional (x0),0,0.1,0.3667,-0.9989,-0.333,7.05823,3.40281
conditional,3,5,0,Conditional (x0),1,0.3667,0.6333,-0.333,0.3329,4.27001,4.17511
conditional,3,5,0,Conditional (x0),2,0.6333,0.9,0.3329,0.9988,0.5179,4.36761
conditional,3,5,1,Linear (x1),0,0.1,0.3667,-0.999,-0.3332,3.95599,3.48125
conditional,3,5,1,Linear (x1),1,0.3667,0.6333,-0.3332,0.3325,4.02083,3.68673
conditional,3,5,1,Linear (x1),2,0.6333,0.9,0.3325,0.9982,4.05325,3.75045
conditional,5,2,0,Conditional (x0),0,0.1,0.26,-0.9989,-0.5993,7.52361,3.7558
conditional,5,2,0,Conditional (x0),1,0.26,0.42,-0.5993,-0.1998,8.36163,4.07418
conditional,5,2,0,Conditional (x0),2,0.42,0.58,-0.1998,0.1998,4.69941,4.41554
conditional,5,2,0,Conditional (x0),3,0.58,0.74,0.1998,0.5993,0.47223,4.43001
conditional,5,2,0,Conditional (x0),4,0.74,0.9,0.5993,0.9988,0.12211,4.28626
conditional,5,2,1,Linear (x1),0,0.1,0.26,-0.999,-0.5995,4.1088,3.6004
conditional,5,2,1,Linear (x1),1,0.26,0.42,-0.5995,-0.2001,4.07725,3.6063
conditional,5,2,1,Linear (x1),2,0.42,0.58,-0.2001,0.1993,4.09138,3.69396
conditional,5,2,1,Linear (x1),3,0.58,0.74,0.1993,0.5988,4.44324,4.11279
conditional,5,2,1,Linear (x1),4,0.74,0.9,0.5988,0.9982,4.05301,3.82022
conditional,5,3,0,Conditional (x0),0,0.1,0.26,-0.9989,-0.5993,7.29318,3.77386
conditional,5,3,0,Conditional (x0),1,0.26,0.42,-0.5993,-0.1998,8.82811,4.02906
conditional,5,3,0,Conditional (x0),2,0.42,0.58,-0.1998,0.1998,4.33284,4.43134
conditional,5,3,0,Conditional (x0),3,0.58,0.74,0.1998,0.5993,0.65239,4.43476
conditional,5,3,0,Conditional (x0),4,0.74,0.9,0.5993,0.9988,0.36219,4.28639
conditional,5,3,1,Linear (x1),0,0.1,0.26,-0.999,-0.5995,4.11014,3.48465
conditional,5,3,1,Linear (x1),1,0.26,0.42,-0.5995,-0.2001,4.07649,3.59822
conditional,5,3,1,Linear (x1),2,0.42,0.58,-0.2001,0.1993,4.09104,3.70829
conditional,5,3,1,Linear (x1),3,0.58,0.74,0.1993,0.5988,4.4454,4.11986
conditional,5,3,1,Linear (x1),4,0.74,0.9,0.5988,0.9982,4.05292,3.82029
conditional,5,4,0,Conditional (x0),0,0.1,0.26,-0.9989,-0.5993,7.60355,3.74559
conditional,5,4,0,Conditional (x0),1,0.26,0.42,-0.5993,-0.1998,8.52759,4.06092
conditional,5,4,0,Conditional (x0),2,0.42,0.58,-0.1998,0.1998,4.54356,4.42094
conditional,5,4,0,Conditional (x0),3,0.58,0.74,0.1998,0.5993,0.36378,4.42867
conditional,5,4,0,Conditional (x0),4,0.74,0.9,0.5993,0.9988,0.34072,4.28319
conditional,5,4,1,Linear (x1),0,0.1,0.26,-0.999,-0.5995,4.10894,3.55957
conditional,5,4,1,Linear (x1),1,0.26,0.42,-0.5995,-0.2001,4.07691,3.61574
conditional,5,4,1,Linear (x1),2,0.42,0.58,-0.2001,0.1993,4.09154,3.67241
conditional,5,4,1,Linear (x1),3,0.58,0.74,0.1993,0.5988,4.44368,4.12991
conditional,5,4,1,Linear (x1),4,0.74,0.9,0.5988,0.9982,4.05534,3.76457
conditional,5,5,0,Conditional (x0),0,0.1,0.26,-0.9989,-0.5993,7.39565,3.76398
conditional,5,5,0,Conditional (x0),1,0.26,0.42,-0.5993,-0.1998,8.76044,4.0365
conditional,5,5,0,Conditional (x0),2,0.42,0.58,-0.1998,0.1998,4.38501,4.4286
conditional,5,5,0,Conditional (x0),3,0.58,0.74,0.1998,0.5993,0.555,4.43358
conditional,5,5,0,Conditional (x0),4,0.74,0.9,0.5993,0.9988,0.24872,4.28651
conditional,5,5,1,Linear (x1),0,0.1,0.26,-0.999,-0.5995,4.1102,3.48692
conditional,5,5,1,Linear (x1),1,0.26,0.42,-0.5995,-0.2001,4.07495,3.63605
conditional,5,5,1,Linear (x1),2,0.42,0.58,-0.2001,0.1993,4.09206,3.68581
conditional,5,5,1,Linear (x1),3,0.58,0.74,0.1993,0.5988,4.44486,4.12258
conditional,5,5,1,Linear (x1),4,0.74,0.9,0.5988,0.9982,4.05184,3.8295
conditional,7,2,0,Conditional (x0),0,0.1,0.2143,-0.9989,-0.7135,7.85607,3.88908
conditional,7,2,0,Conditional (x0),1,0.2143,0.3286,-0.7135,-0.4281,8.26888,4.13352
conditional,7,2,0,Conditional (x0),2,0.3286,0.4429,-0.4281,-0.1427,9.06073,4.45391
conditional,7,2,0,Conditional (x0),3,0.4429,0.5571,-0.1427,0.1427,4.88777,4.47155
conditional,7,2,0,Conditional (x0),4,0.5571,0.6714,0.1427,0.4281,0.54465,4.30438
conditional,7,2,0,Conditional (x0),5,0.6714,0.7857,0.4281,0.7135,0.20036,4.3584
conditional,7,2,0,Conditional (x0),6,0.7857,0.9,0.7135,0.9988,0.32812,4.34592
conditional,7,2,1,Linear (x1),0,0.1,0.2143,-0.999,-0.7137,4.12642,3.27861
conditional,7,2,1,Linear (x1),1,0.2143,0.3286,-0.7137,-0.4283,4.01764,3.59059
conditional,7,2,1,Linear (x1),2,0.3286,0.4429,-0.4283,-0.143,4.38426,3.88641
conditional,7,2,1,Linear (x1),3,0.4429,0.5571,-0.143,0.1423,4.17647,3.82998
conditional,7,2,1,Linear (x1),4,0.5571,0.6714,0.1423,0.4276,4.22936,3.90358
conditional,7,2,1,Linear (x1),5,0.6714,0.7857,0.4276,0.7129,4.30233,3.94221
conditional,7,2,1,Linear (x1),6,0.7857,0.9,0.7129,0.9982,4.11902,3.93373
conditional,7,3,0,Conditional (x0),0,0.1,0.2143,-0.9989,-0.7135,7.94849,3.8857
conditional,7,3,0,Conditional (x0),1,0.2143,0.3286,-0.7135,-0.4281,7.77674,4.14598
conditional,7,3,0,Conditional (x0),2,0.3286,0.4429,-0.4281,-0.1427,9.69326,4.432
conditional,7,3,0,Conditional (x0),3,0.4429,0.5571,-0.1427,0.1427,4.35747,4.49429
conditional,7,3,0,Conditional (x0),4,0.5571,0.6714,0.1427,0.4281,0.49581,4.29807
conditional,7,3,0,Conditional (x0),5,0.6714,0.7857,0.4281,0.7135,0.50258,4.36203
conditional,7,3,0,Conditional (x0),6,0.7857,0.9,0.7135,0.9988,0.46517,4.34031
conditional,7,3,1,Linear (x1),0,0.1,0.2143,-0.999,-0.7137,4.12509,3.50736
conditional,7,3,1,Linear (x1),1,0.2143,0.3286,-0.7137,-0.4283,4.02107,3.40616
conditional,7,3,1,Linear (x1),2,0.3286,0.4429,-0.4283,-0.143,4.38353,4.04166
conditional,7,3,1,Linear (x1),3,0.4429,0.5571,-0.143,0.1423,4.1789,3.73251
conditional,7,3,1,Linear (x1),4,0.5571,0.6714,0.1423,0.4276,4.22819,3.96045
conditional,7,3,1,Linear (x1),5,0.6714,0.7857,0.4276,0.7129,4.30248,3.89575
conditional,7,3,1,Linear (x1),6,0.7857,0.9,0.7129,0.9982,4.12156,3.89756
conditional,7,4,0,Conditional (x0),0,0.1,0.2143,-0.9989,-0.7135,7.88801,3.88766
conditional,7,4,0,Conditional (x0),1,0.2143,0.3286,-0.7135,-0.4281,8.11093,4.1388
conditional,7,4,0,Conditional (x0),2,0.3286,0.4429,-0.4281,-0.1427,9.36626,4.44193
conditional,7,4,0,Conditional (x0),3,0.4429,0.5571,-0.1427,0.1427,4.71439,4.47767
conditional,7,4,0,Conditional (x0),4,0.5571,0.6714,0.1427,0.4281,0.61545,4.30224
conditional,7,4,0,Conditional (x0),5,0.6714,0.7857,0.4281,0.7135,0.33564,4.35971
conditional,7,4,0,Conditional (x0),6,0.7857,0.9,0.7135,0.9988,0.32724,4.34295
conditional,7,4,1,Linear (x1),0,0.1,0.2143,-0.999,-0.7137,4.12366,3.55999
conditional,7,4,1,Linear (x1),1,0.2143,0.3286,-0.7137,-0.4283,4.01977,3.46189
conditional,7,4,1,Linear (x1),2,0.3286,0.4429,-0.4283,-0.143,4.38435,3.96571
conditional,7,4,1,Linear (x1),3,0.4429,0.5571,-0.143,0.1423,4.17681,3.80556
conditional,7,4,1,Linear (x1),4,0.5571,0.6714,0.1423,0.4276,4.22953,3.8857
conditional,7,4,1,Linear (x1),5,0.6714,0.7857,0.4276,0.7129,4.30239,3.95281
conditional,7,4,1,Linear (x1),6,0.7857,0.9,0.7129,0.9982,4.12048,3.88353
conditional,7,5,0,Conditional (x0),0,0.1,0.2143,-0.9989,-0.7135,7.97514,3.88288
conditional,7,5,0,Conditional (x0),1,0.2143,0.3286,-0.7135,-0.4281,7.86852,4.1445
conditional,7,5,0,Conditional (x0),2,0.3286,0.4429,-0.4281,-0.1427,9.62613,4.43345
conditional,7,5,0,Conditional (x0),3,0.4429,0.5571,-0.1427,0.1427,4.46726,4.4888
conditional,7,5,0,Conditional (x0),4,0.5571,0.6714,0.1427,0.4281,0.51274,4.29949
conditional,7,5,0,Conditional (x0),5,0.6714,0.7857,0.4281,0.7135,0.39139,4.36135
conditional,7,5,0,Conditional (x0),6,0.7857,0.9,0.7135,0.9988,0.26413,4.34238
conditional,7,5,1,Linear (x1),0,0.1,0.2143,-0.999,-0.7137,4.12466,3.5033
conditional,7,5,1,Linear (x1),1,0.2143,0.3286,-0.7137,-0.4283,4.02023,3.44516
conditional,7,5,1,Linear (x1),2,0.3286,0.4429,-0.4283,-0.143,4.38377,4.00507
conditional,7,5,1,Linear (x1),3,0.4429,0.5571,-0.143,0.1423,4.17713,3.79237
conditional,7,5,1,Linear (x1),4,0.5571,0.6714,0.1423,0.4276,4.22933,3.88467
conditional,7,5,1,Linear (x1),5,0.6714,0.7857,0.4276,0.7129,4.3023,3.96931
conditional,7,5,1,Linear (x1),6,0.7857,0.9,0.7129,0.9982,4.12268,3.825
conditional,10,2,0,Conditional (x0),0,0.1,0.18,-0.9989,-0.7991,8.18082,4.12485
conditional,10,2,0,Conditional (x0),1,0.18,0.26,-0.7991,-0.5993,8.25915,4.05365
conditional,10,2,0,Conditional (x0),2,0.26,0.34,-0.5993,-0.3996,8.34425,4.28162
conditional,10,2,0,Conditional (x0),3,0.34,0.42,-0.3996,-0.1998,9.36497,4.41634
conditional,10,2,0,Conditional (x0),4,0.42,0.5,-0.1998,-0.0,7.70747,4.64836
conditional,10,2,0,Conditional (x0),5,0.5,0.58,-0.0,0.1998,1.7731,4.36753
conditional,10,2,0,Conditional (x0),6,0.58,0.66,0.1998,0.3995,0.79135,4.25332
conditional,10,2,0,Conditional (x0),7,0.66,0.74,0.3995,0.5993,0.44754,4.54596
conditional,10,2,0,Conditional (x0),8,0.74,0.82,0.5993,0.7991,0.11702,4.17525
conditional,10,2,0,Conditional (x0),9,0.82,0.9,0.7991,0.9988,0.29789,4.3722
conditional,10,2,1,Linear (x1),0,0.1,0.18,-0.999,-0.7992,4.1048,3.23689
conditional,10,2,1,Linear (x1),1,0.18,0.26,-0.7992,-0.5995,4.13084,3.67236
conditional,10,2,1,Linear (x1),2,0.26,0.34,-0.5995,-0.3998,4.0184,3.39585
conditional,10,2,1,Linear (x1),3,0.34,0.42,-0.3998,-0.2001,4.31164,3.96955
conditional,10,2,1,Linear (x1),4,0.42,0.5,-0.2001,-0.0004,4.02109,3.58541
conditional,10,2,1,Linear (x1),5,0.5,0.58,-0.0004,0.1993,4.33873,4.02327
conditional,10,2,1,Linear (x1),6,0.58,0.66,0.1993,0.3991,4.47831,4.02668
conditional,10,2,1,Linear (x1),7,0.66,0.74,0.3991,0.5988,4.709,4.6172
conditional,10,2,1,Linear (x1),8,0.74,0.82,0.5988,0.7985,4.07265,3.69336
conditional,10,2,1,Linear (x1),9,0.82,0.9,0.7985,0.9982,4.08801,4.28967
conditional,10,3,0,Conditional (x0),0,0.1,0.18,-0.9989,-0.7991,8.14743,4.12656
conditional,10,3,0,Conditional (x0),1,0.18,0.26,-0.7991,-0.5993,7.91633,4.0566
conditional,10,3,0,Conditional (x0),2,0.26,0.34,-0.5993,-0.3996,8.77157,4.26889
conditional,10,3,0,Conditional (x0),3,0.34,0.42,-0.3996,-0.1998,8.75676,4.42961
conditional,10,3,0,Conditional (x0),4,0.42,0.5,-0.1998,-0.0,8.81341,4.62907
conditional,10,3,0,Conditional (x0),5,0.5,0.58,-0.0,0.1998,0.92532,4.35486
conditional,10,3,0,Conditional (x0),6,0.58,0.66,0.1998,0.3995,0.24627,4.25552
conditional,10,3,0,Conditional (x0),7,0.66,0.74,0.3995,0.5993,0.32013,4.55279
conditional,10,3,0,Conditional (x0),8,0.74,0.82,0.5993,0.7991,0.36265,4.1743
conditional,10,3,0,Conditional (x0),9,0.82,0.9,0.7991,0.9988,0.71651,4.36444
conditional,10,3,1,Linear (x1),0,0.1,0.18,-0.999,-0.7992,4.10156,3.59998
conditional,10,3,1,Linear (x1),1,0.18,0.26,-0.7992,-0.5995,4.13195,3.43745
conditional,10,3,1,Linear (x1),2,0.26,0.34,-0.5995,-0.3998,4.01626,3.51239
conditional,10,3,1,Linear (x1),3,0.34,0.42,-0.3998,-0.2001,4.31336,3.93515
conditional,10,3,1,Linear (x1),4,0.42,0.5,-0.2001,-0.0004,4.02153,3.52334
conditional,10,3,1,Linear (x1),5,0.5,0.58,-0.0004,0.1993,4.33984,4.05458
conditional,10,3,1,Linear (x1),6,0.58,0.66,0.1993,0.3991,4.47911,4.04025
conditional,10,3,1,Linear (x1),7,0.66,0.74,0.3991,0.5988,4.70983,4.63847
conditional,10,3,1,Linear (x1),8,0.74,0.82,0.5988,0.7985,4.07194,3.67504
conditional,10,3,1,Linear (x1),9,0.82,0.9,0.7985,0.9982,4.09808,3.96981
conditional,10,4,0,Conditional (x0),0,0.1,0.18,-0.9989,-0.7991,8.44559,4.11591
conditional,10,4,0,Conditional (x0),1,0.18,0.26,-0.7991,-0.5993,8.13187,4.05664
conditional,10,4,0,Conditional (x0),2,0.26,0.34,-0.5993,-0.3996,8.32479,4.28282
conditional,10,4,0,Conditional (x0),3,0.34,0.42,-0.3996,-0.1998,9.33473,4.41697
conditional,10,4,0,Conditional (x0),4,0.42,0.5,-0.1998,-0.0,8.01375,4.643
conditional,10,4,0,Conditional (x0),5,0.5,0.58,-0.0,0.1998,1.45238,4.3638
conditional,10,4,0,Conditional (x0),6,0.58,0.66,0.1998,0.3995,0.57131,4.25416
conditional,10,4,0,Conditional (x0),7,0.66,0.74,0.3995,0.5993,0.34798,4.54706
conditional,10,4,0,Conditional (x0),8,0.74,0.82,0.5993,0.7991,0.11692,4.17363
conditional,10,4,0,Conditional (x0),9,0.82,0.9,0.7991,0.9988,0.13469,4.37368
conditional,10,4,1,Linear (x1),0,0.1,0.18,-0.999,-0.7992,4.09814,4.06361
conditional,10,4,1,Linear (x1),1,0.18,0.26,-0.7992,-0.5995,4.13182,3.45246
conditional,10,4,1,Linear (x1),2,0.26,0.34,-0.5995,-0.3998,4.01631,3.52223
conditional,10,4,1,Linear (x1),3,0.34,0.42,-0.3998,-0.2001,4.31267,3.88605
conditional,10,4,1,Linear (x1),4,0.42,0.5,-0.2001,-0.0004,4.02012,3.60677
conditional,10,4,1,Linear (x1),5,0.5,0.58,-0.0004,0.1993,4.33849,4.0218
conditional,10,4,1,Linear (x1),6,0.58,0.66,0.1993,0.3991,4.47883,4.04877
conditional,10,4,1,Linear (x1),7,0.66,0.74,0.3991,0.5988,4.70875,4.57224
conditional,10,4,1,Linear (x1),8,0.74,0.82,0.5988,0.7985,4.07216,3.6846
conditional,10,4,1,Linear (x1),9,0.82,0.9,0.7985,0.9982,4.09859,3.9556
conditional,10,5,0,Conditional (x0),0,0.1,0.18,-0.9989,-0.7991,8.18778,4.12479
conditional,10,5,0,Conditional (x0),1,0.18,0.26,-0.7991,-0.5993,7.90348,4.05661
conditional,10,5,0,Conditional (x0),2,0.26,0.34,-0.5993,-0.3996,8.81849,4.26741
conditional,10,5,0,Conditional (x0),3,0.34,0.42,-0.3996,-0.1998,8.76341,4.42845
conditional,10,5,0,Conditional (x0),4,0.42,0.5,-0.1998,-0.0,8.71471,4.63082
conditional,10,5,0,Conditional (x0),5,0.5,0.58,-0.0,0.1998,0.99724,4.35605
conditional,10,5,0,Conditional (x0),6,0.58,0.66,0.1998,0.3995,0.25349,4.2556
conditional,10,5,0,Conditional (x0),7,0.66,0.74,0.3995,0.5993,0.29499,4.55256
conditional,10,5,0,Conditional (x0),8,0.74,0.82,0.5993,0.7991,0.30951,4.17457
conditional,10,5,0,Conditional (x0),9,0.82,0.9,0.7991,0.9988,0.51869,4.36715
conditional,10,5,1,Linear (x1),0,0.1,0.18,-0.999,-0.7992,4.10225,3.52758
conditional,10,5,1,Linear (x1),1,0.18,0.26,-0.7992,-0.5995,4.1315,3.52788
conditional,10,5,1,Linear (x1),2,0.26,0.34,-0.5995,-0.3998,4.0174,3.45194
conditional,10,5,1,Linear (x1),3,0.34,0.42,-0.3998,-0.2001,4.31301,3.93306
conditional,10,5,1,Linear (x1),4,0.42,0.5,-0.2001,-0.0004,4.02045,3.57511
conditional,10,5,1,Linear (x1),5,0.5,0.58,-0.0004,0.1993,4.33971,3.96514
conditional,10,5,1,Linear (x1),6,0.58,0.66,0.1993,0.3991,4.48127,4.15691
conditional,10,5,1,Linear (x1),7,0.66,0.74,0.3991,0.5988,4.70798,4.50274
conditional,10,5,1,Linear (x1),8,0.74,0.82,0.5988,0.7985,4.07171,3.74121
conditional,10,5,1,Linear (x1),9,0.82,0.9,0.7985,0.9982,4.09797,3.96366
conditional,15,2,0,Conditional (x0),0,0.1,0.1533,-0.9989,-0.8657,9.28826,4.53383
conditional,15,2,0,Conditional (x0),1,0.1533,0.2067,-0.8657,-0.7325,7.88482,3.89464
conditional,15,2,0,Conditional (x0),2,0.2067,0.26,-0.7325,-0.5993,8.42673,4.23958
conditional,15,2,0,Conditional (x0),3,0.26,0.3133,-0.5993,-0.4661,8.60796,4.25894
conditional,15,2,0,Conditional (x0),4,0.3133,0.3667,-0.4661,-0.333,9.13988,4.54406
conditional,15,2,0,Conditional (x0),5,0.3667,0.42,-0.333,-0.1998,8.82871,4.43396
conditional,15,2,0,Conditional (x0),6,0.42,0.4733,-0.1998,-0.0666,9.37535,4.61358
conditional,15,2,0,Conditional (x0),7,0.4733,0.5267,-0.0666,0.0666,5.53457,4.66555
conditional,15,2,0,Conditional (x0),8,0.5267,0.58,0.0666,0.1998,0.69835,4.23081
conditional,15,2,0,Conditional (x0),9,0.58,0.6333,0.1998,0.3329,0.37491,4.30088
conditional,15,2,0,Conditional (x0),10,0.6333,0.6867,0.3329,0.4661,0.16355,4.57954
conditional,15,2,0,Conditional (x0),11,0.6867,0.74,0.4661,0.5993,0.08402,4.41345
conditional,15,2,0,Conditional (x0),12,0.74,0.7933,0.5993,0.7325,0.04641,4.12338
conditional,15,2,0,Conditional (x0),13,0.7933,0.8467,0.7325,0.8657,0.05978,4.3774
conditional,15,2,0,Conditional (x0),14,0.8467,0.9,0.8657,0.9988,0.18115,4.35167
conditional,15,2,1,Linear (x1),0,0.1,0.1533,-0.999,-0.8658,4.15077,3.70647
conditional,15,2,1,Linear (x1),1,0.1533,0.2067,-0.8658,-0.7327,4.15068,3.68992
conditional,15,2,1,Linear (x1),2,0.2067,0.26,-0.7327,-0.5995,4.08801,3.59377
conditional,15,2,1,Linear (x1),3,0.26,0.3133,-0.5995,-0.4664,3.95681,3.40832
conditional,15,2,1,Linear (x1),4,0.3133,0.3667,-0.4664,-0.3332,4.37368,4.16596
conditional,15,2,1,Linear (x1),5,0.3667,0.42,-0.3332,-0.2001,4.14478,3.56685
conditional,15,2,1,Linear (x1),6,0.42,0.4733,-0.2001,-0.0669,4.06067,3.43316
conditional,15,2,1,Linear (x1),7,0.4733,0.5267,-0.0669,0.0662,4.31187,4.27252
conditional,15,2,1,Linear (x1),8,0.5267,0.58,0.0662,0.1993,4.31837,3.87317
conditional,15,2,1,Linear (x1),9,0.58,0.6333,0.1993,0.3325,4.53339,4.59322
conditional,15,2,1,Linear (x1),10,0.6333,0.6867,0.3325,0.4656,4.21337,3.71553
conditional,15,2,1,Linear (x1),11,0.6867,0.74,0.4656,0.5988,4.69974,4.39709
conditional,15,2,1,Linear (x1),12,0.74,0.7933,0.5988,0.7319,4.10709,3.59497
conditional,15,2,1,Linear (x1),13,0.7933,0.8467,0.7319,0.8651,4.05248,3.75678
conditional,15,2,1,Linear (x1),14,0.8467,0.9,0.8651,0.9982,4.1824,4.37302
conditional,15,3,0,Conditional (x0),0,0.1,0.1533,-0.9989,-0.8657,8.76905,4.54575
conditional,15,3,0,Conditional (x0),1,0.1533,0.2067,-0.8657,-0.7325,7.48701,3.89475
conditional,15,3,0,Conditional (x0),2,0.2067,0.26,-0.7325,-0.5993,8.64983,4.2419
conditional,15,3,0,Conditional (x0),3,0.26,0.3133,-0.5993,-0.4661,8.45168,4.2601
conditional,15,3,0,Conditional (x0),4,0.3133,0.3667,-0.4661,-0.333,9.28549,4.54169
conditional,15,3,0,Conditional (x0),5,0.3667,0.42,-0.333,-0.1998,8.52859,4.43832
conditional,15,3,0,Conditional (x0),6,0.42,0.4733,-0.1998,-0.0666,10.04311,4.61723
conditional,15,3,0,Conditional (x0),7,0.4733,0.5267,-0.0666,0.0666,4.73109,4.67608
conditional,15,3,0,Conditional (x0),8,0.5267,0.58,0.0666,0.1998,0.37155,4.24
conditional,15,3,0,Conditional (x0),9,0.58,0.6333,0.1998,0.3329,0.23322,4.29936
conditional,15,3,0,Conditional (x0),10,0.6333,0.6867,0.3329,0.4661,0.14889,4.57919
conditional,15,3,0,Conditional (x0),11,0.6867,0.74,0.4661,0.5993,0.21846,4.41296
conditional,15,3,0,Conditional (x0),12,0.74,0.7933,0.5993,0.7325,0.24458,4.12211
conditional,15,3,0,Conditional (x0),13,0.7933,0.8467,0.7325,0.8657,0.31222,4.37696
conditional,15,3,0,Conditional (x0),14,0.8467,0.9,0.8657,0.9988,1.34691,4.34847
conditional,15,3,1,Linear (x1),0,0.1,0.1533,-0.999,-0.8658,4.1506,3.29927
conditional,15,3,1,Linear (x1),1,0.1533,0.2067,-0.8658,-0.7327,4.15144,3.7387
conditional,15,3,1,Linear (x1),2,0.2067,0.26,-0.7327,-0.5995,4.08837,3.60685
conditional,15,3,1,Linear (x1),3,0.26,0.3133,-0.5995,-0.4664,3.95869,3.29734
conditional,15,3,1,Linear (x1),4,0.3133,0.3667,-0.4664,-0.3332,4.37499,4.12803
conditional,15,3,1,Linear (x1),5,0.3667,0.42,-0.3332,-0.2001,4.14427,3.57122
conditional,15,3,1,Linear (x1),6,0.42,0.4733,-0.2001,-0.0669,4.06023,3.50974
conditional,15,3,1,Linear (x1),7,0.4733,0.5267,-0.0669,0.0662,4.3117,4.12639
conditional,15,3,1,Linear (x1),8,0.5267,0.58,0.0662,0.1993,4.3191,3.92676
conditional,15,3,1,Linear (x1),9,0.58,0.6333,0.1993,0.3325,4.53352,4.54945
conditional,15,3,1,Linear (x1),10,0.6333,0.6867,0.3325,0.4656,4.21234,3.76461
conditional,15,3,1,Linear (x1),11,0.6867,0.74,0.4656,0.5988,4.7002,4.47252
conditional,15,3,1,Linear (x1),12,0.74,0.7933,0.5988,0.7319,4.10817,3.61963
conditional,15,3,1,Linear (x1),13,0.7933,0.8467,0.7319,0.8651,4.05221,3.82456
conditional,15,3,1,Linear (x1),14,0.8467,0.9,0.8651,0.9982,4.19157,4.02671
conditional,15,4,0,Conditional (x0),0,0.1,0.1533,-0.9989,-0.8657,9.17601,4.53553
conditional,15,4,0,Conditional (x0),1,0.1533,0.2067,-0.8657,-0.7325,7.89806,3.89455
conditional,15,4,0,Conditional (x0),2,0.2067,0.26,-0.7325,-0.5993,8.49121,4.24093
conditional,15,4,0,Conditional (x0),3,0.26,0.3133,-0.5993,-0.4661,8.51574,4.25981
conditional,15,4,0,Conditional (x0),4,0.3133,0.3667,-0.4661,-0.333,9.24891,4.54142
conditional,15,4,0,Conditional (x0),5,0.3667,0.42,-0.333,-0.1998,8.65271,4.43755
conditional,15,4,0,Conditional (x0),6,0.42,0.4733,-0.1998,-0.0666,9.70884,4.61256
conditional,15,4,0,Conditional (x0),7,0.4733,0.5267,-0.0666,0.0666,5.48965,4.66735
conditional,15,4,0,Conditional (x0),8,0.5267,0.58,0.0666,0.1998,0.85443,4.23191
conditional,15,4,0,Conditional (x0),9,0.58,0.6333,0.1998,0.3329,0.57474,4.29929
conditional,15,4,0,Conditional (x0),10,0.6333,0.6867,0.3329,0.4661,0.29377,4.58109
conditional,15,4,0,Conditional (x0),11,0.6867,0.74,0.4661,0.5993,0.19258,4.41284
conditional,15,4,0,Conditional (x0),12,0.74,0.7933,0.5993,0.7325,0.25496,4.12197
conditional,15,4,0,Conditional (x0),13,0.7933,0.8467,0.7325,0.8657,0.37915,4.38067
conditional,15,4,0,Conditional (x0),14,0.8467,0.9,0.8657,0.9988,0.94325,4.35672
conditional,15,4,1,Linear (x1),0,0.1,0.1533,-0.999,-0.8658,4.1502,3.20286
conditional,15,4,1,Linear (x1),1,0.1533,0.2067,-0.8658,-0.7327,4.15121,3.92637
conditional,15,4,1,Linear (x1),2,0.2067,0.26,-0.7327,-0.5995,4.09021,3.37745
conditional,15,4,1,Linear (x1),3,0.26,0.3133,-0.5995,-0.4664,3.95546,3.56411
conditional,15,4,1,Linear (x1),4,0.3133,0.3667,-0.4664,-0.3332,4.3768,3.87976
conditional,15,4,1,Linear (x1),5,0.3667,0.42,-0.3332,-0.2001,4.14137,3.87144
conditional,15,4,1,Linear (x1),6,0.42,0.4733,-0.2001,-0.0669,4.06179,3.1793
conditional,15,4,1,Linear (x1),7,0.4733,0.5267,-0.0669,0.0662,4.3114,4.30814
conditional,15,4,1,Linear (x1),8,0.5267,0.58,0.0662,0.1993,4.31903,3.93025
conditional,15,4,1,Linear (x1),9,0.58,0.6333,0.1993,0.3325,4.53336,4.68353
conditional,15,4,1,Linear (x1),10,0.6333,0.6867,0.3325,0.4656,4.21543,3.60092
conditional,15,4,1,Linear (x1),11,0.6867,0.74,0.4656,0.5988,4.70017,4.41629
conditional,15,4,1,Linear (x1),12,0.74,0.7933,0.5988,0.7319,4.10842,3.56964
conditional,15,4,1,Linear (x1),13,0.7933,0.8467,0.7319,0.8651,4.05183,3.9569
conditional,15,4,1,Linear (x1),14,0.8467,0.9,0.8651,0.9982,4.20932,3.37956
conditional,15,5,0,Conditional (x0),0,0.1,0.1533,-0.9989,-0.8657,8.69379,4.54585
conditional,15,5,0,Conditional (x0),1,0.1533,0.2067,-0.8657,-0.7325,7.77512,3.89385
conditional,15,5,0,Conditional (x0),2,0.2067,0.26,-0.7325,-0.5993,8.53781,4.24177
conditional,15,5,0,Conditional (x0),3,0.26,0.3133,-0.5993,-0.4661,8.46171,4.26081
conditional,15,5,0,Conditional (x0),4,0.3133,0.3667,-0.4661,-0.333,9.21253,4.54221
conditional,15,5,0,Conditional (x0),5,0.3667,0.42,-0.333,-0.1998,8.60911,4.43613
conditional,15,5,0,Conditional (x0),6,0.42,0.4733,-0.1998,-0.0666,9.83677,4.6163
conditional,15,5,0,Conditional (x0),7,0.4733,0.5267,-0.0666,0.0666,4.88726,4.67408
conditional,15,5,0,Conditional (x0),8,0.5267,0.58,0.0666,0.1998,0.32638,4.23935
conditional,15,5,0,Conditional (x0),9,0.58,0.6333,0.1998,0.3329,0.13008,4.30037
conditional,15,5,0,Conditional (x0),10,0.6333,0.6867,0.3329,0.4661,0.1023,4.57739
conditional,15,5,0,Conditional (x0),11,0.6867,0.74,0.4661,0.5993,0.1153,4.41537
conditional,15,5,0,Conditional (x0),12,0.74,0.7933,0.5993,0.7325,0.05073,4.12365
conditional,15,5,0,Conditional (x0),13,0.7933,0.8467,0.7325,0.8657,0.09239,4.37905
conditional,15,5,0,Conditional (x0),14,0.8467,0.9,0.8657,0.9988,0.60339,4.3546
conditional,15,5,1,Linear (x1),0,0.1,0.1533,-0.999,-0.8658,4.15116,3.87724
conditional,15,5,1,Linear (x1),1,0.1533,0.2067,-0.8658,-0.7327,4.15238,3.87413
conditional,15,5,1,Linear (x1),2,0.2067,0.26,-0.7327,-0.5995,4.0903,3.47999
conditional,15,5,1,Linear (x1),3,0.26,0.3133,-0.5995,-0.4664,3.9558,3.5329
conditional,15,5,1,Linear (x1),4,0.3133,0.3667,-0.4664,-0.3332,4.37526,3.97357
conditional,15,5,1,Linear (x1),5,0.3667,0.42,-0.3332,-0.2001,4.14372,3.65003
conditional,15,5,1,Linear (x1),6,0.42,0.4733,-0.2001,-0.0669,4.06043,3.54031
conditional,15,5,1,Linear (x1),7,0.4733,0.5267,-0.0669,0.0662,4.3124,4.12916
conditional,15,5,1,Linear (x1),8,0.5267,0.58,0.0662,0.1993,4.31871,3.89563
conditional,15,5,1,Linear (x1),9,0.58,0.6333,0.1993,0.3325,4.5332,4.54699
conditional,15,5,1,Linear (x1),10,0.6333,0.6867,0.3325,0.4656,4.21285,3.72772
conditional,15,5,1,Linear (x1),11,0.6867,0.74,0.4656,0.5988,4.70013,4.44419
conditional,15,5,1,Linear (x1),12,0.74,0.7933,0.5988,0.7319,4.10784,3.53767
conditional,15,5,1,Linear (x1),13,0.7933,0.8467,0.7319,0.8651,4.05141,3.7921
conditional,15,5,1,Linear (x1),14,0.8467,0.9,0.8651,0.9982,4.18352,4.49907
conditional,20,2,0,Conditional (x0),0,0.1,0.14,-0.9989,-0.899,9.79463,4.84211
conditional,20,2,0,Conditional (x0),1,0.14,0.18,-0.899,-0.7991,7.97094,3.93384
conditional,20,2,0,Conditional (x0),2,0.18,0.22,-0.7991,-0.6992,8.25034,4.04285
conditional,20,2,0,Conditional (x0),3,0.22,0.26,-0.6992,-0.5993,7.98743,4.07805
conditional,20,2,0,Conditional (x0),4,0.26,0.3,-0.5993,-0.4994,9.01313,4.4298
conditional,20,2,0,Conditional (x0),5,0.3,0.34,-0.4994,-0.3996,8.73774,4.35235
conditional,20,2,0,Conditional (x0),6,0.34,0.38,-0.3996,-0.2997,8.83554,4.35073
conditional,20,2,0,Conditional (x0),7,0.38,0.42,-0.2997,-0.1998,8.88054,4.54961
conditional,20,2,0,Conditional (x0),8,0.42,0.46,-0.1998,-0.0999,8.69923,4.23901
conditional,20,2,0,Conditional (x0),9,0.46,0.5,-0.0999,-0.0,8.86063,5.11817
conditional,20,2,0,Conditional (x0),10,0.5,0.54,-0.0,0.0999,1.94386,4.5933
conditional,20,2,0,Conditional (x0),11,0.54,0.58,0.0999,0.1998,0.71431,4.26576
conditional,20,2,0,Conditional (x0),12,0.58,0.62,0.1998,0.2996,0.43877,4.33842
conditional,20,2,0,Conditional (x0),13,0.62,0.66,0.2996,0.3995,0.17002,4.1196
conditional,20,2,0,Conditional (x0),14,0.66,0.7,0.3995,0.4994,0.13877,4.63579
conditional,20,2,0,Conditional (x0),15,0.7,0.74,0.4994,0.5993,0.06836,4.48301
conditional,20,2,0,Conditional (x0),16,0.74,0.78,0.5993,0.6992,0.03306,3.92134
conditional,20,2,0,Conditional (x0),17,0.78,0.82,0.6992,0.7991,0.06078,4.38102
conditional,20,2,0,Conditional (x0),18,0.82,0.86,0.7991,0.899,0.13456,4.35887
conditional,20,2,0,Conditional (x0),19,0.86,0.9,0.899,0.9988,0.45178,4.3477
conditional,20,2,1,Linear (x1),0,0.1,0.14,-0.999,-0.8991,4.08648,2.87784
conditional,20,2,1,Linear (x1),1,0.14,0.18,-0.8991,-0.7992,4.12774,4.17116
conditional,20,2,1,Linear (x1),2,0.18,0.22,-0.7992,-0.6994,4.29176,3.33214
conditional,20,2,1,Linear (x1),3,0.22,0.26,-0.6994,-0.5995,4.02495,3.58321
conditional,20,2,1,Linear (x1),4,0.26,0.3,-0.5995,-0.4997,3.96715,3.28383
conditional,20,2,1,Linear (x1),5,0.3,0.34,-0.4997,-0.3998,4.19298,4.08118
conditional,20,2,1,Linear (x1),6,0.34,0.38,-0.3998,-0.3,4.3855,3.98427
conditional,20,2,1,Linear (x1),7,0.38,0.42,-0.3,-0.2001,4.24277,3.78389
conditional,20,2,1,Linear (x1),8,0.42,0.46,-0.2001,-0.1002,4.2103,3.45111
conditional,20,2,1,Linear (x1),9,0.46,0.5,-0.1002,-0.0004,3.95747,3.77741
conditional,20,2,1,Linear (x1),10,0.5,0.54,-0.0004,0.0995,4.36435,4.34014
conditional,20,2,1,Linear (x1),11,0.54,0.58,0.0995,0.1993,4.28619,3.74045
conditional,20,2,1,Linear (x1),12,0.58,0.62,0.1993,0.2992,4.49742,4.73022
conditional,20,2,1,Linear (x1),13,0.62,0.66,0.2992,0.3991,4.53356,3.64056
conditional,20,2,1,Linear (x1),14,0.66,0.7,0.3991,0.4989,4.80332,5.33821
conditional,20,2,1,Linear (x1),15,0.7,0.74,0.4989,0.5988,4.62768,3.98372
conditional,20,2,1,Linear (x1),16,0.74,0.78,0.5988,0.6986,4.11084,3.7351
conditional,20,2,1,Linear (x1),17,0.78,0.82,0.6986,0.7985,4.00386,3.67906
conditional,20,2,1,Linear (x1),18,0.82,0.86,0.7985,0.8984,4.23259,3.69939
conditional,20,2,1,Linear (x1),19,0.86,0.9,0.8984,0.9982,4.15559,4.52124
conditional,20,3,0,Conditional (x0),0,0.1,0.14,-0.9989,-0.899,9.40707,4.85576
conditional,20,3,0,Conditional (x0),1,0.14,0.18,-0.899,-0.7991,7.53408,3.93828
conditional,20,3,0,Conditional (x0),2,0.18,0.22,-0.7991,-0.6992,8.42419,4.04247
conditional,20,3,0,Conditional (x0),3,0.22,0.26,-0.6992,-0.5993,7.9113,4.0778
conditional,20,3,0,Conditional (x0),4,0.26,0.3,-0.5993,-0.4994,9.08137,4.43006
conditional,20,3,0,Conditional (x0),5,0.3,0.34,-0.4994,-0.3996,8.77337,4.35224
conditional,20,3,0,Conditional (x0),6,0.34,0.38,-0.3996,-0.2997,8.67934,4.35074
conditional,20,3,0,Conditional (x0),7,0.38,0.42,-0.2997,-0.1998,9.19213,4.54385
conditional,20,3,0,Conditional (x0),8,0.42,0.46,-0.1998,-0.0999,8.38788,4.23663
conditional,20,3,0,Conditional (x0),9,0.46,0.5,-0.0999,-0.0,9.85751,5.11858
conditional,20,3,0,Conditional (x0),10,0.5,0.54,-0.0,0.0999,1.19955,4.59447
conditional,20,3,0,Conditional (x0),11,0.54,0.58,0.0999,0.1998,0.29104,4.26247
conditional,20,3,0,Conditional (x0),12,0.58,0.62,0.1998,0.2996,0.19426,4.33977
conditional,20,3,0,Conditional (x0),13,0.62,0.66,0.2996,0.3995,0.15362,4.11892
conditional,20,3,0,Conditional (x0),14,0.66,0.7,0.3995,0.4994,0.1489,4.63557
conditional,20,3,0,Conditional (x0),15,0.7,0.74,0.4994,0.5993,0.06898,4.48282
conditional,20,3,0,Conditional (x0),16,0.74,0.78,0.5993,0.6992,0.07502,3.92127
conditional,20,3,0,Conditional (x0),17,0.78,0.82,0.6992,0.7991,0.25825,4.38538
conditional,20,3,0,Conditional (x0),18,0.82,0.86,0.7991,0.899,0.58055,4.3661
conditional,20,3,0,Conditional (x0),19,0.86,0.9,0.899,0.9988,3.24984,4.34673
conditional,20,3,1,Linear (x1),0,0.1,0.14,-0.999,-0.8991,4.08745,2.90954
conditional,20,3,1,Linear (x1),1,0.14,0.18,-0.8991,-0.7992,4.12867,3.94865
conditional,20,3,1,Linear (x1),2,0.18,0.22,-0.7992,-0.6994,4.29306,3.50844
conditional,20,3,1,Linear (x1),3,0.22,0.26,-0.6994,-0.5995,4.02404,3.31661
conditional,20,3,1,Linear (x1),4,0.26,0.3,-0.5995,-0.4997,3.96704,3.24856
conditional,20,3,1,Linear (x1),5,0.3,0.34,-0.4997,-0.3998,4.19316,4.08726
conditional,20,3,1,Linear (x1),6,0.34,0.38,-0.3998,-0.3,4.38549,3.99471
conditional,20,3,1,Linear (x1),7,0.38,0.42,-0.3,-0.2001,4.24271,3.82795
conditional,20,3,1,Linear (x1),8,0.42,0.46,-0.2001,-0.1002,4.20993,3.48235
conditional,20,3,1,Linear (x1),9,0.46,0.5,-0.1002,-0.0004,3.95939,3.62938
conditional,20,3,1,Linear (x1),10,0.5,0.54,-0.0004,0.0995,4.36166,4.49804
conditional,20,3,1,Linear (x1),11,0.54,0.58,0.0995,0.1993,4.28581,3.64655
conditional,20,3,1,Linear (x1),12,0.58,0.62,0.1993,0.2992,4.49628,4.8576
conditional,20,3,1,Linear (x1),13,0.62,0.66,0.2992,0.3991,4.53273,3.57737
conditional,20,3,1,Linear (x1),14,0.66,0.7,0.3991,0.4989,4.80105,5.23674
conditional,20,3,1,Linear (x1),15,0.7,0.74,0.4989,0.5988,4.63232,4.41232
conditional,20,3,1,Linear (x1),16,0.74,0.78,0.5988,0.6986,4.11072,3.63731
conditional,20,3,1,Linear (x1),17,0.78,0.82,0.6986,0.7985,4.00394,3.75708
conditional,20,3,1,Linear (x1),18,0.82,0.86,0.7985,0.8984,4.23355,3.59538
conditional,20,3,1,Linear (x1),19,0.86,0.9,0.8984,0.9982,4.15447,4.60205
conditional,20,4,0,Conditional (x0),0,0.1,0.14,-0.9989,-0.899,9.88107,4.84261
conditional,20,4,0,Conditional (x0),1,0.14,0.18,-0.899,-0.7991,7.84639,3.93461
conditional,20,4,0,Conditional (x0),2,0.18,0.22,-0.7991,-0.6992,8.29639,4.04325
conditional,20,4,0,Conditional (x0),3,0.22,0.26,-0.6992,-0.5993,7.9712,4.07801
conditional,20,4,0,Conditional (x0),4,0.26,0.3,-0.5993,-0.4994,9.11287,4.42958
conditional,20,4,0,Conditional (x0),5,0.3,0.34,-0.4994,-0.3996,8.63278,4.35336
conditional,20,4,0,Conditional (x0),6,0.34,0.38,-0.3996,-0.2997,8.93727,4.35038
conditional,20,4,0,Conditional (x0),7,0.38,0.42,-0.2997,-0.1998,8.77534,4.55164
conditional,20,4,0,Conditional (x0),8,0.42,0.46,-0.1998,-0.0999,8.82115,4.23979
conditional,20,4,0,Conditional (x0),9,0.46,0.5,-0.0999,-0.0,8.93499,5.1205
conditional,20,4,0,Conditional (x0),10,0.5,0.54,-0.0,0.0999,1.6895,4.59383
conditional,20,4,0,Conditional (x0),11,0.54,0.58,0.0999,0.1998,0.50766,4.26542
conditional,20,4,0,Conditional (x0),12,0.58,0.62,0.1998,0.2996,0.36257,4.33801
conditional,20,4,0,Conditional (x0),13,0.62,0.66,0.2996,0.3995,0.20607,4.11969
conditional,20,4,0,Conditional (x0),14,0.66,0.7,0.3995,0.4994,0.19231,4.63582
conditional,20,4,0,Conditional (x0),15,0.7,0.74,0.4994,0.5993,0.15602,4.48297
conditional,20,4,0,Conditional (x0),16,0.74,0.78,0.5993,0.6992,0.19182,3.92098
conditional,20,4,0,Conditional (x0),17,0.78,0.82,0.6992,0.7991,0.26806,4.38407
conditional,20,4,0,Conditional (x0),18,0.82,0.86,0.7991,0.899,0.81227,4.37027
conditional,20,4,0,Conditional (x0),19,0.86,0.9,0.899,0.9988,2.29046,4.34892
conditional,20,4,1,Linear (x1),0,0.1,0.14,-0.999,-0.8991,4.08787,3.02983
conditional,20,4,1,Linear (x1),1,0.14,0.18,-0.8991,-0.7992,4.12813,4.04043
conditional,20,4,1,Linear (x1),2,0.18,0.22,-0.7992,-0.6994,4.29225,3.40687
conditional,20,4,1,Linear (x1),3,0.22,0.26,-0.6994,-0.5995,4.02456,3.54764
conditional,20,4,1,Linear (x1),4,0.26,0.3,-0.5995,-0.4997,3.96706,3.24445
conditional,20,4,1,Linear (x1),5,0.3,0.34,-0.4997,-0.3998,4.19335,4.1357
conditional,20,4,1,Linear (x1),6,0.34,0.38,-0.3998,-0.3,4.3853,3.95928
conditional,20,4,1,Linear (x1),7,0.38,0.42,-0.3,-0.2001,4.24245,3.84986
conditional,20,4,1,Linear (x1),8,0.42,0.46,-0.2001,-0.1002,4.21033,3.4515
conditional,20,4,1,Linear (x1),9,0.46,0.5,-0.1002,-0.0004,3.95767,3.74616
conditional,20,4,1,Linear (x1),10,0.5,0.54,-0.0004,0.0995,4.36488,4.33211
conditional,20,4,1,Linear (x1),11,0.54,0.58,0.0995,0.1993,4.28616,3.76535
conditional,20,4,1,Linear (x1),12,0.58,0.62,0.1993,0.2992,4.4971,4.64853
conditional,20,4,1,Linear (x1),13,0.62,0.66,0.2992,0.3991,4.53367,3.65174
conditional,20,4,1,Linear (x1),14,0.66,0.7,0.3991,0.4989,4.80279,5.3046
conditional,20,4,1,Linear (x1),15,0.7,0.74,0.4989,0.5988,4.62881,4.08873
conditional,20,4,1,Linear (x1),16,0.74,0.78,0.5988,0.6986,4.11053,3.70267
conditional,20,4,1,Linear (x1),17,0.78,0.82,0.6986,0.7985,4.00397,3.71291
conditional,20,4,1,Linear (x1),18,0.82,0.86,0.7985,0.8984,4.23307,3.61653
conditional,20,4,1,Linear (x1),19,0.86,0.9,0.8984,0.9982,4.15654,4.4599
conditional,20,5,0,Conditional (x0),0,0.1,0.14,-0.9989,-0.899,9.14591,4.85739
conditional,20,5,0,Conditional (x0),1,0.14,0.18,-0.899,-0.7991,7.69423,3.93843
conditional,20,5,0,Conditional (x0),2,0.18,0.22,-0.7991,-0.6992,8.30864,4.04241
conditional,20,5,0,Conditional (x0),3,0.22,0.26,-0.6992,-0.5993,7.94495,4.07748
conditional,20,5,0,Conditional (x0),4,0.26,0.3,-0.5993,-0.4994,9.08359,4.42991
conditional,20,5,0,Conditional (x0),5,0.3,0.34,-0.4994,-0.3996,8.8067,4.35216
conditional,20,5,0,Conditional (x0),6,0.34,0.38,-0.3996,-0.2997,8.60725,4.3513
conditional,20,5,0,Conditional (x0),7,0.38,0.42,-0.2997,-0.1998,9.25856,4.54271
conditional,20,5,0,Conditional (x0),8,0.42,0.46,-0.1998,-0.0999,8.37661,4.2369
conditional,20,5,0,Conditional (x0),9,0.46,0.5,-0.0999,-0.0,9.70251,5.11852
conditional,20,5,0,Conditional (x0),10,0.5,0.54,-0.0,0.0999,1.31987,4.59505
conditional,20,5,0,Conditional (x0),11,0.54,0.58,0.0999,0.1998,0.37143,4.26261
conditional,20,5,0,Conditional (x0),12,0.58,0.62,0.1998,0.2996,0.26677,4.34067
conditional,20,5,0,Conditional (x0),13,0.62,0.66,0.2996,0.3995,0.37001,4.11728
conditional,20,5,0,Conditional (x0),14,0.66,0.7,0.3995,0.4994,0.52255,4.63567
conditional,20,5,0,Conditional (x0),15,0.7,0.74,0.4994,0.5993,0.23795,4.48314
conditional,20,5,0,Conditional (x0),16,0.74,0.78,0.5993,0.6992,0.20741,3.9207
conditional,20,5,0,Conditional (x0),17,0.78,0.82,0.6992,0.7991,0.29872,4.38585
conditional,20,5,0,Conditional (x0),18,0.82,0.86,0.7991,0.899,0.50875,4.36197
conditional,20,5,0,Conditional (x0),19,0.86,0.9,0.899,0.9988,3.36516,4.3452
conditional,20,5,1,Linear (x1),0,0.1,0.14,-0.999,-0.8991,4.08539,2.60062
conditional,20,5,1,Linear (x1),1,0.14,0.18,-0.8991,-0.7992,4.12901,4.01318
conditional,20,5,1,Linear (x1),2,0.18,0.22,-0.7992,-0.6994,4.29323,3.52806
conditional,20,5,1,Linear (x1),3,0.22,0.26,-0.6994,-0.5995,4.0239,3.25701
conditional,20,5,1,Linear (x1),4,0.26,0.3,-0.5995,-0.4997,3.96712,3.25643
conditional,20,5,1,Linear (x1),5,0.3,0.34,-0.4997,-0.3998,4.19304,4.11472
conditional,20,5,1,Linear (x1),6,0.34,0.38,-0.3998,-0.3,4.38537,3.99356
conditional,20,5,1,Linear (x1),7,0.38,0.42,-0.3,-0.2001,4.24275,3.84295
conditional,20,5,1,Linear (x1),8,0.42,0.46,-0.2001,-0.1002,4.20983,3.49912
conditional,20,5,1,Linear (x1),9,0.46,0.5,-0.1002,-0.0004,3.95987,3.58712
conditional,20,5,1,Linear (x1),10,0.5,0.54,-0.0004,0.0995,4.36218,4.46867
conditional,20,5,1,Linear (x1),11,0.54,0.58,0.0995,0.1993,4.28591,3.71837
conditional,20,5,1,Linear (x1),12,0.58,0.62,0.1993,0.2992,4.4967,4.78145
conditional,20,5,1,Linear (x1),13,0.62,0.66,0.2992,0.3991,4.53231,3.51918
conditional,20,5,1,Linear (x1),14,0.66,0.7,0.3991,0.4989,4.80281,5.43323
conditional,20,5,1,Linear (x1),15,0.7,0.74,0.4989,0.5988,4.63172,4.37532
conditional,20,5,1,Linear (x1),16,0.74,0.78,0.5988,0.6986,4.1099,3.5438
conditional,20,5,1,Linear (x1),17,0.78,0.82,0.6986,0.7985,4.004,3.75075
conditional,20,5,1,Linear (x1),18,0.82,0.86,0.7985,0.8984,4.23304,3.65454
conditional,20,5,1,Linear (x1),19,0.86,0.9,0.8984,0.9982,4.1549,4.57017
rosenbrock,3,2,0,Quadratic (x0),0,0.1,0.3667,-0.9989,-0.333,8.92025,3.34097
rosenbrock,3,2,0,Quadratic (x0),1,0.3667,0.6333,-0.333,0.3329,10.24688,8.96741
rosenbrock,3,2,0,Quadratic (x0),2,0.6333,0.9,0.3329,0.9988,35.0914,13.71884
rosenbrock,3,2,1,Parabolic (x1),0,0.1,0.3667,-0.999,-0.3332,6.41966,3.22151
rosenbrock,3,2,1,Parabolic (x1),1,0.3667,0.6333,-0.3332,0.3325,18.10799,10.67194
rosenbrock,3,2,1,Parabolic (x1),2,0.6333,0.9,0.3325,0.9982,32.98191,17.24202
rosenbrock,3,3,0,Quadratic (x0),0,0.1,0.3667,-0.9989,-0.333,30.87165,10.39608
rosenbrock,3,3,0,Quadratic (x0),1,0.3667,0.6333,-0.333,0.3329,96.5951,21.90476
rosenbrock,3,3,0,Quadratic (x0),2,0.6333,0.9,0.3329,0.9988,15.55068,5.83929
rosenbrock,3,3,1,Parabolic (x1),0,0.1,0.3667,-0.999,-0.3332,25.95119,11.3446
rosenbrock,3,3,1,Parabolic (x1),1,0.3667,0.6333,-0.3332,0.3325,64.72449,16.30713
rosenbrock,3,3,1,Parabolic (x1),2,0.6333,0.9,0.3325,0.9982,81.90495,9.89317
rosenbrock,3,4,0,Quadratic (x0),0,0.1,0.3667,-0.9989,-0.333,55.01015,19.52294
rosenbrock,3,4,0,Quadratic (x0),1,0.3667,0.6333,-0.333,0.3329,66.27393,19.79169
rosenbrock,3,4,0,Quadratic (x0),2,0.6333,0.9,0.3329,0.9988,9.24625,3.35693
rosenbrock,3,4,1,Parabolic (x1),0,0.1,0.3667,-0.999,-0.3332,22.69134,8.6492
rosenbrock,3,4,1,Parabolic (x1),1,0.3667,0.6333,-0.3332,0.3325,66.94791,22.42388
rosenbrock,3,4,1,Parabolic (x1),2,0.6333,0.9,0.3325,0.9982,88.07871,24.28065
rosenbrock,3,5,0,Quadratic (x0),0,0.1,0.3667,-0.9989,-0.333,42.33962,12.65234
rosenbrock,3,5,0,Quadratic (x0),1,0.3667,0.6333,-0.333,0.3329,75.93456,21.47858
rosenbrock,3,5,0,Quadratic (x0),2,0.6333,0.9,0.3329,0.9988,11.09822,3.81562
rosenbrock,3,5,1,Parabolic (x1),0,0.1,0.3667,-0.999,-0.3332,24.8602,9.51462
rosenbrock,3,5,1,Parabolic (x1),1,0.3667,0.6333,-0.3332,0.3325,63.1833,17.9199
rosenbrock,3,5,1,Parabolic (x1),2,0.6333,0.9,0.3325,0.9982,79.85226,13.8856
rosenbrock,5,2,0,Quadratic (x0),0,0.1,0.26,-0.9989,-0.5993,10.6241,3.41455
rosenbrock,5,2,0,Quadratic (x0),1,0.26,0.42,-0.5993,-0.1998,7.90741,4.25685
rosenbrock,5,2,0,Quadratic (x0),2,0.42,0.58,-0.1998,0.1998,96.65585,8.27371
rosenbrock,5,2,0,Quadratic (x0),3,0.58,0.74,0.1998,0.5993,214.31569,13.2457
rosenbrock,5,2,0,Quadratic (x0),4,0.74,0.9,0.5993,0.9988,59.06506,3.89614
rosenbrock,5,2,1,Parabolic (x1),0,0.1,0.26,-0.999,-0.5995,24.98483,3.98549
rosenbrock,5,2,1,Parabolic (x1),1,0.26,0.42,-0.5995,-0.2001,39.27642,4.85776
rosenbrock,5,2,1,Parabolic (x1),2,0.42,0.58,-0.2001,0.1993,63.75442,5.69721
rosenbrock,5,2,1,Parabolic (x1),3,0.58,0.74,0.1993,0.5988,124.7399,7.62323
rosenbrock,5,2,1,Parabolic (x1),4,0.74,0.9,0.5988,0.9982,65.54239,6.85237
rosenbrock,5,3,0,Quadratic (x0),0,0.1,0.26,-0.9989,-0.5993,24.29933,12.94402
rosenbrock,5,3,0,Quadratic (x0),1,0.26,0.42,-0.5993,-0.1998,180.43065,47.71261
rosenbrock,5,3,0,Quadratic (x0),2,0.42,0.58,-0.1998,0.1998,98.60738,25.40673
rosenbrock,5,3,0,Quadratic (x0),3,0.58,0.74,0.1998,0.5993,65.19407,18.88953
rosenbrock,5,3,0,Quadratic (x0),4,0.74,0.9,0.5993,0.9988,14.39324,4.70317
rosenbrock,5,3,1,Parabolic (x1),0,0.1,0.26,-0.999,-0.5995,25.97925,15.70589
rosenbrock,5,3,1,Parabolic (x1),1,0.26,0.42,-0.5995,-0.2001,44.14796,15.6337
rosenbrock,5,3,1,Parabolic (x1),2,0.42,0.58,-0.2001,0.1993,77.48018,19.9835
rosenbrock,5,3,1,Parabolic (x1),3,0.58,0.74,0.1993,0.5988,154.60825,29.79629
rosenbrock,5,3,1,Parabolic (x1),4,0.74,0.9,0.5988,0.9982,86.38501,10.74273
rosenbrock,5,4,0,Quadratic (x0),0,0.1,0.26,-0.9989,-0.5993,69.71774,18.76853
rosenbrock,5,4,0,Quadratic (x0),1,0.26,0.42,-0.5993,-0.1998,224.64233,52.6473
rosenbrock,5,4,0,Quadratic (x0),2,0.42,0.58,-0.1998,0.1998,54.58515,15.18346
rosenbrock,5,4,0,Quadratic (x0),3,0.58,0.74,0.1998,0.5993,10.09364,5.03471
rosenbrock,5,4,0,Quadratic (x0),4,0.74,0.9,0.5993,0.9988,11.38724,3.8303
rosenbrock,5,4,1,Parabolic (x1),0,0.1,0.26,-0.999,-0.5995,22.61011,6.51043
rosenbrock,5,4,1,Parabolic (x1),1,0.26,0.42,-0.5995,-0.2001,39.34769,12.18654
rosenbrock,5,4,1,Parabolic (x1),2,0.42,0.58,-0.2001,0.1993,75.38716,21.92601
rosenbrock,5,4,1,Parabolic (x1),3,0.58,0.74,0.1993,0.5988,152.07372,38.38959
rosenbrock,5,4,1,Parabolic (x1),4,0.74,0.9,0.5988,0.9982,90.95743,24.75217
rosenbrock,5,5,0,Quadratic (x0),0,0.1,0.26,-0.9989,-0.5993,20.8743,9.27845
rosenbrock,5,5,0,Quadratic (x0),1,0.26,0.42,-0.5993,-0.1998,173.06705,39.19957
rosenbrock,5,5,0,Quadratic (x0),2,0.42,0.58,-0.1998,0.1998,74.85991,20.62605
rosenbrock,5,5,0,Quadratic (x0),3,0.58,0.74,0.1998,0.5993,46.78331,15.0825
rosenbrock,5,5,0,Quadratic (x0),4,0.74,0.9,0.5993,0.9988,12.60075,3.68765
rosenbrock,5,5,1,Parabolic (x1),0,0.1,0.26,-0.999,-0.5995,22.8692,10.15902
rosenbrock,5,5,1,Parabolic (x1),1,0.26,0.42,-0.5995,-0.2001,37.07185,12.99364
rosenbrock,5,5,1,Parabolic (x1),2,0.42,0.58,-0.2001,0.1993,64.08172,17.43797
rosenbrock,5,5,1,Parabolic (x1),3,0.58,0.74,0.1993,0.5988,128.83432,25.55271
rosenbrock,5,5,1,Parabolic (x1),4,0.74,0.9,0.5988,0.9982,70.87127,8.50487
rosenbrock,7,2,0,Quadratic (x0),0,0.1,0.2143,-0.9989,-0.7135,12.26074,4.64943
rosenbrock,7,2,0,Quadratic (x0),1,0.2143,0.3286,-0.7135,-0.4281,15.35878,7.56445
rosenbrock,7,2,0,Quadratic (x0),2,0.3286,0.4429,-0.4281,-0.1427,27.62601,8.30372
rosenbrock,7,2,0,Quadratic (x0),3,0.4429,0.5571,-0.1427,0.1427,72.26925,14.67046
rosenbrock,7,2,0,Quadratic (x0),4,0.5571,0.6714,0.1427,0.4281,137.27057,24.02429
rosenbrock,7,2,0,Quadratic (x0),5,0.6714,0.7857,0.4281,0.7135,150.66083,24.87667
rosenbrock,7,2,0,Quadratic (x0),6,0.7857,0.9,0.7135,0.9988,19.29854,5.03488
rosenbrock,7,2,1,Parabolic (x1),0,0.1,0.2143,-0.999,-0.7137,18.55054,6.17212
rosenbrock,7,2,1,Parabolic (x1),1,0.2143,0.3286,-0.7137,-0.4283,25.63844,7.51055
rosenbrock,7,2,1,Parabolic (x1),2,0.3286,0.4429,-0.4283,-0.143,44.74734,11.19524
rosenbrock,7,2,1,Parabolic (x1),3,0.4429,0.5571,-0.143,0.1423,62.80511,13.59326
rosenbrock,7,2,1,Parabolic (x1),4,0.5571,0.6714,0.1423,0.4276,112.43224,20.08299
rosenbrock,7,2,1,Parabolic (x1),5,0.6714,0.7857,0.4276,0.7129,108.52375,15.06766
rosenbrock,7,2,1,Parabolic (x1),6,0.7857,0.9,0.7129,0.9982,58.46963,6.51552
rosenbrock,7,3,0,Quadratic (x0),0,0.1,0.2143,-0.9989,-0.7135,15.95331,7.64436
rosenbrock,7,3,0,Quadratic (x0),1,0.2143,0.3286,-0.7135,-0.4281,130.01997,34.39784
rosenbrock,7,3,0,Quadratic (x0),2,0.3286,0.4429,-0.4281,-0.1427,124.51994,30.58551
rosenbrock,7,3,0,Quadratic (x0),3,0.4429,0.5571,-0.1427,0.1427,58.28867,17.21943
rosenbrock,7,3,0,Quadratic (x0),4,0.5571,0.6714,0.1427,0.4281,26.32871,11.7135
rosenbrock,7,3,0,Quadratic (x0),5,0.6714,0.7857,0.4281,0.7135,16.26236,6.04359
rosenbrock,7,3,0,Quadratic (x0),6,0.7857,0.9,0.7135,0.9988,13.8581,4.03009
rosenbrock,7,3,1,Parabolic (x1),0,0.1,0.2143,-0.999,-0.7137,16.01756,8.2915
rosenbrock,7,3,1,Parabolic (x1),1,0.2143,0.3286,-0.7137,-0.4283,24.11946,10.56191
rosenbrock,7,3,1,Parabolic (x1),2,0.3286,0.4429,-0.4283,-0.143,39.50015,14.24597
rosenbrock,7,3,1,Parabolic (x1),3,0.4429,0.5571,-0.143,0.1423,54.11071,16.62601
rosenbrock,7,3,1,Parabolic (x1),4,0.5571,0.6714,0.1423,0.4276,99.91465,24.70811
rosenbrock,7,3,1,Parabolic (x1),5,0.6714,0.7857,0.4276,0.7129,97.40622,17.29207
rosenbrock,7,3,1,Parabolic (x1),6,0.7857,0.9,0.7129,0.9982,54.41394,6.83863
rosenbrock,7,4,0,Quadratic (x0),0,0.1,0.2143,-0.9989,-0.7135,66.14064,20.75369
rosenbrock,7,4,0,Quadratic (x0),1,0.2143,0.3286,-0.7135,-0.4281,219.46768,65.52261
rosenbrock,7,4,0,Quadratic (x0),2,0.3286,0.4429,-0.4281,-0.1427,166.46216,44.27245
rosenbrock,7,4,0,Quadratic (x0),3,0.4429,0.5571,-0.1427,0.1427,61.69513,17.72551
rosenbrock,7,4,0,Quadratic (x0),4,0.5571,0.6714,0.1427,0.4281,14.47361,6.87922
rosenbrock,7,4,0,Quadratic (x0),5,0.6714,0.7857,0.4281,0.7135,11.11509,5.37265
rosenbrock,7,4,0,Quadratic (x0),6,0.7857,0.9,0.7135,0.9988,13.36251,4.28361
rosenbrock,7,4,1,Parabolic (x1),0,0.1,0.2143,-0.999,-0.7137,19.21062,7.12677
rosenbrock,7,4,1,Parabolic (x1),1,0.2143,0.3286,-0.7137,-0.4283,30.71632,11.75675
rosenbrock,7,4,1,Parabolic (x1),2,0.3286,0.4429,-0.4283,-0.143,51.80788,19.06629
rosenbrock,7,4,1,Parabolic (x1),3,0.4429,0.5571,-0.143,0.1423,77.9509,25.93627
rosenbrock,7,4,1,Parabolic (x1),4,0.5571,0.6714,0.1423,0.4276,147.3851,42.494
rosenbrock,7,4,1,Parabolic (x1),5,0.6714,0.7857,0.4276,0.7129,155.94777,39.83315
rosenbrock,7,4,1,Parabolic (x1),6,0.7857,0.9,0.7129,0.9982,89.26695,24.22667
rosenbrock,7,5,0,Quadratic (x0),0,0.1,0.2143,-0.9989,-0.7135,25.88083,11.0687
rosenbrock,7,5,0,Quadratic (x0),1,0.2143,0.3286,-0.7135,-0.4281,234.73,47.3373
rosenbrock,7,5,0,Quadratic (x0),2,0.3286,0.4429,-0.4281,-0.1427,211.99573,41.95769
rosenbrock,7,5,0,Quadratic (x0),3,0.4429,0.5571,-0.1427,0.1427,91.63545,24.24068
rosenbrock,7,5,0,Quadratic (x0),4,0.5571,0.6714,0.1427,0.4281,45.03155,17.5803
rosenbrock,7,5,0,Quadratic (x0),5,0.6714,0.7857,0.4281,0.7135,22.68105,8.77289
rosenbrock,7,5,0,Quadratic (x0),6,0.7857,0.9,0.7135,0.9988,13.61669,3.86207
rosenbrock,7,5,1,Parabolic (x1),0,0.1,0.2143,-0.999,-0.7137,30.36339,10.05679
rosenbrock,7,5,1,Parabolic (x1),1,0.2143,0.3286,-0.7137,-0.4283,43.26806,15.26915
rosenbrock,7,5,1,Parabolic (x1),2,0.3286,0.4429,-0.4283,-0.143,68.58814,20.13421
rosenbrock,7,5,1,Parabolic (x1),3,0.4429,0.5571,-0.143,0.1423,91.79935,24.86938
rosenbrock,7,5,1,Parabolic (x1),4,0.5571,0.6714,0.1423,0.4276,167.07625,41.04765
rosenbrock,7,5,1,Parabolic (x1),5,0.6714,0.7857,0.4276,0.7129,162.64594,27.19399
rosenbrock,7,5,1,Parabolic (x1),6,0.7857,0.9,0.7129,0.9982,92.87071,13.07464
rosenbrock,10,2,0,Quadratic (x0),0,0.1,0.18,-0.9989,-0.7991,11.36452,4.22259
rosenbrock,10,2,0,Quadratic (x0),1,0.18,0.26,-0.7991,-0.5993,16.25809,4.32358
rosenbrock,10,2,0,Quadratic (x0),2,0.26,0.34,-0.5993,-0.3996,14.68269,6.68108
rosenbrock,10,2,0,Quadratic (x0),3,0.34,0.42,-0.3996,-0.1998,5.22769,5.8101
rosenbrock,10,2,0,Quadratic (x0),4,0.42,0.5,-0.1998,-0.0,1.9503,5.86766
rosenbrock,10,2,0,Quadratic (x0),5,0.5,0.58,-0.0,0.1998,1.99649,5.35248
rosenbrock,10,2,0,Quadratic (x0),6,0.58,0.66,0.1998,0.3995,6.03772,5.87926
rosenbrock,10,2,0,Quadratic (x0),7,0.66,0.74,0.3995,0.5993,19.74322,6.4761
rosenbrock,10,2,0,Quadratic (x0),8,0.74,0.82,0.5993,0.7991,22.52836,4.50402
rosenbrock,10,2,0,Quadratic (x0),9,0.82,0.9,0.7991,0.9988,23.95321,4.53355
rosenbrock,10,2,1,Parabolic (x1),0,0.1,0.18,-0.999,-0.7992,4.60691,1.90676
rosenbrock,10,2,1,Parabolic (x1),1,0.18,0.26,-0.7992,-0.5995,4.57251,2.79175
rosenbrock,10,2,1,Parabolic (x1),2,0.26,0.34,-0.5995,-0.3998,4.54474,11.38966
rosenbrock,10,2,1,Parabolic (x1),3,0.34,0.42,-0.3998,-0.2001,5.22841,12.81224
rosenbrock,10,2,1,Parabolic (x1),4,0.42,0.5,-0.2001,-0.0004,4.38054,7.19617
rosenbrock,10,2,1,Parabolic (x1),5,0.5,0.58,-0.0004,0.1993,4.91185,4.159
rosenbrock,10,2,1,Parabolic (x1),6,0.58,0.66,0.1993,0.3991,4.94776,4.6812
rosenbrock,10,2,1,Parabolic (x1),7,0.66,0.74,0.3991,0.5988,5.34255,6.15334
rosenbrock,10,2,1,Parabolic (x1),8,0.74,0.82,0.5988,0.7985,4.64761,6.35603
rosenbrock,10,2,1,Parabolic (x1),9,0.82,0.9,0.7985,0.9982,4.65286,8.64852
rosenbrock,10,3,0,Quadratic (x0),0,0.1,0.18,-0.9989,-0.7991,17.9441,5.14409
rosenbrock,10,3,0,Quadratic (x0),1,0.18,0.26,-0.7991,-0.5993,28.70921,13.66723
rosenbrock,10,3,0,Quadratic (x0),2,0.26,0.34,-0.5993,-0.3996,162.89072,40.25644
rosenbrock,10,3,0,Quadratic (x0),3,0.34,0.42,-0.3996,-0.1998,128.12096,27.03597
rosenbrock,10,3,0,Quadratic (x0),4,0.42,0.5,-0.1998,-0.0,101.43516,20.40274
rosenbrock,10,3,0,Quadratic (x0),5,0.5,0.58,-0.0,0.1998,76.76371,16.51701
rosenbrock,10,3,0,Quadratic (x0),6,0.58,0.66,0.1998,0.3995,58.16041,14.07509
rosenbrock,10,3,0,Quadratic (x0),7,0.66,0.74,0.3995,0.5993,38.48988,11.42338
rosenbrock,10,3,0,Quadratic (x0),8,0.74,0.82,0.5993,0.7991,13.30263,4.4857
rosenbrock,10,3,0,Quadratic (x0),9,0.82,0.9,0.7991,0.9988,15.26397,4.21056
rosenbrock,10,3,1,Parabolic (x1),0,0.1,0.18,-0.999,-0.7992,17.88969,8.1544
rosenbrock,10,3,1,Parabolic (x1),1,0.18,0.26,-0.7992,-0.5995,26.32099,12.02283
rosenbrock,10,3,1,Parabolic (x1),2,0.26,0.34,-0.5995,-0.3998,30.81098,10.76766
rosenbrock,10,3,1,Parabolic (x1),3,0.34,0.42,-0.3998,-0.2001,43.71757,12.08227
rosenbrock,10,3,1,Parabolic (x1),4,0.42,0.5,-0.2001,-0.0004,51.31218,12.69212
rosenbrock,10,3,1,Parabolic (x1),5,0.5,0.58,-0.0004,0.1993,78.37002,17.30042
rosenbrock,10,3,1,Parabolic (x1),6,0.58,0.66,0.1993,0.3991,131.6795,26.21846
rosenbrock,10,3,1,Parabolic (x1),7,0.66,0.74,0.3991,0.5988,116.49747,16.57059
rosenbrock,10,3,1,Parabolic (x1),8,0.74,0.82,0.5988,0.7985,88.40401,9.01744
rosenbrock,10,3,1,Parabolic (x1),9,0.82,0.9,0.7985,0.9982,54.81915,7.13199
rosenbrock,10,4,0,Quadratic (x0),0,0.1,0.18,-0.9989,-0.7991,99.92961,22.7355
rosenbrock,10,4,0,Quadratic (x0),1,0.18,0.26,-0.7991,-0.5993,79.22343,19.10847
rosenbrock,10,4,0,Quadratic (x0),2,0.26,0.34,-0.5993,-0.3996,5.8598,12.4583
rosenbrock,10,4,0,Quadratic (x0),3,0.34,0.42,-0.3996,-0.1998,3.04692,7.43188
rosenbrock,10,4,0,Quadratic (x0),4,0.42,0.5,-0.1998,-0.0,0.78699,5.63273
rosenbrock,10,4,0,Quadratic (x0),5,0.5,0.58,-0.0,0.1998,2.36834,6.30745
rosenbrock,10,4,0,Quadratic (x0),6,0.58,0.66,0.1998,0.3995,1.72304,6.62514
rosenbrock,10,4,0,Quadratic (x0),7,0.66,0.74,0.3995,0.5993,27.7528,5.03338
rosenbrock,10,4,0,Quadratic (x0),8,0.74,0.82,0.5993,0.7991,12.96823,4.33016
rosenbrock,10,4,0,Quadratic (x0),9,0.82,0.9,0.7991,0.9988,19.88089,4.21199
rosenbrock,10,4,1,Parabolic (x1),0,0.1,0.18,-0.999,-0.7992,13.29231,0.92228
rosenbrock,10,4,1,Parabolic (x1),1,0.18,0.26,-0.7992,-0.5995,14.99881,2.59368
rosenbrock,10,4,1,Parabolic (x1),2,0.26,0.34,-0.5995,-0.3998,15.32771,4.19948
rosenbrock,10,4,1,Parabolic (x1),3,0.34,0.42,-0.3998,-0.2001,13.15678,6.7923
rosenbrock,10,4,1,Parabolic (x1),4,0.42,0.5,-0.2001,-0.0004,9.61751,18.22784
rosenbrock,10,4,1,Parabolic (x1),5,0.5,0.58,-0.0004,0.1993,6.89823,8.33915
rosenbrock,10,4,1,Parabolic (x1),6,0.58,0.66,0.1993,0.3991,16.04225,74.554
rosenbrock,10,4,1,Parabolic (x1),7,0.66,0.74,0.3991,0.5988,40.96206,61.13012
rosenbrock,10,4,1,Parabolic (x1),8,0.74,0.82,0.5988,0.7985,49.55849,5.17106
rosenbrock,10,4,1,Parabolic (x1),9,0.82,0.9,0.7985,0.9982,33.75906,2.62451
rosenbrock,10,5,0,Quadratic (x0),0,0.1,0.18,-0.9989,-0.7991,17.97841,9.63615
rosenbrock,10,5,0,Quadratic (x0),1,0.18,0.26,-0.7991,-0.5993,110.23013,25.15022
rosenbrock,10,5,0,Quadratic (x0),2,0.26,0.34,-0.5993,-0.3996,332.24954,64.06594
rosenbrock,10,5,0,Quadratic (x0),3,0.34,0.42,-0.3996,-0.1998,202.73257,40.68827
rosenbrock,10,5,0,Quadratic (x0),4,0.42,0.5,-0.1998,-0.0,106.71502,25.34509
rosenbrock,10,5,0,Quadratic (x0),5,0.5,0.58,-0.0,0.1998,39.13591,12.20894
rosenbrock,10,5,0,Quadratic (x0),6,0.58,0.66,0.1998,0.3995,13.80042,6.21827
rosenbrock,10,5,0,Quadratic (x0),7,0.66,0.74,0.3995,0.5993,16.46554,9.08733
rosenbrock,10,5,0,Quadratic (x0),8,0.74,0.82,0.5993,0.7991,14.61764,6.91146
rosenbrock,10,5,0,Quadratic (x0),9,0.82,0.9,0.7991,0.9988,17.25926,5.34631
rosenbrock,10,5,1,Parabolic (x1),0,0.1,0.18,-0.999,-0.7992,21.68958,6.80657
rosenbrock,10,5,1,Parabolic (x1),1,0.18,0.26,-0.7992,-0.5995,32.34575,10.94466
rosenbrock,10,5,1,Parabolic (x1),2,0.26,0.34,-0.5995,-0.3998,38.49045,12.35931
rosenbrock,10,5,1,Parabolic (x1),3,0.34,0.42,-0.3998,-0.2001,53.16124,16.23928
rosenbrock,10,5,1,Parabolic (x1),4,0.42,0.5,-0.2001,-0.0004,68.60535,20.01636
rosenbrock,10,5,1,Parabolic (x1),5,0.5,0.58,-0.0004,0.1993,101.32902,28.67399
rosenbrock,10,5,1,Parabolic (x1),6,0.58,0.66,0.1993,0.3991,167.84874,42.12896
rosenbrock,10,5,1,Parabolic (x1),7,0.66,0.74,0.3991,0.5988,150.87906,32.28333
rosenbrock,10,5,1,Parabolic (x1),8,0.74,0.82,0.5988,0.7985,125.96657,19.66008
rosenbrock,10,5,1,Parabolic (x1),9,0.82,0.9,0.7985,0.9982,75.91665,12.63184
rosenbrock,15,2,0,Quadratic (x0),0,0.1,0.1533,-0.9989,-0.8657,16.87096,4.34796
rosenbrock,15,2,0,Quadratic (x0),1,0.1533,0.2067,-0.8657,-0.7325,13.07423,4.0707
rosenbrock,15,2,0,Quadratic (x0),2,0.2067,0.26,-0.7325,-0.5993,12.62999,4.70049
rosenbrock,15,2,0,Quadratic (x0),3,0.26,0.3133,-0.5993,-0.4661,9.30388,4.84927
rosenbrock,15,2,0,Quadratic (x0),4,0.3133,0.3667,-0.4661,-0.333,8.75829,4.63959
rosenbrock,15,2,0,Quadratic (x0),5,0.3667,0.42,-0.333,-0.1998,7.79483,4.75316
rosenbrock,15,2,0,Quadratic (x0),6,0.42,0.4733,-0.1998,-0.0666,20.32225,6.17462
rosenbrock,15,2,0,Quadratic (x0),7,0.4733,0.5267,-0.0666,0.0666,75.24566,9.95334
rosenbrock,15,2,0,Quadratic (x0),8,0.5267,0.58,0.0666,0.1998,137.82967,13.61455
rosenbrock,15,2,0,Quadratic (x0),9,0.58,0.6333,0.1998,0.3329,177.04951,13.94477
rosenbrock,15,2,0,Quadratic (x0),10,0.6333,0.6867,0.3329,0.4661,302.64261,21.78979
rosenbrock,15,2,0,Quadratic (x0),11,0.6867,0.74,0.4661,0.5993,233.37759,20.25953
rosenbrock,15,2,0,Quadratic (x0),12,0.74,0.7933,0.5993,0.7325,37.8234,7.30371
rosenbrock,15,2,0,Quadratic (x0),13,0.7933,0.8467,0.7325,0.8657,43.4234,4.46517
rosenbrock,15,2,0,Quadratic (x0),14,0.8467,0.9,0.8657,0.9988,86.33214,4.52083
rosenbrock,15,2,1,Parabolic (x1),0,0.1,0.1533,-0.999,-0.8658,19.05067,4.82774
rosenbrock,15,2,1,Parabolic (x1),1,0.1533,0.2067,-0.8658,-0.7327,23.5596,5.26074
rosenbrock,15,2,1,Parabolic (x1),2,0.2067,0.26,-0.7327,-0.5995,28.45033,6.00426
rosenbrock,15,2,1,Parabolic (x1),3,0.26,0.3133,-0.5995,-0.4664,30.4902,6.06484
rosenbrock,15,2,1,Parabolic (x1),4,0.3133,0.3667,-0.4664,-0.3332,43.13713,7.28996
rosenbrock,15,2,1,Parabolic (x1),5,0.3667,0.42,-0.3332,-0.2001,43.8238,7.08448
rosenbrock,15,2,1,Parabolic (x1),6,0.42,0.4733,-0.2001,-0.0669,43.98616,6.79583
rosenbrock,15,2,1,Parabolic (x1),7,0.4733,0.5267,-0.0669,0.0662,75.30326,8.9925
rosenbrock,15,2,1,Parabolic (x1),8,0.5267,0.58,0.0662,0.1993,94.95157,10.3476
rosenbrock,15,2,1,Parabolic (x1),9,0.58,0.6333,0.1993,0.3325,130.80534,10.9459
rosenbrock,15,2,1,Parabolic (x1),10,0.6333,0.6867,0.3325,0.4656,128.11156,10.27276
rosenbrock,15,2,1,Parabolic (x1),11,0.6867,0.74,0.4656,0.5988,117.51013,8.36033
rosenbrock,15,2,1,Parabolic (x1),12,0.74,0.7933,0.5988,0.7319,93.16628,8.12384
rosenbrock,15,2,1,Parabolic (x1),13,0.7933,0.8467,0.7319,0.8651,71.79401,7.36796
rosenbrock,15,2,1,Parabolic (x1),14,0.8467,0.9,0.8651,0.9982,49.89709,5.95844
rosenbrock,15,3,0,Quadratic (x0),0,0.1,0.1533,-0.9989,-0.8657,19.15825,7.10261
rosenbrock,15,3,0,Quadratic (x0),1,0.1533,0.2067,-0.8657,-0.7325,16.20681,11.72652
rosenbrock,15,3,0,Quadratic (x0),2,0.2067,0.26,-0.7325,-0.5993,69.4109,26.36751
rosenbrock,15,3,0,Quadratic (x0),3,0.26,0.3133,-0.5993,-0.4661,167.82339,49.53814
rosenbrock,15,3,0,Quadratic (x0),4,0.3133,0.3667,-0.4661,-0.333,154.02237,36.27024
rosenbrock,15,3,0,Quadratic (x0),5,0.3667,0.42,-0.333,-0.1998,137.02489,33.27275
rosenbrock,15,3,0,Quadratic (x0),6,0.42,0.4733,-0.1998,-0.0666,108.01958,25.52734
rosenbrock,15,3,0,Quadratic (x0),7,0.4733,0.5267,-0.0666,0.0666,88.97466,20.08444
rosenbrock,15,3,0,Quadratic (x0),8,0.5267,0.58,0.0666,0.1998,71.98158,18.89164
rosenbrock,15,3,0,Quadratic (x0),9,0.58,0.6333,0.1998,0.3329,57.47148,15.01819
rosenbrock,15,3,0,Quadratic (x0),10,0.6333,0.6867,0.3329,0.4661,58.18284,17.15399
rosenbrock,15,3,0,Quadratic (x0),11,0.6867,0.74,0.4661,0.5993,29.74602,10.47404
rosenbrock,15,3,0,Quadratic (x0),12,0.74,0.7933,0.5993,0.7325,15.52337,5.4778
rosenbrock,15,3,0,Quadratic (x0),13,0.7933,0.8467,0.7325,0.8657,16.78843,5.31796
rosenbrock,15,3,0,Quadratic (x0),14,0.8467,0.9,0.8657,0.9988,17.47201,5.13683
rosenbrock,15,3,1,Parabolic (x1),0,0.1,0.1533,-0.999,-0.8658,17.26357,11.85317
rosenbrock,15,3,1,Parabolic (x1),1,0.1533,0.2067,-0.8658,-0.7327,20.58483,13.17465
rosenbrock,15,3,1,Parabolic (x1),2,0.2067,0.26,-0.7327,-0.5995,29.00617,14.25589
rosenbrock,15,3,1,Parabolic (x1),3,0.26,0.3133,-0.5995,-0.4664,30.87741,13.13838
rosenbrock,15,3,1,Parabolic (x1),4,0.3133,0.3667,-0.4664,-0.3332,41.41558,13.49963
rosenbrock,15,3,1,Parabolic (x1),5,0.3667,0.42,-0.3332,-0.2001,45.62124,14.77024
rosenbrock,15,3,1,Parabolic (x1),6,0.42,0.4733,-0.2001,-0.0669,51.58323,14.17253
rosenbrock,15,3,1,Parabolic (x1),7,0.4733,0.5267,-0.0669,0.0662,72.55846,18.61927
rosenbrock,15,3,1,Parabolic (x1),8,0.5267,0.58,0.0662,0.1993,97.41094,20.02799
rosenbrock,15,3,1,Parabolic (x1),9,0.58,0.6333,0.1993,0.3325,129.46294,26.85868
rosenbrock,15,3,1,Parabolic (x1),10,0.6333,0.6867,0.3325,0.4656,151.84044,26.47906
rosenbrock,15,3,1,Parabolic (x1),11,0.6867,0.74,0.4656,0.5988,122.80209,17.44657
rosenbrock,15,3,1,Parabolic (x1),12,0.74,0.7933,0.5988,0.7319,105.52848,12.2249
rosenbrock,15,3,1,Parabolic (x1),13,0.7933,0.8467,0.7319,0.8651,82.59298,8.83568
rosenbrock,15,3,1,Parabolic (x1),14,0.8467,0.9,0.8651,0.9982,55.58814,6.69605
rosenbrock,15,4,0,Quadratic (x0),0,0.1,0.1533,-0.9989,-0.8657,46.541,19.80619
rosenbrock,15,4,0,Quadratic (x0),1,0.1533,0.2067,-0.8657,-0.7325,88.84304,29.51019
rosenbrock,15,4,0,Quadratic (x0),2,0.2067,0.26,-0.7325,-0.5993,174.52174,55.3247
rosenbrock,15,4,0,Quadratic (x0),3,0.26,0.3133,-0.5993,-0.4661,235.09453,81.91113
rosenbrock,15,4,0,Quadratic (x0),4,0.3133,0.3667,-0.4661,-0.333,179.9886,59.06148
rosenbrock,15,4,0,Quadratic (x0),5,0.3667,0.42,-0.333,-0.1998,149.04091,39.84547
rosenbrock,15,4,0,Quadratic (x0),6,0.42,0.4733,-0.1998,-0.0666,103.94578,24.38042
rosenbrock,15,4,0,Quadratic (x0),7,0.4733,0.5267,-0.0666,0.0666,53.07686,13.98456
rosenbrock,15,4,0,Quadratic (x0),8,0.5267,0.58,0.0666,0.1998,16.78476,7.16123
rosenbrock,15,4,0,Quadratic (x0),9,0.58,0.6333,0.1998,0.3329,6.4462,4.93973
rosenbrock,15,4,0,Quadratic (x0),10,0.6333,0.6867,0.3329,0.4661,6.8755,4.88376
rosenbrock,15,4,0,Quadratic (x0),11,0.6867,0.74,0.4661,0.5993,9.15389,4.62508
rosenbrock,15,4,0,Quadratic (x0),12,0.74,0.7933,0.5993,0.7325,10.6724,4.1183
rosenbrock,15,4,0,Quadratic (x0),13,0.7933,0.8467,0.7325,0.8657,13.86253,4.32577
rosenbrock,15,4,0,Quadratic (x0),14,0.8467,0.9,0.8657,0.9988,16.83917,4.39652
rosenbrock,15,4,1,Parabolic (x1),0,0.1,0.1533,-0.999,-0.8658,14.15284,5.23726
rosenbrock,15,4,1,Parabolic (x1),1,0.1533,0.2067,-0.8658,-0.7327,16.5463,6.88587
rosenbrock,15,4,1,Parabolic (x1),2,0.2067,0.26,-0.7327,-0.5995,23.36587,9.5269
rosenbrock,15,4,1,Parabolic (x1),3,0.26,0.3133,-0.5995,-0.4664,28.17071,11.50193
rosenbrock,15,4,1,Parabolic (x1),4,0.3133,0.3667,-0.4664,-0.3332,33.19175,13.58339
rosenbrock,15,4,1,Parabolic (x1),5,0.3667,0.42,-0.3332,-0.2001,44.56871,17.3748
rosenbrock,15,4,1,Parabolic (x1),6,0.42,0.4733,-0.2001,-0.0669,55.21843,20.16547
rosenbrock,15,4,1,Parabolic (x1),7,0.4733,0.5267,-0.0669,0.0662,70.61523,25.84365
rosenbrock,15,4,1,Parabolic (x1),8,0.5267,0.58,0.0662,0.1993,106.9468,35.52838
rosenbrock,15,4,1,Parabolic (x1),9,0.58,0.6333,0.1993,0.3325,128.2607,41.45377
rosenbrock,15,4,1,Parabolic (x1),10,0.6333,0.6867,0.3325,0.4656,174.57449,51.55417
rosenbrock,15,4,1,Parabolic (x1),11,0.6867,0.74,0.4656,0.5988,136.58435,40.13094
rosenbrock,15,4,1,Parabolic (x1),12,0.74,0.7933,0.5988,0.7319,128.73654,33.98797
rosenbrock,15,4,1,Parabolic (x1),13,0.7933,0.8467,0.7319,0.8651,102.29514,24.54031
rosenbrock,15,4,1,Parabolic (x1),14,0.8467,0.9,0.8651,0.9982,71.90434,21.4885
rosenbrock,15,5,0,Quadratic (x0),0,0.1,0.1533,-0.9989,-0.8657,17.96951,8.06452
rosenbrock,15,5,0,Quadratic (x0),1,0.1533,0.2067,-0.8657,-0.7325,47.38303,13.95487
rosenbrock,15,5,0,Quadratic (x0),2,0.2067,0.26,-0.7325,-0.5993,155.14366,30.94766
rosenbrock,15,5,0,Quadratic (x0),3,0.26,0.3133,-0.5993,-0.4661,330.34863,57.84757
rosenbrock,15,5,0,Quadratic (x0),4,0.3133,0.3667,-0.4661,-0.333,286.06442,46.38757
rosenbrock,15,5,0,Quadratic (x0),5,0.3667,0.42,-0.333,-0.1998,227.84799,41.05788
rosenbrock,15,5,0,Quadratic (x0),6,0.42,0.4733,-0.1998,-0.0666,157.80373,31.50999
rosenbrock,15,5,0,Quadratic (x0),7,0.4733,0.5267,-0.0666,0.0666,111.17844,24.89236
rosenbrock,15,5,0,Quadratic (x0),8,0.5267,0.58,0.0666,0.1998,79.71645,21.68591
rosenbrock,15,5,0,Quadratic (x0),9,0.58,0.6333,0.1998,0.3329,62.19144,18.71569
rosenbrock,15,5,0,Quadratic (x0),10,0.6333,0.6867,0.3329,0.4661,70.99775,23.41897
rosenbrock,15,5,0,Quadratic (x0),11,0.6867,0.74,0.4661,0.5993,51.03301,16.54629
rosenbrock,15,5,0,Quadratic (x0),12,0.74,0.7933,0.5993,0.7325,14.67041,5.065
rosenbrock,15,5,0,Quadratic (x0),13,0.7933,0.8467,0.7325,0.8657,14.76556,4.33976
rosenbrock,15,5,0,Quadratic (x0),14,0.8467,0.9,0.8657,0.9988,18.11669,4.36695
rosenbrock,15,5,1,Parabolic (x1),0,0.1,0.1533,-0.999,-0.8658,33.13874,8.02501
rosenbrock,15,5,1,Parabolic (x1),1,0.1533,0.2067,-0.8658,-0.7327,35.60323,11.16271
rosenbrock,15,5,1,Parabolic (x1),2,0.2067,0.26,-0.7327,-0.5995,47.59243,15.54584
rosenbrock,15,5,1,Parabolic (x1),3,0.26,0.3133,-0.5995,-0.4664,50.32661,15.85105
rosenbrock,15,5,1,Parabolic (x1),4,0.3133,0.3667,-0.4664,-0.3332,63.2157,19.28884
rosenbrock,15,5,1,Parabolic (x1),5,0.3667,0.42,-0.3332,-0.2001,72.25276,20.27565
rosenbrock,15,5,1,Parabolic (x1),6,0.42,0.4733,-0.2001,-0.0669,81.28299,20.36245
rosenbrock,15,5,1,Parabolic (x1),7,0.4733,0.5267,-0.0669,0.0662,109.93681,25.80247
rosenbrock,15,5,1,Parabolic (x1),8,0.5267,0.58,0.0662,0.1993,149.11415,30.80798
rosenbrock,15,5,1,Parabolic (x1),9,0.58,0.6333,0.1993,0.3325,188.26079,35.1707
rosenbrock,15,5,1,Parabolic (x1),10,0.6333,0.6867,0.3325,0.4656,229.60844,36.12997
rosenbrock,15,5,1,Parabolic (x1),11,0.6867,0.74,0.4656,0.5988,181.42043,26.74505
rosenbrock,15,5,1,Parabolic (x1),12,0.74,0.7933,0.5988,0.7319,161.39313,19.41098
rosenbrock,15,5,1,Parabolic (x1),13,0.7933,0.8467,0.7319,0.8651,127.31043,12.33996
rosenbrock,15,5,1,Parabolic (x1),14,0.8467,0.9,0.8651,0.9982,84.80264,15.07404
rosenbrock,20,2,0,Quadratic (x0),0,0.1,0.14,-0.9989,-0.899,18.51655,5.03119
rosenbrock,20,2,0,Quadratic (x0),1,0.14,0.18,-0.899,-0.7991,13.82283,4.36635
rosenbrock,20,2,0,Quadratic (x0),2,0.18,0.22,-0.7991,-0.6992,12.57204,4.55895
rosenbrock,20,2,0,Quadratic (x0),3,0.22,0.26,-0.6992,-0.5993,11.27873,4.9841
rosenbrock,20,2,0,Quadratic (x0),4,0.26,0.3,-0.5993,-0.4994,10.39706,5.86966
rosenbrock,20,2,0,Quadratic (x0),5,0.3,0.34,-0.4994,-0.3996,12.39386,4.82094
rosenbrock,20,2,0,Quadratic (x0),6,0.34,0.38,-0.3996,-0.2997,7.5735,4.38686
rosenbrock,20,2,0,Quadratic (x0),7,0.38,0.42,-0.2997,-0.1998,8.60187,4.92229
rosenbrock,20,2,0,Quadratic (x0),8,0.42,0.46,-0.1998,-0.0999,9.18566,4.92385
rosenbrock,20,2,0,Quadratic (x0),9,0.46,0.5,-0.0999,-0.0,114.25834,9.89724
rosenbrock,20,2,0,Quadratic (x0),10,0.5,0.54,-0.0,0.0999,181.61714,9.90947
rosenbrock,20,2,0,Quadratic (x0),11,0.54,0.58,0.0999,0.1998,112.42348,14.84108
rosenbrock,20,2,0,Quadratic (x0),12,0.58,0.62,0.1998,0.2996,141.95955,14.22268
rosenbrock,20,2,0,Quadratic (x0),13,0.62,0.66,0.2996,0.3995,201.00871,14.37238
rosenbrock,20,2,0,Quadratic (x0),14,0.66,0.7,0.3995,0.4994,285.34894,21.65835
rosenbrock,20,2,0,Quadratic (x0),15,0.7,0.74,0.4994,0.5993,177.67159,18.00307
rosenbrock,20,2,0,Quadratic (x0),16,0.74,0.78,0.5993,0.6992,37.34444,7.55318
rosenbrock,20,2,0,Quadratic (x0),17,0.78,0.82,0.6992,0.7991,28.71412,4.95616
rosenbrock,20,2,0,Quadratic (x0),18,0.82,0.86,0.7991,0.899,62.67425,4.32346
rosenbrock,20,2,0,Quadratic (x0),19,0.86,0.9,0.899,0.9988,89.10604,4.52041
rosenbrock,20,2,1,Parabolic (x1),0,0.1,0.14,-0.999,-0.8991,18.6249,4.31277
rosenbrock,20,2,1,Parabolic (x1),1,0.14,0.18,-0.8991,-0.7992,22.92134,4.7962
rosenbrock,20,2,1,Parabolic (x1),2,0.18,0.22,-0.7992,-0.6994,27.1438,5.42481
rosenbrock,20,2,1,Parabolic (x1),3,0.22,0.26,-0.6994,-0.5995,28.58678,5.29379
rosenbrock,20,2,1,Parabolic (x1),4,0.26,0.3,-0.5995,-0.4997,29.36236,5.25073
rosenbrock,20,2,1,Parabolic (x1),5,0.3,0.34,-0.4997,-0.3998,41.00185,6.43118
rosenbrock,20,2,1,Parabolic (x1),6,0.34,0.38,-0.3998,-0.3,47.34755,6.71731
rosenbrock,20,2,1,Parabolic (x1),7,0.38,0.42,-0.3,-0.2001,47.99037,6.80505
rosenbrock,20,2,1,Parabolic (x1),8,0.42,0.46,-0.2001,-0.1002,48.55201,6.6042
rosenbrock,20,2,1,Parabolic (x1),9,0.46,0.5,-0.1002,-0.0004,58.59406,6.88487
rosenbrock,20,2,1,Parabolic (x1),10,0.5,0.54,-0.0004,0.0995,90.68295,9.13485
rosenbrock,20,2,1,Parabolic (x1),11,0.54,0.58,0.0995,0.1993,83.95699,8.19847
rosenbrock,20,2,1,Parabolic (x1),12,0.58,0.62,0.1993,0.2992,129.33783,10.11671
rosenbrock,20,2,1,Parabolic (x1),13,0.62,0.66,0.2992,0.3991,139.53769,10.9922
rosenbrock,20,2,1,Parabolic (x1),14,0.66,0.7,0.3991,0.4989,154.3396,9.37375
rosenbrock,20,2,1,Parabolic (x1),15,0.7,0.74,0.4989,0.5988,112.30708,8.8232
rosenbrock,20,2,1,Parabolic (x1),16,0.74,0.78,0.5988,0.6986,101.64339,8.38431
rosenbrock,20,2,1,Parabolic (x1),17,0.78,0.82,0.6986,0.7985,79.27266,7.46528
rosenbrock,20,2,1,Parabolic (x1),18,0.82,0.86,0.7985,0.8984,65.67006,7.31864
rosenbrock,20,2,1,Parabolic (x1),19,0.86,0.9,0.8984,0.9982,49.89183,5.67972
rosenbrock,20,3,0,Quadratic (x0),0,0.1,0.14,-0.9989,-0.899,19.60542,6.90787
rosenbrock,20,3,0,Quadratic (x0),1,0.14,0.18,-0.899,-0.7991,15.53508,9.14266
rosenbrock,20,3,0,Quadratic (x0),2,0.18,0.22,-0.7991,-0.6992,32.99503,14.86645
rosenbrock,20,3,0,Quadratic (x0),3,0.22,0.26,-0.6992,-0.5993,91.69526,27.02666
rosenbrock,20,3,0,Quadratic (x0),4,0.26,0.3,-0.5993,-0.4994,196.8222,50.74154
rosenbrock,20,3,0,Quadratic (x0),5,0.3,0.34,-0.4994,-0.3996,219.39723,50.33813
rosenbrock,20,3,0,Quadratic (x0),6,0.34,0.38,-0.3996,-0.2997,150.70718,35.46754
rosenbrock,20,3,0,Quadratic (x0),7,0.38,0.42,-0.2997,-0.1998,124.55735,31.57533
rosenbrock,20,3,0,Quadratic (x0),8,0.42,0.46,-0.1998,-0.0999,87.69186,23.1109
rosenbrock,20,3,0,Quadratic (x0),9,0.46,0.5,-0.0999,-0.0,81.9542,21.4743
rosenbrock,20,3,0,Quadratic (x0),10,0.5,0.54,-0.0,0.0999,52.07364,13.46893
rosenbrock,20,3,0,Quadratic (x0),11,0.54,0.58,0.0999,0.1998,33.62585,11.48387
rosenbrock,20,3,0,Quadratic (x0),12,0.58,0.62,0.1998,0.2996,17.93433,7.57062
rosenbrock,20,3,0,Quadratic (x0),13,0.62,0.66,0.2996,0.3995,11.17075,5.7096
rosenbrock,20,3,0,Quadratic (x0),14,0.66,0.7,0.3995,0.4994,15.2259,8.13133
rosenbrock,20,3,0,Quadratic (x0),15,0.7,0.74,0.4994,0.5993,18.97673,9.51458
rosenbrock,20,3,0,Quadratic (x0),16,0.74,0.78,0.5993,0.6992,18.09018,7.7553
rosenbrock,20,3,0,Quadratic (x0),17,0.78,0.82,0.6992,0.7991,22.32022,7.97518
rosenbrock,20,3,0,Quadratic (x0),18,0.82,0.86,0.7991,0.899,22.94494,6.68094
rosenbrock,20,3,0,Quadratic (x0),19,0.86,0.9,0.899,0.9988,27.14689,6.67714
rosenbrock,20,3,1,Parabolic (x1),0,0.1,0.14,-0.999,-0.8991,13.44671,6.30901
rosenbrock,20,3,1,Parabolic (x1),1,0.14,0.18,-0.8991,-0.7992,14.54706,7.49087
rosenbrock,20,3,1,Parabolic (x1),2,0.18,0.22,-0.7992,-0.6994,21.95462,9.87701
rosenbrock,20,3,1,Parabolic (x1),3,0.22,0.26,-0.6994,-0.5995,21.5203,9.2352
rosenbrock,20,3,1,Parabolic (x1),4,0.26,0.3,-0.5995,-0.4997,25.16826,10.60462
rosenbrock,20,3,1,Parabolic (x1),5,0.3,0.34,-0.4997,-0.3998,28.38686,11.39713
rosenbrock,20,3,1,Parabolic (x1),6,0.34,0.38,-0.3998,-0.3,35.48734,13.09086
rosenbrock,20,3,1,Parabolic (x1),7,0.38,0.42,-0.3,-0.2001,40.23776,14.42457
rosenbrock,20,3,1,Parabolic (x1),8,0.42,0.46,-0.2001,-0.1002,46.79668,15.75733
rosenbrock,20,3,1,Parabolic (x1),9,0.46,0.5,-0.1002,-0.0004,50.23386,16.26789
rosenbrock,20,3,1,Parabolic (x1),10,0.5,0.54,-0.0004,0.0995,66.42575,20.13249
rosenbrock,20,3,1,Parabolic (x1),11,0.54,0.58,0.0995,0.1993,80.90819,21.70631
rosenbrock,20,3,1,Parabolic (x1),12,0.58,0.62,0.1993,0.2992,100.37007,25.93054
rosenbrock,20,3,1,Parabolic (x1),13,0.62,0.66,0.2992,0.3991,147.90508,31.71872
rosenbrock,20,3,1,Parabolic (x1),14,0.66,0.7,0.3991,0.4989,127.30456,24.78551
rosenbrock,20,3,1,Parabolic (x1),15,0.7,0.74,0.4989,0.5988,102.94279,17.36004
rosenbrock,20,3,1,Parabolic (x1),16,0.74,0.78,0.5988,0.6986,98.3199,14.70921
rosenbrock,20,3,1,Parabolic (x1),17,0.78,0.82,0.6986,0.7985,81.23901,10.72371
rosenbrock,20,3,1,Parabolic (x1),18,0.82,0.86,0.7985,0.8984,61.72189,7.29068
rosenbrock,20,3,1,Parabolic (x1),19,0.86,0.9,0.8984,0.9982,46.25116,6.26595
rosenbrock,20,4,0,Quadratic (x0),0,0.1,0.14,-0.9989,-0.899,63.5148,23.45591
rosenbrock,20,4,0,Quadratic (x0),1,0.14,0.18,-0.899,-0.7991,77.30933,27.1771
rosenbrock,20,4,0,Quadratic (x0),2,0.18,0.22,-0.7991,-0.6992,109.22385,38.06852
rosenbrock,20,4,0,Quadratic (x0),3,0.22,0.26,-0.6992,-0.5993,163.43768,52.96288
rosenbrock,20,4,0,Quadratic (x0),4,0.26,0.3,-0.5993,-0.4994,223.61192,79.09534
rosenbrock,20,4,0,Quadratic (x0),5,0.3,0.34,-0.4994,-0.3996,194.13173,77.06991
rosenbrock,20,4,0,Quadratic (x0),6,0.34,0.38,-0.3996,-0.2997,138.95352,46.1163
rosenbrock,20,4,0,Quadratic (x0),7,0.38,0.42,-0.2997,-0.1998,128.68791,32.73037
rosenbrock,20,4,0,Quadratic (x0),8,0.42,0.46,-0.1998,-0.0999,88.4237,20.988
rosenbrock,20,4,0,Quadratic (x0),9,0.46,0.5,-0.0999,-0.0,77.41504,16.77755
rosenbrock,20,4,0,Quadratic (x0),10,0.5,0.54,-0.0,0.0999,37.05256,8.92416
rosenbrock,20,4,0,Quadratic (x0),11,0.54,0.58,0.0999,0.1998,9.28665,5.55421
rosenbrock,20,4,0,Quadratic (x0),12,0.58,0.62,0.1998,0.2996,5.51959,4.7368
rosenbrock,20,4,0,Quadratic (x0),13,0.62,0.66,0.2996,0.3995,5.64881,4.32136
rosenbrock,20,4,0,Quadratic (x0),14,0.66,0.7,0.3995,0.4994,8.48026,4.73798
rosenbrock,20,4,0,Quadratic (x0),15,0.7,0.74,0.4994,0.5993,9.68326,4.58133
rosenbrock,20,4,0,Quadratic (x0),16,0.74,0.78,0.5993,0.6992,9.80441,3.98395
rosenbrock,20,4,0,Quadratic (x0),17,0.78,0.82,0.6992,0.7991,13.28198,4.60932
rosenbrock,20,4,0,Quadratic (x0),18,0.82,0.86,0.7991,0.899,14.06138,4.16792
rosenbrock,20,4,0,Quadratic (x0),19,0.86,0.9,0.899,0.9988,17.06396,4.36583
rosenbrock,20,4,1,Parabolic (x1),0,0.1,0.14,-0.999,-0.8991,11.9066,4.64712
rosenbrock,20,4,1,Parabolic (x1),1,0.14,0.18,-0.8991,-0.7992,12.78245,5.38695
rosenbrock,20,4,1,Parabolic (x1),2,0.18,0.22,-0.7992,-0.6994,19.93837,7.87178
rosenbrock,20,4,1,Parabolic (x1),3,0.22,0.26,-0.6994,-0.5995,20.3138,8.04909
rosenbrock,20,4,1,Parabolic (x1),4,0.26,0.3,-0.5995,-0.4997,26.43033,9.98318
rosenbrock,20,4,1,Parabolic (x1),5,0.3,0.34,-0.4997,-0.3998,27.02015,10.73178
rosenbrock,20,4,1,Parabolic (x1),6,0.34,0.38,-0.3998,-0.3,35.12903,13.57124
rosenbrock,20,4,1,Parabolic (x1),7,0.38,0.42,-0.3,-0.2001,42.60612,15.83387
rosenbrock,20,4,1,Parabolic (x1),8,0.42,0.46,-0.2001,-0.1002,53.35209,19.12392
rosenbrock,20,4,1,Parabolic (x1),9,0.46,0.5,-0.1002,-0.0004,59.78719,21.10999
rosenbrock,20,4,1,Parabolic (x1),10,0.5,0.54,-0.0004,0.0995,68.63487,23.39836
rosenbrock,20,4,1,Parabolic (x1),11,0.54,0.58,0.0995,0.1993,101.09881,31.7546
rosenbrock,20,4,1,Parabolic (x1),12,0.58,0.62,0.1993,0.2992,108.96284,34.49001
rosenbrock,20,4,1,Parabolic (x1),13,0.62,0.66,0.2992,0.3991,183.15009,51.7199
rosenbrock,20,4,1,Parabolic (x1),14,0.66,0.7,0.3991,0.4989,137.71198,40.99519
rosenbrock,20,4,1,Parabolic (x1),15,0.7,0.74,0.4989,0.5988,134.18745,38.27237
rosenbrock,20,4,1,Parabolic (x1),16,0.74,0.78,0.5988,0.6986,133.2262,37.52271
rosenbrock,20,4,1,Parabolic (x1),17,0.78,0.82,0.6986,0.7985,114.20222,31.30592
rosenbrock,20,4,1,Parabolic (x1),18,0.82,0.86,0.7985,0.8984,88.84647,24.2356
rosenbrock,20,4,1,Parabolic (x1),19,0.86,0.9,0.8984,0.9982,68.96904,20.93227
rosenbrock,20,5,0,Quadratic (x0),0,0.1,0.14,-0.9989,-0.899,18.80636,8.95183
rosenbrock,20,5,0,Quadratic (x0),1,0.14,0.18,-0.899,-0.7991,34.2043,11.92905
rosenbrock,20,5,0,Quadratic (x0),2,0.18,0.22,-0.7991,-0.6992,91.34708,19.45519
rosenbrock,20,5,0,Quadratic (x0),3,0.22,0.26,-0.6992,-0.5993,197.64784,34.9394
rosenbrock,20,5,0,Quadratic (x0),4,0.26,0.3,-0.5993,-0.4994,395.31024,64.53268
rosenbrock,20,5,0,Quadratic (x0),5,0.3,0.34,-0.4994,-0.3996,433.36456,65.33176
rosenbrock,20,5,0,Quadratic (x0),6,0.34,0.38,-0.3996,-0.2997,302.65613,46.79306
rosenbrock,20,5,0,Quadratic (x0),7,0.38,0.42,-0.2997,-0.1998,254.81979,43.12582
rosenbrock,20,5,0,Quadratic (x0),8,0.42,0.46,-0.1998,-0.0999,180.0692,32.87038
rosenbrock,20,5,0,Quadratic (x0),9,0.46,0.5,-0.0999,-0.0,162.29512,32.63123
rosenbrock,20,5,0,Quadratic (x0),10,0.5,0.54,-0.0,0.0999,108.25656,23.10025
rosenbrock,20,5,0,Quadratic (x0),11,0.54,0.58,0.0999,0.1998,109.11723,27.89114
rosenbrock,20,5,0,Quadratic (x0),12,0.58,0.62,0.1998,0.2996,87.74849,23.88796
rosenbrock,20,5,0,Quadratic (x0),13,0.62,0.66,0.2996,0.3995,77.98035,22.364
rosenbrock,20,5,0,Quadratic (x0),14,0.66,0.7,0.3995,0.4994,101.08626,29.24073
rosenbrock,20,5,0,Quadratic (x0),15,0.7,0.74,0.4994,0.5993,77.10863,21.03427
rosenbrock,20,5,0,Quadratic (x0),16,0.74,0.78,0.5993,0.6992,24.15608,7.18365
rosenbrock,20,5,0,Quadratic (x0),17,0.78,0.82,0.6992,0.7991,15.84209,5.06302
rosenbrock,20,5,0,Quadratic (x0),18,0.82,0.86,0.7991,0.899,14.94432,4.13305
rosenbrock,20,5,0,Quadratic (x0),19,0.86,0.9,0.899,0.9988,18.00527,4.32719
rosenbrock,20,5,1,Parabolic (x1),0,0.1,0.14,-0.999,-0.8991,41.30682,8.74013
rosenbrock,20,5,1,Parabolic (x1),1,0.14,0.18,-0.8991,-0.7992,41.74876,10.59174
rosenbrock,20,5,1,Parabolic (x1),2,0.18,0.22,-0.7992,-0.6994,58.09243,15.35439
rosenbrock,20,5,1,Parabolic (x1),3,0.22,0.26,-0.6994,-0.5995,56.55679,15.31833
rosenbrock,20,5,1,Parabolic (x1),4,0.26,0.3,-0.5995,-0.4997,62.1376,16.35332
rosenbrock,20,5,1,Parabolic (x1),5,0.3,0.34,-0.4997,-0.3998,70.57823,19.05907
rosenbrock,20,5,1,Parabolic (x1),6,0.34,0.38,-0.3998,-0.3,84.01751,22.16075
rosenbrock,20,5,1,Parabolic (x1),7,0.38,0.42,-0.3,-0.2001,91.66492,23.20437
rosenbrock,20,5,1,Parabolic (x1),8,0.42,0.46,-0.2001,-0.1002,103.74352,24.45873
rosenbrock,20,5,1,Parabolic (x1),9,0.46,0.5,-0.1002,-0.0004,112.99448,25.92807
rosenbrock,20,5,1,Parabolic (x1),10,0.5,0.54,-0.0004,0.0995,146.53197,31.57294
rosenbrock,20,5,1,Parabolic (x1),11,0.54,0.58,0.0995,0.1993,173.05266,33.45756
rosenbrock,20,5,1,Parabolic (x1),12,0.58,0.62,0.1993,0.2992,212.91077,40.09249
rosenbrock,20,5,1,Parabolic (x1),13,0.62,0.66,0.2992,0.3991,300.31302,46.28179
rosenbrock,20,5,1,Parabolic (x1),14,0.66,0.7,0.3991,0.4989,256.07132,38.34433
rosenbrock,20,5,1,Parabolic (x1),15,0.7,0.74,0.4989,0.5988,211.02388,28.717
rosenbrock,20,5,1,Parabolic (x1),16,0.74,0.78,0.5988,0.6986,205.08458,26.00775
rosenbrock,20,5,1,Parabolic (x1),17,0.78,0.82,0.6986,0.7985,172.10312,17.71638
rosenbrock,20,5,1,Parabolic (x1),18,0.82,0.86,0.7985,0.8984,131.45685,13.90175
rosenbrock,20,5,1,Parabolic (x1),19,0.86,0.9,0.8984,0.9982,99.42083,15.5168
