{
    "dataset": "convex_seed_22",
    "test_r2": 0.9693903950620707,
    "best_params": {
        "steps": 50,
        "n_layers": 1,
        "lr": 0.5,
        "lamb_entropy": 2.0,
        "lamb_coef": 0.1,
        "lamb": 0.001,
        "k": 3,
        "grid": 3
    },
    "symbolic_formula": "3.86942798946507*(0.502180703728277 - x_1)**2 - 0.0995272025465965*tanh(1.65511798858643*x_2 - 0.478245139122009) + 0.130816634744406"
}