Feature,Mean_Abs_SHAP
Linear (x1),2.5913685200926393
Angle (x0),0.6409552520592011
