Feature,Mean_Abs_SHAP
Linear (x1),2.5725472769177196
Angle (x0),0.6466176374506901
