Feature,Total_Effect (ST),First_Order (S1)
Linear (x1),0.943444469042445,0.9434463764142071
Angle (x0),0.056562284106421945,0.0565618161831718
