Feature,Total_Effect (ST),First_Order (S1)
Linear (x1),0.9433973004682704,0.943405539215312
Angle (x0),0.05660430773137545,0.05653169635248955
