{
    "dataset": "CO2RRRC",
    "test_r2": 0.8762878103716657,
    "best_params": {
        "sym_range": 10,
        "steps": 50,
        "n_layers": 1,
        "lr": 0.1,
        "lamb_entropy": 0.1,
        "lamb_coefdiff": 0.01,
        "lamb_coef": 0.01,
        "lamb": 1.0,
        "k": 3,
        "grid": 10
    },
    "symbolic_formula": "-0.410027734003961 + 0.0456448974599356/(-x_5 - 0.414009376133037)**2 + 0.856723582520796/(-0.627316718886053*x_4 - 1)**2 + 0.0397570683279913/(1 - 0.556730854000305*x_6)**2 - 5.8590431687474e-5/(1 - 0.843590679647833*x_2)**2 - 3.3882216609815e-7/(0.91520328199425 - x_7)**2 + 2.05000142088204e-7/(0.891898418636582 - x_1)**2 + 5.07586146774567e-6/(0.0743274186009757 - x_8)**2 + 4.89564886886384e-5/(0.00473072041367139 - x_3)**2"
}