Feature,Mean_Abs_SHAP
Exponent (x0),1.3617826310318335
Linear (x1),0.5452516604776758
