Feature,Total_Effect (ST),First_Order (S1)
Exponent (x0),0.9140590132257133,0.9140518816247916
Linear (x1),0.0859145234605951,0.08591080549006819
