Feature,Mean_Abs_SHAP
Current density (A/cm2),0.08809695267375399
Voltage (V),0.0068298301704147555
Faradaic efficiency,0.06692995860478235
CO conversion,0.009565189218138932
Crossover rate,0.0006939674636866247
Capture energy (MJ/kgCO2),0.0015210810436595986
Electricity price (USD/kWh),0.02457180317249255
Membrane cost (USD/m2),0.0013012251935531243
