Feature,Total_Effect (ST),First_Order (S1)
Current density (A/cm2),0.6371241895897358,0.6083079681471014
Voltage (V),0.004374667744907623,0.0038267507676996246
Faradaic efficiency,0.33818632607300325,0.3138219990266095
CO conversion,0.007104443464621014,0.0072473660835425235
Crossover rate,0.0002384345030798127,0.00023191803852687658
Capture energy (MJ/kgCO2),0.00044129274862929964,0.0008628210881784956
Electricity price (USD/kWh),0.04433861294775724,0.04213436103859728
Membrane cost (USD/m2),0.00025637904000989654,0.00023924124148960613
