Feature,Total_Effect (ST),First_Order (S1)
Current density (A/cm2),0.6325610182379564,0.6099909713651201
Voltage (V),0.004389736206119368,0.003212607755684846
Faradaic efficiency,0.3359774476623004,0.31408390491882704
CO conversion,0.00710689587544753,0.006960388092979984
Crossover rate,0.00025651337908601533,-0.00047708953870071163
Capture energy (MJ/kgCO2),0.0003869042075792212,0.0004060146516895768
Electricity price (USD/kWh),0.044193311691206126,0.04216086545824798
Membrane cost (USD/m2),0.0002596308255559197,0.00046445947486828626
