Feature,Mean_Abs_SHAP
Current density (A/cm2),0.08902787958741698
Voltage (V),0.006679624418869633
Faradaic efficiency,0.06343778643931833
CO conversion,0.008868103320370661
Crossover rate,0.0006877837993849848
Capture energy (MJ/kgCO2),0.0016842645630615704
Electricity price (USD/kWh),0.024952196076653596
Membrane cost (USD/m2),0.001303229077700959
