Current density (A/cm2),Voltage (V),Faradaic efficiency,CO conversion,Crossover rate,Capture energy (MJ/kgCO2),Electricity price (USD/kWh),Membrane cost (USD/m2)
-0.21973456961894955,0.005941296291093499,-0.0765351648715189,0.015555202339497474,0.0017248992075828418,-0.003650620851119406,-0.022246017084512255,0.003074974063330686
-0.12210215260136492,-0.009736441642409943,-0.0020377776599204245,0.01470073640713139,0.0012597071707005358,0.0025001172257600986,-0.03655207817446425,0.0037938967203553857
0.03230350589353547,-0.013527123210326565,0.055719467794078964,0.0006235896132408071,6.344584822664395e-05,9.239946851804983e-05,-0.03594251244644058,-0.005368958289033258
0.10835614166363142,0.007087683086179875,0.05202173687427964,-0.004657669065479632,0.0,0.001656786500661416,0.02426016664015687,-0.0016578487204647052
0.011429811602394408,-0.002579570387694535,0.04999426933595042,0.012046469905495332,0.0001241873418125622,0.000667375518436071,0.009611276735434063,-0.002568690543662973
0.11831394649679244,-0.0031190397411553724,-9.48384100645438e-05,-0.009840886401792742,7.447242897345996e-05,-0.0014438395520115605,-0.025062277170844412,-0.0010086714622882388
0.1374750498188377,0.011219072802036982,-0.043073708841717344,-0.0005927802348113503,5.130540294721875e-05,0.0017087948918034794,-0.02365019709864169,-0.0017066038927584645
0.08717562880983187,-0.007892762378388292,0.04874549202866244,-0.013439679422324314,-4.6147321215092574e-05,0.0015033602930073513,-0.007422392757060062,-0.002989656874280203
-0.01494532792449415,0.004614400877100753,0.09264139827905266,0.010915078208968587,-0.00021662603220619359,0.001644047804447627,0.016342296300752197,-0.002007406955756797
-0.15081387489817374,-0.00040623772866481934,0.12316781342877829,0.005005470452590983,-0.0013345515861221356,-0.0033335532663465953,-0.02298503018471985,5.064590422568238e-05
0.08047623562526857,0.000263819079154849,0.011246238144601049,0.002759612793398692,0.00010204359291574039,0.0011784506954293297,0.0035707226267047286,-0.0045883751374903815
0.0036318475945001484,-0.010265455564218118,0.05229740020309768,-0.006490761616883565,-0.000518574083592252,-0.0019928986082232833,0.015632372734129988,-0.004452265622176379
-0.03668669974217278,-0.009806423878523566,-0.12215051262991378,0.008911382423442147,0.0011813765768956285,0.0020393472650159145,-0.050723465536193814,0.0004733371742269843
0.14657853446623811,0.008868881184924097,-0.10294920134121367,-0.009185878931360487,0.0,0.0016198380937993972,0.024006025724013,-0.0021044688340910163
0.06402897034531396,0.006993588420805773,0.08562919434295042,-0.004021116908694095,0.00011555172292179727,0.0013607699679063345,-0.04466105224678006,-0.0010192704550271252
-0.04595394016654477,-0.012168488102460129,-0.05110916620444813,-0.004294727407132956,0.0001405785461559006,-0.0015268003172063743,-0.014496193415970056,-0.0029095898323552045
-0.15707449957702269,0.013652431046417888,0.08925713392640738,-0.0058838957772885895,0.0016134926776918412,0.0031041562943845565,-0.014626902783801824,0.0038162200624893426
0.12456795151749497,-0.0026674568295683753,0.004499813873222353,0.006711210859317697,9.499489857475698e-05,-7.54263749181e-05,-0.02893404943543405,-0.00305741782963268
-0.10703217912932082,-0.013649796646771585,-0.022484852574117465,0.0013806608704733491,0.0014912476678875719,0.0005160359899507028,-0.02936428603820256,0.001938354352334151
-0.21013529427354563,0.013614024096303617,-0.004313361574335474,-0.006510827230645771,0.0008202741677234282,-0.001688627488867697,-0.005690429125028134,0.0012718980358306863
0.1322022521421975,-0.007724404706348985,-0.11264657270768559,0.006227350109822629,0.0,0.0008070752199361569,0.045869496959049884,0.0026851268338513707
0.004949274994206299,0.000727763896886563,0.06895581940469721,-0.0010608527853287713,0.0001554058624030144,-0.0011037769482976907,-0.034907306786480116,-0.0044846673182173825
0.10526669889863823,-0.0055695892628139145,0.013105479088736043,-0.008690669473046269,-7.646891875154327e-05,0.0004740354035648851,0.009781286002299605,0.0006264658323154876
-0.18305911182780119,0.0012036750136630735,0.12924587621955486,-0.006658179508600579,0.00022179488327853016,0.002944417602078629,0.04944942707157174,0.0005648066294523084
-0.05607793174712272,0.0004357831250433805,0.1338653450207946,-0.010765996001425547,0.0007924239008655935,-0.0031684656119924195,-0.04127502330277343,0.004196550449541842
0.058420756253542906,-0.0073730062946151895,0.023549504827435088,-0.005562743747872131,0.0,0.0002452225110731807,0.006382997564681075,-0.00020377011951111523
0.018489204706366842,-0.012444171198394263,0.08844439685438409,-0.002191760764517864,0.0,-0.0005591527637359983,-0.018524040782256383,-0.0035687618920611517
-0.1583159615801771,0.010707429768907291,-0.14700273554143375,0.007127299685409594,0.0006543485167688767,-0.002307559540797109,-0.038435241186089285,0.0013427456203924497
0.04973872242225391,0.00614175394932709,-0.028528596286668317,0.0019392667853522472,-0.00014795687512526856,0.0022816923199278885,0.04354625329265173,0.0039683660538124615
0.15280497609380495,0.0074854571099489476,-0.10679807473846066,0.0031276587453076925,0.0,-0.001483940311635294,-0.028469352941868056,0.0005932784102332632
0.07184126417301444,-0.008621545296678516,-0.10453662110870209,-0.0033727437453021205,-0.0004237319436002432,-0.001750173376512268,0.011398229479165387,-0.003025037693563089
-0.08352547587210513,-0.012491840919682846,0.1067911859240986,-0.006220117778961384,-0.0011851724199811598,-0.0011673355207234976,0.03416876086137914,0.0030899141227036324
-0.16751942091057231,-0.006862669401735231,0.042563651234068876,-0.005989732512423638,0.00039580427442692523,-0.0003945474096920391,-0.0011138895135691278,-0.0010535825210477667
-0.024757963046643607,-0.006018805657153601,0.010445293517522505,0.0024847018473277706,0.0009285149862370834,-0.001028387532093529,-0.053981833258065125,-0.005178054466091746
0.07095346543229102,0.006299603166967234,-0.0746490787160469,0.01123300371117634,0.0002267006465535501,-0.0008183477777123671,0.03917798839458702,0.003728441778340114
0.08308953616353433,0.00041875420521150466,0.05918991216473987,0.0082862962697624,5.97504132014981e-05,-0.00152894744627529,-0.02437918908284843,0.0026024929123351186
-0.062132608972665405,-0.0025950772323560657,-0.14387812705028458,-0.0012534467755868656,-0.001462621618858635,0.0012884778958730803,-0.016899912048787182,0.0032424636779454638
0.06366768134637212,-0.012501895359540292,-0.0354097300791329,0.012437849735735466,0.0,-0.0020953869239045755,0.017509593637499828,0.004659745894309642
-0.023704098113949308,0.004429118791415075,0.06614320692860287,-0.009074035136979451,-0.00018125434270729705,-0.0005035895931134399,-0.03165269498456909,-0.0005987712463885938
0.12334704369230834,0.009285842081401607,0.007612999404886058,0.004586917046490608,-0.00010968733102183215,0.0009579044990675866,-0.030474698230587453,0.0001706653674108359
-0.16870735362550227,0.0035946278412651517,-0.07389690263745514,-0.014798320477482854,0.0005455303034228675,-0.0004097142960535119,0.04124651262416162,0.00038615529880051125
0.10569353388831729,0.00911485739783091,0.0500469076291861,0.008202674062204545,8.867394103229047e-05,4.114617482001148e-05,0.028431259631051607,0.0001272928423431871
-0.07434793818512446,-0.013213999621274928,0.1088968644485146,0.00014231635052201763,-0.0007869033629412998,-0.002027808716805011,-0.008930016427433985,0.002625723517914063
0.08011895157957916,0.011640879938241441,-0.04157872384135429,9.082598195669922e-05,0.0,0.0,0.03446944922153301,0.001102030473947982
0.06013892229163192,-0.004957024889816566,0.04346755303017161,0.006751564845794129,-0.00012356305033792148,0.0,-0.007931277498276408,0.0022526532083212204
0.0935678312517993,0.004698194015750726,-0.047146366111206386,-0.011767855791579242,4.876848422827318e-05,0.0013465856977471682,-0.016659046407189165,0.003133406666494312
0.036963981139061464,-0.0005454741645212678,-0.10504199806547329,-0.0028457173208162635,-0.00027633668202280067,-7.635056824606412e-05,-0.05370122268230512,-0.0009439970380255681
-0.09124889090249737,-0.0004643574430818361,0.13218647785280713,-0.010707893231068789,-0.000600487099143404,0.0004908480400108023,0.021175798963284014,-0.0029064153877835556
-0.07866706989765783,-0.012103972228123287,0.005886050943173617,0.015850994352929183,0.0013733787994020421,-0.0029105038195334277,0.040635895581031034,0.0006028678629832647
-0.13605226357951958,-0.002648956199686979,-0.03333820094893048,-0.014425054194878571,-0.0012881324082241808,-0.0039087143090823515,0.008691770566344846,0.0018042405916228743
-0.11778912673266027,0.010032192350688234,0.03067352663107186,0.00274878915797698,-0.0011043763513213373,-0.0034233868123669507,-0.014624708179120765,0.0021381725670093898
-0.05500199778528908,-0.009209235806751143,0.023313857524457395,0.008132474896652642,-0.0015478138680940544,0.003349263994294163,0.036676917340095205,-0.0011565303369687795
-0.05362210950160652,-0.007466762786424608,-0.14567154291257328,-0.0003427912690047996,0.0005651540954184836,0.0035641757453659887,0.0026073107679044343,-0.0029913590074313
-0.2148964245566235,0.01533852698764805,-0.03970930598299897,-0.00022190801575231608,-0.0008241017315749031,-3.7558090368927655e-05,-0.03377028964081279,0.003745937486534157
0.0654282702054249,-0.008284718130071079,0.10018976284790916,-0.011396848516510356,0.0,0.0007253316098058404,0.043463726867400895,-0.0014554590875267275
0.06277065681133985,0.0076579458962493865,0.002043761394022143,0.0044282240366817745,0.0,1.8719723472240823e-05,-0.03688710348114885,0.005125023957674623
0.0910848296919973,-0.00645816011375817,-0.11819972055117885,-0.003142288224949136,-0.00032381583087119246,-0.0008175310569119169,0.04367633065466489,-0.0040738141979701
0.10123042695691892,-0.0077898073228859915,0.09457662776619942,-0.002427255063966422,-0.00016350760913599882,0.0017748838547913016,-0.025645423665895863,-0.0038423583500031147
0.09046818214604264,-0.0028556245487707777,0.05800434203931212,0.000630858293871725,-0.0001598527255471105,0.0016347774024950289,0.0436183467881406,-0.0038689215019727403
0.002777881974875798,0.0009037140692598129,0.07509215248594392,-0.0030297260594443075,0.00022948400449535056,0.0008153637754838281,0.007893460968833312,-0.0017897273160681077
-0.019918349299577212,-0.011096449668908869,-0.01879902370680745,-0.002248636277131169,-0.0005525555893680455,0.002521327443023746,0.024361771482157388,0.0005419204253148922
-0.08744336322156694,-0.00434526477367524,0.0337269188664657,-0.0024360770642995857,-0.00011121698175724226,-0.00375373028739345,-0.01311218178131354,-0.002071306250190055
0.04214330096965783,-0.00840577772675647,0.00762601386738792,0.011456309681438197,0.0,0.0007692927259474011,-0.004368574705878075,-0.0002467176912336194
-0.2171357576911876,0.004661386733937105,-0.05008441452940863,-0.0011972727468298207,0.00044689486899490705,-0.0016963332725940955,-0.013015673626105437,0.0015741202969244744
0.07319925885203764,0.00868028303134578,0.09027594703080014,-0.00764697330821687,0.00014341613573226608,0.0012588975013867567,0.002656857673212086,-0.004841715394349758
0.026081425005828215,-0.011956205335986533,0.04466535807880305,0.014810494857760112,-0.0003945270607517565,-0.0015922464723691046,0.03438586510072886,0.0030135388251603962
0.04170505502826572,0.007178877921810119,0.08699005214412213,0.01367386380392688,-0.00015596232953227207,0.0011960696676589749,0.03586896214204189,0.0022903039370633497
0.06851542222643697,-0.014553954199743235,-0.0654783273667325,-0.012084976617389307,-0.00030664599645419816,-0.0014703981863314545,0.042005420699226595,0.002722491297963354
-0.12485458828501925,0.0009436097297159107,-0.03818629611797479,-0.0023648769752175184,-0.0015131298168969778,-0.002986912374027291,-0.02306780904479158,0.0022172960874715627
-0.19210098593060196,-0.001669068924583833,-0.09873522353223468,-0.011404439667880888,0.0007568926125313125,-0.003960347241585585,-0.04351669331053961,0.0012694122955382184
0.07080243237176215,-0.0033718937375598235,-0.023564704438289237,0.0134910436132937,4.2019611000802815e-05,0.0010673358456403219,-0.014642968967789324,-0.004264232594263218
0.02178530045156514,0.007896091267781534,-0.018584679895589686,0.017060812974450976,0.0003319826714667934,0.0008301146606767483,0.003601527857148382,0.0006074830557370631
0.09133497450225987,-0.011738811879480922,0.0343736564015584,-0.006798143611833164,4.189795859355083e-05,0.0015501480694282335,0.007451017295511764,0.004798068012862167
-0.09300261756328569,-0.0010625413008979756,-0.12517961014957868,0.012185226768801087,-6.255367954355329e-05,-0.001063062166040209,0.019185103928237992,0.002226350654711772
0.07344869340795832,-0.0111448453098053,-0.006530830799120625,-0.007614688865972798,0.0,-0.0018285154769114437,0.03265797923243819,0.002532936254447929
-0.0581513616288783,-0.0036458489997781792,-0.015912281645649215,-0.01656206810004071,0.001427174475490768,0.0009423974548684322,-0.003867773009742208,-0.0038149843790525714
0.07939700909166611,-0.007029297751887873,-0.05901997587671945,0.005167785317565627,-4.341149322099197e-05,0.0012763315706078651,-0.04835052324508979,-0.006061499140343159
0.0559579531648727,0.0006187934773785081,0.058384349990324144,-0.004276929335944408,9.860377069338677e-05,-0.0018584137775001985,-0.041803619860478924,0.0026681021741713573
0.11473586354761624,0.002282301879529383,0.035840307834981766,0.010324231521485908,2.4037407961557955e-05,0.0006521232844456993,-0.023302198092356292,0.0015501702164158959
0.06118204681693271,-0.0011870104230035483,0.09768252793453465,0.008590285480232307,0.00023795920086164268,0.000782810893955754,0.010558267321262424,-0.0032302481605950483
-0.005689099176269877,0.0030665094347317166,0.11174981615132547,-0.0075190970184140825,0.0002835754585207295,0.0006662163935357065,0.037322876304634364,0.0030144757875140457
-0.07940753804828982,0.0007504993157530379,-0.13459107601271383,-0.0002705339773524662,0.0008377040143388309,0.0015580383084525294,0.015254334093516836,0.004060833853627459
0.046435746392900046,-0.007345574991578928,0.09192052558208556,-0.01413680634409514,0.00010218926866298328,-0.0014081262128657385,0.011012485307832201,-0.0031225046327443026
-0.17558774803113752,0.011862374181742425,-0.07426014838515227,-0.0048625403233836404,0.00040968484658659987,-0.001410334198201469,0.02979964886646116,-0.0003814154946245188
-0.1734880848798108,-0.007964090586558847,-0.07515473637817709,-0.006420187777720212,0.0008990648469633378,-0.0003197337584745294,-0.0067662764813007665,-0.0026820090929084665
0.0677918070122086,0.007173640723429765,0.08212421396343214,0.012832509656228414,2.311662472448406e-05,0.00047855878996560565,-0.017839218798401505,-0.0045682040282293
0.04495169486943884,0.001690177123747353,-0.05985080264244249,-0.01608562084355764,0.0004951276428773327,0.0010163225700602727,-0.020586152099610216,0.004724903590110614
-0.07978113733632068,-0.005525667470819148,0.04442441249168838,0.007870943825597738,0.0006447886665526013,-0.001028875237827814,0.04221021858324809,7.456526351307634e-05
-0.16332055081749078,-0.008756562490711427,-0.12924498946080393,-0.01648900424465455,-0.0004663304495363674,0.003546083492746406,0.04411131586521485,-0.0018069313661487087
0.11005289810085771,0.006682221002547137,0.060472461339003976,0.006399233369795436,7.938336557905545e-05,0.0003493954205174915,0.01722442782438302,-0.0027137835503432245
-0.1646500001265411,-0.012927941410630878,0.025329133685424707,0.009628917852190192,-0.0019738002772822366,0.003780126911422267,0.038808135924691026,-0.003964348014363452
0.038385707892301994,-0.0073673426401908515,0.10357873537200295,0.014315780576613183,-0.0001962513924713416,0.0007821244323359344,-0.015360903904202493,0.004593152158511523
-0.0873597236256501,0.014898063012705328,-0.15177764289706389,0.006837496655171841,0.0012599491278294998,-0.0009977277508694412,0.031563137519044035,-0.0008531558939449957
0.10816191804513711,0.0006815430581710596,0.0816458790423136,0.005754422526657911,0.00010594952920561784,0.0013655803311183453,-0.006676677105550654,0.0028897611495850733
0.0448890519720799,0.00992723267999269,0.06829616203663823,0.011067927335820068,0.0,0.0012733245519089276,0.030158579740162696,0.0026531416883752916
-0.12791230335405876,-0.009984135275047346,-0.013985576137009684,-0.006378970899702816,0.0012388534595773966,-0.0010546148572107411,0.014929470931523366,0.0004809744907224023
0.07175528960445152,-0.009995022242649596,0.09405900434106945,0.009540009228183365,-0.00010678775412126251,-0.001001373467316282,0.027494542937203426,0.002984104863447486
0.00713899602633989,0.0020234187441839913,0.10952867773991125,-0.0029411268095100337,0.0,-0.001775118917114738,-0.042273721737929974,-0.0030572962932366473
0.12918482062462971,0.004472549468166679,-0.03676262039242908,-0.0061025085424316694,0.0,-0.0016099091753293548,0.037328795177570706,-0.003228793664966318
-0.2298412758290557,0.0031587436164913535,-0.06922119181218035,-0.0015215203153573994,-0.001229713713420293,0.0035251032748517194,0.05066611178995546,0.0010998176953907202
-0.1459435496934412,0.012214511710594754,0.02830408147638864,0.0035011983776778418,-0.002074139816645143,-0.002852058259429278,0.0041414552151567766,0.003329140173682772
-0.1970205969422699,0.015241975931297946,-0.10625769875347758,0.0007375450200812589,-6.918030778163553e-05,-0.0036336353537263803,0.033832427907640676,-0.00271137283613152
-0.16264848820007813,-0.005545855757369093,-0.08845992819788642,-0.003090925520538751,0.0005871674243947411,0.003930464723783791,0.025626718069547545,0.000751919668983184
-0.04509257633626124,-0.003406086654100731,-0.11351208404921656,-0.0019310240689801874,-0.0007259589990268525,0.001817162025115112,-0.023691165938285356,0.0005098389492778077
-0.10062167460748847,0.009028876870606798,-0.15668565240347412,-0.008031771765884465,-0.0010596109976090198,-0.003875143165140105,-0.037855829755299775,-0.000677610351199065
0.02434180704385669,0.004009990588578035,0.09645271476596716,0.011105015623387414,2.4791554029846008e-05,0.0013854663019945133,0.024260248320241408,-0.0018881166693663675
0.05186715106823161,0.006237164238049412,0.08107755254704455,-0.001341370907932223,-0.00022014261592614992,-0.0009727095424052684,0.03528322269363484,-0.004397272402646113
-0.09999826276405666,0.007607835159401493,0.07914941508637881,-0.017133065196904006,0.00113046027486235,0.0016196852581442497,0.046913316177916324,-0.0002692917863547327
0.09502073620603388,-0.002754737447503483,0.013275973789489089,0.0029408634879779976,0.00012560856231788597,0.00037081855291784744,-0.0010455276431620495,-0.004384946586962174
-0.0714842833093801,-0.014229468548484366,0.03497615712579791,-0.013338234450490295,-0.0013584759365432644,-0.0035936214166492537,0.0319650111256708,-0.002915602253714777
0.10740615099101562,-0.007954133303565524,-0.12211304492685847,-0.011957424466627817,0.00016553494256041183,-0.0022957860300467873,0.021192079869671827,0.003448112209794128
0.13372819457945018,0.013492683841879983,-0.08389646179301789,-0.003833304515126541,0.0,0.0013188219650206862,-0.030675303612818342,0.0034142709378249124
0.09711798230833832,0.002459712443645908,-0.06735367704973051,0.015295327470651873,-3.260385281487902e-05,-0.0011328458852144173,-0.04120937544893064,-0.0013765250507716575
-0.21996175873102566,0.009108246776029203,-0.14720205890953647,0.003463623452206388,0.00021319248904072552,-0.0025204005285088976,0.028754620600056777,-0.0037058401196768905
-0.010293549933634754,-0.008836770325828658,0.09009014087268435,-0.0036991544654573706,-0.0005748013448125255,-0.0007756483220577697,0.002441237706763495,0.0016792081518951455
0.09990487579797544,-0.0036469120074943654,0.03244833731190084,-0.013809714687786042,0.0,0.001763910785283207,-0.006978099264422382,-0.001583530223583526
0.041283908202735836,0.011368326407089326,0.029982185930128746,-0.0035252864466465816,0.0,0.0010871618684754336,0.010114507504016667,-0.0048369171276891575
-0.07379145176666133,0.007047517792822652,0.01613270208403042,-0.016417451478425295,-0.0009231878013751687,-0.002121064530077098,0.011897094205284972,-0.0006285758096215704
-0.15000454502229596,-0.00344980760293104,0.09988330395164399,-0.007917969459763892,6.808001221642046e-05,0.0001557307405861964,0.0009604567108721552,0.0023924774915683525
0.06060593987182227,-0.00889740660608987,0.0803939199792731,-0.013987893212108362,9.159264775285281e-05,-0.00033906190405322024,0.026678611036618245,0.001508706474468877
0.008704898852839364,-0.005820438463566189,0.10304495597218032,-0.010332669008870103,0.0,-0.0002577766658241748,0.00435474207197427,0.0011315141172516844
0.06574959133533821,-0.008438207238870319,0.05560216675282039,0.012411775463247803,0.00011561479690050391,0.0018193129608442573,0.03184857196057712,-0.000933050792560773
0.07269238040760928,0.0028830099460115436,-0.005463046533065779,0.00949014915093632,0.0,-0.0020134169799399804,-0.0007598890866572366,0.003928324057768008
0.11349009074534698,-0.015987284988482304,-0.1230280862647944,-0.016238234825787613,-6.899573094152484e-05,-0.001406384977792961,-9.921084845859842e-05,0.0033304485977626403
-0.21631055196631085,0.015731372674665966,0.047883538859881364,-0.015735642634361332,0.000506147860148104,-0.0018599874036249982,-0.0037652871502000607,-0.0015016480168283236
0.057564914114362147,0.0036751549578664306,0.06384383059011685,0.0074065521212218965,6.737125358877575e-05,-0.00010892289841221703,0.02994435179212728,0.0012557813896053604
0.06856477003933122,9.974631403886214e-05,-0.130835437756111,-0.0060837671653991504,0.00025300033440440924,-0.0019872374081649873,-0.022184149675563883,-0.0007516426711671201
0.04690065995992786,0.008464792887818845,-0.1131982513152078,0.006261202737925353,0.0006561140207614773,-0.0003143267407659106,-0.046375511475746235,0.0007237992722396375
0.10941527772670626,0.012381164456928504,0.008793381094154796,0.006236635706788925,7.953148954090161e-05,0.00032333250283081156,0.019097427086402087,-0.0030597177808938487
0.038531645703752844,-0.0026639062762223117,0.04655120401413656,0.012440191489362633,0.0,-0.0013578578030574162,-0.045291166038004586,0.00201486701921775
-0.04950144315367236,0.011515088782654006,-0.03060160604688635,-0.015061543922903629,-0.00023773860962275628,-0.0010280422818817582,0.020212114010026844,-0.001879727640903469
-0.08439782843398408,0.011187141930317555,-0.10404751853924749,-0.004327066449623973,0.002170449685813861,-0.0026361251380505597,-0.01858679817240939,0.0012042674320718316
-0.052029318795778635,0.007386357039305043,-0.04901874350132709,-0.006092006500183622,0.00047014872678431696,0.0018532173112308027,0.048143957091403365,0.00017145230298031694
0.10843584426692009,0.003045236171505481,0.04875255646553163,0.006092291884924774,-8.595743527692323e-05,0.0015566341729904025,-0.035327976655129524,-0.0005042341922369864
-0.07512456624769248,0.009169651043876082,-0.024646809469881743,-0.008534831907236947,-0.0005351707340572331,-0.0013916247534907144,0.014237667953607392,-0.0028941741024276994
-0.15959715613784103,-0.009845921366114974,-0.06854010637220735,0.007646665361083239,0.0016712280492412832,0.0031686878500055125,-0.025287674271589303,0.0003582043439966376
0.04851685331700175,0.007461581241633803,0.0826840260996412,0.013228662668562978,0.0,-0.0012630480520052778,0.04130367278057855,0.002202562261517704
0.014671152997033634,0.01255235304682466,-0.12570855087329072,-0.005350029660595709,0.0016433870783528794,0.0018064115935623965,0.026989089399913964,0.0004262153483119008
0.043978394389614296,0.0011541641714369153,-0.019745951738526377,0.00593976757385361,0.00011941611214931907,0.002172729476250175,0.017354274689273655,8.475705144815604e-05
-0.14936456345012536,-0.0016697050910634045,-0.09909566077897151,-0.004201112639945442,0.0004981421759917837,-0.0006881975682915224,0.048792108145494124,0.0028222659837402802
0.057531154080593984,0.002356713079533054,-0.03094931485828989,-0.01118971029163289,-7.679887474022762e-05,0.0012460943083935259,0.04779991115593867,-0.0020921904446092776
0.044975976500344364,0.003003708288667165,0.10238236961900193,-0.006414108943739444,-0.00011819350519701177,-0.0001292179419601422,-0.01477891374413861,-0.004361888284120402
-0.18499767260458075,0.007909377648711847,-0.08003284742716348,0.017197839284121226,-0.0016723599891913243,0.0018162302337233367,0.04596659524212152,-0.0018277154830157916
0.10307551694291456,0.0029757814510415564,-0.0004842784516978031,-0.007606624580433126,0.0,-5.74880981619591e-05,-0.017873769965600143,-0.0036715562519458586
-0.03397784233193453,-0.015237381691360428,-0.037152989429259264,-0.006349444732961712,0.0018570785775603646,0.0018498627519865755,-0.018301420927521118,0.0007406285779025662
0.061003747102154705,0.010906662013050666,0.095854499418044,-0.0007690570823240024,0.00023507804693305434,0.0011248834292613965,-0.0447637946817459,-0.0024603599485750693
-0.06180449226783748,0.013371652180793999,-0.14191824206752335,-0.0042766608235948805,-0.0010410453515005413,-0.003223852795840368,-0.04818943397411278,0.003029877491643359
-0.12632375925390973,0.010294310786077223,0.07673977869807774,-0.004878236207763455,-0.0018967937096497133,-0.000908912328364847,-0.05079688924351009,-0.00186199798428576
0.023045648943381576,0.01222332388525926,0.052198505400927006,0.0022027625679515435,0.0,0.0019451772594236783,-0.007349005585450976,-0.0018881499069863528
0.12152071890333402,-0.008072986691799273,-0.05950536029930268,0.003473228521037812,0.0,-0.002031282796660975,-0.005301552966964608,-0.004624898333972567
0.03028075959159238,-0.001115610032219101,0.01662214789263101,-0.0034216986650881386,8.647575074393482e-05,0.0013706073077219601,-0.002036819421857376,0.0009209923264625807
-0.19647899497098434,0.006565483671165557,-0.14553210504908737,0.007429120087621255,-0.0013681807442528782,0.0016867531310051655,0.010435113209742575,0.002179272393288823
0.13811652036134442,-0.002389678003900388,-0.06192540465847545,-0.003569235261169233,0.0,-0.0013234176115498053,-0.04625456250496674,0.0019031712311535637
-0.02866451583337189,0.011895103069936151,0.10467490083103821,-0.010766126832353036,0.00022177746806299747,-0.0005070000428863312,0.013198770612170523,-0.004078017658013029
-0.04222070766647827,-0.002050127117642685,0.09923479962350426,0.011933534571282246,-0.0006982421523082094,-0.001456546853856132,0.014731479210183113,-0.004092267675205654
-0.12163743026090998,-0.009564840951065974,-0.07537096253330008,0.005423648742244699,-0.00035021913687094397,0.0013928641160543909,-0.05317243616035806,-0.0032527633422568584
0.09194692076862067,-0.004949434752973366,0.09877512854549393,0.0036781754974148716,0.00020162261013798033,-0.0010758292460087589,0.025968822075236882,0.004724131120503202
-0.19999974155887706,0.00397692210775709,0.1449666953991906,-0.01048551616939379,-0.0017251491034502699,-0.003063244161092407,-0.044142476753565675,0.0006548664833143786
0.13163302088729503,-0.003168419202671761,-0.02672033123610004,0.009588183260750154,-6.124777869843945e-05,0.0013071596297415517,-0.029938949256824547,0.003268808616012394
-0.01389221578465799,-0.001483820276168359,0.09806907389083652,0.010741276047462145,0.0005355697313832532,-0.0005407416054714204,0.01927024282907833,0.004086231194465245
-0.0582757416151219,-0.006164183645155591,-0.03296331227839635,0.00682971963278112,0.00038291501968396036,0.0033568491582959955,-0.04690861679086693,-0.004328639691416807
-0.06305795974282201,0.013415300139160423,0.10359476023043666,-0.012486698443450513,0.0010775898272710135,0.00014204992641386055,-0.028705453671566825,0.0031954773015664857
0.06969378123695028,0.003540160261000079,0.09186156704624919,-0.009040201726589935,-8.301518249984041e-05,0.0007099281496879288,0.038937736970915335,0.0008085757776052387
0.03512997126083086,-0.013535720752008698,-0.024239461700690274,0.007455357007400353,0.00023743076461329006,0.0006696625682626478,-0.0179186184502493,0.00021554180302691024
-0.06209224158113042,0.01583937730512102,-0.12228244976325764,-0.0023368081580746364,-4.187491566573498e-05,0.0,-0.03442516714038808,0.0003733828876214378
0.0742616159509371,-0.0008841878028726034,-0.03769611345680638,0.0006787072507220826,0.0,-0.001160556347037416,0.023879827074903576,0.004317975752249136
-0.07617538107805213,0.008002714871130008,-0.06915332054554416,0.011149918082324923,0.0006866543226988209,0.0017353223979897471,-0.013325430138956242,0.0037007710285697237
0.05883688180538818,-0.009691706630788754,0.041131070449776284,0.014872680012458167,0.0001345674302473815,-0.0008326699756947011,-0.036724340355069225,-0.002339620909055746
-0.16811137068969279,-0.008712007315193542,-0.029914997828863064,-0.0078958033845653,0.0010717731509935768,-0.000582999156274275,-0.0021583033435332213,-0.0028891708405424654
-0.011908894850750053,-0.012039564568844115,0.09681234262492094,0.00774263254113379,0.00020854236079652366,-0.001328890997847282,-0.030694739138073412,-0.002194762995383006
0.08880703417474803,0.0013403936910894446,-0.07068803906903158,0.006284492512885598,3.416071640895135e-05,-0.0005044141113830059,0.03680645613030525,0.005159208554675509
-0.048659932893547794,-0.001761309582862047,-0.0757135544058079,-0.013383192528124121,0.0009623365315546556,0.0034873295746083123,0.031142887197564122,0.0019605452924843633
0.0643579605880601,-0.013052269343982877,0.06293269830068536,0.00606178767544925,9.599794731658673e-05,0.0010914158496776328,-0.04117287176228312,-0.0024723268818994558
-0.04356637899670357,-0.009138035562482745,-0.05398379731952514,-0.0018469652746742398,0.0012228783454842074,0.001617262092725069,-0.03815581103061865,-0.0022060941088297317
-0.21697524466070534,-0.013621457095124752,0.0431745211339926,-0.002302354706453316,-0.0018389778533822176,-0.0018685593840697015,0.011128689912744663,-0.003476664312215928
0.05848420928787506,-0.006156275803729295,0.056660406347926726,-0.004246109466673443,8.37636623501453e-05,8.355230031853456e-05,0.03627022202480105,-0.004893774247394142
-0.004596661234016475,0.006005507108738882,0.08837254620140463,-0.009491372594538729,-0.0005697910096987123,-0.00011601828849015783,0.034025377540088546,0.0027776794112042147
0.08162197822309146,-0.0006892381207439898,-0.049056767610096676,0.0035474036263294455,4.667110587081708e-05,0.0013196142658709348,-0.038252253888277465,0.0021619844112860534
0.12248242037871945,-0.004299620132796949,-0.027732197150567503,-0.013006940902448133,8.264193085211896e-05,-0.0004793340675666064,-0.044773036598508696,0.0033070467750063908
0.07762157242133264,-0.008570159375251683,-0.012621382100192731,0.0027367670461351593,-0.00010304508139184071,-0.00047701476642831046,-0.010263422422817026,-0.0015384962536709186
0.09207096681615495,0.008476857305148288,0.10134269486408609,-0.008025836606668656,-8.434145388269698e-05,-0.00023333734569046998,-0.03298044558105201,0.004800870744715791
0.06687850596130406,-0.008085985875104146,0.08213716398701815,0.007264057094797051,0.00012826694661866034,0.0009939712895239592,-0.02470128560430161,-0.0013240809366811361
-0.025763709086878018,0.0003887575308192886,0.08626767631397893,0.010003384597633804,0.00018016814736668274,0.0015939319216108606,0.02210713333355059,-0.0022043107637723805
0.016095623885013066,-0.0012713997988265606,-0.028061594133671493,0.004519091286899013,0.000542147131307659,-0.001679487534226833,-0.04212887801286579,-0.0037322676625708966
0.025904093076710676,0.004520048341246506,0.031129075541059217,0.0123222193069099,-0.00032775852207796163,-0.0017305679578168058,0.04163464426149304,0.0011386027372858717
-0.11790904207341109,-0.012370837496172389,0.14852053328792833,-0.001935439943424139,0.0007915566415675175,-0.00045916848756729863,-0.01985836627226698,-0.003752358932445869
0.13714790065746507,-0.002271660623035854,-0.07689583091728214,0.013008437289050634,-6.218158864233769e-05,-0.001662079234729024,-0.04534630414937489,0.0035997287298021497
0.034236390363387804,0.009051810074022752,0.061141830032857704,0.008459537759490071,0.0,0.0013094983977674501,-0.006822244378464769,0.003211464610266411
0.13220416419612427,-0.0071413989211929945,-0.07138157926418552,0.01300871913304729,-5.7733737738391994e-05,-0.0014267275616027845,-0.034617673216566995,-0.005291056614079579
0.08908918190306275,-0.003186010310054427,0.04454360422587329,0.00431543537695965,-0.00011571326928738745,-0.0010740760110060509,-0.04055683463645114,0.0011795012545321112
-0.08298465940300367,0.00859999124475927,0.06049741575279784,0.008772235436441355,0.00025363726730465164,-0.0023268525354536514,-0.050250351028095976,0.0013836754763317603
0.12959863301552865,-0.006755830844239331,-5.562414528756649e-05,-0.002550416095341369,7.078090106804602e-05,-0.0016489561056906503,0.006252702381470271,-0.0022057553483362346
0.005305318330685128,-0.0027104356972516676,-0.06684487756675278,-0.004519343441291582,0.0005658056896427621,0.0016399967269204786,0.0025432787429354774,0.0012086826693551505
0.12928882369287273,0.004102273275895198,-0.09102698933092532,0.00420448628799877,3.613815957795308e-05,0.0017969881603990944,0.02507885726529568,0.0009413170389014652
0.10238050762652899,-0.010305576245137739,-0.05171503134619976,0.012455156902499511,0.0,5.655802087001227e-05,0.032070809326800336,-0.004301418821409211
-0.1514916906657888,0.0024357597672126797,0.11804770234531843,-0.006116641389516883,-0.0015665049643427832,0.0003473650265839734,-0.03302014566041115,0.002820893616109912
-0.027403236292690394,-0.00955655211895293,-0.05622948665228179,0.012627377961922889,0.0009237603289702634,0.0025753553321505107,0.03362089914910508,-0.0017931846651157934
-0.1794245722291677,0.005416463818803278,0.10973459033973058,-0.01662230149869188,-0.000710871624038184,0.0007837335745022844,0.003089738842507757,0.000815273180436289
0.009243252796037188,-0.01294246218947914,-0.03219103130087378,0.011807605077313486,-0.00045149415574692456,0.0005904352411711319,-0.0008575463453356744,-0.0020799945889626815
0.03172466880618891,0.003621429017151078,-0.1172958047673848,-0.015860120004470745,0.0009754079276956817,0.0018698387478480964,0.032356188509836556,-0.003389522983065324
-0.06939871369861667,0.011542868461472651,-0.06639276368650758,0.01110386194012707,0.000818956832651041,-0.0016271291195513815,0.045381411408594544,-0.0009312484590889449
-0.19420085860571054,-0.003631937175051977,-0.13113359794892512,-0.003981147602824236,0.0006024446677654338,-0.002092254725782755,0.030095508432001556,0.0037712356685615828
0.06676466035446914,0.010380615126764664,-0.0031893643811929866,0.00305811662989583,-7.540938473939163e-05,0.0019311279762267669,0.041635427213996413,0.0004079391607059234
-0.1052285774736596,0.008195995315519025,-0.07957638108630057,0.0018065186406656124,-0.0019885509040836738,0.0019357384871728023,-0.035639540322574915,0.0008183886684882957
-0.07665723851240444,-0.001906209759163046,-0.0635554967404191,0.016130810813081563,-0.0006039041869327633,-0.0011856604018424665,-0.003342911905337894,-0.0009439954940253806
0.09485845913758573,-0.013206828049055123,0.0033054827317558844,-0.009334404630039936,-4.629454279848899e-05,-0.0012239188040711283,0.022700869768212086,-0.0015945442019619934
-0.012034398947644796,0.009169006115820387,0.09812844742223191,-0.014821015313085615,-0.0005377145591747012,0.0017572269365436562,0.00171719525054364,0.001198645457565326
-0.15981577280213274,0.0003836355170407732,-0.14553433046532085,0.01070225277587892,0.00037563760378866995,0.001085752848165164,0.009197192244422002,0.003001251263369045
-0.016217875483723585,-0.01308154750202192,-0.14766775262536252,0.004074616380989127,-6.030157255473845e-05,0.0018024798491394149,-0.017337557630190088,0.002591531000545813
0.116518508813598,-0.009385682960918067,0.061908573932113464,0.0115346710244416,0.0,0.00025809783164831845,-0.04326889543710215,0.0030841457803692483
-0.05857207461849297,0.007632794760211383,0.08586144719931331,-0.012290347508190785,0.0011646149239319392,-0.0026346398267240124,0.003312053898678434,0.0013651862000607414
0.07609423384965924,-0.003106775797896777,-0.0014853724067836322,0.002169941889187692,0.0,0.0015734073773559926,-0.03441382659357883,-0.0030516255555736354
0.12934224467759647,0.012912640417644035,-0.05999390477034331,0.007408721715940424,0.0,0.0012973023987187804,-0.016792312737475133,0.0047929374114181475
-0.18764992337134784,0.0011832685727169445,-0.07207009996720383,0.013372376033369177,0.002045902003364525,-0.003224340353494796,-0.020393341739061585,0.0033300925330590945
-0.11783428527912923,0.005702771594670495,-0.10572617907030235,0.003887994808286925,-0.0019315257450979852,0.0034414471179286905,-0.02112813845582124,0.0016201329096548478
-0.17506751562249295,0.013354072887527109,0.1211059245876628,0.013586323419407204,0.0004313968832068138,0.0028118535834912913,-0.007616281528260589,-0.0022022607405875498
0.09437782230498512,-0.012262705304556127,-0.1262979117351888,-0.014480871210043095,0.0,-0.0007183492490214771,-0.04214601793860846,-0.0012816686448848815
0.07668995086384031,-0.008755260280268466,0.07174249331058795,-0.0063565686092687725,0.0001402604423457002,-0.0013357416918161108,0.018527974869150827,-5.7725855064388876e-05
0.0771969836985971,-0.0035554435825883666,-0.05279568584838556,0.00854835225557299,0.0,0.00024578337647359477,0.02812774424944472,0.004932177484737992
-0.05610782350629141,0.004738587138170278,-0.06444769266344931,0.0029616458042510284,0.0008447990187039423,0.0007630990076371719,0.007064054065222806,-0.0030530411886314918
-0.06762152092923031,0.0006795459538604299,0.02412688177007501,0.0014183575176702028,-0.0007543781223746555,0.0030948446521099435,0.009881602493216568,-0.0015100275554919152
0.06138367748165209,0.0011726524516783934,0.011705453034141933,-0.005939951421886912,7.758371587821e-05,0.0015609348745178229,0.03935502218065158,0.0020208657412150804
-0.04973903840570708,-0.005176776847571739,-0.14091714975248815,-0.00041071048620916484,0.0,-0.0007735696164745951,-0.033198999186360933,0.002275502504571276
-0.06622200512780024,0.013031199159051191,0.1043073770970525,-0.009501819725256792,-0.0001619476667204748,-0.003571923313867724,-0.0319801169392363,0.0018974997388934804
-0.07696854389935023,0.0028557224024711382,0.09536164579571473,0.008971970157976397,-0.0010959181627136355,-0.0018681534830666047,0.03912770313372469,0.0010044188016166923
0.10384963324152523,0.006235656989734248,-0.055487785178587164,-0.0013868302702517,-5.7781508509678614e-05,-9.556271625971799e-05,-0.02848133478775046,-0.003140482732891564
-0.07036867480121153,-0.003774928947852387,0.06410011970752955,-0.006338268860128998,-0.0012924498787473245,0.0004088456353518316,-0.03303312977756461,0.00240436636949945
-0.05811849324122664,0.00215834742546702,0.026980193111275586,0.008949615385043717,0.0006298708141928497,0.0032564496236268214,0.04382640474450211,0.0
-0.13335054261112833,0.015128440346222684,-0.009802614254695037,0.004082323316382309,0.0019765543445788847,-0.002293470163113057,0.025789502826702518,-0.0031383280063665333
0.044620007466141566,-0.0040713182847153355,0.01940874045756735,0.010235358371131358,5.133168600850169e-05,0.0020049882603232145,0.002001474519311366,-0.0014763960238156936
0.013901120415025683,-0.010954354934866503,-0.13523358802799598,-0.011995390674709745,0.0003725187371044769,0.00048795172355096955,0.02447616810798918,0.0040573558435532
0.0984706556215645,0.006883773305116403,0.09143554056600568,-0.006705776422353681,3.868315534383271e-05,-0.0016309599193036646,-0.02171447026972034,0.0029309907911976717
-0.016606523033908874,-0.004565732525146708,0.11902586828988677,-0.007834673276317938,0.000354047947628347,-0.0023455827538729143,-0.025213948885501002,0.004677114947459783
-0.168750374656812,0.008661841434783872,-0.0969748635598319,-0.0004740988630503318,0.0008650592348739079,-0.0039737738216639356,0.024898148468600365,0.0036154771854450866
-0.11723665256418722,-0.004369222769351991,0.14448647840763176,-0.01697007515884891,0.00032412690677279844,0.0024388072524358854,-0.02374702147142098,0.0037708344862367334
0.11592235056553946,0.009181908849800751,-0.06458413706327815,-0.011976698182010378,-4.710206358857043e-05,0.0012140643191994721,-0.03666460697484481,-0.0027941567855788376
0.09463097703208032,0.0012009532425915558,0.07461569657020017,0.008883861875768714,-0.00021205233994781025,0.0016375489368396423,0.019730619501091208,0.004303284677834138
0.07503952609011691,-0.0023732929954836755,0.05971151888994959,-0.007227714132285794,-5.3261796732928524e-05,-0.00037189291834602143,0.02137381902884311,-0.0002989793562628521
-0.06769528824981971,0.005887420973982392,0.06318369031940865,-0.01276293204176638,-0.0007748933553428233,0.002122532563299154,-0.035330182252908446,-0.000911733762094163
0.03788571699074541,-0.003574485989937619,0.07188502646739559,-0.008943643911939142,0.0,-0.0017141518368196662,-0.01955428202718395,-0.002182704474308846
0.011721120813396971,-0.005003009353789077,0.07209845201647797,-0.015016478880416687,8.26033953536115e-05,0.0016148053788010645,-0.04345460100198636,-0.0017316995623267433
0.0005945927355806977,-0.00889168409075524,0.07823511171982378,-0.009149591982480007,-0.0005312424973096496,-0.0002184973928149453,0.006192009371679933,0.0030571121024004907
-0.18050599338766224,0.011581150770389348,-0.021220873781647408,-0.008296493584447315,0.00016253285833092712,-0.003025500719062523,0.024019241503504193,0.0037339183162953603
-0.0441464079296226,0.014170477126095921,-0.02099648548976891,-0.017225362844538007,0.0020138979737520132,0.001214313707994602,-0.01516366684379614,0.00247466081917596
0.07505556127714881,0.012229855580634597,-0.013175588021748995,0.006213175744506305,4.487181443325883e-05,0.00032023507352358505,-0.02035589031268446,0.0020045381451872578
-0.178344279697315,0.007260603654993153,0.05581062092960476,0.006966738038107598,0.0003191625891947325,0.002698779021179047,0.035872381000363066,0.0008499776597347879
0.1022388874208344,-0.011342692946333001,0.018461611897448924,0.008425349501141,4.7013548833907404e-05,0.0018538463783970957,-0.014234625307518192,-0.002104175353746096
-0.1505228442474209,0.008143991543889614,0.05247888918635697,-0.010019173515071748,0.002120593238592298,-0.0030325562265832657,-0.039440514306506476,-0.0011592681654001014
0.09487595670408124,-0.012107772422760532,-0.08067975472857689,-0.015436560768016876,0.0,0.0020169786073730993,0.03163378529154806,-0.0013729462083869395
-0.22289761636871144,-0.015648868088215088,-0.07591934192179634,0.012930268931357333,0.0017856651460235798,0.001076934331259396,0.03682623421330004,0.0005611361801366455
0.1370176465727754,0.005449736205520741,-0.08215265303804849,-0.012850050850096809,0.0,0.0020792610357471784,-0.031025977657915153,0.0035284624256300807
0.010163280609218327,0.0015911013650565992,-0.03841357426199056,-0.006937094034773042,-0.00044505537263653944,0.0017641963663246043,0.009718558379206104,-0.0010350890903780287
-0.1502488541065118,-0.005899497922647496,-0.006711241228420419,0.014083820788147607,-0.0007541473068861937,0.003554633015797296,0.01400007460055811,-0.003507610681626981
0.02429275431223642,0.0013179596795402273,0.06706530651403214,-0.006357871394141717,0.0,0.0011534343599930857,-0.006079630719120214,0.002432568627162156
0.07758076680645593,-0.01160017542972718,-0.030996872457281287,-0.006344061306304816,0.0,0.002017965059029264,0.0435945168536425,0.004717530049408817
0.036350532019707796,-0.012152331614365164,0.04024878298455853,-0.008557653685653656,2.3633882784354632e-05,0.002071895039026874,0.023622517865688104,0.0008430538085532537
0.014066343137500622,-0.00047025961205494573,0.05965089700573124,-0.006888449409225883,4.914195205400762e-05,0.0021328392711800104,-0.03062002649144818,0.00012289437181610646
-0.03583998398776383,-0.005208583507404401,0.03787283469214863,-0.015482878694087942,0.0018521141949045976,0.0009759886224663047,-0.01743823729281217,-0.0019881724569364976
0.014536580253594944,-0.0016512558172530492,0.10069277400545107,-0.003755830584286468,9.363709665838327e-05,0.0006196482758561104,0.03477162584514059,-0.0006759449123452688
-0.19490543616701725,0.007875652601277051,0.07194823724241262,-0.0006037687364028419,6.57780407343489e-05,-0.002434209906943773,-0.030807825453322734,-0.0017874031809953451
-0.011608349491432631,0.0037324817693339626,0.08562218418656341,-0.010936444360486072,-0.00032238277182138064,0.002461358630286799,-0.00035334595052510977,-0.0037281796462356074
-0.04762590589155694,0.014065247530449087,-0.1461097995279946,-0.005664988616086698,-0.001053416245728858,0.00038082649766521537,-0.002804791402204647,-0.00022952491794261178
-0.1351897056016121,-0.012274524424976294,0.027501007494040622,0.004607152534079409,-0.0003097600209397749,-0.003907322761245466,-0.05115019707286143,0.00026007154307336466
-0.05583587093627863,0.012916037278808341,0.1268433166669187,0.005771849848590736,0.00018708655878455632,0.000204314566253349,-0.04136388723579007,-0.004626686927842175
-0.18553098534715165,0.011077830475555751,-0.03569314431711453,-0.009463616718448533,0.001915690105536821,0.0004889691813964037,-0.043336905437447566,-0.0019740114499688646
-0.15360881138366247,0.006570331610520159,0.035812005337373255,0.009694512454153264,0.000958290912556525,0.0005710106901603978,0.04999934677101041,0.0032597041354067713
-0.19278403635145358,-0.015018886698693883,-0.05090459124739636,-0.0009451191572658297,-0.0007873671391544617,0.0005940248285813965,-0.05350090684291424,0.001481232274493667
-0.11317386373876795,0.00448312024926165,-0.047824096995849,-0.008850915431900771,0.0020513708407642883,-0.0031232629257161603,-0.007477737011173758,-0.0017290205431797522
0.1079471794049018,0.008678370952040073,0.05512335303644771,-0.011836661478744518,0.0,0.0003805663129897441,-0.01233166545104988,0.0045532054652738
0.08675469242051165,-0.005331903226110743,0.06373878205777049,-0.003238686712497184,-7.308582038290101e-05,-0.001544170442697462,0.03664801720842031,0.0010238598926087584
-0.1956363576354137,-0.0115431762236509,0.06543443031715718,-0.0005339219038169918,0.0005823994438921842,-0.0020393026749777454,-0.004152607053481309,0.0012339039149614846
0.022642408407655887,-0.012075858643795519,-0.057222874035409564,-0.007890026137982408,0.0006540201094656084,0.0031240282823341427,-0.013727324587355729,0.004560342506218092
-0.17952063546834168,0.012182428868895112,-0.005635367396441828,0.015104454811922637,0.00023521842113868874,-0.0011509715484853535,-0.026734646476987235,-0.0013080591173634131
-0.031167461217297732,0.010860256822944357,-0.12728380837731088,0.011754473432104014,0.001249338611413131,-0.003064641050121154,0.01657431473510941,-0.003974899932581974
-0.16509044486838925,0.004239576466157186,0.0340744210998015,-0.013448311459182863,0.0008860886303815041,0.0010557940647776653,-0.04369311706671026,-0.002912824812585634
0.12607466811585524,-0.009825482270253854,-0.017533654114128317,-0.0010901162627860153,7.225888325525232e-05,0.0012902429754488185,-0.02838255580159456,-0.004905092256200181
0.016063330120740495,-0.0042232686909828236,0.054655775709542796,0.002122949941233703,-0.0002882523940156423,-0.0018373696945177284,0.025270683124438628,-0.00042807002940165755
-0.19019762794239778,-0.00926507845406302,-0.07773394824502593,-0.004251104828514067,-0.0018617761698043176,0.002291537549495559,0.03295043070266207,0.0009609736440374661
-0.04435551690590288,-0.011950359352586934,0.10416808686010685,-0.00998892630670225,0.0008911432029055644,0.002407506518788188,0.02359822533513433,0.003781081085067292
0.06911970764968912,-0.012518544440256497,0.0784242444341463,-0.010380810695922097,-0.00010321743989172294,-0.0010952461815638224,0.0008247405862489413,0.004860097147853025
0.01632468941508464,0.013182163710656359,0.023250619094004443,-0.00013599704851280356,8.301696194581293e-05,0.000202405401914764,-0.03338621130321736,-0.0019538567651351505
0.05866266888061569,-0.007919713741516293,0.09869726182918169,-0.0016195310346586625,0.0001723294347455162,0.0017793824355529023,-0.009123469097560162,0.003440962177988305
-0.18888433740976848,-0.011735253440099019,0.03251171184425857,-0.0010724938631581885,0.0003879051835952718,-0.002925465587727567,-0.037233414421335466,-0.0006246061123588955
0.08767600319495736,-0.0032522661065752796,0.08474400492602731,0.002701572939907907,-0.00023032038425366275,0.00026582293057705685,0.03388836751943689,-0.00487907980639756
0.0388972880798261,0.0074381820436944315,0.04440136869636865,4.160568011063459e-05,4.8270599496630706e-05,0.0015286061921556424,0.041611053875651595,-0.003857667283222772
0.07290955813076351,0.004340689095344057,0.0472267647678074,0.01130692339250081,-0.00010306015176697603,0.0012052440072317758,0.03629242390465429,0.0019404503710921213
-0.21228840055033651,0.0012057866895723009,0.07813290183263609,-0.012453206162896194,-0.0020312316595892145,0.0009830516615065565,-0.008047194166089374,-0.0032986605698873232
0.06326650391845576,-0.005376384053360551,0.020379903107784987,0.01263713150716911,9.705141902899284e-05,0.0005016792172757224,0.036122921821826956,-0.0016379792344289707
-0.06830348819221926,-0.001733509733165314,-0.09076947874195351,0.01724691106807786,-0.0006391229590705927,-0.0012270078611497735,-0.03096703181470093,0.0030345904203867807
-0.12835969361949043,-0.004284898516454809,-0.07620098944485816,0.003651483717796958,0.0010090941275051613,-0.0014834952704335612,-0.015812057266288707,-0.002328526664818821
-0.04634614164539943,-0.013069246423651355,0.07008197196350922,0.013265632684176309,0.0011073727280947049,0.0026461434513762204,0.04178624592940741,0.003910770876574658
-0.0994570851696016,-0.011052241788904878,0.10473112647292336,-0.012465433204765855,-0.001935030682234472,-0.0020662666728354616,-0.03300904660670279,0.0040444398662874345
-0.027472717761848512,0.01511829127751203,-0.14631639126131274,-0.001508549500809263,0.0015825253002519635,-0.0010869721110546198,0.028367884984203555,-0.003750943063159791
0.08033644775789332,0.010252370586043247,-0.04993218678937046,0.00033604030875162975,0.0,0.0002616782481283664,0.03674026451520864,0.000767605703634151
-0.13343352628315902,-0.013385278728892665,0.0954466240745794,-0.00978332864307033,-0.0011601509821601332,0.0034013453584117678,0.04558073185486171,-0.0012125559098004938
0.10476749030693594,-0.0015810318000503995,-0.05807992617743797,0.003463962599302129,4.934422205081501e-05,0.00148878250188086,-0.0004167387570271186,0.005074164017967387
-0.09471847688786439,-0.001999772188946832,-0.04961471922609332,-0.014821053968690233,-0.001006564425263377,-0.0025926272182310232,0.04909301226845254,0.0014221019231579618
0.0921849336912009,-0.006801420842365721,0.07577211649680214,0.010170748492610276,0.00013959566455473693,0.0005609215065420618,0.031182095035722394,-0.001729236741658406
-0.23262336441208503,0.008397127156639263,-0.15331485521117122,0.006200856850007154,-0.001852361770432031,0.0006466456712637125,0.009113261217433234,-0.003903274083613695
0.007480095604435515,-0.012415337926114024,-0.14376259027764463,-0.012921028226344883,0.0002282753871821891,0.0015407422709012208,0.0516578636798264,-0.001701403328925272
-0.19253320143641936,0.010506039884923902,-0.13514386756723049,0.015916255082553562,0.00116332889683185,0.002816034985110475,0.020957818204763903,-0.0030192453649390792
-0.11047263158197627,0.004699106606017867,-0.10404681780757455,0.013927423118751486,0.0016485559266598455,-0.001954183522023519,0.015677686964183004,-0.0008848281511705525
0.10371902349453982,-0.005416387800718072,-0.06000566569764575,0.00026360884741819657,0.0,-0.0001766914719835283,0.001586894526793469,-0.001215089477925641
-0.1772187984437729,-0.0038412999504006977,-0.1323818281691783,-0.002856236482767481,-0.0010410004441864923,0.0012286596764266577,-0.05245745474902608,-0.0034322418482077306
0.02610292604838797,0.00901841573775289,0.07591576895458464,-0.005016255744762822,2.2890329601371606e-05,0.0020488313039663886,0.017042425317616815,0.001796579262583677
0.06683334080725803,0.004107927984228509,-0.10157818347506019,-0.014561818952098548,0.00036789166023045924,-0.0007058071043248885,0.013218777118522118,0.001973715018672536
0.05173889483773046,-0.012057721964398228,0.009142205724605544,-0.008645586685007573,0.0,0.0019642388669026227,-0.002498476690649981,0.0053024881544076015
0.11422261889571352,-0.0025861783143506056,0.051207862293451235,0.012501942163434745,0.0,0.0008283557204800951,-0.012649095954309577,-0.003333900282523047
0.08683084746058586,0.010271816486267016,0.04692070953691836,-0.011930637660921525,5.251459422864202e-05,0.0015455487088399213,0.022623345397417397,0.00032061263071284866
0.07106860171488935,0.0036870323297261524,0.015917614990827254,0.012175114882836874,9.659920843543834e-05,0.0,0.0003952185043531195,0.0025762265889496074
-0.08004358825664858,-0.006677289454455106,-0.12458574240963043,0.012261421898834097,0.00011409935530473647,-0.003597233323328934,0.02735500598766907,-0.0021987885391131297
-0.030841450849883774,-0.01051724441221435,0.08960842844078604,0.008500004166713444,-8.584636570460949e-05,-0.0027135913569785335,-0.029974993820081706,0.0013812525443223202
0.12562892743985324,-0.0003703175992780475,-0.06160347634049109,-0.010087722585249514,-4.783427256645212e-05,0.0004525117825623777,0.014201406619394763,-0.0006802134801248659
-0.22948702864168535,-0.0008977845160460439,0.00222326038958226,-0.012140286143762002,-0.0020909384825496093,0.0,-0.006005084071155284,-0.002718077175184669
0.010886914511678406,-0.002500011650813321,0.08743385161179675,-0.006081644007829741,0.0,0.00013312084838890126,0.024467960344744383,0.002105976338884988
0.09849716260918685,-0.011370346448861429,-0.01894023678629425,0.00989243218443198,5.202406916546276e-05,0.0016041332497735183,0.012226254600069313,6.76605033944044e-05
0.10024966865677801,0.0029313535162715583,0.04277114306456926,-0.0006374180383139638,0.0,0.0010987764131685975,0.02996084742487752,-0.0031727250513556636
0.033874203733214,0.0004924337594196343,-0.13272243033471454,0.015046589672313787,-0.00039513469272309254,0.00048347801961766033,0.014858854816438618,0.002113766555631948
-0.03899732058707307,0.006607032405110785,-0.07921394034336544,0.0003355954798215377,-0.0016885409199362113,0.0027362634296354063,0.04414092960369791,0.0014146512399435462
0.08952493152842174,-0.005579633717937371,-0.014956214690993406,0.010793821586314797,0.0,-0.0006261967523640138,0.039493505005536014,-0.00435980962972096
0.10549124717595049,0.01403197172951801,-0.05511603934191838,-0.0009376376415298662,0.0,0.00013840412230145885,-0.04502316629575617,0.0010890836791823718
-0.008230182814684043,0.014055036663438212,-0.11980932682541774,0.007851491915784837,-0.0013849365918091605,-0.003171771347143006,-0.013489548178860312,-0.00345140013773977
0.10906468190259683,0.0007451662106910577,0.042990893421971696,-0.0012942434737259734,0.0,0.00034728957778973335,-0.0376658580365549,0.0029606567479978567
0.060243332893238126,-0.008299007431132217,-0.014153431367599447,0.014472254617889042,4.7197175547148557e-05,0.0013399368193148821,-0.030554377488597177,-0.0011850879698785052
-0.018606194736943343,-0.0022977703450208276,0.10576091207523551,0.01313163008083223,0.00013935359013590026,-0.002231653393384794,-0.0463064221578366,-0.0018298166515519272
0.03674273040387856,-0.004571060197305503,0.011808383621414124,-0.0013583897449126732,0.0,0.0003738601652397214,0.014824250236123288,-0.0018876607258261056
0.057054727279634225,-0.00928315345935233,0.03841732162368525,0.0048513948280516014,9.565049361272282e-05,0.0012056592741792368,-0.004882003798322547,-0.0004137109197385596
-0.20032207861060472,0.0071863178619863645,-0.15047085620755232,-0.006221950497902959,0.0009268170906620327,-0.0019216397074282832,-0.027320883919092927,0.0005031258026806928
-0.025198343981722438,-0.0007085133348200902,0.05313629402093564,-0.00072099820158085,-0.0005094029735972366,-0.0029719935291991446,0.02763291447163691,-0.004322841519761272
-0.24078601253449736,-0.00805163826240756,-0.1421104119223086,0.01784385937840021,-0.0011293898210001263,-0.0014142659299876265,-0.04539320871615374,0.001028818810369092
0.09780034159316904,-0.00795391004998288,-0.006073372316659454,0.013260914828379404,9.080872457660483e-05,-0.00032367395326432876,-0.012080034038544626,-0.001893616241948837
-0.019337948322644148,0.012819410052682825,0.04915977622660832,-0.009669518420520396,0.0008133582918634585,0.0010569784987547594,-0.031134228158672603,-0.004627657620047875
-0.06395898864858603,0.003771135834289015,-0.020368817488786793,0.0015150492502267988,0.0003090301144132168,-0.002350044209046491,0.0032538829089142443,0.0037952601880563456
0.05723606053437539,0.004179787641083999,-0.0016293952142947686,0.004182912704927189,0.0,0.0,0.04184453303209381,0.00035122699463727147
-0.09423152070725666,0.012043875654971623,0.1258842994956886,0.007146429732249549,0.0008367433510698324,0.002024855066114784,0.019171097523851106,-0.00036891103182735974
-0.008549948349795071,0.007677100110818498,0.11663179035219885,0.007147767370506251,-0.0002953543763686284,-0.0023329926488131632,-0.023364960023049178,0.0029323406959684225
0.011673692415048056,-0.011144069184369491,0.07104078853747876,0.0031101140250603984,0.00021890084462911075,-0.00128657359746723,0.017391001072787116,0.003840409905340605
-0.08610478321960802,-0.009655720794316175,-0.06490807598086056,0.00030454537221596967,-0.0003121734292122911,-0.003167880269500785,0.0005058692147006977,-0.0013156145299729742
-0.08393742869965327,-0.004215903082664002,-0.008952409049922366,0.01645533616590433,0.00034027581504054993,0.0024482531991612292,0.04180574692081771,-0.001175179508519174
-0.05082639015701949,-0.012586563674926513,0.11600571966142534,0.004753505028916189,-0.00032808832671873955,0.0012897441989967496,0.015988996691110726,-0.0005595995267742926
-0.06098403132805953,0.000389668194403436,-0.08087781937046581,-0.01672072204403852,0.0003066939377073618,0.0008675648668475535,0.02483523581242757,-0.00011379957711832311
-0.2332650949972056,0.0016748226866934394,-0.1086240907951167,0.0005168805221235084,0.0007612406178427083,0.003004491942673642,0.031121140235964507,0.00162291247781234
-0.019299490525470836,-0.005480099602431516,-0.02725136082742604,-0.007393076039175425,-0.0008029123454292852,-0.003347920907706881,-0.048448232235454226,-0.003290363891471935
0.08006471997421455,0.0021233661278796854,0.03622490966615507,0.011020429469638646,-8.396726830173229e-05,-0.00044721487411669816,0.03073653155110303,-0.00465965422581168
0.11078060622215037,-0.012685330810688643,-0.06267664296782594,0.003780558510460598,0.0,-0.001210710058461531,-0.0020100804510674365,-0.004840951749492578
-0.02366310186597973,0.008664859341457467,-0.07961372513863688,0.0007166463183630254,5.953007027685586e-05,0.0010559473496437651,-0.012929187778531751,0.0036613689420206754
-0.12912346528695084,0.012184687615983281,0.0398795574198628,0.0018975158895695465,0.000534413769203379,-0.002390090692630862,0.049731529124535157,0.0008979256008777441
0.05591173227062117,0.01201699605686466,0.06802107112746997,-0.004024919386923896,-0.00010712197859624739,0.0007732977082532217,0.010690907542639216,-0.0040249797057270355
0.10050909443027278,-0.002992441232290215,0.10069332947520881,-0.0032317070988121454,0.0,-0.0011918705276764763,-0.04112926029717188,0.0013526564462222612
-0.20416522078677024,-0.008123412412537225,-0.1553229463443297,-0.01026539144145451,-0.0010429466604676696,-0.0011647417374262166,0.04430353923971646,-0.0031163288072207215
0.08252697489703976,0.0046051712579068095,-0.02928125348896308,-0.013887770520412918,0.0,-0.0005510186625434926,0.013737466130950325,0.0029350200732728565
-0.08208629368729678,-0.00010315799192334163,-0.06759459604917142,-0.009316642853553752,-0.001218749901999021,-0.0036310523382037316,-0.024285650359050476,-0.00040319034354162526
0.11684817909265136,-0.0040906236216150344,-0.06887794306158367,0.0008225433404439042,0.0,-0.000862437190971418,-0.024227240513463352,0.0010889802432124133
0.03417744001399192,-0.011180394831694793,0.10214562074467691,0.013567129669649304,0.00013446570367200983,0.00013941381799656408,0.03261088656170033,-0.0028643340883820955
-0.1675353536571394,0.014249449708274343,0.11447672457522379,0.013344532119238391,-0.001490138961238647,-0.001691292621181171,-0.04894713209354867,0.00041992965673638694
0.058988172023509644,-0.011491203854416194,-0.03656562070118151,-0.0035905099436658715,0.0,0.0001128045951081097,-0.019114210743660168,-0.005770569594921825
-0.029313266584186974,0.0005182025725202297,0.11171187242913229,0.0014700397625054481,-0.00039984022819348016,7.206362728640059e-05,-0.011102666283568175,0.0016884451454201972
-0.044739332763601265,-0.0003091118849610358,0.08597270423459398,0.0065210273522007135,-0.000728469906170369,-0.0005771242612812926,0.007710399054427181,0.0033721992454916272
0.11638589318218585,0.004258183471577973,-0.08667583517377511,0.012034617542586227,0.0,0.00029767645262528813,-0.01784588474024279,0.0023357827771665206
0.10688465272528676,0.00753308249855155,0.054868141795242985,0.011902230094238322,-0.00015540818267495426,-0.0006041753773922828,-0.0023961655186302585,0.0008608789978512842
-0.16975683626557508,0.0002913264856846884,0.11057881979392979,-0.00222876382069581,-0.0017821385777587221,0.0012746362513844536,0.023985337508195564,-0.0019281486115866717
0.09828702300501506,-0.011720932457129985,-0.03296369519023606,0.00529132045868055,-9.343223966407771e-05,-0.0013062350755616936,-0.0030944766990743185,-0.0005045313567532192
0.10067006248491976,0.006812108697960632,-0.015357876039665944,-0.011763588944631285,-6.854332444097833e-05,0.0004685441242034558,0.018575183437992096,0.000568931530976467
0.015482627404153878,0.005456928557679414,0.08359102912521515,-0.0013659420481986582,5.806468052467484e-05,0.0009700652236128058,-0.0072975454511241804,-0.0016996136470586174
-0.142278076782882,0.005536642833582714,0.047983809198213975,0.017805182921682927,-0.0008417045118181837,0.0010756586353654572,-0.031725606774006036,0.002721950164582449
0.08869768807285193,0.007982105182045935,0.08891065259290859,-0.01136320354791409,-0.0001317939257539634,0.00020477988346132353,-0.0036360087090250817,-0.00011182200852083435
0.10340387377834312,-0.005202929974456105,-0.046304750346924065,-0.0015348013317479027,-5.2280274766523804e-05,0.0014995823273655543,0.0064703090831703955,-0.0035145106535299465
-0.03930098672789581,-0.00965895073402192,-0.08870111113591313,-0.01440698763449497,0.0008444930585960742,0.0019226169935537415,-0.055136343375313916,0.0
-0.23187189562811486,0.014228885915664981,-0.07259952349685539,0.0008690449259529798,-9.802089060534369e-05,-0.00299965280623929,0.01736221010708912,-0.002037406531422647
0.11465614100824427,3.2028101849795876e-05,-0.02664011768901425,0.009648483564824681,0.0,0.0004078494433898094,0.017919328479531198,-0.0042933362346740805
-0.2393451757313475,-0.0056211093308175366,-0.04611639151169445,-0.015304059250401745,0.0015995326873273047,0.0004799936101422819,-0.054172740518353614,0.004011756160821212
-0.04164021171941729,-0.012706020184527371,0.08353998447065478,-0.002200811742766409,0.0010844877740354881,-0.0007039576141023886,-0.03842223527186837,0.0009498224715518977
0.058167473522842024,-0.010143754079615219,0.04778317180751621,0.002413355663313551,0.0,-0.00028728134024114116,0.02941654894783405,0.0009501638557223947
-0.15097693603634244,-0.010447941288411061,-0.15752954308884326,-0.006846123245715642,-0.0008083090076463391,0.0002054081029564392,-0.00785772142298677,-0.004155188006975291
0.0010596815486475157,0.009465310801888,0.07521355896607745,-0.012461914590153913,0.0003721557724641056,0.0024086352356899004,0.00903249624499973,-0.002063290637707163
0.02532257731846711,0.009181295961364312,-0.03210177362864192,0.012356157191269639,-0.0005674420993265691,0.000671745173237894,0.030746025857277152,-0.0033061458252983547
-0.027549644288536772,-0.011073556313619663,-0.15168477031520328,0.009615343867185046,-0.0018758499950146696,0.001657645538766822,0.02909980516258237,0.0018251222736070964
-0.10047727392031149,-0.01236148546337599,0.10946741446063393,0.006719697267511277,0.0012901217689937523,-0.0033456749135539,-0.009208120332430061,-0.0016486059265585625
0.10862120927022004,-0.0013308420597068196,-0.030000572529035104,-0.00852328698187676,-5.003073228065924e-05,-0.00029595533113683733,-0.0010224592123465567,0.0019713566491346055
-0.014213908634492227,-0.00300376567428157,0.11358351804916901,-0.0013823747721534848,0.00034729278448877854,0.002088054279362035,0.029006533702678923,0.0030989689989403676
0.03543275942239521,0.007414821026830542,-0.020234694905975355,-0.005573745577009134,0.0004392317362562556,0.0004466356464831947,0.030188049808639032,0.0016456922751702644
-0.09988310527262921,0.004373780415681083,0.07174670307727529,0.014279329884627736,0.0011280313368660366,-0.002545175206463225,0.050005682022605406,-0.0023237077464999577
0.15145404204332433,0.008849521103639684,-0.0696600796029155,-0.0016375473507377288,4.937440093900208e-05,-0.0015292555856392424,-0.03623517338970496,0.001357124265698243
0.07730456554521985,0.010760367588807109,-0.03447137927055612,-0.003233056926406113,0.0,0.000879714228602264,-0.048502190531485884,0.0024811524998562015
-0.16533952427836424,-0.010459564726616017,0.14653315902588088,-0.004349393384210861,-0.0012301774477423725,0.002063876500940213,0.02842082564157817,0.0
0.007099939941284009,0.0006315102553843834,0.07196493235919375,-0.0069580774271367565,-0.00031963742929125294,0.0015666599854700044,0.0022354247545808242,-0.0046521677189538
0.026636093045789618,0.0008667906953199208,0.08726651740090748,-0.012124270038413633,-4.6481597823361254e-05,-0.0006322849313368425,-0.024613216661976457,0.002257754732992481
-0.09300333031023365,0.011625294973648047,-0.03431756765756306,0.0021207470177243893,-0.0012246330631955648,0.0011259265577554245,-0.04699860335556507,0.0013999241193926788
0.08157190226898153,-0.0013722848865251455,0.03422592284119816,-0.008789231947056926,5.6155487281328575e-05,0.00101169528284465,0.04402773740902987,0.003782333298029773
0.11267314418352412,-0.0038295181551199356,0.025576109801799946,-0.00902034233046552,9.379551296101463e-05,-0.00038099956844907804,-0.016513385793616484,0.002697846384613735
-0.012918115270857216,0.001729101304461113,-0.08294579931236433,-0.013101210291764488,0.00048379983609475596,0.0007782350220145417,0.032875017778250644,0.00397001059217962
-0.1783780090641114,0.014424454156984642,0.016970200343102676,-0.0071880900703069845,0.0017464670213424016,0.0026766387930936756,-0.028422933583876285,-0.004096789771221
0.048315249922138516,0.009000075923522049,0.10711335733671584,-0.005265741071706092,0.0002300307502870491,-0.00022583037870264888,-0.04569499657505746,-0.0017158323045666415
0.03402770777142693,0.004772153300122963,0.07605861850345107,-0.0016050431780124138,0.0,0.00028104164906563034,-0.04393094414402583,0.0021112775357953035
-0.1450091146679606,-0.0012113034144705186,0.019958286664634593,0.010345928459424523,-0.0005604149971341899,-0.0008716315143639614,0.0014486169104371922,-0.002403054608392363
-0.03936158451617655,0.003920524446393965,0.10328506758818509,0.011171207469096537,0.0006314706173294118,0.0008979733853941281,-0.03220848347070162,0.0
0.08048745095934082,0.00911567504620967,-0.07388671248714024,-0.005630623597707968,-8.945093966897938e-05,0.00014961751217057795,-0.0554269163031522,-0.005566130463329514
-0.10714335864241918,-0.004869357826912403,-0.015044506340075814,0.014403176567635227,-0.001394040918191212,0.0013069784952005163,0.0023630281651060834,0.0010724331270664939
0.07847228301698597,0.011622677185331318,-0.09178195454447147,-0.011991151593698277,0.0001808656328842759,-0.0009244279985441324,0.01298311749930355,-0.0025084039755670657
-0.14788580535914053,0.011379104955267958,-0.11927393127118899,0.009022698969455786,0.0016239193914556118,-0.0031857992495389173,-0.017548108457292766,-0.0007885193392885848
0.0065443548596678955,0.011039094189078325,-0.0999173410690056,0.00020057657817056606,5.9211610484305455e-05,-0.001460065167158021,-0.04557682546419495,-0.001709171925603841
-0.1701083934227408,0.012391401978808662,-0.015220085207845865,-0.017560655555944292,-0.0014226299532028382,-0.0020252228672881915,-0.008586835599615832,0.003443245776770021
-0.13974251430260562,-0.005413300483793435,-0.0320524309365813,-0.017546048515241743,0.00206491269599246,-0.0019397252053013996,0.006655122310181302,-0.002473458030411955
-0.016892518418379104,-0.004214572395558258,0.11878247081658234,0.003433028989486538,0.0,-0.0004779317929518404,-0.038679634009368406,0.00033373926719346136
-0.24443451665393234,-0.014617708158218756,-0.12933991898889174,0.014084935533408394,0.0014526226576839774,0.0031044500958304364,-0.04427416299917688,-0.0034724023631484808
-0.04739757282027893,0.0019000301896751719,0.11548562293728579,0.009803457480350608,-0.0006862428890447389,-0.001665132523478837,0.005402041001843742,-0.0003752396331630631
0.12729530136882986,0.006781205830460067,0.001988600832162147,0.0004412844854044309,8.038786802561093e-05,0.0007400264576349195,-0.035252098678305095,0.0028502449955211
0.1428662232508266,0.000990669534063866,-0.09985090647187707,-0.0046403834214353516,0.0,7.00717624263561e-05,-0.024827745445486316,-0.0007446402147113483
0.12753842880566643,-0.0010750591760631551,-0.033803813996183735,-0.009679475899529905,0.0,-0.000827322796243285,0.01969774503509467,-0.0033412337478662016
0.09199031949633625,-0.010875999420919494,0.043932780523567985,-0.0017375761073145123,-7.200187829953242e-05,-0.0005486181287922446,0.02184411025276522,-0.004627334255288467
-0.06313871258535664,-0.0049392265430649425,-0.006396334480888972,-0.012797534475331341,0.0009352471456618994,-0.002007837939209248,-0.0026379618119099463,-0.0005782659847733327
0.11535049378645507,0.01184234364230036,-0.014311489804619064,0.009225862098359558,0.0,0.0002483163415318568,0.021510410812404842,0.004542765937980683
0.09496752928532909,0.0037833560940870336,0.027198667886543453,-0.010220966463892738,0.0,-0.0017519532465074816,0.03976011645366988,0.0019788117216394856
-0.18407828424873965,-0.0066429340185345095,-0.06764214469887576,-0.0054265730201256265,-0.0016181163052770935,0.0007327758499533488,-0.028423042631203065,-0.0007182827384240613
0.10532821126865512,0.006189513450049663,0.05290061856121035,-0.012859838011754108,-8.633721049047804e-05,-0.001094533330268418,0.028644570031589007,0.0011551954484388465
-0.036264572862455796,0.008953844224149191,0.11639426100391302,-0.0122933839698615,-0.00034465239896990657,0.002256395413947686,-0.04256693573490828,-0.0030649906680436964
-0.21492074567480823,-0.006792723922660431,0.09230093452787826,-0.01573909921037831,-0.0021190844211853807,-0.0007649752685638667,0.00858002592901249,0.002922732080163204
0.04329911079940634,0.009805527083381204,0.09295870385840395,-0.00884032177297178,9.366909169195026e-05,-0.0004648501632616459,0.0409730807343931,0.0008257750970610397
-0.0030573516714736204,-0.012851200841628782,0.07386654903202212,0.012196952643998888,9.898471575336965e-05,0.002354019221107459,-0.041003024415464065,0.0026220746067755884
-0.08493392716427038,0.0008921408035850453,-0.00965862871322119,0.0032880293880677984,-0.0020431728455363018,0.0022558371914202704,-0.040443070928703924,0.0017404901976745748
0.07706811556181757,-0.0014490011507162861,0.0691530914988377,-0.008254229777585425,-9.454600554073544e-05,0.0009552830887756546,0.03980481496431019,-0.004055361717765882
-0.08216557174109822,-0.007857157541077327,-0.014061777441966038,-0.002397094610284414,-0.0016685273606009822,0.0030572739406644644,-0.008447650759710755,6.364650249847392e-05
-0.09642481801381454,-0.01431525562087373,-0.06417590757385853,0.012885076713433507,-0.001789601630483971,-0.002596751752531294,0.0007788991069656581,0.001417776806563596
-0.006297897748664398,-0.0008214067476555867,0.054168568484958005,-0.009008257588360645,0.0006508852663167711,0.00043179407711160973,-0.02654046055621589,-0.0010245550792994122
-0.06532633094039758,-0.00219183949439039,0.11447709285232206,-0.012938923309585593,0.0,0.0016572279634516351,-0.017589352508012204,-0.0028194264757072456
-0.0465265480796861,-0.009826192857947572,-0.06502811759487724,-0.015442429236521539,-0.0005831355602952194,0.0009115354796314645,-0.007989222793696195,-0.0025741665794582974
-0.14716128366288223,-0.0058685759801534974,-0.08612760196943373,0.001689735255825455,-0.0001925089618702025,0.002950855993473222,0.04738383726213437,0.002927898516092844
-0.029184707077322704,0.015291207799710901,-0.05828758239286345,0.007342805784195826,-0.001356693343584528,0.003193100457751241,-0.04561430382589292,-0.001715420600871895
0.05466737752560224,0.0032478939395639635,0.09104593903067137,-0.014513117602750814,0.0,0.0005871306540726956,-0.02475016865207906,-0.00018416850042297928
0.029012643193599412,-0.008692939864034703,-0.038337152168639775,0.008792378986531435,0.00029513859986151497,0.00046643609192224583,-0.021303844350432217,-0.0026549578547769375
0.003892656925143366,-0.011697383123146384,0.009789054671900185,0.01699642698956783,0.0004899737554803495,-0.0006805884703797102,0.013708588319540188,-0.00164486931966814
0.1491481169609992,-0.011689809695809133,-0.1014449787853037,0.0009642507620770506,0.0,0.0019349424711817467,-0.03866888190532536,-0.004309975333261797
-0.012332639279018108,-0.005737497978531989,0.0534694932030647,-0.009086297551484143,0.0007329272708787702,7.694525528254784e-05,-0.024637930135394347,0.0010097361504850355
-0.15995182865375615,-0.0052552955576237285,0.04739236117912348,-0.010038551494300066,0.0003523156841149233,-0.0012305919270212016,0.0513642718444518,0.0012627098451427864
-0.16700124366404104,-0.0008882933123644338,0.09979886345845805,0.014712095516817679,-0.00047547174822329397,-0.002223049969326439,0.029011910802533732,-0.0036269306577706366
0.1033232322835217,-0.004216389245119276,0.033509501308907896,-0.0031635536052875847,0.00010494049074197265,0.0011382511326576482,0.028163356199352778,-0.004359871739663071
0.026481443566362117,0.004931875375180228,0.08574630233247117,-0.011449815759774072,0.0,0.0008625046603005226,-0.015976385067743445,0.004745629302518516
-0.19496676888027462,0.009360824444384682,-0.10367060569394942,-0.002705832650651226,0.001154968661973878,0.0003961677167697575,-0.04029233828595736,0.0030583653416107696
-0.12186404716488694,-0.010184890346590515,0.05298880580202804,0.005697719351345817,0.00012346898999880673,0.0,-0.03747104704396431,-0.0037061691592123734
0.008509841257369128,0.007274212542582238,-0.0987454046830759,-0.011056838233471759,0.0017169279440487767,0.0022465110181644596,0.015565721486222386,-0.004173422436875135
0.13581844665409726,-0.0009943849503510126,-0.10678450646694859,0.001468358838107932,-5.564755674133601e-05,0.0006537733254719339,-0.04111620154221873,-0.0054207554104688735
0.003167043541086068,0.01276842342088714,-0.05494763212006507,-0.004360346876590684,0.0012849799362172015,0.0005544889478634463,0.006974068224858508,0.003307204991653108
0.088272174126385,-0.006517525966695432,0.08120815539188635,-0.004790255677952435,-0.00012972965815341575,0.0014172249314764029,-0.013683947057704982,-0.003294947110815794
0.046329959705103896,0.012190636038076979,0.0782003243382025,0.006453226051546553,0.00011922279981152473,0.0011265055079266429,-0.006460133026548953,0.004990544707855238
0.08070903962632067,0.005988645100550795,0.008762693832206027,-0.0037821393894728345,0.0,0.0018529430910822606,-0.0006820066156239812,0.003544808056847497
-0.015225107050477901,0.011637455936944286,0.07006093454168252,-0.0012421706248255387,-0.0006846591977787755,-0.002713720418301905,0.00376746504702594,-0.00019745389379763334
-0.14750521669487823,-0.010786606004233548,-0.055162083508308264,0.00639877876080946,0.0008807111571879078,-0.001823342637370793,-0.004745082052010208,-0.002366665127203632
0.12841474090890756,-0.009938059341098981,-0.06803131469970294,0.005245634620956108,-5.7224813413178643e-05,-0.0013267302900704424,0.035306558285241735,-0.00517862001504249
-0.013195486098834686,-0.007617123796961235,-0.015564238443358603,0.00909604495886772,0.00025378707448858213,-0.00030648216199741484,0.02870152067277579,-0.0009327742016925082
0.11920518752285036,0.009676591253272892,-0.023182812221676632,0.014243572774954475,0.0,-0.0014782101445027923,-0.02703457168760316,0.004407468191495917
0.07815078207477222,0.0054396263511206,-0.12392353884863254,0.01673357818324039,0.0004428695142091447,-0.0001945256609684684,-0.027753099537742763,0.003770219736554409
-0.23712975790606672,-0.009597861537637472,-0.11131550068994461,0.008322779962929823,0.0,0.0,0.002243651506357136,-0.002726882040421981
0.14532360947349157,0.003698752462064576,-0.10167903194374388,0.0063213222588725596,0.0,-0.0019519483927383661,-0.046675214900423936,-0.0019467901836310725
0.031214276269233066,-0.002859956332881726,-0.07981932076215703,-0.0036793169984215487,-0.0009363623517305913,0.0006994493391969114,-0.04280042395203564,0.0009948171287025018
0.07828992541645112,-0.011247150654839156,-0.08567100350886335,0.016453070508371755,0.0,-0.002443333103593249,-0.0018600536277442225,0.0019470406909099505
-0.08087763796055814,-0.012189250056705672,0.09269660963057787,-0.003470512928981533,0.0010039694388307187,-0.001062542140382954,0.02426828936966176,0.0010862026456499676
0.03597822158933609,-0.01239816940171954,0.0482311178552005,-0.00917050911686496,0.0,0.001998338448697385,0.01695940170129286,-0.002422493459917449
-0.1908789972117573,0.0018924566872893234,-0.022322763487474816,-0.011098120541933718,-0.001972272426039264,-0.002986308480581685,-0.021221978945535284,-0.000814739060623733
-0.06169788996308842,-0.005263266459618329,-0.09451936266123775,0.0003784763861867657,0.000505363384816847,-0.0015885603290839115,0.01005328336057349,-0.0028679780998731126
-0.17020516171664263,-0.012509339599478062,0.011005950319163646,0.003661758984180924,-0.0019407657350525576,0.0020731708200638606,0.02924529000687478,0.002863902960502105
-0.19054856868442568,-0.014835471192369906,0.057770658295203864,-0.008838749765405073,0.0012720753072635038,-0.0030192455473757487,-0.04683986810046173,-0.0031591864806987495
-0.026288555453101162,-3.699854492705476e-05,0.01348029621879217,-0.005366067823730228,-0.00142029415670029,-0.0009517059537656115,-0.0030181355294500354,-0.00037079292991869977
0.007140809724017607,0.008793325417486213,-0.00956527717581884,0.01429812049734354,-0.0009355635347710684,-0.0019331315599125686,-0.00012078644274004374,-0.0003276598408642618
0.02363513254193896,-0.012460326007632506,-0.016731419514136148,-0.009696893327215305,-0.0003344414057191245,-0.0031935187748812557,0.031060330245782176,0.0023188768210501477
-0.08269837515362961,-0.013166169355587091,-0.057093575165647864,-0.012330724819088727,-0.0017694962309439738,0.0008355218919130769,-0.008612820527343464,0.003964022946595393
-0.02042289800371507,0.005937358177536782,-0.0789331414748649,0.012041399584489887,-0.0009462744772081397,-0.002458360503274141,-0.027577176485937736,0.0007771524270713259
-0.11117327194630576,-0.00244107492093801,-0.12040681493346463,-0.005366156155053842,0.0019107366309100127,0.00010346078662112901,0.051406130034699675,-0.0019944338639722088
0.08560612895363713,0.01181947067166102,0.04775275932463396,-0.013287292477301408,-7.069648453630895e-05,0.0007968438009226526,0.042651681655155815,-0.0026869958508392894
0.08020905667962405,-0.004889328756902224,0.053694370274325644,0.00855580247990169,0.0,0.0004320937859868257,0.03978672298140169,-0.0017737848348440305
0.10318273676233675,0.0011706150328489918,-0.1248791850802323,-0.012387604899457581,-7.536393954697684e-05,-0.0004893440397814164,-0.030265547848844106,0.00041921294698688395
0.03169917223568055,-4.5641320805357016e-05,0.0030100826980258176,0.016360408165716368,-4.5968708203422234e-05,-0.0001883121939836279,-0.020239314533704922,-0.0035450035908248675
0.10265421457763818,0.01105615235475977,-0.0626935639282605,-0.00107327893991771,0.0,-0.0014413707740103029,0.013312817421982622,0.005043015987473748
0.02850376453319364,0.001139868825216193,-0.03983184761901919,0.0036285533771564646,0.00024649626896528984,-0.0009282316355955049,0.02705726173743702,0.0014802027771466772
-0.058675951353843674,-0.0028264583686352196,-0.05229396102805811,0.013635150914726328,0.0005149021439897483,-0.0024295624789648896,0.003609868567803997,-0.0036129644663660866
0.11089355009501696,-0.002852268292732147,-0.050007355135097825,0.005826974245294757,0.0,-0.0004243237618684684,-0.015281042352268407,0.0032804572401886815
0.05240507516462981,-0.0030976812533698907,0.09757745917645404,-0.001890123195980169,6.717273951925562e-05,0.0005402990797918209,0.018051378427360126,0.004744021181954643
0.016042582752218277,0.009174710550797797,0.03155561078474448,0.008275516575034017,-0.0006560332112437124,-8.912807415550894e-05,0.03178760558767023,0.0012662150051763236
0.04953244903093386,-0.007776946572703636,0.10052628396895776,-0.0030108669882454937,-0.00010164785786381803,0.0006730146245415056,-0.010669214215229053,-0.002644509773732562
0.07560589189358552,-0.012467490860676216,-0.010493915021076909,0.013191729557338636,-9.18550193646922e-05,0.0012048140653037273,-0.03257102104341748,0.0033255214254711766
0.08837444322576037,-0.0039165361287526205,0.047053079094674474,-0.010422349380841642,9.205664581782291e-05,-0.0005205037071278443,0.02801630276730033,-0.004058840445732458
-0.16000085834978642,-0.010502875119536364,-0.08144636973562991,-0.005177117789031739,0.0018802799064099893,-0.0033925962292299873,-0.012211435189150575,0.0008256915676849164
-0.02781219708543351,-0.006204878171557276,0.09477194026917742,0.012622601439491562,0.00011399728442800655,0.001200004349301052,-0.031596279879225406,0.0016180031835405708
0.08288654630671292,0.005938351823866411,-0.0055870592672815755,0.007524106534313778,0.0,0.002014481203613097,-0.03721294690743149,0.00421401745281037
0.061896831349773765,0.006929999063644485,0.068967346137528,0.009035966243645046,-0.00021213449422330388,0.0010059376888618228,0.03145114815856578,0.004405225413345162
0.06306178467302485,-0.005461552504948962,0.03672443596329505,-0.00440619153266429,-5.624053553605901e-05,0.0012254519233162423,-0.01187239958611836,-0.0036462060440324933
0.0723631900077228,0.00900560019351571,-0.006901597579390214,-0.006282461765821316,4.785728515149801e-05,-0.0018299052212089068,0.03358347668541774,0.003627300451563069
0.04238769770185651,-0.00903074445063973,-0.051131708490991586,-0.012111825171205804,0.0002493935950560449,-0.0031695057943482304,0.015955908601961943,0.0027529937769309367
0.09626150662008016,-0.011648248124767006,-0.051537369616338084,-0.007881234424252558,0.0,-0.0013481253814991434,-0.012116066866769724,0.004978062793237132
-0.08726033095533947,0.001977044809881794,0.14081831470081366,-0.017181265106292882,-0.0009240633975986816,9.71691335938497e-05,-0.03349238485620338,5.806662313113074e-05
0.06393612466135178,-0.012693268685733887,0.016508885645062414,-0.009806094202426827,0.0,-0.0008850740592400569,-0.008776741551962916,-0.0030253322668258344
0.1364690678236193,-0.003225734648559112,-0.07998960469450381,-0.0008741251696180012,0.0,0.00019258665262244373,-0.04424392806629146,0.0016673965850802501
-0.14470656027063872,-0.0011024077392500172,-0.03822541437162392,0.014119225631913437,-0.0012372965910044554,0.0013762737963315952,0.04276040882460582,-0.002123861123575813
0.05233003294105373,-0.011948710245370125,-0.03473113374482708,-0.017135968000382508,0.0,0.0011456837926112212,-0.05258597919083579,-0.0057931870874528045
0.04541160034717669,0.01268232337420139,0.06806089633667838,-0.014691682298589722,1.9636375460443944e-05,0.0005430245047749994,0.004155329901841523,0.0020247782455007613
0.0670829694147953,-5.792610462010406e-05,0.10332125932504718,-0.009682360589457616,6.523796292072029e-05,-7.343453284854226e-05,-0.0376478900004997,0.0025318018106470497
0.031745669870461346,0.0029499925344575535,-0.036795462700772844,0.013101278781212507,0.00048607449260856805,-0.0023529226117729243,-0.029893936092823436,-0.005592924304614418
-0.14648750797033666,0.014683257603707808,-0.03619003657771065,0.010677868478134882,-0.0019341691336301758,0.0019371017442044666,-0.02477758910887877,0.003651260932248498
-0.22315360564138312,-0.0034353566229630454,-0.13382299409467172,-0.010433425379791486,0.0014210414661626845,0.0036729269684341224,-0.02741194148463219,0.0009764021270297074
0.04194155469619501,0.010685745739951609,0.060392342033038185,0.003685910876739437,-8.52338922498197e-05,0.0015928799317116457,-0.003585031194454791,-0.00019549418333200783
-0.06545336397439855,-0.006337210077155645,0.0027113066203027177,0.013774175637148438,0.00139343139808297,0.003637167782744767,-0.045296693266839785,-0.0026204592946784304
0.07160846843014759,-0.009468992247790317,0.017806612484145303,0.002420634418879105,0.0,0.00015064015102854433,-0.019929150887263727,0.0046504248541825105
-0.11497370768427921,0.002610112435890816,0.0771908047283632,-0.0007531867806143643,-0.0008453132387552509,0.003015386584034715,0.016730729533519985,-0.0015992939086790098
0.10023958695069378,-0.01156403338283346,0.008375633373168002,-0.014179333287259748,-7.954487938409416e-05,-0.0017686562228595942,0.029399397321492313,0.003032562888157245
0.005368727031465488,0.0008930665498731432,-0.01224878781234117,0.015117980813182386,-0.0016702965615146572,-0.0022305426459262026,0.009664840034270176,-0.001707182403659944
-0.028683972234546634,-0.0012883783062903717,0.0589672711303072,-0.0019212843949766732,0.0006008004246604125,0.0004738127971965328,-0.04625079274249746,0.00020264823677048835
0.09298644714990294,-0.010186285422869522,-0.013465630153897793,0.010458466551579776,0.0,0.0014650478759826724,0.007659201302328001,0.0018842164730559234
-0.008028960805646976,0.0021666246650576112,-0.08296383517720451,-0.001346989622834342,-0.0001656201006065422,-0.0018956836810122741,-0.00670531148859173,0.0017093960868497851
-0.0671942433443088,0.008209711587046262,-0.024381913243143555,0.009653547602649073,-0.0019959870063147585,0.0024155205098641067,0.01194647614034365,-0.000846544449000633
0.018403026597649152,-0.00932208376092077,0.08836577777868657,0.006675533686127821,4.8069514914372835e-05,0.0,0.042641536128649904,-0.0009476165910605763
-0.010238408901507236,-0.011997725378622915,-0.07758712512832489,-0.0006138606233132139,-0.0007501993878015757,0.0018305934176946481,-0.03585290334348312,-0.0004302909478834878
-0.15070169741182168,0.01217217515450405,-0.03941030411963835,-0.003629041451747648,0.0016312056211312369,0.00046218298523842405,-0.007603927481396162,0.002135106925864475
0.030871758061518206,-0.0016748766988422142,-0.03069713648826659,0.004319453618156736,-0.000453094276221519,0.002652652688635419,-0.025454281721140785,-0.004542497040127974
-0.2111139538900188,0.009263968172597694,-0.1293091796290382,0.011220052585923079,-0.0004158421320645811,0.003163879797209421,-0.019977287887209767,-0.0036850059513925987
0.11326691835213504,0.008236959093056613,-0.017294981388241093,-0.007881985190334704,0.0,-0.0013887507797551524,0.0033824827856078162,-0.001126974749592849
0.11377437295186621,0.005711450016368209,-0.050695019226716834,-0.011897408470663373,0.0,-0.0007504791269292983,-0.018118793707175083,-0.00046015940405411127
0.03625007071767345,0.01158699751778041,0.08794782445444119,0.00038081252889120667,4.030016907304035e-05,-0.0010493803061434306,-0.026956565425896653,-0.0015255550512354773
-0.09574975360381119,-0.012043125231854001,-0.059031513697443576,0.0019962876512505242,0.001078356959935689,-0.003966383251175202,-0.044588856792839145,-0.0018487159385705961
0.06531427510509433,-0.008633233967219165,0.048710229522305595,0.003175050712191217,0.00011855851013670149,0.0017862665192448796,0.0388661206431996,0.004485873551017439
0.08679887107700875,0.0036133867647400344,0.08631457376126303,-0.0074331541587791565,4.500174820182279e-05,-0.0004917631300264136,-0.030922987244688907,0.00431012124990894
0.0061689391471549775,0.008789923681224407,0.07487691326048311,0.009014984549487518,0.00019886611761629758,0.0006594418738385393,0.018091659461146402,0.0034608977471036486
-0.06061465716709305,0.008518457721311894,-0.12537961992233143,0.012590116596607505,0.00013817270178026475,0.003980529888675949,-0.02952681505876037,0.0022582218601326564
0.10465156708433354,0.004972919902078118,-0.08453409019206339,0.01635243651964388,4.773029581901789e-05,-0.0011979103607471365,-0.04679850305577652,-0.00343146829345303
-0.018830495267669597,0.005973294321790286,-0.02099774992575778,0.007446087428159859,0.0002370778116923683,0.003654733995279828,-0.03186839178864624,0.0036894602426023027
0.11505697411641402,-0.01131036688979025,-0.057558500820456215,-0.007175097486325931,0.0,-0.0008969167916584418,-0.025460531930310535,0.0014781710230231306
-0.08516556888425784,-0.011743906392990866,-0.021843474818131533,-0.01740012334051755,0.00011818867153451373,-0.00326360716456781,0.050686458222432985,0.0003404276774163016
-0.028286026101889888,-0.012666157190753867,-0.1252313883876531,0.01246655729325627,-0.0008301523772069053,0.0032650801981330526,0.018020393486955215,-0.0015536739469959437
0.01861193806376259,-0.011418803568828597,-0.1002141215763029,-0.0030938082348982822,0.0004457245057289394,-0.002385697753881131,-0.03837977187160996,-0.004319920474722177
0.09337013427605588,-0.0003344317543372277,0.07438298910775681,-0.003306731371451652,0.0,0.0009624968045567699,0.0008279280865391714,0.0010962092771056862
0.010883359221321776,-0.000847732054408212,-0.012977832852245371,-0.013527281641013269,0.0008250825576469265,0.001696995294705077,-0.019347077106436232,-0.0011000689815514916
-0.18621830581396076,0.013013609393775376,-0.03181129331121438,-0.010507421802764953,0.0010516041031096157,0.0032355902421717475,0.044750635895625175,0.0012507814870025386
0.08971182450307948,0.0037119355085727663,-0.004183198941623948,-0.0032862537840930993,0.0,-0.0006285206365155699,0.019868776036448633,0.0038937237341014285
0.09936679918837686,0.003407717025545856,-0.015567305857491647,0.010030691623402784,0.0,-0.0010915440373038265,0.035750445624855465,-0.004603090718653682
0.021397379088110215,-0.003371936324776306,-0.054230798216728,0.014229827763515158,-0.0003811535709960928,0.0012917476470775495,-0.042713570099420554,-0.0022738975862046508
0.020722309143939986,-0.007050568757644772,0.05239805462073601,0.0057163735103782,-4.2959180047028034e-05,-0.0013647407317692705,-0.016665823841925435,0.0015955681543244591
-0.07684490699067023,-0.0049828977517862565,-0.007106924436283498,0.0010801368101346978,-0.000703385128645378,-0.0035930739250132843,0.0469297367431063,-0.0014113351682279217
0.04771276326099839,-0.003790945143850793,-0.08339423079138232,0.004566948596918134,-0.0011866136327075467,-0.001045785070297199,0.01924049183459176,-0.004110480663903233
-0.09337595339549884,0.01103749686734069,-0.02276883770248537,0.004769163569217781,0.0002271489484375333,0.003046207956094433,0.0057784105527031275,0.0010008526175691508
0.06395723676411266,-0.00799020926890325,0.08396931111533408,0.006396574305984133,8.164405042873635e-05,0.0008205199476562725,-0.04374936777746929,0.005311577936508636
-0.01939173869661027,-0.00345191670973095,0.01442632432746586,-0.004111077011892499,-0.0004717433322661245,-0.0018707508963731062,0.003314242984097066,0.0021690268783390856
0.06349901679293983,0.003569273129234418,-0.09714172178495142,-0.0108114526247286,5.066677164212996e-05,-0.0019404559611665912,-0.04919302823035975,0.003693394029270704
0.09882167013987161,0.007849378824011807,0.0035376186612016795,0.013715591702750947,-7.355874680373131e-05,-0.0014526419287105518,0.022319805275595374,-0.002145118912307662
0.1260011173118906,0.008292003223863361,-0.06348621612445574,0.009770926831476505,0.0,-0.00023512602948930206,0.0036819475280014864,0.0026086223384833374
0.08754434108315216,0.0012870700641433226,0.06941579710768732,-0.00010757872019670489,-0.00014633218973865336,-0.0016529432140153255,0.0216303702291622,0.004412580225266798
0.07408053956346417,0.005894142018799035,0.081067326526006,0.01099556663177818,6.723800731278651e-05,-0.0002759773934740018,-0.000611263063166706,-0.00020367528451184662
0.11357615446030125,0.009031439859373653,0.05481166133655229,0.00428702012750926,0.00010475180112981541,-0.001210094341042378,0.036909508692353356,0.0002529537952936008
-0.005345392549179072,-0.004476438885391351,-0.01809457579207475,-0.01731945390584394,0.001225428634241247,0.0019509907721064102,0.01731033066113284,0.004357662085713938
0.13616186626233767,-0.0010661075807085658,-0.05639775239473627,0.0024133749701177464,0.0,-0.0001934312912176689,0.01980392936548903,-0.004639883869674826
0.03224369066779422,0.013280392718640354,0.01537504863133741,-0.009068467207672369,0.0,0.0011350643013806182,-0.014509182364641519,0.0008573850938558211
0.014721919613215017,0.004867355674874596,0.042385572743315066,0.006951714773742552,7.083484129591366e-05,0.0015209884770552597,0.006134129491464617,-0.000544268046188029
-0.1940091098686712,-0.007733508716358677,-0.08133033848144071,0.0021438073951122205,0.0015323275447301499,0.002857342741895864,0.012855753336667056,0.002111772808536275
-0.21261381966001494,0.004400234186024301,-0.0472079483445336,0.007926565304843992,7.883544771497553e-05,-0.002062030513844817,-0.03907169892709278,-0.0024529190701422323
0.0864518768713682,0.010483023696285428,0.04835365508743214,0.013798347038022107,1.8522917645452663e-05,0.000715523642628785,-0.041537545295562264,0.0002491712237128553
0.019960458385007925,0.005612436169156278,-0.023156264619316712,0.009397556439827941,-0.0010885881781531465,0.0028757330396363954,0.017168462998487625,0.004220393696096958
0.08578972002655656,-0.002394233417493649,-0.11305089496714381,-0.014772660501139909,-6.584722357312611e-05,-0.00016842908162679056,-0.03228002195398552,-0.001730508840883278
-0.05390577654908218,-0.002444113123286366,0.1052578680389586,0.0061607258023106395,-0.0006347514675131283,0.0023662450456050747,0.029257072153193113,-0.0008560000614441034
0.12134714159302629,0.0017796479103145582,-0.02788776670336538,-0.01449942889793263,3.461158625646388e-05,0.0002740950748779421,0.013293871738639216,-0.0033652016698876904
-0.2280681765792126,-0.011795057285879268,-0.08111070332484935,-0.007680971959191722,0.0020580770469968,-0.0006026354136562384,0.04024391159558448,-0.0012533182494275784
-0.18825698077094766,0.013677335441821379,0.1188009139417699,-0.005543512250076041,-0.0010323882943155394,0.0019503430775306542,0.021235174028817236,0.0018116741991244026
-0.06466495179668633,0.012786519380371607,-0.027751275835803536,0.012071423832571914,9.943119471926219e-05,6.274830939115295e-05,0.004362473426036195,0.00016464531408850232
0.06106179325645232,-0.007167886530085038,-0.12600032398119307,-0.00038582181400069335,-0.0006901432327804699,-0.00010392984345099221,0.015869215582825582,0.002021483077662132
0.10622579371829917,-0.005733457208051423,0.03383831420542801,0.011457641674914958,5.916989230134173e-05,-0.00177816019808729,0.029376995518000916,0.0027578907681322326
-0.1301298450496531,0.0031845284515736177,0.14191593832136745,-0.011814423665730368,-0.0014985390609584177,-0.0009478919607661131,-0.0032680838351844886,0.00022031282101248354
0.009593185674774355,-0.0063393576250976615,0.07801308339408282,-0.005654272976879413,0.0,0.0019788960706671466,0.019490683299639575,-0.0050887377435478755
0.11279870487951586,-0.0037729014011948754,-0.05678209610095254,0.013275252128002017,5.5523095981661885e-05,0.00033144555906371035,-0.020646706140405036,0.0010056598324406879
-0.17272129050094553,0.0019817748670947766,-0.16342822775800606,-0.012551797335236084,-0.0016385374299698594,-0.001665150385622425,-0.01858210138665163,-0.002800242208534208
0.08985813615040542,0.005099008458509531,0.04612848952383828,-0.004514939500764882,-0.00011516988204082756,-0.0017524725535691995,0.007094933189053512,0.00449025722636135
0.09170473481244017,0.004771048490653491,0.023056344248829186,0.010967844594013662,0.0,0.0009206868895186428,-0.019203943820276237,-0.0004917647156880839
0.12896017657044315,-0.0019654894445008124,0.012096340791919161,8.201071659691417e-05,-0.00014711246405161338,-0.00020676372819202594,-0.037083607120174965,-0.00453449899248526
0.05764535227040322,-0.010978148308224748,0.05164266249277068,0.0015643556044647791,0.0,0.0007478366236275402,0.0028355891486064426,0.003957287700427348
-0.15570487612118336,-0.013356409391402877,0.11546743303266592,0.01695858860156926,0.0018663544110502364,0.0019312294269978813,0.037976488277789267,-0.0027331969746847377
0.09857089116220914,0.002652572385876632,-0.10356635601191339,0.013785871792466528,7.853550225799498e-05,0.0020764884424699613,0.000748258363916229,-0.003994903201678017
0.05695168721692724,0.00882872831873879,0.07567541071504826,-0.002261602000510332,6.885347970131406e-05,-0.0016867545301301687,-0.028977734328892963,0.0
-0.2051963907432359,0.010201740574428061,-0.09121478081021869,-0.01630074959639493,0.0017765630980221287,0.0004519183216831757,0.0029551228637841186,-0.003226934909363933
0.13153989913277633,-0.006125852393446951,-0.073722969212619,0.005319208407498296,-5.780158722593076e-05,-0.0017791134844227408,0.037657125200713966,-0.0031942011717297214
0.12556729393702784,-0.012262483909052596,-0.008827545404077463,-0.0022839063286452686,0.0,0.00041481253727440603,0.007034944045895984,-0.004851869234197091
-0.03783540063411409,-0.004995515484797199,-0.04474954315412703,0.0023152091383474363,-0.001711566247157293,0.003214281602815927,0.04292414327500428,-0.0032682421130050625
0.02491811613831731,0.00322492743086939,-0.05882206112090739,0.00961242271125268,0.0010320469076273275,-0.0005073287703207391,-0.014061738574165714,0.0030719577459279385
-0.02357037047507826,-0.00864038053194627,0.10096298634064932,-0.011980464534448954,-0.0003196128533474174,-0.0004237365339924799,0.01845462795901551,-0.0026267306449189835
0.08771151861733979,-0.006203888981920256,0.09443488514648815,-0.0029063316401555434,0.0,-0.001329171472974372,0.0431875974136099,0.004072282838197155
-0.02770619947873432,-0.006015503931010337,0.1243906878748857,0.0033018064073324833,-0.0005983730554785632,-0.0013748781947965764,-0.0002736641134336998,0.0009273179006205347
-0.016760824927823294,0.0010041813941289932,0.09328144133393514,-0.002743486784057624,0.00039518997176855863,0.0008118827887908091,0.025209763159518322,-0.0038729894618175333
0.1120186107818022,0.00868321418008292,-0.009196859984854996,-0.009249400056892218,7.852498183644196e-05,-0.0012425676489255144,0.0068024058816606855,-0.004766781388703866
0.10987239042481141,0.009936219259547142,0.041496809426061945,-0.011358109070325686,0.0,-0.0014701291933594844,0.03271402804070631,-0.00013491952061156498
0.08625981698835877,-0.012673905204928034,-0.011332545638295317,-0.004668147102722641,0.0,-0.0012770814933478405,-0.0012761795730906692,0.001433246452634311
0.05730680795712091,0.008800068126894623,-0.1258076209845149,0.016655645566206953,0.0003157919376734347,-0.0025395916335663603,-0.033185760884361024,0.004357991699580391
0.021253410906148934,0.0073012640807958475,-0.13549366386602296,0.01573405803361238,-0.001237715717893273,0.0022158869021458995,0.00519534552929945,0.0017013559282780105
-0.04138160177189832,-0.0068169600467346955,0.12483996972780204,0.009812987613753545,-0.0007149430390923917,0.0026534163609790032,-0.006731490009839317,0.001633290522989846
0.07190400105000218,-0.01473598228225759,-0.0906053355514185,-0.00988778402632825,-0.00014113411757891992,-0.0005778793101091118,-0.03971517482180711,-0.004246833823401683
0.07377336671364496,0.004419881940083821,0.09455992967659348,0.009695466524182893,0.0,-0.000881220575648517,0.016501286670502477,0.003271149632596167
0.06337998712940382,-0.002193805533829841,0.08036209290937382,-0.01238526313149956,-0.00011561038695129085,6.588212932184812e-05,0.022391150876729927,-0.003193558758871713
0.08771511251634553,-0.008664847641212378,-0.02955340775937939,-0.0005437026246058205,-8.220278741487286e-05,0.0014138649735841247,0.014345448992692708,0.003164262828545022
-0.1952536173951228,-0.011897058563306254,0.10178172004940313,-0.0010576723981561395,0.0008531896599303564,-0.0006930417264786482,0.01905111578938864,0.0001147574262809481
-0.037812694313836846,-0.0038155132596441725,-0.08010708919028134,0.008389554796507489,0.0008910174879594029,0.003050533905562818,0.04893948635610336,-0.0034672362324773445
-0.20062427158192292,-0.003919996842424257,-0.08646955781413512,0.011609593677564383,-0.0019727979501943643,0.003763428321329698,-0.021577300008798424,-0.003135235354110997
0.06987878331663684,0.004178694072157819,-0.09894478076863487,0.002795056574891094,-0.00037842576730205083,0.0007908995411570082,0.031852741494630216,-0.0032207451332440583
0.13020821351932238,0.009438165497005413,-0.09323403138896724,0.003984781865300388,0.0,-0.0020449072798033826,0.011793014308814883,-0.0015854854547677419
0.04813325002399333,0.011862501642673893,-0.11407973319713344,0.008600729268186651,-0.0005807972426599556,0.001105486948683891,0.023491844253801283,-0.0032293446287846956
-0.15425989066955076,-0.0004653977917934245,-0.03556324206149583,0.012613704792311397,-7.709376477429974e-05,0.0015640467486360103,0.004559386246450475,-0.0012834043949142627
-0.14435160979119271,0.0005955885128064094,-0.06877651166231426,-0.014355628139130024,-0.0014005079891414556,-0.0001368642027391176,-0.03250672123422459,0.0025906886419538584
0.1164156755034732,0.0007845032907041749,0.04377365806137773,-0.005234200679262232,0.0,0.0015748782520825187,0.014012593744458183,-0.004538901367011175
-0.1274854391270703,0.00682929275241809,0.14036896749064576,0.011244144017952803,0.0006516231669467828,0.003184044446750744,-0.03133750220754921,0.0001469321940625332
0.11371763319988949,0.008027273673509618,0.03913088753953482,0.011567949705903326,-6.7637385127578e-05,0.0016036774129583632,0.001577284073621126,0.002459326492576083
-0.0026487308466373576,0.013556902227975705,0.03873689396285516,-0.009505777085250378,-0.0005876429326708964,0.0028158428483972928,-0.03394271797701485,-0.004337825649905735
0.018928588741149978,-0.002354057991248369,0.06295071699807926,0.013121517192593487,-0.00034976521469301525,-0.0004967328927626581,0.0317491414613539,-0.002674214856758334
0.1039309614477131,0.00404170572262113,-0.11185834123237617,0.0154085199520629,0.0,-0.0017436692735686085,0.04280004146823791,-0.004936766829529179
-0.19581941159268013,-0.0075930359295772855,-0.07701484883176626,0.016552230489636534,-0.0018969971732152868,0.003564200682126296,0.04337198641784166,-0.0022337401240639437
0.05084365417208268,0.0016308727683259083,0.056924431179300336,-0.00015558456409077437,0.00010571835730752431,0.0017313021581427147,0.0014469963293821688,-0.004419677839417754
0.08968030483187298,0.004480725393782084,0.04894218035653795,0.007176913157265578,0.0,0.0005392125531875624,0.003263034265840889,0.0032918570791102358
0.14065929791651163,0.009657248731282373,-0.07693088421704851,0.001816769394822491,3.677067489403496e-05,9.550049736107319e-05,-0.00030662688187012456,0.00261077086533323
-0.05396494530827226,0.011005456265075179,0.11304922679627756,-0.014857011058135288,0.0003538699804040285,-0.0014953793508918484,0.02751131027903887,-0.0031901644294843345
-0.03450547491810517,-0.012521465534222877,0.05578906723821645,0.00590738155169173,0.0015339679785403386,0.0019217112049460235,-0.020372177647225775,0.0007300370436369675
-0.14142433223199488,-0.01085371213035736,0.14514551050541816,0.01070007291668634,8.684708954977138e-05,0.0019082441086069142,-0.04256495009788497,0.001698863320067297
0.010151097572776139,0.0066686966632403585,0.0689045136606144,-0.004536659622083573,-7.153912263534873e-05,0.001691010974204256,-0.03659018180023612,-0.0045649505154005945
-0.05534742236043053,0.0048564308380130315,-0.08488637015163777,-0.0006567966786312635,0.0016401104211418635,0.002953890361788333,0.04924271348234802,-0.002507688053124992
-0.007935768320781451,-0.0006079129041871933,0.08796600785735073,0.006610857223237064,0.000272505409983125,0.00020191338818716098,-0.027898680019716744,0.002789673184997009
0.08756415518640905,-0.005970213026771001,-0.11021754342570574,0.007847049672066906,-0.00017447351199356004,-0.0010547069949395729,-0.046059294684306126,0.005639449931098855
0.02190672342883944,0.0005556311712762024,0.09590532143800781,-0.0011354249828978231,0.0,0.0020383595934334972,-0.02572604336177134,-0.004204977639272107
-0.1176595791159677,0.0016060425595320615,-0.1287127248606853,-0.0024683683974066188,-0.0016507469113634181,0.0028606566033855256,-0.051010672409141734,-0.0040961538472308635
-0.22398391519590216,-0.006819266680161347,-0.1046244836621311,-0.014062946518207182,-0.001184081219608998,-0.0031896557935809566,-0.021297124549684097,-0.00033942942217385363
0.07172290653683058,0.011234124153790182,-0.0449698563560774,0.0007943605895301912,0.0,0.0015539224977527515,-0.03613515263051197,-0.005922317195273863
0.08756183674941269,-0.014719433446648049,-0.09187921133903645,0.010944923911293723,-4.965121131661476e-05,0.001607484454447495,0.01894396836858611,-9.439169124135006e-05
0.030345754817746415,-0.010716104590712563,0.03423079085101056,0.009685504333584777,0.0,0.0013644490672297949,0.03325858213978755,-0.0033545800813184843
0.13131013954435503,0.00043519899130842893,-0.06994429158530993,0.005628345556129257,0.0,0.0012326163042224792,-0.0069148892387125155,-0.002090799545891087
0.1249617526073787,-0.009306246912101678,-0.03229275388170397,-0.010365879292181164,0.0,-0.0011524948178619349,0.018017121324953953,0.0025761883936590768
-0.04888020768965966,0.002356212232455302,0.09851952500743065,0.008489901104756767,-0.0012896527358512086,-0.002185405770581876,-0.016835253763471125,-0.0021608746144939133
-0.06883747060834815,-0.001510653914460309,0.11795354729278318,-0.010718449919078738,-0.0001694310291398742,0.0021503306887026515,0.024173670974996217,7.965755047334433e-05
-0.18123621943962515,0.011643229199604112,0.05985737867952241,-0.0010146861125188225,0.0014356300793143774,0.0007488838820179086,-0.03532279213550638,-0.0006574725960636074
0.11379242522670711,0.010506999505264259,0.06215073182365937,-0.012713515326483132,0.00016760488233388826,-0.0008371105144588331,0.04349663426116843,-0.004459901410780061
0.05499804301705264,0.012224189324910595,0.06260868653637001,0.01254218521703727,0.00012604594490095433,0.0001433769702449262,-0.012880366716787226,0.0037398770969361947
-0.1821464638133309,-0.014827359342426466,0.03234844706558205,-0.010144774046698909,-0.0015336851435303611,-0.003428367687074271,0.04546286043509748,0.0028495573209922176
-0.021758248890868852,0.012877313936612648,-0.06221221937154607,0.013191627790160147,0.0017521537666490168,0.0006197591631135202,-0.03346895033728105,-0.0029485597623665075
-0.049870685162282595,-0.006955422743833482,-0.1011573953375485,-0.014471213926281423,-0.0004880864169412238,-2.5922841999204138e-05,-0.017699290219454152,-0.00022471279873121912
-0.2200121026819757,-0.004832282257245262,-0.0334726382561513,-0.0068691107376620715,-0.0005872145625880343,-0.002250219402428615,0.006385045345136417,0.0035206358597772536
-0.15034827032537254,-9.40827047470616e-05,0.045025396869247246,-0.004036696794463917,0.00017577152037488036,-0.002860641869497479,-0.02186291609308589,0.0018852454458494622
-0.057351709910401616,0.0076420027189912955,0.057368407613941325,0.001548328970753268,-0.001058870916128407,0.00039008900372634187,0.0498497004794634,0.003390237773946215
0.010528518270549908,-0.015248570569844928,0.030155376764402088,-0.01167253062186789,0.00019083038723512885,0.0007864248926441913,-0.03245067937754724,0.004734595999637634
0.06524197522750225,-0.009935783203246222,-0.11366458567077352,0.008052078285059086,0.0,-0.0013177219917336752,-0.034304778591788064,-0.004224336636741605
-0.08471324919982721,0.008067899452689915,-0.09546962142513032,0.0059362989068513445,-0.0009079047438308452,-0.0022400556716358636,0.030400807997186228,0.0013501275982532826
0.10206398252716692,0.001491825726212397,0.07123021052276877,0.01012361430425583,0.0,0.0008828273888494276,-0.03825584554609324,-0.002368654178848289
-0.1302069570834554,0.0008073084118272856,-0.13182842385233867,-0.0039462569827221515,0.0007964119367790956,0.002749363156819089,0.0019372298057117106,0.0018838530120540021
0.09217997014242517,-0.012142345141924124,0.08911452164990487,0.002068538876241529,0.0001772465134740886,-0.00036669324916040267,-0.024611198631456936,-0.0029511792812267888
-0.16789132017354114,-0.01386781773461341,0.1476008638194197,0.01606956485835065,0.0002841279923315454,0.00288888372599558,-0.051702939750100256,0.002906087890731325
0.101585349793658,0.01023325908753694,0.04365110479232677,-0.013677254879219837,-8.580961444504265e-05,0.000908630531180406,0.016688577213729534,0.0020907876495036538
-0.22798230650050857,-0.010187119238176499,-0.13112425736248703,-0.011787173598637938,0.0003600685631774403,-0.003640482083481437,-0.006613336326855229,0.003797252681498049
0.06347225641901391,0.003103019479287662,-0.011350968423185006,-0.00661427953435185,-3.4983826478346414e-05,-0.001653833078035047,0.03875473365415618,-0.001068362159307947
0.0528715701851282,-0.009001704780693134,0.05647265657938606,0.010702650184667038,0.00013658973756444648,-0.0010541441250468892,0.03325061378588929,-0.004691127211322179
0.028274136703155758,-0.007983057833097539,-0.0066715714934200265,-0.008630631150283447,0.0004611939638153621,-0.002450878849558411,0.0036767792426870903,-0.005736929818011949
-0.0074530808931505405,-0.009143743008839161,-0.0884071184567772,0.0068849789556175165,-0.0009129309902811058,-0.002634690529457436,0.03474865410741885,0.0003748783874712308
0.0672584873962998,-0.015234717455364694,-0.10613319135215062,0.0032981228645263243,0.0001691312707676959,0.0017874160844218816,0.018780171462527397,-0.0007938581000172
0.12166448214132083,0.003901376628866773,-0.11343790201603617,0.005504065819384756,0.0,0.0014870614823672829,0.0456049307293354,0.003021836526377811
-0.13853851031058798,-0.005725181150238311,-0.13037563509339753,-0.0034060429304585637,0.001454144881927244,0.0031851474681906067,-0.02597635701916135,0.003818403252950542
-0.14149062957655098,0.014715222127971484,-0.10579557181271415,0.009918490682147275,-0.0015010574410146654,-0.0006874404168488446,0.049742142179791254,0.0031673856935214217
-0.0964715718259247,-0.007435597102096709,-0.031557619133768935,0.016163723291103976,0.0018607926051186219,0.0021132379933793788,0.03611159131917247,0.0025526369455271215
-0.21112663694436554,0.002867055690295459,-0.051793932568148196,-0.010999025256781519,-0.0006931519793111054,-0.0031788091683778727,-0.00030922427686458365,-0.0007693491479830617
-0.23800674582909281,0.015466788713982951,-0.09039863403473938,0.0020756694648079482,0.0014790890269977327,0.0019788223590839153,-0.008323205036962779,-0.0004333838547833091
0.014930214374991344,0.004496949429219054,-0.0360861169258203,-0.016939360996421488,0.0007068839022915972,0.0029124951248528487,-0.015691165532601976,0.00011371159421875304
-0.1544361749889969,-0.005225945368778231,0.13874154485716864,0.003650623765169603,-0.0002289087636449319,-0.0013271807335929894,-0.01390672682137198,-0.00030449626733297603
-0.14745530251030065,0.009662595173963354,-0.0811146529358167,0.00971084850793776,0.0019348290547605296,4.3232314973024044e-05,0.009823099579354818,0.0010352572164353219
0.05684009599703696,0.0033627483488141824,0.08349165410083614,-0.011662259414878418,0.00010332147222880117,0.0002494650848024929,0.02923710116061218,0.0002147314449652688
-0.09009998238095816,0.003477885908666933,-0.1410200792202292,0.003499826412447383,-0.0016478305554053902,0.00015213906445993297,-0.018839579557895076,-0.0007158007054131488
0.007730161584918646,-0.0058411558368519755,0.01255929054763676,0.009897510178856433,0.0007412550636687848,0.0005036574038256765,0.030599897344246573,0.00010669579061889367
-0.08407042923629056,-0.007195895824497482,0.07174051608014952,-0.013006501374664891,0.00028425512391516694,-0.0026308069676747228,0.0004884410138190987,0.0029676252428585985
-0.06251863491304042,-0.0011615901059193034,-0.11934386529724088,-0.013722417130409252,0.0007084055882470297,-0.0027839097759965233,-0.016708257165866772,-0.0026432509672513365
0.09027744036734558,0.001377915556406023,0.011184864781363513,0.0029579809806039724,-6.502200612368281e-05,0.001919620104564418,-0.04622854467185867,-0.0031980163203483942
-0.1519233957781611,0.010668051434013313,0.06557014958131589,0.0044898506156488185,-0.00035407480515284306,0.0023702027297415936,0.005257869887189897,-0.0035887187430681247
-0.15611682491748888,-0.008104531090114624,-0.04699742680535152,-0.006742428036896343,0.0008328158348560599,0.0009017992677149466,-0.009529772926870128,-0.002749616263785562
0.06651379831435321,0.0013611874503820511,0.025155039532355303,0.00516853177750729,0.0,-0.0019582937456637944,-0.013142569097633911,0.001443005367985972
-0.017086107330801258,0.010891964754400596,0.03945982180486126,0.007575778407999107,0.0,-0.0016279611392039843,0.014519547439669694,0.0006003882116754483
0.06678122012229631,-0.003853993526430576,-0.09047104372988922,0.017367599619473803,-0.0003204845327095286,-0.003127134876890995,0.03911228402651974,0.0019575277978542836
0.05039059612984143,0.0028253531844904833,-0.03143210908355349,-0.0016844664931083715,0.00028680062965086295,0.0007567256158435806,0.042691151985240136,0.0020211872357071914
0.10091124773639104,0.011150042580895164,-0.0057367973789231134,0.004337083283012237,7.682919151888457e-05,0.0009933090832416086,0.020088842193590743,-0.004750231243859203
0.10800877081180553,0.012112386493614425,0.09496958704360887,-0.004422607426377433,0.0002220549686360873,-0.0011243334784546866,-0.013894636564856998,-0.001477622802276368
0.045606246350792634,-0.00042838794072271925,0.013821174613890133,0.000994410359519937,-0.00015227985134871544,-0.0022336507093312446,-0.04320651587745747,0.004994809780203417
0.06158733545217971,-0.012318986934254098,0.06450822469238976,0.004821528699480842,-5.432018925474735e-05,-0.001317721236736106,0.04284026606428588,-0.005000403384198027
0.10500868924323288,0.013020992363667196,0.01577949792787647,-0.012873754802514173,-7.360729343679207e-05,-0.0017641038741675252,-0.03469024373006719,0.0003035190718542618
0.12463039691531393,-0.0014684450044240985,-0.0748481255815582,0.0013730744709911954,5.242905474328596e-05,0.0013410802535507313,0.0211790463606226,0.000693440945820393
-0.08264280245192075,-0.0017420829431946394,-0.06847171205051053,-0.01606552364907732,0.0019842482852883763,0.003648964701499736,0.04153807407275077,0.001397861680865628
0.058407096425742856,-0.0020453533113618627,0.035413219884576,-0.0036852323634366155,8.77496196280414e-05,9.267053112262807e-05,-0.002832789148287213,-0.0021363077397626483
0.11359773589491594,-0.00203232624732999,-0.012234845698490454,0.0,0.0,-0.0017572019387128296,-0.027593322006328497,0.004810976552898253
0.044737221122624085,-0.0024542054570951296,-0.03452317380162876,0.006481551021021923,0.00010626008219906738,-0.0019293058557472511,-0.035435272028540826,-0.001583611988711827
0.14959463937907652,-0.0005434479557338309,-0.11360044187485252,-0.0026555317308022616,0.0,0.000689417120159741,-0.008360206220174585,-0.00270079676653434
-0.017872556407397364,0.009124826978804332,0.014263737294791244,-0.017578879138715524,5.926670502584899e-05,-0.001974802042776481,-0.006953317172921845,-0.002375729969764167
0.010449562953959692,0.009145693250314557,0.051073480424329756,0.012606819768674973,0.0,-0.0024734371050652154,-0.04366165039422799,0.0027954831600167126
0.009806863389687608,0.0076324816010553765,-0.046821123454066,0.016760979073607074,-0.000682456802562386,-0.0008408391247384285,0.0017718613931379402,-0.00441376906765395
0.08291422515122399,-0.005550840259118115,-0.07602795252251185,0.004602821178537042,7.290625701270037e-05,0.0023016657319126534,-0.02303425342089488,0.004188680172071305
0.1142473511303252,0.0068744146754649415,0.041602005394062294,0.0031681207594378906,0.0,-0.000540212998651507,0.018924032238596847,0.0017949239056576293
-0.12426860946503887,-0.0044583959714701695,0.12687249318951901,0.004583155731847306,-0.000890633949759443,-0.0032052175619681302,-0.031215178927931755,0.003708745121549578
0.11961151589771377,0.012153115121439356,-0.03851672202103339,0.007642191087768799,2.587532610708737e-05,0.0,-0.04259101655429306,0.0034691860916104566
0.12504768904082533,0.0006387610971796409,-0.05714903313418023,0.012810451042391601,0.0,0.0019988314675997336,-0.03727822344770693,-0.002725598858844315
0.005056704479470334,0.011084130906705706,0.0021029550480916276,0.008106979577720785,0.0,0.0004316004703573545,0.03396030941419238,-0.0034654535330160214
0.07137321145376509,0.0059811121663388474,-0.11988654027039287,-0.0035035915951332685,0.00025153298240855604,0.0011209858889407252,-0.020376807116375704,-0.0029428189639306612
0.10093856659493985,-0.012201900443884266,0.07088808343731037,-0.009030496099350915,-8.320856947989508e-05,0.0014461028114468263,-0.03678966940082915,-0.0002628832014612896
-0.0002276757642537749,-0.012576241682044251,-0.01948435619062796,-0.012304281685859045,0.0003384165300235175,-0.0029283540429950352,0.04175920993925095,0.0012137089607636448
-0.13429087330154574,-0.011593492828929169,0.08326660151624062,-0.006605093201147833,0.0013974034289908205,-0.002003758510245517,0.011714239451377872,-0.003477985149639269
-0.023296431832504485,-0.012883148226269273,0.022892119731966948,0.017186905388643956,0.00012071246329036119,-0.0027000078784788694,-0.01595375403362437,0.0014263124157645555
-0.24337052750823393,0.002463227643220924,-0.13357490166963457,0.009694591574070703,0.0008073779977980574,0.0024792802568870302,0.03246022762813017,-0.0008271370541655387
-0.24398465891373664,0.0021675925147562358,-0.13544239302698877,0.015684675355821992,0.0010542457911304481,-0.0026274179203728465,-0.045800565412295234,-0.0029642949710541244
0.06597559310418119,0.00020695813072679325,0.00521379029350817,0.005165643183112381,-0.000126651760390048,0.000850429395341206,-0.01735030892042336,-0.004077442093837319
0.04345784599173221,-0.003537037930101909,0.02138280202227931,0.006676360281024756,2.4010139176057488e-05,0.0019033755751678785,-0.011087024501067152,0.0019640691992652394
0.034279624438206126,-0.005771872894834596,0.025764772380660265,0.012516053764055981,0.00014160912172374887,-0.0006530512196672582,0.04603225159039194,-0.00010888104652410913
-0.09359509843612623,0.00912569551657923,0.04129497673212324,-0.003053841035692314,-0.0009897489453661937,-0.001419746247326925,0.028597712491528194,0.003400128333740492
-0.009286329330224734,-0.010068140802129213,-0.08500167514647493,-0.01608171137213143,-0.001362223702613448,-0.0024269929259329343,0.026522648336243664,0.002118391746911058
-0.04823954599020752,-0.0003813193774924529,0.10490014679773985,-0.005302709274172958,0.0005666417584201736,0.0008354343371400131,-0.0022880660927221755,-0.0010828836822394594
0.054011801912974264,-0.00907439207701418,-0.06353758770873999,-0.01349851378495131,6.395869894468276e-05,0.0016578050978824893,-0.02868954548752737,-0.004353739952379194
-0.07150339641503597,-0.007711123519733486,-0.07740190174414265,-0.0015000888452204885,0.0010587656952032356,0.002174010265384285,0.012172957713170136,0.00047134899872172675
-0.08143568031515093,-0.00199288788381818,-0.05173497242069601,-0.006231370816265617,0.00039197945160349135,-0.000637892239325272,0.03868069186820036,0.0010098540442060023
-0.23442284318852194,-0.007932715037767,-0.16281414376544356,-0.000725178345904887,0.0011190143865528746,0.0021376540163479947,-0.014324871722785881,-0.003696300652912728
-0.006452475315343526,-0.012638692208840082,0.048774931344229645,-0.002791589535679723,0.00027609328545702416,0.0015547582980616939,0.031539043600100146,0.001706093278761918
-0.13352983977915533,0.012470481064788366,-0.0711734280873031,-0.015305875263759155,0.0012855695089631913,0.0024108684408848833,0.0518746025451311,0.0037515354848788917
0.07198093596397273,0.012358475201932036,0.059499291299311925,-0.002791286130554268,0.00012389603449983189,0.0017502882879344417,-0.025967554103035667,0.0015471370403581722
-0.07949024909122956,-0.010786692408460714,0.12280287830068036,-0.015629782830313535,0.001089892952144537,0.0009765448363139237,0.032045376918754274,0.003340958105925917
0.13996272926989917,-0.0071123139392607155,-0.05719640240577272,0.00724760455250686,5.729870163422024e-05,-0.00035987022349398534,-0.002076814818792087,-0.0019369026756710192
-0.05256013918045439,-0.0018849401984447497,0.12566591757092838,0.013768802648623157,-9.349147334272029e-05,-0.0010812239733843474,-0.04080744951022799,-0.0037671712079572067
0.09178899769113928,0.009206102444014172,-0.03788380138972684,-0.013311539563489308,3.6978761935618776e-05,0.0014395869901040349,0.0026529330541994792,0.0005528176746608081
-0.1797818875924041,-0.016022409181381588,-0.10890839328653838,0.009119052143641974,-0.0008468306120192378,-0.00017618023715088027,-0.055336447944041335,-0.003128203082924487
-0.03716086108510238,0.0012065457446799877,-0.12019962304063019,0.0031988605117195357,0.0015833916921275944,-0.002930287824366366,-0.05247632579199448,-0.00222045305109201
-0.02564660821665544,0.009140787966760823,-0.10613558735763425,-0.016466299816266246,0.0004166785378039439,-0.0017008731456061592,0.004077591525610573,-0.002616789403656829
-0.10725090817479137,0.0107434732411705,0.13365156586426694,-0.010930934688592842,-0.0005960861086289071,-0.000666898283286203,0.034045616559074766,0.0038858460711869405
-0.10102730717491273,0.0025072140965848814,-0.13803350288068444,0.006675604025865065,-0.0006764438584752619,-0.0021070646611923813,0.008766264875560535,-0.0012934560987753968
0.10789472246662528,-0.012305727531210427,-0.030320127451103962,0.009454113397978253,0.0,0.0007081064452295477,0.03570043469903339,-0.0017985639636434272
-0.09494646881842042,-0.0010400225808358116,0.01753202977268421,-0.0026508467751026436,-0.001672088238675567,0.003262667430819241,0.011550695851921066,0.0023696710809310117
-0.10525274605032342,0.0014024450354760756,0.1280517983640441,-0.01511652048870177,0.0014491028962877112,0.0033936529641694422,0.0018959142124633423,0.0022314286415545167
0.08471379816602179,0.0068051574830445246,0.04808112718883143,0.005775787755549398,0.0,0.0006185149973124722,-0.020615657707481694,-0.0005649808753733221
0.13118192674265322,-0.010423178179500756,-0.10750272821127027,0.0051094235650383756,0.0,-0.00021161058926390947,0.04003797526248652,-0.0036577316118561365
-0.15919439269862276,0.005223446468579196,-0.022806940969896345,-0.006579999591668974,-0.001751480890654554,-0.0028349642973814993,-0.04481057308230224,-0.0024208516644743713
-0.13427484100726206,0.0035163736126865752,0.009204028787015614,0.0012483093692651922,-0.0005096641294731613,0.0005389002102514332,0.04260112334416566,0.003779002181935029
-0.009902673024243558,0.004143881313361431,-0.057340067747092764,0.0053134780247951026,0.0010190474116171522,-0.002212428664331459,-0.004796735941081572,0.0016258184322644252
0.11642396501144717,-0.001098025049912905,-0.045333253924555034,-0.0005879263471803075,-8.171778593556167e-05,0.001998273295682754,-0.04202091690332117,0.00404926206973982
-0.019898529773962656,-0.013382650755816987,0.005835365532700456,-0.016643514409005012,-0.0005580801179710396,-0.00042903217664441023,0.009110725312241698,-0.0007682300879129022
-0.21839378020918937,-0.015176593816546636,-0.1637946728553836,0.005808678922549444,-0.0011784071897497552,0.00018917682585162243,-0.03753931172781753,0.0006920919217874504
-0.07573240818400528,-0.006711479750972615,-0.14904034966800042,-0.0022250704203615403,0.0010355765114504756,-0.0031606324089049186,-0.03853826144386261,0.002835767852592422
0.09064936799427971,0.00434437066678691,-0.06742092331572316,0.01053886817317669,6.274892860379244e-05,0.00023559036053448742,0.03671209651228019,-0.00177241600735221
-0.0674711228358938,-0.004183111737119502,-0.0903398039536457,0.00404628583479115,0.00018489764948881326,0.0017297249888582117,0.02556645126110923,0.003508157230762243
0.044229098323793785,0.0136697291398979,-0.04530959914863027,-0.00995362495030223,0.0006887379224682754,-0.0008175091318860589,0.01089146623765109,-0.003384405389918294
-0.04816995075027759,0.01513192582901023,-0.08911701016714914,-0.017635273199831474,0.002053816338656069,0.00020948013654294162,0.011604279065531572,0.0024187309774998376
0.07387908641030407,-0.005278386787957426,-0.11380367274496392,-0.008937893042919906,0.0,8.283296040159649e-05,-0.010545491441247657,-0.004582358916260405
