{
    "dataset": "convex_seed_17",
    "test_r2": 0.9762396495286224,
    "best_params": {
        "steps": 50,
        "n_layers": 1,
        "lr": 0.5,
        "lamb_entropy": 2.0,
        "lamb_coef": 0.1,
        "lamb": 0.001,
        "k": 3,
        "grid": 3
    },
    "symbolic_formula": "-2.64471197128296*cos(1.74854481220245*x_1 - 0.87418407201767) - 0.112896181643009*tanh(1.49763131141663*x_2 - 0.256677448749542) + 2.79049609415233"
}