Feature,Mean_Abs_SHAP
Pd_C103,3.644990652973416e-05
Pd_C301,0.0019696477511293065
HX100,0.006071654442762214
T_E110,0.1274017237024393
L_R100,0.0001325190827281825
D_R100,0.0014584122666358428
F_S220,7.364728845405512e-05
T_E120,8.86408414357674e-05
P_V100,0.0
Pd_P150,0.007921866628485805
HX150,0.002943926313189202
HX220,0.0020397349089455027
T_E220,0.00047158042130916104
Rr_D200,0.0007657370292466373
Pc_D200,0.0016470401753162268
F_S220.1,0.0
