Feature,Mean_Abs_SHAP
Pd_C103,0.0006999904129548327
Pd_C301,0.00044980696172365245
HX100,0.0005756731897302462
T_E110,0.031554582796470505
L_R100,0.0007076286838837637
D_R100,0.0025098190747202785
F_S220,0.00021278138943558482
T_E120,0.0006973159104284798
P_V100,0.0
Pd_P150,0.1900344707663565
HX150,0.04612940117233075
HX220,0.0021306064878572955
T_E220,0.0006819148113772838
Rr_D200,0.011516679534514995
Pc_D200,0.0008379030049295224
F_S220.1,0.0
