Feature,Mean_Abs_SHAP
Linear (x1),0.5063823143654171
Log (x0),0.49643651701262326
