Feature,Mean_Abs_SHAP
Log (x0),0.4747764688934378
Linear (x1),0.48840277625234874
