Feature,Total_Effect (ST),First_Order (S1)
Log (x0),0.5214980073037766,0.521251341180536
Linear (x1),0.47866902475087064,0.4782196682225919
