Feature,Total_Effect (ST),First_Order (S1)
Log (x0),0.5216216192505645,0.5212578412358987
Linear (x1),0.4787472937429249,0.47818339029150425
