Feature,Inflection_Point,Type
Pd_P150,1.5755380550324913,Primary (f1)
Pd_P150,4.15043508040905,Primary (f1)
HX150,81.5192955449149,Secondary (f2)
HX150,81.64896432464197,Secondary (f2)
