{
    "dataset": "CO2HPx10",
    "test_r2": 0.8589839019477519,
    "best_params": {
        "sym_range": 50,
        "steps": 50,
        "n_layers": 1,
        "lr": 0.5,
        "lamb_entropy": 0.01,
        "lamb_coefdiff": 0.01,
        "lamb_coef": 0.1,
        "lamb": 0.01,
        "k": 3,
        "grid": 5
    },
    "symbolic_formula": "-0.0216781299968716*(1 - x_12)**3 + 0.0619966720188948*(-0.480002855318058*x_14 - 1)**4 + 0.00539018083145493*(-x_15 - 1)**3 - 0.0229009183385642*(-x_2 - 1)**3 + 0.00978496427705977*(-x_3 - 1)**3 - 0.00331589694724244*(-0.739999961853027*x_5 - 1)**3 - 0.00832618351316012*(-0.999913977542989*x_7 - 1)**4 - 0.277545138010353*exp(0.59999942779541*x_1) + 1.2600644971883e-8*sin(10.0*x_16 + 10.0) + 0.0312499962747097*sin(10.0*x_9 + 10.0) + 18.0978050231934*tanh(10.0*x_10 + 1.0) - 0.292850255966187*tanh(3.49480009078979*x_11 - 2.93743968009949) + 0.0751336067914963*tanh(3.67351984977722*x_4 - 2.60143995285034) - 17.4344473248626 + 0.0519862066090294*exp(-6.19999980926514*x_6) - 7.25402650662925e-7/(0.557453540555785 - x_13)**2 + 3.61857414233639e-7/(0.475491793859614 - x_8)**2"
}