Feature,Mean_Abs_SHAP
Convex (x0),0.25047722986972304
Denominator (x1),0.2231271389085752
