Feature,Total_Effect (ST),First_Order (S1)
Denominator (x1),0.8043069261866912,0.4099949859807065
Convex (x0),0.6551566709769169,0.25920381495867645
