{
    "dataset": "AutoAM",
    "test_r2": 0.8637092965750498,
    "best_params": {
        "sym_range": 10,
        "steps": 20,
        "n_layers": 1,
        "lr": 0.1,
        "lamb_entropy": 0.001,
        "lamb_coefdiff": 0,
        "lamb_coef": 0.01,
        "lamb": 0.01,
        "k": 3,
        "grid": 10
    },
    "symbolic_formula": "0.242559403181076*sin(8.55971527099609*x_3 + 4.136399269104) - 0.12286115437746*cos(5.81012439727783*x_4 + 1.15411460399628) + 0.351622991263866 - 0.00384623114950955/(4.52652931213379 - 8.28383255004883*x_1) - 0.00350883929058909/(0.194953307509422 - 0.968933761119843*x_2)"
}