{
    "dataset": "AutoAM",
    "test_r2": 0.7295007107109874,
    "best_params": {
        "steps": 20,
        "n_layers": 1,
        "lr": 0.01,
        "lamb_entropy": 10.0,
        "lamb_coef": 0.01,
        "lamb": 0.001,
        "k": 3,
        "grid": 5
    },
    "symbolic_formula": "-0.494305726255799*exp(9.60000038146973*x_4) + 0.134822905063629*sin(7.85491418838501*x_2 + 5.56545352935791) + 0.326073050498962*sin(8.40384864807129*x_3 - 1.99080061912537) + 0.342586936822585 + 6.5360713051632e-5/(0.408665359020233 - 3.93605065345764*x_1)"
}