{
    "dataset": "convex_seed_29",
    "test_r2": 0.9423576959921081,
    "best_params": {
        "steps": 50,
        "n_layers": 1,
        "lr": 0.5,
        "lamb_entropy": 2.0,
        "lamb_coef": 0.1,
        "lamb": 0.001,
        "k": 3,
        "grid": 3
    },
    "symbolic_formula": "3.53316387448239*(0.49847521317636 - x_1)**2 - 0.10425616055727*tanh(2.77198648452759*x_2 - 0.887176394462585) + 0.139317914843559"
}