{
    "dataset": "convex_seed_24",
    "test_r2": 0.9854342639229656,
    "best_params": {
        "steps": 50,
        "n_layers": 1,
        "lr": 0.5,
        "lamb_entropy": 2.0,
        "lamb_coef": 0.1,
        "lamb": 0.001,
        "k": 3,
        "grid": 3
    },
    "symbolic_formula": "4.05858750840128*(0.500068641903148 - x_1)**2 - 0.115151137113571*tanh(1.11238634586334*x_2 - 0.26841139793396) + 0.131365751847625"
}