{
    "dataset": "CO2HPx15",
    "test_r2": 0.7629894581261355,
    "best_params": {
        "sym_range": 10,
        "steps": 50,
        "n_layers": 1,
        "lr": 0.1,
        "lamb_entropy": 0.001,
        "lamb_coefdiff": 0.01,
        "lamb_coef": 0.01,
        "lamb": 0.01,
        "k": 3,
        "grid": 5
    },
    "symbolic_formula": "0.00361422387616614*exp(3.17144012451172*x_15) + 0.167050182580772*exp(10.0*x_2) + 0.219636519313136*exp(7.20127964019775*x_3) - 0.0915601253509521*tanh(9.99997997283936*x_11 - 8.19999980926514) + 0.940610945224762*tanh(1.84255921840668*x_14 + 0.332548528909683) + 0.00432283477857709*tanh(10.0*x_6 - 1.80000019073486) - 0.267692163765361 + 0.0281905326992273/(1.00591254234314 - 0.834247350692749*x_4) - 3.58181292263281e-7/(0.899212235682034 - x_1)**2 - 5.00175599084824e-7/(0.603698746888367 - x_7)**2 - 3.11587402746579e-5/(0.598243575504432 - x_12)**2 + 1.09639839609519e-5/(0.556692095538186 - x_8)**2 - 1.31327450280619e-6/(0.535447423175832 - x_13)**2 - 2.16466857764062e-6/(0.465911928553479 - x_16)**2 - 1.63278191224654e-7/(0.465143942553302 - x_5)**2 + 4.05099928606806e-7/(0.0999999576628618 - x_9)**2 - 0.000937993094596712/(0.0564674163943711 - x_10)**2"
}