Feature,Total_Effect (ST),First_Order (S1)
Square (x0),0.44422457324538756,0.013942417922930514
Linear (x1),0.9997116332393985,0.5531293180348362
