Feature,Mean_Abs_SHAP
Square (x0),0.06406131899813915
Linear (x1),0.16595183616735543
