{
    "dataset": "CO2RRE",
    "test_r2": 0.9260588398910587,
    "best_params": {
        "sym_range": 50,
        "steps": 20,
        "n_layers": 1,
        "lr": 0.01,
        "lamb_entropy": 0.1,
        "lamb_coefdiff": 0,
        "lamb_coef": 1.0,
        "lamb": 0.01,
        "k": 3,
        "grid": 5
    },
    "symbolic_formula": "0.00624608513272859*sqrt(1 - 0.960694011923096*x_1) + 0.478856186336819*(1 - 0.70843724805068*x_4)**3 + 0.0556898379918005*sqrt(1 - 0.624297977126912*x_7) - 0.00558963166355784*(-0.843293556960306*x_5 - 1)**2 - 0.00361801108484401*(-0.812601774425526*x_8 - 1)**2 + 0.38272899389267*tanh(0.594877541065216*x_2 - 0.852095425128937) + 0.408033907413483*tanh(0.537182211875916*x_6 - 0.878662109375) + 0.828435589559376 - 0.0884636119008064/(0.444506406784058 - 0.228556275367737*x_3)"
}