{
    "dataset": "AgNP",
    "test_r2": 0.8123288984058297,
    "best_params": {
        "sym_range": 10,
        "steps": 20,
        "n_layers": 1,
        "lr": 0.1,
        "lamb_entropy": 0.001,
        "lamb_coefdiff": 0,
        "lamb_coef": 0.01,
        "lamb": 0.01,
        "k": 3,
        "grid": 10
    },
    "symbolic_formula": "0.166819661855698*sin(9.91451358795166*x_4 + 7.61169481277466) - 3.04034018516541*cos(0.960611402988434*x_1 + 11.8828077316284) - 0.0132615780457854*cos(10.7936220169067*x_2 + 2.40145540237427) + 0.011893910355866*cos(9.3380184173584*x_5 + 9.22201824188232) + 0.0588365234434605*tanh(9.22752094268799*x_3 - 5.10842084884644) + 3.51816046237946"
}