{
    "dataset": "convex_seed_13",
    "test_r2": 0.9384662459249075,
    "best_params": {
        "steps": 50,
        "n_layers": 1,
        "lr": 0.5,
        "lamb_entropy": 2.0,
        "lamb_coef": 0.1,
        "lamb": 0.001,
        "k": 3,
        "grid": 3
    },
    "symbolic_formula": "3.42261491462735*(0.501063435959339 - x_1)**2 - 0.0284770429134369 + 0.161879423516694/(-x_2 - 0.691616709745039)**2"
}