{
    "dataset": "convex_seed_25",
    "test_r2": 0.9863765950923296,
    "best_params": {
        "steps": 50,
        "n_layers": 1,
        "lr": 0.5,
        "lamb_entropy": 2.0,
        "lamb_coef": 0.1,
        "lamb": 0.001,
        "k": 3,
        "grid": 3
    },
    "symbolic_formula": "-5.15611267089844*cos(1.27724993228912*x_1 - 0.638312995433807) - 0.136026635766029*tanh(1.08779788017273*x_2 + 0.0217689350247383) + 5.31929505243897"
}