Feature,Mean_Abs_SHAP
QAgNO3(%),0.05881684973740313
Qpva(%),0.009440844105403882
Qtsc(%),0.005122980029061239
Qseed(%),0.07945675530360252
Qtot(uL/min),0.00845677557627894
