Feature,Total_Effect (ST),First_Order (S1)
QAgNO3(%),0.7156641725918454,0.6772853813955417
Qpva(%),0.005984954936006552,9.643659736604074e-05
Qtsc(%),0.007871110660799124,0.004047442297956288
Qseed(%),0.30835053184929534,0.27275011016564943
Qtot(uL/min),0.005709680713557424,0.0031585373987248443
