{
    "dataset": "convex_seed_27",
    "test_r2": 0.9775979943864684,
    "best_params": {
        "steps": 50,
        "n_layers": 1,
        "lr": 0.5,
        "lamb_entropy": 2.0,
        "lamb_coef": 0.1,
        "lamb": 0.001,
        "k": 3,
        "grid": 3
    },
    "symbolic_formula": "4.37711229002608*(0.500947397563946 - x_1)**2 + 0.101048529148102 - 0.0300346630526659*exp(-0.800000190734863*x_2)"
}