{
    "dataset": "CO2RRRA",
    "test_r2": -2.14726557661918,
    "best_params": {
        "sym_range": 10,
        "steps": 50,
        "n_layers": 1,
        "lr": 0.5,
        "lamb_entropy": 0.1,
        "lamb_coefdiff": 0.01,
        "lamb_coef": 1.0,
        "lamb": 0.1,
        "k": 3,
        "grid": 10
    },
    "symbolic_formula": "0.10939695207551*(-0.845733886072171*x_5 - 1)**2 + 0.000334295080506308*(-x_8 - 1)**4 - 1.19177461317198*exp(3.19999980926514*x_3) - 1.19177461317198*exp(2.79999971389771*x_7) + 0.295908033847809*tanh(0.655675172805786*x_1 - 0.828801691532135) + 0.168433725833893*tanh(0.662872612476349*x_4 - 0.826483070850372) + 0.339066475629807*tanh(0.650718569755554*x_6 - 0.829200088977814) + 0.540593787125879 - 3.38166199811684/(-x_2 - 0.399997508709621)**2"
}