{
    "dataset": "CO2RRNPV",
    "test_r2": 0.9712024719286749,
    "best_params": {
        "sym_range": 10,
        "steps": 20,
        "n_layers": 1,
        "lr": 0.1,
        "lamb_entropy": 0.001,
        "lamb_coefdiff": 0,
        "lamb_coef": 0.01,
        "lamb": 0.01,
        "k": 3,
        "grid": 10
    },
    "symbolic_formula": "0.0210397038608789*log(8.20193672180176*x_4 - 0.0907044932246208) - 0.10250723361969*tanh(1.21979141235352*x_7 - 0.59705251455307) + 1.14989314367995 - 0.427108370736371*exp(-1.74294257164001*x_3) + 0.00723858926651345/(-x_2 - 0.358282211009359)**2 + 1.09549915790558/(-4.63310289382935*x_1 - 1.36410880088806) - 2.12440942178194e-6/(0.92914185362129 - x_5)**2 + 1.38828712799685e-6/(0.914458332335795 - x_6)**2 + 2.90362623720913e-6/(0.0849482595906382 - x_8)**2"
}