{
    "dataset": "convolution",
    "test_r2": 0.2926850352299961,
    "best_params": {
        "steps": 20,
        "lr": 0.05,
        "lamb_entropy": 10.0,
        "lamb_coef": 1.0,
        "lamb": 0.01,
        "k": 3,
        "hidden_layer": 0,
        "grid": 3
    },
    "symbolic_formula": "0.131309832446277 - 8.3191525983029e-6/(0.872763653194866 - x_2)**2 + 0.000658806689739452/(0.0344595650088345 - x_1)**2"
}