{
    "dataset": "convolution",
    "test_r2": 0.5216154948626,
    "best_params": {
        "steps": 20,
        "n_layers": 1,
        "lr": 0.5,
        "lamb_entropy": 0.1,
        "lamb_coef": 0.1,
        "lamb": 0.01,
        "k": 3,
        "grid": 10
    },
    "symbolic_formula": "0.716705143898036*(0.494761642600494 - x_1)**2 + 0.071631133556366 + 0.00201585407405805/(0.00831683072358726 - x_2)**2"
}