{
    "dataset": "convex_seed_19",
    "test_r2": 0.5188775636924166,
    "best_params": {
        "steps": 50,
        "n_layers": 1,
        "lr": 0.5,
        "lamb_entropy": 2.0,
        "lamb_coef": 0.1,
        "lamb": 0.001,
        "k": 3,
        "grid": 3
    },
    "symbolic_formula": "-4.56038951873779*cos(1.39226138591766*x_1 - 0.694844424724579) + 4.50666655600071 + 0.212214532023231*exp(-0.707347691059113*x_2)"
}