{
    "dataset": "CO2RRLCA",
    "test_r2": 0.9358686115328639,
    "best_params": {
        "sym_range": 50,
        "steps": 20,
        "n_layers": 1,
        "lr": 0.01,
        "lamb_entropy": 0.1,
        "lamb_coefdiff": 0,
        "lamb_coef": 1.0,
        "lamb": 0.01,
        "k": 3,
        "grid": 5
    },
    "symbolic_formula": "-0.00198256634998904*sqrt(1 - 0.994591414994198*x_1) - 0.00173299360264297*(-0.848404805788891*x_5 - 1)**2 + 0.000901256305445244*(-0.859782148840334*x_7 - 1)**2 - 0.00144995082327157*(-0.845497754568843*x_8 - 1)**2 - 0.416144162416458*cos(0.895706355571747*x_3 - 2.55938911437988) + 0.498269647359848*tanh(0.640115201473236*x_2 - 0.833892464637756) - 0.142074152827263*tanh(4.20627164840698*x_4 - 1.24849915504456) + 0.78739196062088*tanh(0.355682522058487*x_6 - 1.04682278633118) + 0.994187720119953"
}