{
    "dataset": "exponential",
    "test_r2": 0.9983058494033252,
    "best_params": {
        "steps": 20,
        "lr": 0.5,
        "lamb_entropy": 2.0,
        "lamb_coef": 1.0,
        "lamb": 0.1,
        "k": 3,
        "hidden_layer": 0,
        "grid": 5
    },
    "symbolic_formula": "2.99774026870728 - 3.01577016188126/(-0.0388904650549652*x_2 - 1)**2 + 0.10071808404275/(-x_1 - 0.265691816360452)**2"
}