{
    "dataset": "CO2RRCA",
    "test_r2": 0.9932317065543761,
    "best_params": {
        "sym_range": 10,
        "steps": 50,
        "n_layers": 1,
        "lr": 0.1,
        "lamb_entropy": 0.001,
        "lamb_coefdiff": 0.01,
        "lamb_coef": 0.01,
        "lamb": 0.01,
        "k": 3,
        "grid": 5
    },
    "symbolic_formula": "0.835837161727859*(0.476695928619398 - x_3)**4 + 0.459869435682776 + 2.95249438285828/(-7.80578660964966*x_5 - 3.14370036125183) + 0.888641897128199/(-0.602506827464269*x_4 - 1)**2 + 1.13095347554074e-6/(0.9176129166833 - x_6)**2 - 2.55007461497619e-8/(0.915243004106951 - x_7)**2 - 2.61088419425407e-8/(0.0881959773094556 - x_2)**2 - 6.64953041021039e-8/(0.0877283331826487 - x_1)**2 + 1.0855473305873e-6/(0.0863227452418558 - x_8)**2"
}