{
    "dataset": "CO2HEx15",
    "test_r2": 0.398829587222467,
    "best_params": {
        "sym_range": 50,
        "steps": 50,
        "n_layers": 1,
        "lr": 0.1,
        "lamb_entropy": 0.1,
        "lamb_coefdiff": 0.1,
        "lamb_coef": 0.1,
        "lamb": 0.01,
        "k": 3,
        "grid": 5
    },
    "symbolic_formula": "0.048947467803373*(0.059999942779541 - x_12)**4 - 0.0519015913078827*(0.432259201113941 - x_7)**3 - 1.32038401439856*sqrt(1 - 0.623363835236978*x_4) + 0.158157145051518*(1 - x_8)**4 - 0.0417373075833893*(-x_1 - 0.180000019073486)**4 + 0.00222504056068829*(-x_10 - 1)**4 + 0.0347995992342476*(x_14 + 0.519999980926514)**3 + 0.00114772923609507*(-x_5 - 1)**4 - 0.320152363674596*exp(3.40000009536743*x_13) - 0.143859482572252*exp(10.0*x_16) - 0.0646402199534848*exp(10.0*x_6) - 0.00369000644423068*sin(4.94808006286621*x_15 + 4.83792018890381) - 0.0156249804422259*sin(10.0*x_9 + 10.0) - 0.0682885944843292*tanh(4.85727977752686*x_3 - 3.27216005325317) + 1.4292609299041 + 1.20429031517306*exp(-10.0*x_11) + 8.53719432955615e-6/(0.235692133420168 - x_2)**2"
}