{
    "dataset": "CO2HEx15",
    "test_r2": -0.007498582348646199,
    "best_params": {
        "sym_range": 10,
        "steps": 50,
        "n_layers": 1,
        "lr": 0.1,
        "lamb_entropy": 10.0,
        "lamb_coefdiff": 0,
        "lamb_coef": 0.1,
        "lamb": 0.01,
        "k": 3,
        "grid": 5
    },
    "symbolic_formula": "-0.0134681312935862*(-x_1 - 0.800009613152624)**4 + 0.00592991455050651*(-x_5 - 0.759999990463257)**4 + 0.219822553684935 - 0.000333141768351197/(5.24875402450562 - 5.83259868621826*x_11) - 6.76178024150431e-5/(1.4159996509552 - 1.60119938850403*x_7) + 9.2461816267933e-7/(0.901627380938628 - x_15)**2 + 8.43320385730238e-6/(0.900023273331823 - x_12)**2 - 3.36977864396489e-6/(0.899548469302156 - x_2)**2 + 5.38088241206586e-5/(0.898048832781992 - x_8)**2 - 1.66246223434261e-6/(0.897146372700562 - x_3)**2 - 0.000346472108503804/(0.783742129802704 - 7.82823944091797*x_4) - 0.000321613508276641/(0.783649206161499 - 7.8241605758667*x_6) - 0.000256176905547867/(0.19983584309844 - x_14)**2 - 0.000112977591925301/(0.159999921917915 - 1.0*x_16) + 3.01539963498791e-5/(0.107413844253175 - x_13)**2 - 3.62594456393986e-6/(0.100579515535735 - x_10)**2 + 1.1136241326452e-6/(0.0999999576628618 - x_9)**2"
}