Feature,Mean_Abs_SHAP
x7,0.6426010208898123
x1,0.5672256808618448
x5,0.45351436112313726
x9,0.43560690002872243
x0,0.3042400285758821
x6,0.28940349411460636
x8,0.26118182364351056
x4,0.13553903293012537
x3,0.06208528721743265
x2,0.034224978180083986
