{
    "dataset": "CrossedBarrel",
    "test_r2": 0.370801204851271,
    "best_params": {
        "sym_range": 50,
        "steps": 20,
        "n_layers": 1,
        "lr": 0.01,
        "lamb_entropy": 0.01,
        "lamb_coefdiff": 0.01,
        "lamb_coef": 0.01,
        "lamb": 0.01,
        "k": 3,
        "grid": 10
    },
    "symbolic_formula": "0.0197995939839461*(-x_4 - 0.508163689555414)**3 + 0.0980168804526329*sin(1.76927971839905*x_1 - 6.1814398765564) - 0.0583320371806622*sin(3.7901599407196*x_3 + 1.80599963665009) + 0.0893564820289612*tanh(9.91991996765137*x_2 - 4.20800018310547) + 0.252855065249605"
}