{
    "dataset": "AgNP",
    "test_r2": 0.7545845819950162,
    "best_params": {
        "steps": 20,
        "n_layers": 1,
        "lr": 0.01,
        "lamb_entropy": 10.0,
        "lamb_coef": 0.1,
        "lamb": 0.001,
        "k": 3,
        "grid": 5
    },
    "symbolic_formula": "-0.00847394360982444*(1 - 0.339981659493928*x_2)**3 + 0.211834892630577*sin(5.02326536178589*x_1 + 1.47726190090179) - 0.183253526687622*sin(9.40914440155029*x_4 - 7.98067092895508) + 0.653564453125 - 0.000114766720798798/(0.80878221988678 - 7.85786724090576*x_3) + 2.9051382973136e-6/(0.438820207431135 - x_5)**2"
}