{
    "dataset": "convex_seed_3",
    "test_r2": 0.910153315469817,
    "best_params": {
        "steps": 50,
        "n_layers": 1,
        "lr": 0.5,
        "lamb_entropy": 2.0,
        "lamb_coef": 0.1,
        "lamb": 0.001,
        "k": 3,
        "grid": 3
    },
    "symbolic_formula": "2.95106590048948*(0.502896433744344 - x_1)**2 - 0.233532890677452*tanh(1.80595302581787*x_2 + 0.0279819518327713) + 0.25604709982872"
}