{
    "dataset": "log_sum_30d",
    "test_r2": -3.310656514479234,
    "best_params": {
        "steps": 20,
        "n_layers": 1,
        "lr": 0.1,
        "lamb_entropy": 10.0,
        "lamb_coef": 0.1,
        "lamb": 0.1,
        "k": 3,
        "grid": 3
    },
    "symbolic_formula": "0.215472229422186*(0.488592687761699 - x_30)**4 + 0.0668894453909527*(x_22 + 0.70004761051395)**2 + 5.70415618757139*exp(0.0839999169111252*x_6) + 0.00905416999012232*sin(10.0*x_27 - 2.40001487731934) + 4.84732481709216e-6*cos(10.0*x_10 + 8.0) + 0.00311333849094808*cos(10.0*x_20 - 9.98999977111816) - 0.00113709969446063*cos(10.0*x_28 - 0.199999764561653) - 0.000967242754995823*cos(9.99997997283936*x_29 + 2.8000020980835) - 0.0245754048228264*cos(10.0*x_3 - 3.39998316764832) + 0.273936870973557 + 3.33874042300292e-5/(0.930889249522383 - x_7)**2 + 8.58157491594078e-5/(0.926456925167556 - x_8)**2 + 6.13366918846354e-6/(0.921659623867015 - x_4)**2 - 2.36819697115316e-5/(0.0810464264568948 - x_12)**2 - 6.14794987869582e-6/(0.0798424989268762 - x_15)**2 - 2.9837847181685e-5/(0.0796830870679175 - x_9)**2 - 3.21216897865727e-5/(0.0796410518622172 - x_14)**2 + 1.37267085732322e-5/(0.0796169261111433 - x_19)**2 + 1.4079065544652e-5/(0.0794097792451907 - x_13)**2 - 5.39925764177246e-5/(0.0790187856927569 - x_17)**2 - 6.54007348933307e-5/(0.0788178043956035 - x_26)**2 - 9.24543838008982e-5/(0.0784514445496454 - x_16)**2 + 9.20421854105237e-6/(0.077846502077908 - x_11)**2 - 5.12423434283659e-6/(0.077598640320771 - x_23)**2 - 3.56614101181174e-5/(0.076895600402615 - x_1)**2 - 5.64044412382932e-5/(0.0765758233983403 - x_25)**2 - 0.000139289588261533/(0.0725937358420894 - x_21)**2 - 0.000204930787291661/(0.0687329386723067 - x_18)**2 - 0.000182753659747392/(0.0686213248928331 - x_24)**2 - 0.000255369882623221/(0.0666000261881043 - x_2)**2 - 1.74271258562135e-5/(0.0549195619820703 - x_5)**2"
}