{
    "dataset": "convex_seed_10",
    "test_r2": 0.9023005729421096,
    "best_params": {
        "steps": 50,
        "n_layers": 1,
        "lr": 0.5,
        "lamb_entropy": 2.0,
        "lamb_coef": 0.1,
        "lamb": 0.001,
        "k": 3,
        "grid": 3
    },
    "symbolic_formula": "3.82024007354239*(0.499149717572566 - x_1)**2 - 0.00175043940544128 + 0.197656805944826*exp(-1.41493201255798*x_2)"
}