{
    "dataset": "CO2RREE",
    "test_r2": 0.9481350839747382,
    "best_params": {
        "sym_range": 50,
        "steps": 50,
        "n_layers": 1,
        "lr": 0.1,
        "lamb_entropy": 0.001,
        "lamb_coefdiff": 0,
        "lamb_coef": 1.0,
        "lamb": 0.1,
        "k": 3,
        "grid": 10
    },
    "symbolic_formula": "-0.226212570234802*(-0.838554890116604*x_3 - 1)**2 + 3.3774439074758e-5*(-0.843445292379413*x_5 - 1)**2 - 0.000117277257670636*(-0.847707669446397*x_7 - 1)**2 + 0.000898257156907611*(-0.841307578549135*x_8 - 1)**2 + 0.00342085654847324*tanh(0.445338070392609*x_1 - 0.90616101026535) + 0.646195888519287*tanh(0.776770234107971*x_2 - 0.773961246013641) - 0.0258232783526182*tanh(0.514332592487335*x_4 - 0.878200590610504) + 0.0545683242380619*tanh(0.391366511583328*x_6 - 0.92810595035553) + 1.11296369507909"
}