{
    "dataset": "CO2RREE",
    "test_r2": 0.9839177738147848,
    "best_params": {
        "sym_range": 10,
        "steps": 20,
        "n_layers": 1,
        "lr": 0.1,
        "lamb_entropy": 0.001,
        "lamb_coefdiff": 0,
        "lamb_coef": 0.1,
        "lamb": 0.01,
        "k": 3,
        "grid": 5
    },
    "symbolic_formula": "-1.31524619573533*sqrt(1 - 0.550311221743866*x_2) - 0.738057851791382*tanh(1.30300915241241*x_3 + 0.144168049097061) + 1.97669636830688 - 4.36791037866261e-6/(0.93172897195467 - x_6)**2 + 4.95062296132956e-6/(0.930635829670609 - x_4)**2 + 6.73942424374228e-7/(0.0842690193123323 - x_1)**2 + 9.83982665239632e-6/(0.0738799197740601 - x_7)**2 + 6.39140398561722e-6/(0.0542004071176052 - 0.0542110949754715*x_5) - 1.07232144471795e-5/(0.0418949321285411 - x_8)**2"
}