Feature,Total_Effect (ST),First_Order (S1)
CsPbI,0.7520018840127985,0.18268812880274435
MAPbI,0.6070010536496754,0.24230468991966003
FAPbI,0.4345701267848536,0.04769544359423885
