Feature,Total_Effect (ST),First_Order (S1)
x1,0.7894644897787949,0.788420527976254
x0,0.21181834117421242,0.210503842432576
