Feature,Mean_Abs_SHAP
x1,0.5416285488977747
x0,0.2939891816770442
