Current density (A/cm2),Voltage (V),Faradaic efficiency,CO conversion,Crossover rate,Capture energy (MJ/kgCO2),Electricity price (USD/kWh),Membrane cost (USD/m2)
0.22028058452876134,-0.005232152774899528,0.07451617102583313,-0.016486514705539964,-4.726593730269846e-05,0.00233902636294599,0.0205795397988651,-0.003175630795146176
0.12384041159441712,0.008615033297233454,0.002935916867858113,-0.01564016042531513,0.0,-0.0016068947974602066,0.03388236756190061,-0.0038674995166426635
-0.030213994681275533,0.013104643775308594,-0.056438868695655696,-0.0008979182993869136,0.0009925926035791537,-7.246961909054134e-05,0.035659459635301836,0.0021960277171657367
-0.10618785361991584,-0.004946208742719289,-0.04992138533836554,0.005007433572014366,0.0,-0.001030897076347242,-0.020310584927823505,0.0009670435105871289
-0.013352996554143926,0.0023599811814175157,-0.050208024619114194,-0.014631949779392025,-0.00017385115772289295,-0.0005945485091187403,-0.009457643880514604,0.0012042251368370072
-0.12063201639345607,0.002719524275601514,-0.0019733433996629063,0.012043190887234498,0.0004154487994256356,0.0015919616962621831,0.023515547676623057,0.0004165065425298298
-0.14216746026022234,-0.00965074239283812,0.04278480336984428,0.0007016447637366959,0.00043389590116628407,-0.0017217107347845143,0.02183375629213654,0.0007433798785688353
-0.0895670578953512,0.006896463037118931,-0.05191284567056407,0.016646459441806347,-0.0002458255624621791,-0.0018151408112793085,0.0069885235580459905,0.0012530040887016281
0.01236112907762038,-0.0041651574933281995,-0.09265956116160158,-0.013077998613412694,0.00022699596122935373,-0.0013754937788401191,-0.015552537681445624,0.001055171950768053
0.15420866671075764,0.00037390865240497645,-0.12119396091353958,-0.005445015612091643,0.0,0.0023115801591788196,0.021568849512998534,0.0
-0.0818225635758612,-0.00021398807945260945,-0.012990624047703962,-0.0034547506952190858,0.0005351328881560576,-0.0012766315661201743,-0.0033999052965591994,0.0019322929339922633
-0.003212625981489147,0.010332644060871848,-0.050383552279211,0.008416027368519093,0.0008570090472066541,0.0018344435461788125,-0.015973895399263353,0.0022383523203575095
0.032863685465574506,0.008614096656353994,0.11988850860626792,-0.00961546231363593,-0.0001743938458675931,-0.001320159844881528,0.047054465091452294,-0.0004161097174063374
-0.1490403946202234,-0.008078993187740448,0.10348625241815668,0.011154772232933126,6.286173706400444e-05,-0.0015725518257470547,-0.02448133297705685,0.0009648614323830444
-0.06361395491567137,-0.005989573990317641,-0.08941503316904674,0.004890940085180652,0.0003113655392149306,-0.0015907540593852435,0.04108711748374492,0.00041220636831191653
0.043186451947164854,0.01096982145151424,0.05162223214192041,0.004722005330008596,0.0,0.0010076472842633633,0.013965539615229927,0.0026536322551678855
0.16264789389904866,-0.012313594203240652,-0.08744413408763273,0.00641855422296858,0.0,-0.0021370605566283646,0.013770148710298644,-0.0038914210400882005
-0.1285907094399965,0.002278511626066845,-0.005321710073932078,-0.00817772329629698,0.00042314271094593954,8.905780036928823e-05,0.026798403081497786,0.0013097097484070991
0.10664626972831191,0.01213014932353082,0.023099289299722908,-0.0014569929748120712,-5.4090727697991836e-05,-0.0003199038896375901,0.0272357250746248,-0.0019782348497094397
0.21319845698158138,-0.011934421275164843,0.004243447597977842,0.0068095262766279755,0.0,0.0010875371437441272,0.005203317102359255,-0.0013200362941331034
-0.13233964642841273,0.006758511424724942,0.11441562577001123,-0.008206175134932166,-0.0003907740295229223,-0.0008037033280716241,-0.04666229054240864,-0.0012401955524215932
-0.004742062190914664,-0.0006889583565330842,-0.06855614070104318,0.0014446113150204149,-0.0008165886370039733,0.001183501832364644,0.035159040031742674,0.0020770632794191637
-0.10847315160595776,0.004809824427564071,-0.01414941199677714,0.010596552684580535,-0.00046194502883781436,-0.0005675433073903635,-0.009218352115171757,-0.00028502772212905814
0.1902892867249883,-0.0010479508306902629,-0.12676335639274822,0.007119877230712266,0.0,-0.001935583029434543,-0.045712158616997574,-0.0005739876943002993
0.05562645008511096,-0.00035994284640747734,-0.12920943542174895,0.013479383231714636,-0.0004612158320801307,0.002424133797628867,0.041778786677708894,-0.002140318846499649
-0.05731342347356579,0.006482224946619595,-0.026844811144812752,0.006756314882585099,-7.791447452494457e-05,-0.0002387896921307598,-0.0064391793128388206,7.832928857813559e-05
-0.019300833188854567,0.01087648614512218,-0.09087509888539602,0.002722804526691991,0.00017033041212992373,0.0006072575694312199,0.01741607412384709,0.0014534352503928173
0.15435776086992006,-0.009341456691402026,0.14313101551447704,-0.00747109028826781,0.0,0.0014587179660504558,0.035305653207258564,-0.0013653389362753843
-0.04682084958478031,-0.005777331279541908,0.028949052090679748,-0.0025091988769536493,0.00027847781095721724,-0.001964115044742167,-0.04513667386643379,-0.0018554249425738396
-0.15028020778783666,-0.007193732654580785,0.11232011304586276,-0.00420641904292386,-0.00014228304774762182,0.001665225366153524,0.028929439301239403,-0.00027601181951021327
-0.06555698036522364,0.007688547439434357,0.10764631281398947,0.004126229186332222,0.0010884701046990145,0.0014518460420756827,-0.010312194592051828,0.0012798149331838405
0.08120586572565774,0.011304443173831787,-0.10663338146912062,0.00677574246746236,-4.046452705978171e-05,0.0008258251882823351,-0.032223061996273325,-0.003145532329281457
0.1726189717191635,0.006056939210620982,-0.041075396076537984,0.006298303054678143,0.0,0.0002645106407518638,0.00107772907052966,0.0010596143693751992
0.022334783742424247,0.005484269827490051,-0.011775602227186599,-0.0029844998558729795,-0.000459549922411262,0.0007878838261106055,0.05047451555586012,0.002965126952261831
-0.06594730555444664,-0.0063110030747717365,0.07751681499266713,-0.015273401146727953,-0.00038118991287927736,0.0007985399259328244,-0.040006270101689355,-0.0017590441527852642
-0.08266527391241729,-0.0003506725839439705,-0.061400849667165,-0.010268544014749451,9.869701649442564e-05,0.0020709854955665457,0.022845674587249194,-0.0011156991069248964
0.05438237361845354,0.002314707849366284,0.14063196478781514,0.0013809672833103698,0.00019153153123241395,-0.0008032309493169887,0.01582858122667988,-0.003021021902255229
-0.056379173225206754,0.012421784410144458,0.0375852017809051,-0.01685260831234791,0.0004273589450268095,0.0022103101913592263,-0.017412570221433034,-0.002040018455846001
0.025219799489590678,-0.0040998817427231994,-0.06401744643939103,0.010881974515231914,0.0001534967793290305,0.000371258980889333,0.032178896082442614,0.0003204519038990397
-0.12827377444273189,-0.007890372058336053,-0.008660252202705766,-0.0055701306624144145,-0.00049787546270284,-0.001117951080044147,0.027507825034328897,-9.015129148561007e-05
0.16933296654701155,-0.003169221517658522,0.07273061056296497,0.015618959203277228,0.0,0.0002615313794593621,-0.03816808217962274,-0.00041807539649150343
-0.102102533187975,-0.006300506171820757,-0.04791942272609897,-0.009018100429865256,0.0,-6.572109693689376e-05,-0.023597553884489086,-7.503727582320167e-05
0.07156766477394243,0.012063017976462094,-0.10887929757269114,-0.00013759636350548637,0.0,0.0014310049876109215,0.008504740470209948,-0.0025657482662458635
-0.07667486427767262,-0.010542272312059986,0.04227840173532887,-0.00017893458325268785,0.0007886182734381708,0.0,-0.035233363893919074,-0.0005015843244197236
-0.05992900163538602,0.00433230456389172,-0.046942651365503296,-0.008240930741634038,-0.0005774972955603502,0.0,0.0074614379132409685,-0.0009122605562691615
-0.08601261672628292,-0.004599026624517333,0.05175866336676001,0.016360715782103814,0.0007949758966897345,-0.001496934055626192,0.018089766390323787,-0.0013553788287777198
-0.036641480215096014,0.0005056988231526244,0.10311155075850567,0.003455752140298367,0.0004681620559466249,7.954423148219536e-05,0.05167419505597734,0.0004182316973687156
0.0923759391928193,0.0005061760697263871,-0.13237442735776228,0.012287980718297207,0.0,-0.0003467779322608097,-0.019885181407910187,0.002859082846647812
0.08000717423162516,0.010980572024682441,-0.0048502626421975245,-0.017211314891384697,0.0,0.0019872105670890273,-0.03825776992400412,-0.0006382300621296383
0.13346435543311044,0.002347373686839957,0.03328615048683065,0.015304173067356252,4.919032623654229e-05,0.0025125243734281594,-0.008089439891033235,-0.0018733448213012693
0.11803869901840354,-0.00904012306600962,-0.02907199931359299,-0.0029996099857357954,0.0,0.002306122708942135,0.013903437413413785,-0.0022042746546204546
0.053822820742221146,0.00840883105766394,-0.02262646985399785,-0.008947577415760978,5.46181065209754e-05,-0.0022626694228570048,-0.03482747760488979,0.0011659621247201814
0.049686930163335065,0.006637139595771642,0.1447770114007193,0.0004086381175088527,0.0,-0.0022923331400728133,-0.002357504733283372,0.002754109400806758
0.21381313091928564,-0.013548693622949816,0.038613314823794695,0.00023279433039643334,3.660171851399251e-05,3.028810201316512e-05,0.031189524932227188,-0.003850729209019899
-0.06255150475737997,0.005929564718338349,-0.09714388492500216,0.012861055760540668,0.0,-0.0006449949675013311,-0.037995062308491805,0.0007559130493445532
-0.057936079374099905,-0.007473526962373198,-0.002219641053625566,-0.006029487263062378,-2.929498911024425e-05,0.0,0.03678656356322048,-0.0021652493915070336
-0.08381754415057216,0.005791453639842756,0.12392231528378156,0.003900102518117869,0.0010171821369174114,0.0007350516244416135,-0.04057508636873546,0.0017698554854029005
-0.10175772802513806,0.005629926841700564,-0.09241768673474345,0.0026786908422703672,-7.611592074346918e-05,-0.0018671931474173844,0.02135389433409723,0.0019755641494486106
-0.08976395478923846,0.0019648030251025322,-0.05552341667758644,-0.0007738669612157301,0.0,-0.0010943289189188608,-0.03652832763310961,0.0022415206942600135
-0.004818368594603556,-0.0007921282305317934,-0.07557588641895543,0.0036143392291770322,-0.0003489103449932721,-0.0007457979507582077,-0.007627654692238416,0.0008546080612830548
0.01641173405670167,0.010261181000748687,0.01775384958018819,0.0025080809451598677,7.781353336101457e-05,-0.0017259530286586116,-0.023587201217577708,-0.0005186452401602574
0.08780697312312749,0.0039499967778553555,-0.03252697227704238,0.002622185286059359,0.0,0.0025368805005661446,0.012452533564728282,0.002107001314748988
-0.039014117730835844,0.008171243459543587,-0.006975682025620088,-0.015499363522468864,0.0006671802981560406,-0.0007848276325132231,0.003941518123816854,9.75944750721755e-05
0.21767257315633037,-0.004109756222084618,0.04865309457238087,0.001275307830322707,0.0,0.0010901047311670823,0.011995327992449217,-0.0016319844243393722
-0.07170324356102935,-0.006612991089967478,-0.08940157745645613,0.008735379401584599,7.432181808822436e-05,-0.0011428020666632266,-0.0027934701265005606,0.002569522927485726
-0.024393775141696022,0.010917883488767688,-0.044223609029901495,-0.018096374776648605,0.0007829764196324029,0.001436583972741855,-0.032849180122099426,-0.0013332330901003372
-0.04025746157052982,-0.0052330040123350005,-0.08463237599118068,-0.01562780437097505,-8.51049250466529e-05,-0.0009505685477064271,-0.03108010746071456,-0.0012444221940604717
-0.05884392961951581,0.013719390205921424,0.07021511718131354,0.015205820650082765,0.0006392278569640833,0.0012113907800620602,-0.03992548326958488,-0.001172295318793464
0.12129937630552577,-0.0008300871978596991,0.03815312774088202,0.002546507787973715,7.033588849764127e-05,0.0019245453143804814,0.021441551590289234,-0.0022850460481465364
0.18762581552802363,0.0014494951599835632,0.09619137419826622,0.01196845799162734,0.0,0.0024959048567911573,0.040052554451855925,-0.0012774076412201962
-0.06872570527967724,0.0033273742180387708,0.024357709208560955,-0.018359135109518348,0.0003093414670725589,-0.0011779503853806676,0.014483517861056058,0.001805039428478178
-0.020812366762431894,-0.007289091412133512,0.022174578592721622,-0.020546874564786505,-0.00022262056799422433,-0.0005509963095429619,-0.0026295248895364175,-0.00026788390993516477
-0.09194290550999926,0.010585972737626336,-0.03623170391663524,0.008503037812922751,0.00015249025611219214,-0.001773962555876675,-0.007008050303508158,-0.002025153184415079
0.08916563068270913,0.0009568030843668675,0.1246481719555557,-0.012998184006223023,0.0,0.0006889482857757867,-0.017770428651654943,-0.002303921867533284
-0.07072451791799837,0.009947733613915703,0.004770469668408258,0.009440408868692948,-7.840757215227256e-05,0.002006499276100273,-0.03259912417491908,-0.001091245986538395
0.05800373512421401,0.0033493457915826537,0.017367018127979413,0.018155912849033277,-0.00010879707824830442,-0.0006165193160543514,0.0038273302302997423,0.0036804029431083793
-0.07493527969629472,0.006074037376328909,0.0633977734657517,-0.006245592072048005,0.0010073898213165565,-0.0011631109832535569,0.04640692468384654,0.002263756761671065
-0.05352302764203554,-0.0005588087149433624,-0.06248831841634121,0.005144525523993221,0.0005599235300493427,0.001995375558811066,0.03879924481699911,-0.0010406882007448883
-0.11785728993221238,-0.0019527650074066913,-0.03659718370001154,-0.01260672053974637,0.0,-0.0008327455393039685,0.02052492467528034,-0.0007222487170678582
-0.05915800872886598,0.0008292241533142848,-0.09650721663483865,-0.009977577832403911,0.0001561102870989428,-0.0006195643860709399,-0.009579811190114381,0.00170919552613574
0.003608989098784813,-0.002656234087905746,-0.1091675200986168,0.009001557847261947,-0.0001381298282904786,-0.0007272186339610916,-0.034448485193665335,-0.0015219852224526065
0.07367191342606647,-0.000635734280223478,0.1340640700833853,0.00030015063452534037,-4.928254933403431e-05,-0.0009973811019431482,-0.014146585744594898,-0.004063277309649053
-0.04362299523309692,0.006238459836351914,-0.0944163838301027,0.017360075914778686,0.00017096693129591,0.0019321434321239266,-0.00999842025144282,0.001275826951027396
0.17719096245024937,-0.0104653797131408,0.0729521529783146,0.005123600099301666,0.0,0.0009003835180409142,-0.02762623482294213,0.0003750888606910696
0.17357592727432317,0.007078147842971705,0.0736409364136087,0.006854515097742965,0.0,0.0002090603740926289,0.006373514231897174,0.002702920930806532
-0.0682418003957932,-0.005920478262029509,-0.08315129747073015,-0.01570615149233065,-2.2652014806223697e-05,-0.0006762864113917625,0.01519896704988817,0.002164308440527104
-0.039968179284733424,-0.0014419642542938035,0.06367367663679697,0.019418922274943518,-0.0011483027417652514,-0.0008273369800887859,0.01994493202018684,-0.0018498170634875576
0.08119468467504291,0.00500660775714254,-0.044079203538605824,-0.00858898081875874,0.0,0.0007190756237349899,-0.03972895685967817,-7.995010981635443e-05
0.16154761634661033,0.007755111233584132,0.12674843085913629,0.017469274477916893,0.0,-0.0022446609311913557,-0.04061157491908873,0.001846897387030244
-0.10640407887755592,-0.004562304753391408,-0.05691731219868907,-0.006996206908118574,0.0,-0.0002272192466669376,-0.014261263522637834,0.0016066286046104471
0.17194134889140406,0.011489243140899658,-0.02370207971131393,-0.010180868568975623,0.0,-0.002415957814521863,-0.03558341620292403,0.004071046383210772
-0.03698361290093768,0.006126180027665443,-0.10598032977299825,-0.017620185039972217,-0.00023634866127861254,-0.0010514223317700541,0.013749924514103224,-0.0019143509712116452
0.08460094097279719,-0.013170354724632249,0.15113312413972071,-0.007235801995277762,0.0,0.000643056245999335,-0.02912961847593511,0.0008739744564052028
-0.10477869530297906,-0.0004929291843139838,-0.07715709425370386,-0.006350570674451084,0.0,-0.0008009549691081686,0.00492210054149145,-0.0016358688304347843
-0.04422255478210324,-0.008035427448127026,-0.06886534049594539,-0.013337618512881256,-0.00010900355899534642,-0.0015082049347282234,-0.02760264273095322,-0.0013935193435522123
0.12978698023909566,0.008827419069534843,0.01483828324551624,0.006719685822287635,0.0,0.0006883474779943167,-0.013775263370182077,-0.0005140238646964834
-0.06960824610152881,0.007262457318741868,-0.09144849331602868,-0.011479730501133888,0.0,0.000828447012716893,-0.02457562057459497,-0.0015821501716887364
-0.008921403295797672,-0.00173699224487796,-0.11152655707905614,0.003638794756542255,-0.0004314621875133595,0.0018868562956546899,0.039186607900502664,0.0012454370272064659
-0.13194597748817033,-0.0037819932770562425,0.03497601863447177,0.007269533421613367,-0.00026464720711051604,0.0017654730478143927,-0.03399660874278975,0.0014877243147984442
0.23237596185816228,-0.0027621576214018006,0.06751274203622941,0.0015808901666605395,0.0,-0.00221864787765345,-0.04640589057563709,-0.001160167962104941
0.14712993151334502,-0.010840402619663141,-0.026529469231206637,-0.003726839244555389,0.0,0.0019004890217067943,-0.003661032438399314,-0.0034357619138703664
0.1986488859326578,-0.013450504344892736,0.10376414307654945,-0.0007818345514812863,0.0,0.0023143067070712045,-0.03129927537703024,0.0027943678230468003
0.16334339867907618,0.004929461294228718,0.08711891918055481,0.0032801057727190317,0.0,-0.002517423659659934,-0.023834755918308723,-0.0007944907179132099
0.03939513766781429,0.0030595499839598454,0.11139917246225448,0.002129591054916408,0.00011538350901077465,-0.0011610144154362368,0.02234373577809559,-0.00046102590868913603
0.09343465857293266,-0.007876312770216195,0.15307386676096624,0.00841207291985999,5.534039145299596e-05,0.0024297916229392104,0.034670457742233325,0.0006783128382167911
-0.02495639224390852,-0.003266585271149753,-0.09667621166244104,-0.013235160638740256,-1.4152574320386302e-05,-0.0014994150719207983,-0.021979037197713935,0.0009356280287129249
-0.050820286955717546,-0.0050828798390537226,-0.08034847570671402,0.0015502075442631353,0.00014431172114148794,0.0011684389375093774,-0.03181667121539648,0.002111069561427335
0.10243908039491877,-0.006827233740048355,-0.07880994042435893,0.01852932070159797,4.4628864786762715e-05,-0.0011171132147781222,-0.043986062471402416,0.0002845725910394801
-0.09724053866735158,0.002433536798184089,-0.014373428504941787,-0.0036708151260119106,0.0006509829110374484,-0.0003927185864608246,0.0009748444491053134,0.0018582820878484565
0.06971227763110449,0.012966562340716874,-0.034170151576838205,0.014471243307907344,2.7772220189035968e-05,0.0024355686780010628,-0.030211043184657768,0.002961432641582333
-0.09945109613755626,0.006820975544670194,0.12861652602522242,0.014306625237277446,-0.0010548694445781798,0.0021792285252540023,-0.019517948951619145,-0.0013589651035200254
-0.13170130809112668,-0.0132201106146309,0.08951336502801988,0.005208362221497371,0.00010324808533678995,-0.001481006796069801,0.03169066809930759,-0.00152224996401151
-0.0911467969915817,-0.002133720387726308,0.07277080692363251,-0.01862175533747245,0.0007904791090067792,0.001089725822212866,0.04202534864996268,0.0005184734712466868
0.22053572100870064,-0.007974796558207735,0.14323310102955705,-0.0036168868401604986,0.0,0.0016004438492462358,-0.02633397789167918,0.0038314473596508134
0.010000172989136002,0.008243362145269785,-0.0892388087234001,0.004574153332875846,0.0007070742258348512,0.0006975249464997872,-0.0031996564731181657,-0.000831685660378792
-0.10270539167886661,0.0032030403304995777,-0.03457263175160662,0.017041447967404994,5.173429585410283e-05,-0.002022572419061138,0.006611015099204672,0.0006678838749625203
-0.0403528060644944,-0.010067258956776784,-0.032433167102945665,0.004240201601336998,0.0004104811287708454,-0.0010549725551452901,-0.009704915748660153,0.0020268269314498394
0.0713438194606464,-0.006430776767614008,-0.015061290091812202,0.01784338923754004,3.449866209356833e-05,0.0014310990001633731,-0.011271696399223537,0.0006305081124207927
0.15369102390952805,0.0031264674987731525,-0.09810476036005247,0.00862385259302807,0.0,-0.00010056263569170609,-0.000914642874597534,-0.002431334002752982
-0.05772150497072137,0.0076131371458893725,-0.08287654260613615,0.017379225131173664,9.030245347402266e-05,0.0004890990232741786,-0.02479117853101604,-0.0006465425078413185
-0.008945543804989057,0.005200984456696816,-0.10313827854660859,0.012622594401390998,0.00018574795544809564,0.000270242241973901,-0.004158252631750909,-0.0004734910140051867
-0.06647921398437118,0.006471304961463503,-0.05707169231825212,-0.015191971325163717,8.912684874290422e-05,-0.00227040473125116,-0.02992636495645913,0.0004040323671537634
-0.07117790113070464,-0.0025686488278841295,0.003175289412992826,-0.01182640812850333,-0.00028773148538586795,0.002202460887806566,0.0003991353629458766,-0.001688375853691541
-0.1031310608428327,0.013677044281529441,0.1284287979705531,0.01938645881010143,0.0006090250209468514,0.00129859470989805,0.00022592105667029738,-0.0012838481553915694
0.22187376560685718,-0.013779776451960194,-0.04648003394033143,0.016517623634673028,0.0,0.0012149203848978718,0.003458075863333685,0.0015117513591698971
-0.05612850054702709,-0.0031282189820162993,-0.06490301150406819,-0.009179838019662677,-2.7433078057470528e-05,0.0001401015735018293,-0.02791205191553055,-0.0005925648607401462
-0.06425904713843374,-5.109041068467046e-05,0.13148863301524308,0.007299631053237817,-0.00038451194702582357,0.0016274281941801084,0.02096095473014697,0.0003339304380647205
-0.04651760627696673,-0.00732432933327215,0.11299634322295463,-0.007538953943169363,-0.0010148977489173039,0.0002643752239356728,0.044095514896137174,-0.0002950456559889253
-0.11150201842588851,-0.010352232988047614,-0.010790485217355317,-0.007562320227770477,7.339616887580558e-05,-0.00048484400420385217,-0.017735976224204492,0.0014490844092093164
-0.03577991692619537,0.002531517705757483,-0.04808236989149413,-0.016755997469706966,0.000740735809082925,0.0014912709445603152,0.043688444626395116,-0.0008181500421545293
0.04673440102911773,-0.010526250784685403,0.03162925246464259,0.016617928612216868,0.0,0.0007007593385520844,-0.019395743410649376,0.0018134521246741019
0.07974869620888601,-0.009902453112847119,0.10394137157243057,0.004623708713087033,-0.0001044341152199868,0.001690819181736108,0.017424568139798806,-0.001205604064598903
0.04992334453898243,-0.006714190382787124,0.05068747783893115,0.00666819211618245,0.0,-0.0012470711534058093,-0.04568482184176836,-0.00017968014022021195
-0.11224915019646126,-0.00256228265401508,-0.04956311837617348,-0.0074699542413537694,-0.00014668557557782913,-0.001972113427227153,0.031198799901705463,0.0002335056190340412
0.0744630693429159,-0.008300651904606693,0.026209674885275317,0.009234605875712672,0.0,0.0009360593177872856,-0.013264730773356161,0.0029482880894814863
0.16036670848318763,0.008752211016045024,0.06744660730928896,-0.008133946088449483,-6.472704651191985e-05,-0.002023664232629295,0.02355765337762136,-0.0003761462974185827
-0.046153347352905355,-0.005718193108210451,-0.08066445884237221,-0.015514682824404909,-2.2140811109433445e-05,0.0010479739037939733,-0.03654059574896477,-0.001174893723357727
-0.019666222346676376,-0.011431183192520204,0.12509539889341517,0.006019773382816507,-0.000273943992322806,-0.0012511011907290531,-0.0256252297857939,-0.0003699420245480775
-0.040885244415689984,-0.0010847738613644028,0.021355862128194576,-0.008008473727484292,-0.00031182959105266055,-0.0021301385327786534,-0.017415399641545638,-4.133660225160568e-05
0.14849560946636076,0.0014749670837005228,0.09777343256773105,0.004428921054873407,0.0,0.00043970217662261946,-0.045164401103060095,-0.0029492444860927352
-0.05434687856828699,-0.0023905316842086763,0.031353066645054196,0.014018511495090168,0.00042432975569272474,-0.0012173992766199293,-0.04907706175280881,0.0009085178563630632
-0.043718600501153414,-0.002459204293809668,-0.10439788713393743,0.00782797402052836,-0.00014096047419936975,0.00019883498754665486,0.013236197000819017,0.0017834851488157145
0.1884925146066137,-0.006932788880369337,0.0787515124756401,-0.018053590177904397,0.0,-0.0011431937993774122,-0.04215103392038842,0.0018871053365342786
-0.10575416354321354,-0.002602576212064297,-0.0016983802538253691,0.009330646099532873,0.00018275231572758083,8.346577057269378e-05,0.016787304884959248,0.0015431328075151225
0.03203455138788582,0.014054328738234098,0.03686773032669112,0.00718151629250631,-0.0002678443799808278,-0.0012429829878699086,0.017817896527523688,-0.0006685803805073254
-0.0598564268540701,-0.009208238283002008,-0.09904486824578486,0.0009659600844992907,0.0004310520938413942,-0.0013996009764348318,0.040418050947795395,0.0010084741171765602
0.05342946323963819,-0.011750488393076085,0.13785313775695449,0.004576370585918105,0.00013921420397297601,0.0020228161384836046,0.04464507614828604,-0.0027699299295120155
0.1279908413364604,-0.009231237008017474,-0.07489224277841676,0.0052637655457919656,6.408776543284644e-05,0.0006193584344603541,0.04795935911043305,0.0018709950765785604
-0.023358123348383258,-0.010835084580802767,-0.05380950147819595,-0.0027449325105116155,0.00024682521594850126,-0.0018244038065640287,0.006978065550947907,0.0007967708445906265
-0.1246114024378538,0.007714437220495836,0.060649696068064335,-0.004772016608917873,-0.00018772710457376496,0.002378870060955242,0.004521324038991717,0.002029098573423471
-0.027149416207406456,0.001126719338161798,-0.01452202907840589,0.004570150432868043,-0.0004619174307810458,-0.0013669480600293203,0.002262024005385137,-0.000404058646093608
0.19360026802304217,-0.00576629720578958,0.14200546808373096,-0.007844209863025746,5.0253841625047535e-05,-0.0010650634518357448,-0.009553092165142666,-0.0022703962754441124
-0.13654947729960443,0.002301088386376842,0.06553860772409754,0.004839150004896095,6.292453955467764e-05,0.001515592341012088,0.04738107597244975,-0.0008349028125039236
0.025606791698695473,-0.010804622722723572,-0.10556785952962722,0.012879696595939275,-0.000171867058360739,0.00042987379625682165,-0.012900919073539881,0.002150985942957319
0.03865645943636272,0.0018855211545216204,-0.10098746124704877,-0.014153101784547348,0.0003896934157803372,0.0011645625500576555,-0.014651583025366222,0.002503569442073447
0.11970068128887917,0.008399539265704569,0.07449431050664487,-0.005718887978847844,2.292769099543346e-05,-0.0008749109802259732,0.049185357907535594,0.003208666235531138
-0.08608848580434698,0.0032825074104775778,-0.09212283301425511,-0.004011939910805481,8.657899817560155e-05,0.0006568734504292055,-0.021544006293361694,-0.002425883037937233
0.2032945394239905,-0.0034903925468987656,-0.1402475233281641,0.011313922099922593,3.775386456771057e-05,0.0020658580325009796,0.04122981938807393,-0.0006152438484320692
-0.1368511968290165,0.002722855486108158,0.026279498078628536,-0.011675855901446397,-0.00042801356346006125,-0.0013707866636526833,0.027736885730355165,-0.001449467676825959
0.012069580388918165,0.001299673159638481,-0.09724008922256515,-0.012868770910326024,-0.0004114390452925667,0.00047601818383659344,-0.01823384668287561,-0.002096458701776916
0.05770720711667147,0.0054973935937698126,0.03486427401627256,-0.007367949020078073,0.0,-0.002175634681648636,0.04413772845830182,0.003995782007760587
0.06079022148382436,-0.01240908692214224,-0.10319480094524582,0.014337851848351464,-0.00042439397938869234,-8.030858360832428e-05,0.02835817807016555,-0.0021353107000135147
-0.06633187023644004,-0.0025451452514514985,-0.08795373785698356,0.01008971978015482,-3.905121425926139e-05,-0.0005471369889372444,-0.03348451759974085,-0.00044405856231697526
-0.03174189218233689,0.011837167376819472,0.028014132661309213,-0.009023625360925849,-0.0009707341578248116,-0.0005668642287556052,0.017404186144518014,-8.906460643642346e-05
0.055969743256021186,-0.013996533873213101,0.12087998977362321,0.0025344666908232293,0.0,0.0,0.03215007156348527,-0.00033847111804716223
-0.06955708413783981,0.0007864933705313322,0.03799501458487821,-0.001060586765309957,-9.021839185435754e-05,0.0013348239363719973,-0.02533879372027431,-0.0018873052502044456
0.07381880498166073,-0.00714064694555999,0.07011705535428092,-0.012007040645715592,-3.401697432575679e-05,-0.0011214212577864925,0.012484546927140915,-0.0037510889546642045
-0.05837163937323161,0.008445979990229394,-0.0443748707582117,-0.018547743386160245,0.0007288083806811507,0.0008935454821049169,0.03417829405787858,0.0009426666740655214
0.17088561383426548,0.00769811015039263,0.029367480628679388,0.008353452524612937,0.0,0.00038195107143831897,0.001969797855582783,0.0029103114553030805
0.010556301452567871,0.011131557591720917,-0.09869017542358327,-0.010196916475755149,-0.0007145841275209355,0.0013974686537790043,0.02938625157409611,0.001053914512794323
-0.0830693178860951,-0.0013249369360330662,0.07355161402353091,-0.00862150147945795,0.0006831396559570213,0.000577999945275437,-0.03861329618745468,-0.002284235346624296
0.04585641658178635,0.0016523143678434588,0.0768490649656728,0.014859181346034454,-8.704246204563337e-05,-0.002305927676984785,-0.029516276748254182,-0.0018809114741814644
-0.0651214301967728,0.01124301590914597,-0.06672398856461664,-0.0074257548168302255,0.0003548695257936385,-0.001163506839277926,0.038340759867649496,0.0009925682392961342
0.04116285461537175,0.0081516785813438,0.05458627002316506,0.0020439987435458664,-0.00015661759820354004,-0.0010412779883761632,0.03619455993333245,0.001951655001617837
0.22219659511764725,0.011960777209328654,-0.04181530627445913,0.0023688737789364068,4.802382612784095e-05,0.0012094975926292423,-0.010173657644531393,0.0035027023091886984
-0.05780522882549978,0.005247950184127985,-0.058877596648867256,0.005213565675037825,9.958774866794529e-05,-0.00010825369814766535,-0.03382589508846235,0.002131458240255638
0.0034993521580620216,-0.005532265904483334,-0.08587384023104684,0.01147308267611178,0.000513645145605911,9.756063961456618e-05,-0.03258662516550167,-0.0014073274286365604
-0.07687138945595237,0.000628207551475253,0.05410936296783325,-0.004292621474105092,-0.0011579276686065575,-0.0012425732952639887,0.0390013992626931,-0.0008388347086402821
-0.12090008179806278,0.0041800497594576165,0.028499315742360115,0.017715749522270185,0.0009387884525356039,0.0005646112811605319,0.04561846852176265,-0.0014252767039828892
-0.07792549215830814,0.008124227525457712,0.011013723208862134,-0.003703402015659225,-0.0009646944606535833,0.0005659225817344765,0.009430936288802393,0.0006411824861747672
-0.09051675178027103,-0.0068982317209986795,-0.10015932284495795,0.00967894412468356,0.0,0.0002900689357470121,0.02872525943935497,-0.002228849674114736
-0.06671193483648355,0.006988626447701223,-0.08554785547718545,-0.008902649174091485,0.0002998729269333422,-0.0012243978281400157,0.022900708159280525,0.0005590333395356354
0.022666224338594283,-0.00035516062401886835,-0.087646449154739,-0.012130797542090298,-0.00012913248186664783,-0.001315608621017675,-0.021447831692904623,0.0012221490589241154
-0.016750128704450095,0.0011818248646351993,0.029905465200283136,-0.005372297292814932,-0.0007242471772514192,0.0013659360312595597,0.04074816704479382,0.0015893009632736135
-0.02562130621880078,-0.004143451641639932,-0.03058558246739911,-0.01517485696764524,0.00045230647845119487,0.001556866351557495,-0.04001743257496237,-0.0005270185446559468
0.12345668317541682,0.011155500628847521,-0.14760285588716762,0.0021404460414766037,1.440355697299861e-05,0.00033313567180333066,0.018627121021656846,0.003651240869087022
-0.13687959383442688,0.0021821380778241045,0.08091534151304469,-0.017578135226478376,-0.0009601595210741443,0.0019036393012009422,0.04589250172187357,-0.0015915629902260471
-0.03313844916963325,-0.007831819494921921,-0.0640671929872076,-0.010306698040579666,-0.00036847209061366404,-0.0013991285098835426,0.006357391338466602,-0.0013229369431479795
-0.13483753172833135,0.006895198793092248,0.07451639095938829,-0.01760125399099536,-0.00074234451330768,0.001646016603753762,0.03471655079870166,0.0023076557215234855
-0.09093137269337588,0.00273296027790788,-0.047864980528874466,-0.005287142210969455,-0.0004529965830299826,0.001256681893358993,0.037729811964045595,-0.0004752071429226161
0.08257534976214534,-0.007788146038117201,-0.0597101673020296,-0.009588321684295853,0.0,0.001587973538748684,0.04753379502746114,-0.001367966940855562
-0.13189392012258466,0.005773225437973402,-0.0006338943716385143,0.0030830516094667894,0.00036074713638703515,0.001865648380554481,-0.005825680950748445,0.0009751401832755417
-0.010420935215152503,0.0025435425183538765,0.06530235749090109,0.005180182815568208,-0.00023932053928094055,-0.0011393226053990123,-0.0026868697623087896,-0.0010624905630055137
-0.1302133756484609,-0.0036421192691660793,0.09234486290031489,-0.005424451522647124,0.00045170721469205144,-0.0018015371539752993,-0.025635844715864588,-0.00044824797322850113
-0.10490317323620807,0.009003188312755738,0.05219156993120549,-0.015328269129292445,-4.9940297178321935e-05,-6.11778404659025e-05,-0.03149047876164292,0.001886781183316589
0.1531179531573347,-0.0021878803392600195,-0.11584949779685748,0.006694619831877232,0.0,-0.0002257507006853121,0.03114863815216588,-0.002783073057001683
0.02638710685654923,0.008761716648298768,0.0580636931428449,-0.014078761802788223,-8.358209120107318e-05,-0.0017621023287699633,-0.032249149470630525,0.0016620060736511938
0.18447575157364807,-0.0048591007374798436,-0.10705723413471846,0.01801781139525853,0.0,-0.0005369614631239306,-0.0028719800690316004,-0.0008187380765017257
-0.011044638268877614,0.012122614278576327,0.03300524931867986,-0.01410979805592878,0.00036625666774624943,-0.00037241784307401327,0.0010511270910491032,0.0011147241610029812
-0.03604618219297055,-0.0032566716188301968,0.11527733915180301,0.01805004337921248,-0.0003604614311019383,-0.0012482283894355657,-0.031041785809733703,0.0022435021438401933
0.06927707315901217,-0.01041854480027551,0.06822850686577642,-0.012021580543711493,0.0,0.001089816693885238,-0.04236408415847763,0.0009386707922245663
0.1912951267617263,0.0032285162927029984,0.12798563384965772,0.004234647166496653,0.0,0.0013343178340068929,-0.02777770108343578,-0.003917342088570217
-0.06743951668268328,-0.009096282798335114,0.0022303767581499977,-0.0037808211608994185,-0.0005325393908641107,-0.002113849866852539,-0.03900580216074825,-0.00019867353914583552
0.10012791083221967,-0.007264075026737903,0.07931638315889605,-0.0019043072897428738,0.00010988023100219624,-0.001228668612141548,0.03330004853081115,-0.0008408230935972599
0.07552617465563774,0.001714970199211758,0.0646073557613002,-0.01725494229675123,2.5467790550431912e-05,0.0007695551948648601,0.0031130831504413013,0.0009449485860781858
-0.09669544433598079,0.011575004526356403,-0.004961863380050377,0.011384330848688298,-0.00034327394427081936,0.0013773606135404465,-0.02144672671457495,0.0006676096599655975
0.011221679492287997,-0.008478940151742378,-0.09760393748574035,0.01796718625740522,0.0006948873251620413,-0.0015492795843154018,-0.001971090368454648,-0.0005900287843268909
0.15688733689077372,-0.0003119176281794478,0.14268386776274777,-0.011312483074421089,0.0,-0.0006864452846063356,-0.00839265461835282,-0.0031188757412068356
0.010467636948879326,0.01167161619448187,0.14333160358485286,-0.004393949250521942,0.0,-0.0011785445089783353,0.01625722511844014,-0.0022931697043960387
-0.11889629739492245,0.007669245020965268,-0.06223779541553088,-0.014061636708147671,-2.9106629180847277e-05,-0.0003153315677204366,0.03840447011391507,-0.0014172069016950512
0.05534078842503721,-0.0070335884251298015,-0.08652341592127344,0.01337992613057414,-9.469294434083508e-05,0.0018077917213905757,-0.0030897473210484087,-0.0012458312908348228
-0.07570338033106785,0.0030210765578934764,0.0006182639262643991,-0.0029535530920132363,-0.00010698215506978193,-0.0017510958449019401,0.033940451280501105,0.001272598659818066
-0.13339405901408496,-0.011261806013982486,0.06012729920499407,-0.009138405439771164,-0.0005033713976964754,-0.0013523822999859025,0.015446161813331291,-0.002162983291222005
0.1878862870763274,-0.0010288961923241404,0.07041660398304189,-0.014216400756099241,-5.799781841858698e-05,0.002077001993538166,0.01891368726457443,-0.0034386499056415546
0.11271462725411988,-0.005040227146386774,0.10475687396660713,-0.004122008657092235,0.00010613704210363228,-0.0021841401894470277,0.019776338142661942,-0.0016694336290159484
0.18502006422034636,-0.011828609214228234,-0.11907026234250714,-0.014668695437721334,0.0,-0.0018720712035020764,0.0069784223284114506,0.0022596339341186197
-0.08757168620747853,0.010307607074264874,0.12853181200811697,0.01700060365773371,-0.00011124629238543071,0.0006621284865691394,0.038413211679856875,0.0004731423612908866
-0.07488031062702996,0.007515879244275238,-0.07310369663136668,0.007882617303378619,0.00010648571532109741,0.0019248883213137764,-0.01739574759324431,0.0
-0.07313163976369141,0.0033355147366585136,0.054512079940310716,-0.011712362177121497,-0.0002340954158511488,-0.00027559923966580566,-0.029583418511021618,-0.002170201383181123
0.055839602134946646,-0.004226983658280883,0.06646984766685557,-0.0031610153332921726,-5.883015470410646e-05,-0.0004920345461986134,-0.006564847519968762,0.0029739297181662046
0.06759353150504831,-0.0006074247392992421,-0.02331612790936901,-0.0016138772579205828,0.0,-0.0020755046093269536,-0.009354995488392642,0.0015404425255158552
-0.058466139077246355,-0.001047181346235074,-0.013186863049216332,0.007298582326740764,0.000619327508513054,-0.001694315328635026,-0.03769001750395256,-0.000873730681899409
0.04337566431470799,0.004579152054892462,0.1369170830172539,0.00047120115674922913,0.0,0.000502254456569289,0.030909745650470916,-0.0020314195804232798
0.06246085574242669,-0.012027420597812538,-0.10396033619896884,0.010807440789420641,4.540682953171893e-05,0.0023639277222074584,0.030998206667072804,-0.0012918590129559638
0.07550617023290793,-0.002547611714927455,-0.09552879862873088,-0.009790509236022461,-8.624340142625309e-05,0.0013968830965346798,-0.03667523358129844,-0.0009446143719857748
-0.10228739512627653,-0.00609788870027526,0.05956879067120266,0.0019957961167446415,-0.0008719270414762603,0.00012516953196855737,0.03004976757680219,0.0013454163334408148
0.06669511199455119,0.003431960227551514,-0.06365003062837983,0.00689734070075423,7.60454731386917e-05,-0.00026168422044951507,0.031467974264584204,-0.002346505660186158
0.058561783376589904,-0.0019596245820430805,-0.026240228613649698,-0.009804651362691949,0.0,-0.0022386758767272,-0.041448301569330555,0.0
0.13936082888293422,-0.013286768603500929,0.01119760263714156,-0.004306400916049219,0.0,0.0015144954191910615,-0.02366600297625951,0.003235452281634098
-0.04345525043001577,0.0036226204907511984,-0.02160674209787308,-0.012884683570587982,0.0007235800870943526,-0.0020200172495944977,-0.002408047872164488,0.0006084592072545109
-0.020249833888041056,0.009904266279728673,0.13077477043912047,0.013389069093645267,-6.852359742549885e-05,-0.0003132588566124427,-0.022842447988890985,-0.003372508739164918
-0.09676352901425242,-0.005614979497146495,-0.08983697493255943,0.008075981631600063,0.0,0.0020358116016843883,0.018843533494078663,-0.0013872359738520135
0.015429509486863282,0.0041275546611087505,-0.11935484650289395,0.00946352059240254,-0.0004820544401430843,0.0022547630831171155,0.023728448928215757,-0.0021592439409694655
0.1674679347935524,-0.007682453565316831,0.09519095752710281,0.0004977128459939528,0.0,0.002550469082364067,-0.023183110936907468,-0.0037761753937255328
0.11742714500452522,0.003953801494930724,-0.14328634510880542,0.018683780256122037,0.0,-0.0016860414886821738,0.022397331920648432,-0.003673402942803181
-0.11339921377850994,-0.008537520374875967,0.07025592376417077,0.016292138802825085,-0.0008865206383118687,-0.0013488658587044442,0.03873347115173061,0.0011807941611756032
-0.09152134232886716,-0.0008615216271357581,-0.07012094526989371,-0.009790123603412165,-2.966618600383497e-05,-0.0010005565266635237,-0.016439592837682253,-0.0025062565712778858
-0.074827927205801,0.0020058182236558,-0.06076589663562354,0.008865048499917918,-5.598921616895014e-05,0.0005444713809706601,-0.019900610969939725,0.0001384960480544748
0.06570996568414395,-0.005359862028070685,-0.06274347347186139,0.013873662409093754,3.982471224859424e-05,-0.0013690329596703701,0.033588404941881894,0.0009294215224471633
-0.03673007390052672,0.0030807087765137467,-0.07522009821410611,0.010787250908056068,0.00024197649228284435,0.001847020789199615,0.018166678883829918,0.0008843262220385075
-0.008842015376121497,0.004946877321775552,-0.07070681017591486,0.020170032235820874,-0.0007799662283875503,-0.001530051803505932,0.04458725484860193,0.0007471642760842733
-0.00032950916846230565,0.008297727061959822,-0.07709099017517847,0.01128384055984318,0.0007890817000270249,0.00020930553477754854,-0.007211006199703793,-0.0014620089662756958
0.18157510212360833,-0.010172382009949797,0.021193124145866396,0.008712527315844137,0.0,0.0019469866832913518,-0.02214912854339305,-0.003882964833048236
0.0414160079763607,-0.01304708141177172,0.02068393435333108,0.019239914220890685,-0.0002229565758223584,-0.0008100156013730007,0.014577265864895854,-0.0023349317371233816
-0.07333391178861991,-0.011891768175778776,0.01117361914555964,-0.00849206106976814,0.00028606252908980334,-0.0003381451217107123,0.019270092293899022,-0.0008683480295374062
0.18674264482083214,-0.006474075288871989,-0.05411732589152922,-0.007521314449349435,0.0,-0.0018249321017825167,-0.03320796867983717,-0.0008905945555327949
-0.10628095057440846,0.00991433227513648,-0.019657094332567574,-0.010378723308330333,0.00014706034004763335,-0.0020061530981413307,0.013376717398252764,0.0008882036753699193
0.15506225328155282,-0.0071624116841877295,-0.05092440011514965,0.010574271737495998,0.0,0.0019924240927917387,0.03655790653770143,0.0011589197916333227
-0.08807784708496014,0.011633186541355024,0.08756341515937587,0.0206795220957375,0.0,-0.0019940464923698833,-0.029990923196375183,0.0005475259363957661
0.22734474546204375,0.013743487078775074,0.07397341085078037,-0.01361860734635235,0.0,-0.000687776315816734,-0.03385220609321238,-0.0006002509064061412
-0.1350864585080955,-0.005345000605299812,0.08822746804867186,0.017466602576895206,-0.0007042355544862704,-0.0023503103636013907,0.032425173469136044,-0.001564282908825026
-0.012120401541715103,-0.0015079038387212714,0.03925100351059694,0.008262533139656818,0.000303872184057391,-0.0011358450782195325,-0.009711475671445511,0.0005441701659752383
0.15614673260621145,0.00520480736256359,0.007726747943604667,-0.014877926914414131,0.0,-0.0022637007666485853,-0.012876259027850088,0.0035817574807411844
-0.02309999361197691,-0.0011634903653243275,-0.06914449068815795,0.007708961610597594,0.00034081536509102117,-0.0011104457279208552,0.005806248995716466,-0.0010036115935762248
-0.0750111891225943,0.010402421234975836,0.03129444874991384,0.007884974409123483,0.0,-0.002147152436900322,-0.044672211596617196,-0.0020370009732124245
-0.03494281187148099,0.010798623155014158,-0.04271157971062803,0.010457685799719703,-3.720861853812041e-05,-0.0020588632755668746,-0.023087573860714007,-0.00034722584441839577
-0.012500764429793025,0.0004691092492227658,-0.05924363304623427,0.009380697413131746,-0.00033291215773902577,-0.0022011854408326074,0.031214747272664253,-3.724193058288888e-05
0.03422170342766401,0.00483000213491784,-0.03894935585848707,0.017103502193590404,-0.0007929279876160582,-0.0006192198740924415,0.016628679822871955,0.0012685538123975088
-0.015532861758306002,0.001386997768470873,-0.0998500099542208,0.004493160932380886,-0.00015911344066546484,-0.0007221675900870111,-0.031600354046555854,0.0003132577931258744
0.20096320940858037,-0.006885388811663399,-0.06980475720431405,0.0006153686190036589,0.0,0.0016023956810533662,0.028334761168056142,0.0017927542105419842
0.010371691354897086,-0.003562437825524905,-0.08669559716140306,0.01332066202495469,0.0004518073307525905,-0.0021768555892310035,-0.000469834511154637,0.0018379449183015715
0.041109654879864295,-0.012524518577871133,0.1441064156136639,0.006181706384937015,0.00014099908915020162,-0.0002389812461263685,0.002653502292900434,0.0002063079247760582
0.13585165069493282,0.010823158031006504,-0.02635962860106498,-0.004919691887375041,0.0,0.0025357609009222827,0.0471703348424774,-0.000255465111714287
0.05408913458252857,-0.012590049610504691,-0.12934730804421998,-0.007368676868963734,-0.0001430985554761663,-0.00016388443816055842,0.03988378993695108,0.0026678459757900424
0.18717726259312664,-0.009747402639582414,0.03498276353459685,0.0100315088260799,-6.60047395484864e-05,-0.0003008871176000118,0.04004424272088292,0.0019687516675118873
0.15952510127958427,-0.00588260206792849,-0.03456598524054659,-0.010479711342017224,0.0,-0.00038622506861481914,-0.04650389659752805,-0.003426136080476413
0.18965522910599508,0.013181896210297854,0.04987344052890809,0.001005860750868721,4.8834676372511154e-05,-0.00036225044798019514,0.04943931259648993,-0.0014845674613041722
0.11342209869154028,-0.003974919362582735,0.047934564151144124,0.009427050216382134,0.0,0.00201768369070718,0.006922447501165443,0.0017448575168228636
-0.10857035193933223,-0.00728108416465095,-0.05538646302496944,0.014355353849588536,-4.3218583002962996e-05,-0.0005159273559094632,0.010838862824703515,-0.0021485372251306457
-0.08575626584033866,0.0042942815688608,-0.06262949282701612,0.0038516570919575974,8.362048971544134e-05,0.0020436206060020605,-0.033000750059780364,-0.0004980708132648994
0.20107894402366805,0.01012546623038296,-0.06341946534036215,0.0005390016979222589,0.0,0.0013384217023800493,0.0038720465272174273,-0.001230016382851016
-0.02214448081796898,0.011085042174446193,0.058857482948980494,0.009659395260883817,-0.0006537469125002804,-0.0022158017247988376,0.013812007290398496,-0.0021118791207597617
0.18408357883177945,-0.01068662424632362,0.0058070255372775935,-0.015928910056778472,0.0,0.0007424340841561683,0.024524631531753535,0.001314540125290201
0.0285021790744237,-0.009709961686454178,0.12910561954433908,-0.012786571212859517,-0.00010680068576382484,0.0020364707698137976,-0.015475940948537638,0.003670076510827306
0.16932964713167994,-0.003728180524930627,-0.03301785228530213,0.014144951788298235,0.0,-0.0006710003583481616,0.040114974699732964,0.002878470869941099
-0.13166379671635606,0.008573602986444714,0.016433193411571102,0.0013301553160073262,0.0003750025078756436,-0.0013545578952154419,0.026503634747258576,0.0020831776306648397
-0.016236743117668775,0.0038643014885781524,-0.05363145058604907,-0.0026058696564029336,0.00051536068511751,0.0016777350351502688,-0.024720557994335063,0.0001989036713923864
0.18992564714572494,0.008205521025498331,0.0760551061131442,0.004490086156197075,7.004447317895957e-05,-0.0014578637195455464,-0.030569882527617366,-0.0010095861388694615
0.04189625443088413,0.011077457113776232,-0.10486331944226084,0.011905762461282237,-0.0004814690393662169,-0.0018787076588110704,-0.02438642381613015,-0.0022384420370347535
-0.06714503393327632,0.010735085490950133,-0.08111931621758717,0.01296296401122384,-0.00018439429666597396,0.001580233073627037,-0.0006871784042655201,-0.0020578177650721024
-0.013008809106322775,-0.011792292365256316,-0.01910573895502763,0.00025256478018585525,-3.5702027760984786e-05,-0.0001308797643912595,0.03457286997349591,0.0008119235397502262
-0.056667554748886545,0.006694213312998779,-0.1022566782330555,0.002025066612250414,0.0002383406735691207,-0.002409738827967805,0.008120759718880991,-0.0014408626773324317
0.1919736992103613,0.010257771238257631,-0.03154577741887218,0.0010958840060629677,0.0,0.0018833939748824804,0.03411552747398836,0.0006214927195223596
-0.08491230025988447,0.0021995698774384407,-0.07916027622670833,-0.0030310419444463804,0.0,-0.00018863391869358703,-0.02798278843387166,0.0027924725857928086
-0.039228039809094374,-0.0065322003596275996,-0.04632500188591733,-8.438941583083226e-05,-0.0001353800346906735,-0.0017372818208948918,-0.038754710762530134,0.0017056662521148106
-0.07324890447059244,-0.003374030878320156,-0.0474176181313613,-0.013221868267093382,-6.377282570835252e-05,-0.0012523590265697724,-0.03233969400158717,-0.001063684962381026
0.21807608858347827,-0.0010538290708357013,-0.07574795243525315,0.01311872523981235,4.350649334927681e-05,-0.0006344385887698425,0.007432632946106766,0.003296644645860582
-0.06258841073373299,0.004769904052255927,-0.02152119185750919,-0.015604611568574771,0.0005179723553422333,-0.0005558806482493217,-0.03395563700203401,0.0007013162635162627
0.0628530814391375,0.001567789170091088,0.09065199066631927,-0.018513815797135964,5.6538379611004164e-05,0.00079203524204526,0.029036465225666868,-0.0029216143616095274
0.12779282332994676,0.00381704032859254,0.0754950543228546,-0.0038721910185693046,0.0,0.0009578715235876167,0.014781360098954982,0.0023495133262610673
0.043556930576234575,0.011878670979147295,-0.07210182037715619,-0.01522789292104903,0.0,-0.00211059750020004,-0.040507935903630096,-0.0033800027434022465
0.09541107953071871,0.010010543670599111,-0.10351707226205,0.013598108343444024,7.867329466892947e-05,0.0014205686734824838,0.03130649091323075,-0.004002378284555485
0.023848868258156363,-0.01346414944548092,0.14742039479069863,0.0016630663630936731,-0.0001364597885711305,0.0007215078657923699,-0.026370367773264757,0.003444480699030042
-0.0788196552645545,-0.00919960453827297,0.05082959144393768,-0.00047941380277258006,-0.0003547315839344865,-0.00027831615372943264,-0.03766577281378244,-0.00035560331903564276
0.1378743525764073,0.01200375117814191,-0.09435129200748256,0.010549123090385274,0.0,-0.002309676178805207,-0.04275074780101028,0.001250776610726749
-0.1026844411540629,0.001590574000227984,0.060723189374665185,-0.004853995233875825,0.000541697394791531,-0.001734826386941681,-0.0001431170225411546,-0.0022667847538823537
0.09229871195901294,0.0017686915512598702,0.05066787188653645,0.015756896666536863,0.0,0.001674901250895319,-0.045318590509078105,-0.0014817538089976628
-0.08922993583894097,0.004586887415543708,-0.07163674405380818,-0.011197015404402133,0.0,-0.0003671858178714016,-0.025892761450986283,0.0009838487750168598
0.23180536424230927,-0.00731725182615647,0.14898264296087946,-0.006490433803211403,6.031872612333178e-05,-0.00040303507558372455,-0.008251833197228716,0.0039878570244275885
-0.01266616671172878,0.011234682573716988,0.1422990294037831,0.014358163839311948,0.0,-0.0010284782088874067,-0.047993457494116196,0.001456695887116425
0.19560076407311677,-0.00924772437381383,0.13220546730200092,-0.016814560036901828,0.0,-0.0017894312594244344,-0.019319257172330427,0.00312920219937743
0.11085527436585427,-0.0041692354301037,0.1035354478621332,-0.014835739935604017,0.0,0.00125654771575022,-0.014562465901925815,0.0008992497909471875
-0.10246952404625317,0.005446397914944873,0.06323936349959361,-0.00035048578847951436,-0.0003273544110979369,0.0002167271638881807,-0.0017894202534417584,0.0005182207748129428
0.1744833645883356,0.003337058759977617,0.12843870294104884,0.002992938348008492,6.006602707908648e-05,-0.0007597176883821472,0.047834240988026015,0.0033658943169940538
-0.024896581394962917,-0.007882829856096398,-0.07775997846366105,0.006108530221729265,0.0,-0.0022012110834831403,-0.015982113837272115,-0.0007751969545927856
-0.060441418311108136,-0.003558604062511537,0.10486115953537341,0.017471185319333365,-0.0003021628697856202,0.0005487779672405807,-0.012171636701846402,-0.000861834476223634
-0.04724991015381684,0.011723198272193668,-0.009157228555323915,0.011592468664072599,-0.0005257457709064856,-0.0021398775745428986,0.0022730917387563383,-0.0022347702648010076
-0.11652006575938142,0.001792550421839293,-0.0505549742800049,-0.01450504252165017,0.0,-0.0008690504449269665,0.01023938120633664,0.0018252188392414656
-0.08704001430069183,-0.008598644674194094,-0.04787145662431156,0.013933035483991715,-1.675399485284723e-05,-0.0020130542913369453,-0.02112580029868211,-0.000170581730912546
-0.06941446038930367,-0.003256130749253849,-0.017815447078112136,-0.015070932687961868,0.0006094865853160228,6.849589644562781e-05,-0.0003712080729347884,-0.0011032971353981081
0.07723527648285054,0.00595423213382254,0.12447273127649174,-0.013047375272771044,0.0,0.00232658398335838,-0.02531370764293613,0.0022239030783362534
0.03170549273018944,0.010015081543709057,-0.08697226136142087,-0.010205261430452226,7.208499875724708e-05,0.0020055524529896626,0.030568954972949803,-0.0006635869188187646
-0.12979273305315148,0.00031499563281822316,0.061990307596037894,0.012432350276256499,-0.000623277221109477,-0.0004824499527179811,-0.014835918543597478,0.00028222797256349796
0.23167210444152336,0.0008000233330455227,-0.0021554751584874424,0.012734050966337233,7.922468930593451e-05,0.0,0.005511983652659426,0.002733377243740077
-0.01115855979114316,0.0022203183863179756,-0.0866966006945863,0.007347115392711754,0.0,-0.00013399599475692747,-0.02309722635113943,-0.0009228576609558207
-0.10097475307502711,0.00993727342938468,0.018701944161464253,-0.01218612120687842,0.0002506203926891065,-0.001700366716609236,-0.011700695362700061,-4.827403422971721e-05
-0.10079848385323723,-0.002178496959462479,-0.042382815564312996,0.0005999654630515494,0.0,-0.0009413052309679117,-0.025961675900616238,0.0017800083172356854
-0.03859611018935855,-0.0004115370039066621,0.128147321975027,-0.0172928474687474,0.00012118005210500632,-0.0003208217830940527,-0.014219723631404243,-0.0016713176300355997
0.03514552252207675,-0.0060481860511502235,0.07984169533542759,-0.00039362539587338555,0.00018056957156376008,-0.0018402822676523755,-0.04215975009508327,-0.0013672474663078721
-0.09167784856016355,0.004845717804642618,0.014382982930246497,-0.013142072683787157,0.0,0.0006839623142514822,-0.03653881056197633,0.0019090559819601451
-0.10224980940521824,-0.013298886830749618,0.059683619140572186,0.001327449934830112,-0.0007580383056607393,-0.0001449714225990502,0.04709250906982857,-0.00047756134348199577
0.0028083406316956783,-0.012611138567339442,0.11907849177133051,-0.008579735722913224,0.00020081084057733956,0.00210916792919585,0.012960421525647864,0.003030139991190582
-0.11167247592024455,-0.0006992796830043726,-0.04488054396792349,0.0015578259236745202,-0.00017196184176587748,-0.0004723892027992999,0.034894950230485416,-0.00125671927573308
-0.053993149148105546,0.007970028063087553,0.017695366386521232,-0.017882957330167343,0.0010226842463497625,-0.0012961774660261566,0.03141049693410851,0.0004895603996348755
0.017664391353922667,0.002073039299811178,-0.10663530633287117,-0.017215783503088694,-0.00027976194761172163,0.002252582723859619,0.04441952255590672,0.0008820133383840109
-0.03494872420376144,0.0043728472325113244,-0.011700011564519367,0.0015323471104858857,0.00013690687731431062,-0.00034172968522164834,-0.01560605343576949,0.0008082960915919584
-0.056030229385556074,0.00811733573992291,-0.041944787722202996,-0.0059226123690184936,0.0004964742181329067,-0.0012529887855900986,0.004588412726024764,0.00016840808028227572
0.196901462928858,-0.006234991228084149,0.14582592493442795,0.006514954749579262,0.0,0.0012074510426635288,0.025006841427653692,-0.0005136472855852836
0.021991520583145376,0.0008415419273401287,-0.053761720077419854,0.0011258963234541943,0.00036672289069711317,0.0023672888006626472,-0.027284367871616914,0.002562676642560129
0.23781337007472186,0.0069914453060689755,0.13754455869417184,-0.01860713168572979,5.8239337976384586e-05,0.0008901370528441869,0.041403031727330286,-0.0010344331130969944
-0.09998092006617432,0.0069823012105849095,0.0047686891878737465,-0.01628605655536684,0.0004916891680581769,0.0003589553894630393,0.011232337473037653,0.0007894632513666702
0.02000338598541458,-0.01176817906623805,-0.04874499884047121,0.011628512734356363,-0.0006439703482677465,-0.0007523807447741226,0.031274615740052206,0.002214425452309346
0.06090872407120284,-0.0034222502503062904,0.021365181276957326,-0.0016919899969719205,0.0,0.001579025443746343,-0.0031233534709937194,-0.003818618086617273
-0.056883224133002834,-0.0036764678541499475,0.0006781715577237022,-0.005215299882579178,-0.0007132569838832865,0.0,-0.03987746215860087,-0.00016742254903143183
0.09581459213849368,-0.011040262968801031,-0.1277478722611839,-0.008167455366954065,7.658891542404456e-05,-0.0015334282378764415,-0.018609273609232282,0.000345518626126667
0.0077640203854404,-0.0068903233478551365,-0.11496264480609845,-0.00861560352294196,0.0003817058342979601,0.002194898901377707,0.02199085750310469,-0.001390144573905806
-0.012639022373432188,0.009923244384026786,-0.0706364376956269,-0.0038343696659375397,-0.000565087946734768,0.0012943346184631221,-0.01651118223065646,-0.0017161675806077708
0.08334514968403282,0.008630095788378752,0.06540566820268341,-0.00031505230745174084,0.0,0.002047399904890781,-0.00041670776740017666,0.0013289374194438445
0.08667792090877069,0.003826850931798121,0.010229626144667228,-0.017847471706012655,0.0,-0.001636663451368819,-0.0393001862992256,0.001206228254923454
0.04830768261355215,0.011554860934102983,-0.11747178304101079,-0.005634710747481302,0.00018100964419830168,-0.0009973155691516357,-0.01607114677614275,0.00038118510570550476
0.05733908328175662,-0.0003395060483578292,0.08179391421453507,0.01810233043111287,0.0,-0.0005624795252145638,-0.023329012057841637,0.00010382039235479201
0.2347779578127794,-0.001472343292289467,0.10579886203033251,-0.0005564856597501944,0.0,-0.001915774634726937,-0.028777722313094625,-0.0016987112361115545
0.01463115775091062,0.005085961222794615,0.025204490292202227,0.008192028769113334,0.0001873116146161452,0.0022023067443916544,0.04642934674999759,0.0022583238548347716
-0.08218002279680606,-0.0017674024752352842,-0.036809907810008584,-0.013320544120395825,5.367654244708975e-05,0.0005695042465378992,-0.0278474919276001,0.0022713348150201654
-0.11085054386557416,0.012644967879815366,0.06603966189414745,-0.005212080600672912,-0.0003109294304596902,0.0014284087571038119,0.002082193706359861,0.002107824929488321
0.018827782607607552,-0.007977788519888441,0.07861216999968684,-0.0007181118162181005,0.0,-0.0007203136006211038,0.012709141064732801,-0.00339373529120829
0.13288012304701816,-0.010940075580380232,-0.03889029938292836,-0.0020816806988653166,0.0,0.0016475953507743765,-0.04653637008036094,-0.0009450588597060516
-0.0559337424760578,-0.01012872403126464,-0.06981283144479228,0.004939355582319516,-6.315650892271818e-05,-0.0010778882202556112,-0.009957419643087528,0.0018552093844372345
-0.099706068479811,0.002407936143707123,-0.09987588405992334,0.003908137249691245,0.0,0.0015620692858929347,0.036403899373105765,-0.0006100339945828703
0.20225375904000267,0.007132485066508344,0.15100236292977648,0.010788976002499643,2.8355622834819183e-05,0.0007389243607239137,-0.04042637334448774,0.0031973358568713585
-0.07945227301082476,-0.004558684610125919,0.0286658585771003,0.018257564209363232,-0.0005316658326114188,0.0006503252920485522,-0.014919382383717678,-0.0012949093611992033
0.0758801597233836,0.00010751505906235082,0.06792088176700237,0.009964880734559116,8.855237078780887e-05,0.0023174446895322244,0.022782590810352724,0.00039461756375962654
-0.11363372329341148,0.004069100591187818,0.07427399229769531,-0.0011039859485052175,-0.0005235097254294543,0.0010108212381241823,0.02584350448522346,-0.0004859873429006265
-0.033423532414301335,0.008452448778626342,-0.10227092132722598,-0.016269677120831584,0.0,-0.0002558360085312128,-0.02926672013678364,0.0013407407407873878
0.17237359032505412,-0.012766924076209264,-0.11186006820143717,-0.014442266056100186,0.0,0.0011557848184250276,0.045858385833183996,-0.00040596113544845436
-0.05468124870585689,0.009983925704781982,0.04068355599032622,0.004359710252363094,-0.00016521077605891974,-7.900087270806128e-05,0.01862048061086953,0.002163194273509465
0.027768205058679874,-0.0004616997865066131,-0.11158312476563655,-0.00174798269171853,0.0003864177165278904,-5.2372019245433554e-05,0.01049745445779185,-0.0008519065591382775
0.041154499931700186,0.00011143080224318425,-0.08613936426314463,-0.008257948500163764,0.00039484416439113573,0.0004595955504091194,-0.008237281806774304,-0.002119103232636394
-0.11485644538510492,-0.004142725420242333,0.09269476931536345,-0.01647871138157175,-0.0010288511186399042,-0.0003388806198646385,0.018690485138861145,-0.0010489096261023822
-0.10713435232980725,-0.0057365740441025605,-0.05330352818457724,-0.013796523448674741,0.0,0.0004577103745038169,0.001453564085420999,-0.00047279772993438687
0.17619054440287021,-0.0002537107563271203,-0.10853315754192783,0.00238484771606576,-5.760516139443478e-05,-0.0008718805722699183,-0.022544571919958675,0.0019819759421948295
-0.10058990939545134,0.010676435754423546,0.03175802737919253,-0.007321876003847426,-0.0008914209822038464,0.001496695551272148,0.0019537628688518667,0.00020426077046099833
-0.10318984244199036,-0.005962137702735467,0.014441646326594598,0.01427906004257711,-0.0006003254812793078,-0.0005079267912744994,-0.017560334642095735,-0.0002655795880091988
-0.017089422716781055,-0.004708813047069309,-0.08525264990561308,0.0016513423340773889,-0.0005654503886231358,-0.0009942299993728747,0.006723038656353861,0.0007216206215617527
0.1458820939264746,-0.004907148215649157,-0.04621001319682995,-0.019015719402857366,0.0,-0.00069996012003469,0.029969835343859986,-0.0027631144394943434
-0.08767225361651385,-0.0063990734827010995,-0.08709773390100088,0.013140502949235773,0.0,-0.00035300161257920126,0.00250731489780833,0.0
-0.10717710347429302,0.004663709088182708,0.04636200156486051,0.0016343166467955278,-0.0006243211571686363,-0.0017301213671895876,-0.007791334764541886,0.001516689656039577
0.0343697894305134,0.00848004522264331,0.08654460960343313,0.015518098110679147,-0.00013350806566531093,-0.0012368586241096615,0.051160250927571364,0.0
0.2345507037234589,-0.012517821461109654,0.07053343652762917,-0.0009341627152981147,0.0,0.0019118416896537857,-0.016087163504358282,0.0020839678212008998
-0.11896825826358254,-3.969771467825234e-05,0.02577105922943564,-0.011517590285931857,-0.00016480562117457816,-0.0004122982293269258,-0.016488129126117027,0.0019117830411748082
0.23622155134809392,0.004926540895445514,0.04515626696728157,0.016166726568810758,-7.676652455285149e-05,-0.0002894160581577331,0.050036642536502245,-0.004005266813788225
0.0416290362837974,0.011614420276961438,-0.08223327837387315,0.0025824566747286505,-0.0007150317272842005,0.0005306000918452142,0.03790929658008544,-0.00043843432614871537
-0.05714598926405807,0.008760074167583492,-0.05027632394640851,-0.003002554706050295,-0.00020865251200053437,0.0003391151645368018,-0.027534772826271252,-0.0004082247215315863
0.14789802035908528,0.009120921480206365,0.15317667622653888,0.007186146695014169,3.928859161952847e-05,-0.00012105391382494224,0.007272661393717139,0.004163225798349189
-0.003440847659261386,-0.008583527101595925,-0.0761276419594987,0.014988135682815469,-0.0005628955776891896,-0.0022345818178488084,-0.008869110896334636,0.00099091496101604
-0.02614047544410612,-0.008701617231888024,0.03435963094221048,-0.014937867197929647,0.0005725309529078099,-0.00046578894077933103,-0.029998488108934546,0.0016982521842994482
0.021441201117989857,0.009914674152660067,0.14971226946493135,-0.010433363490598032,0.0002372591292568449,-0.001075465929168945,-0.027132382382311682,-0.0016967106601825457
0.10379250691477858,0.011172181872327809,-0.10880296997722044,-0.007316157875117886,3.792272136027286e-05,0.0023652717827066932,0.00865758852590454,0.0016794465849778587
-0.1111368559733681,0.0011779859999435792,0.028827981432506415,0.010579946507651646,-0.0005251044723080445,0.0003428044301402368,0.00027159537152453284,-0.0008662251335733815
0.012213875195046079,0.0026328510463045737,-0.11262489172306342,0.0016430761830926407,-0.00028687235897165153,-0.002209880994525092,-0.02702412422704762,-0.0015721148280131636
-0.03242586981627311,-0.007537049969210115,0.022874675708300582,0.007492796460955582,-0.0005796692933963563,-0.00036426884358137235,-0.030600807587017498,-0.0007920502189721737
0.10405335293921027,-0.003909459201857538,-0.07151035622983261,-0.015430665981831555,7.420762708603562e-05,0.0017335369483984786,-0.0466151605048956,0.002429586785902945
-0.15305646906450462,-0.008494674428300417,0.07104612301426778,0.0020612894937759125,0.0009261172202487375,0.0016955493297985912,0.0348484428015842,-0.0006150554203830164
-0.07055587276543109,-0.009455029314527264,0.03917552615720984,0.004093183613833969,-6.783946104856921e-05,-0.0008188404746275409,0.04959597042280985,-0.0009607028090509998
0.17067086763084713,0.00927939189505623,-0.14423149402228547,0.0046698283500974675,0.0,-0.001378265781463255,-0.026523426533056192,-3.6502630405284286e-05
-0.008417020611323545,-0.0005755937514749544,-0.07236667299780425,0.00845400431058476,0.0006756236132410831,-0.0014087986607467752,-0.0025780417337254026,0.002137071139343762
-0.026345029173785058,-0.0007372752051989512,-0.09061080359855161,0.014779536242288243,-0.0006569948059493438,0.0007149378360920416,0.022755014916833027,-0.000886639886605139
0.08966912336773872,-0.010348089674781933,0.035134030145861306,-0.0022683074915227333,6.503162104237736e-05,-0.0007132098669595585,0.04387364061741662,-0.001424832380857459
-0.080708586658651,0.0011364124992654968,-0.03563729957112092,0.010724282701971712,6.63182910863036e-05,-0.0013543694206840137,-0.041287269113710286,-0.0017116340020509606
-0.11395929782086162,0.003353023689389453,-0.027154858092593735,0.011064315387304723,0.0005070313942547959,0.0004502708066714961,0.015571348238010154,-0.0011477254309711924
0.007542810116354113,-0.0016111471527089191,0.08157908209477205,0.014776918366940388,-6.240039525969021e-05,-0.0005365352111744275,-0.03178671913793964,-0.0036877753281830674
0.1851537810749704,-0.012638268002029267,-0.016341755438658314,0.007526732296221379,0.0,-0.0017147385770616141,0.026079315064611173,0.004104613165222975
-0.0463086150052644,-0.007572859256183913,-0.11015700600872053,0.006393678792041586,0.00040883666021912225,0.0002794758374889128,0.04162090213948514,0.0006712659217246075
-0.03309675011122914,-0.004146647520897669,-0.0798291638690215,0.0019321537719910846,0.0,-0.0002718139433424832,0.04093455472017131,-0.0008264959316445249
0.15006214269102697,0.0010835156423772685,-0.01841099769467025,-0.011004826842413268,0.0,0.0005743629574843784,-0.0012461841896368605,0.002443775353012629
0.037857798922744296,-0.00391486935498741,-0.10480862553519973,-0.014664489192323339,-0.0005950773968178998,-0.0007768840021215001,0.03152815356484103,5.118794464989418e-05
-0.07440102039028837,-0.007869148576943567,0.07819840737892872,0.006776462607921276,0.0011976898985248043,-0.0001184167924269397,0.052114935884697,0.002070300426763547
0.10816694880049597,0.004366248521777805,0.016485709454888864,-0.015296444370004351,0.0,-0.0008284869795247563,-0.002042455389125459,-0.0011197719132621338
-0.07167857397191,-0.009964497430780407,0.09724401763691906,0.014499259804601795,-0.0005669488629860796,0.0008620562530628076,-0.011874754818764238,0.000957492763243887
0.1463349327587784,-0.010025178538068997,0.11723750007081675,-0.009553461935563775,0.0,0.0020342503981948166,0.016337148667529656,0.000782977706713428
-0.011820448901858766,-0.009842786150094707,0.09732522735738008,-0.00010494558955841116,0.0,0.0009937296835483302,0.04358086737339229,0.0013798748137871701
0.16819176705299865,-0.010946850408374793,0.015046829831539201,0.018577518589547568,5.7041350285169656e-05,0.0012986975247462767,0.007887364367223046,-0.003540672936015663
0.14152291692115784,0.00478516144171384,0.03194441444780863,0.018601820206224563,0.0,0.0012543647841296857,-0.006158381229289736,0.0024930486333771965
0.015865820891431265,0.0037627242589298167,-0.11993889253456232,-0.004359581735380581,0.0001331307521111287,0.0004708066175990413,0.03657384563826429,-0.0001549850061804553
0.24602128324998357,0.01266393085388686,0.12553849305794434,-0.014684598212255647,-5.7237525157460833e-05,-0.0019347148148252016,0.04033287014617332,0.003414841080048113
0.04395421127723048,-0.0017208263521883665,-0.1159581960088113,-0.011642526590227032,0.00036356868147733386,0.0013029342982662489,-0.005346762024244237,0.00025627237774975
-0.12995976097805664,-0.005899061906398037,-0.0028695263932208286,-0.0005944466275196779,0.0005177921160230137,-0.000801789291880592,0.03288632416734635,-0.0012494035597194256
-0.13653477127032085,-0.0008618049411395907,0.1079313892164647,0.006317234914046718,0.0010540716656633267,-6.072099900974754e-05,0.026167008523013555,0.000315009499285678
-0.1303390505234195,0.0009159386868773289,0.03318872118363351,0.01159386433394463,0.00014948723448715562,0.0008877218913014623,-0.018365469583318344,0.0014631318999362697
-0.09437191892093379,0.009097006821816078,-0.044363286397866665,0.0020822585353921126,0.0,0.000775925320145171,-0.019983640862033195,0.0022009963222158944
0.06139670809907739,0.004506699765396611,0.0075477993873645025,0.01394901587308061,0.0,0.0013404867637083848,0.002583424961345309,0.0005572446154777505
-0.11747046750574082,-0.010001836215509673,0.012303145967941903,-0.011137064404858642,-0.00025494647129162273,-0.00030637069250083525,-0.019843513266841143,-0.002216341581170403
-0.09402405295217041,-0.003190439791760782,-0.027947425608793413,0.012347936702476544,-5.194779849521103e-05,0.002408598021786434,-0.036449428725426475,-0.0009474051012921163
0.18119843291859627,0.0058871206695133,0.06619104357721362,0.005782254951793043,9.338663368657629e-05,-0.0004554842397196526,0.026469778029128727,0.0007141906963724523
-0.10416837526374444,-0.00495265467073363,-0.05170030475434113,0.01484655435752053,0.00011780593902649406,0.0012039760227506207,-0.025499367830171975,-0.000582353986758603
0.037099080151990815,-0.00846408054171299,-0.11424297936364135,0.015975270232090766,0.0005016438498856093,-0.001920985727375299,0.04300014974196084,0.0015253762809477312
0.21801932552583236,0.005967840469909796,-0.08926486275173476,0.0166366357646249,0.0,0.0005146986867630432,-0.007833959744110875,-0.002930728868445986
-0.04009847136737483,-0.007991611266099678,-0.09236911651588223,0.010206240160376927,0.0,0.0003658894905720633,-0.037220946786653136,-0.00040414883842684727
0.004558319425157299,0.01252642491797934,-0.07279587150542685,-0.01574737455834292,-0.00046868210840578933,-0.0023848089589010046,0.04135396355913974,-0.0012281845310046057
0.0820815608609206,-0.0007864150392227101,0.01085648419545965,-0.0035393205929268165,0.0001182686575010583,-0.001443039375395714,0.03800655630248153,-0.0017525512165167847
-0.07686488568356031,0.0009987247045917247,-0.06774400392478798,0.009254765866155056,0.0,-0.0010170158442167516,-0.035177499171560996,0.002210553349735708
0.08078795131215048,0.007076967903096828,0.015457433690786176,0.002587990023614715,7.822817954000455e-05,-0.001964997734703582,0.008125017257354738,-7.826421226370117e-05
0.09322735146924298,0.012766758941650642,0.06443857206707163,-0.013764893039210824,7.830550834342365e-05,0.0016709462631553725,-0.0007374001461019927,-0.0014749170553465419
0.009220928048852627,0.0008637275013695864,-0.051896254575725484,0.011014424328690119,-0.0008058062017580518,-0.000310254026578857,0.027484169238970634,0.0004601102028040356
0.06443035324556029,0.0020655748364002274,-0.11517584989717192,0.014806254342159233,0.0,-0.0010978418154519026,0.017481608268985833,0.0018907543563599805
0.04234917365283486,0.008862989366496493,0.06480418445597227,0.01689844707433717,9.043742392619847e-05,-0.0005797583714086189,0.00777279413563734,0.0023400316297091787
0.14730715018173215,0.005179563093223873,0.08531675647741538,-0.0018043488175242817,0.0,-0.0018784439469181123,-0.04379608935028288,-0.003060050320539406
0.025811189729676835,-0.013861483526750807,0.057950263781164295,-0.008101034478454798,0.00022526888520009447,-0.00212412396537556,0.0441122230981223,0.0015172570391852797
-0.05335398321483604,-0.002739777000525217,-0.09469362775980646,0.01771547107453635,-3.408613134493754e-05,-0.0007645028769447366,0.02266698915568941,7.637711653491023e-05
-0.027779173591189095,0.0077239071733786425,0.04143187278745115,-0.010654244294411537,-0.00048334082250663075,-0.0003521581464992138,0.020450714377755703,0.0010800882867269693
-0.004425438413750382,0.011387325478717257,-0.007784040172814845,-0.02056981664031864,-0.0003495472092752788,0.0005182924792011476,-0.012828534163428551,0.0008627947222326935
-0.14545693321261008,0.01087900903444175,0.10896475275702996,-0.0010182440009582987,5.965501170886005e-05,-0.0018871468446814183,0.039759762669516925,0.0017611636813624123
0.015266809346960302,0.005336589941952967,-0.05111921924203226,0.010964086319348223,-0.0006749771204882336,0.0,0.02528275272649447,-0.0004517936795254106
0.16477637862295175,0.004714182141343468,-0.045746413618248626,0.010785441018215613,0.0,0.0008437497997583893,-0.04753120027332201,-0.0013118500106352087
0.17533948470562216,0.0007919995358504875,-0.09793810314742596,-0.015860380514920083,-3.935601910630415e-05,0.0015059938187787295,-0.02712786347846845,0.0037417666473130657
-0.10542272905545941,0.0031793845944758773,-0.03458514878388703,0.0035160243520153864,0.0,-0.001389468159507662,-0.025851005528159044,0.002130159962914314
-0.025536440618649688,-0.0042654630179686185,-0.08890974635084621,0.01394169455782509,-0.0006017575112129969,-0.0009241047278954847,0.014810423483981788,-0.0019117607975873622
0.19162152500982366,-0.008201015384826895,0.10115133920259178,0.002873014853260568,-4.580476343418738e-05,-0.0002439060086251508,0.03729317473680078,-0.0030937817529218597
0.12678612429945957,0.00911600537428713,-0.051287549573116806,-0.006081327278707305,0.0,0.0,0.035261733665605935,0.003690911681524741
-0.012503313592096643,-0.006672630359120847,0.09998427863248452,0.012485197705042937,-0.00027925542478338117,-0.001566768608842177,-0.014790410979165327,0.0035877937186571725
-0.13012738436736015,0.0008709051478241184,0.11384775533811399,-0.0017572240153471861,0.0008469463886631953,-0.0006056978226788405,0.040900652958038186,0.00211967128112166
-0.007960478781510924,-0.011927255465272362,0.053539987420755414,0.004923198049958262,-0.0006044441123291594,-0.00037516659632924956,-0.007161638382116894,-0.002667830558674003
-0.09002602190664581,0.0053486663126656765,-0.08175298110453033,0.005828289463036783,0.0,-0.0019001249575466561,0.011942968592613573,0.0015775774544196952
-0.043144952429437146,-0.010649683444196367,-0.08163254072276512,-0.007995309313155305,0.0003344140663843198,-0.001451469263856874,0.005742063543647747,-0.0021456851905767866
-0.08091943523612544,-0.005314916610615898,-0.010829722022406084,0.004626336838945848,-0.00012454682978639553,-0.0020481555934955997,0.0006151527072305765,-0.001516433216700892
0.013252944328265383,-0.01145569332056851,-0.06925600767097445,0.001490395424514928,0.000539190827034456,0.002257253049602071,-0.004709191024877205,0.00012102653311867051
0.14914953560110739,0.00958343906012891,0.05445727302239232,-0.006817216323254961,0.0,0.001180032635149486,0.004383302808078449,0.002395566797875999
-0.13258895092376152,0.008554267681464818,0.0674878770352573,-0.00640643238682843,-0.0005559886015943927,0.0013818555308412533,-0.033636133325049604,0.002327687460582342
0.01012355055243521,0.0070185404786120955,0.015407072005073214,-0.010242609750627513,0.0,0.0002181058569376195,-0.027558341491860268,0.000828544513677205
-0.1217446666790193,-0.008367144867177548,0.022470459864387417,-0.017341539261431595,-0.0002437864513096799,0.0016024423641601692,0.025041349158126277,-0.0019455466401148806
-0.07364229096654382,-0.004644220223223381,0.12685760038484886,-0.02001183316504952,-0.000999167565542668,0.00017772927964217894,0.025951067810625367,-0.001519116350932195
0.23785455670270958,0.008489930304792637,0.108484181579472,-0.008787801888236371,0.0,0.0,-0.001938022520568794,0.002768193637673159
-0.14012640789692646,-0.003109077774628858,0.10881180125126298,-0.007644986670816619,-0.0001382373342074441,0.002050972962528947,0.04798127704433401,0.000821246779031627
-0.03000186105874908,0.0026744986529662843,0.07962301878026525,0.004500866967199361,0.0012038690755027189,-0.0004477940275016747,0.04233892782671514,-0.00041911974149720643
-0.07113063083444186,0.00988463420205669,0.09048999952909755,-0.019816176014216556,0.00016088591238319627,0.0022197314755898153,0.0021216926195830287,-0.0007616419988277313
0.08139448464840159,0.011027324172202105,-0.09252512921341201,0.003769044201469264,0.0,0.0007567271236612085,-0.022891070904380712,-0.0010973665232096956
-0.036044220388996205,0.010871024171520973,-0.05115481167770364,0.011157262637873486,-0.0003696465074485844,-0.002054766522834097,-0.01631862690771552,0.0009933473032410418
0.18972278722174993,-0.0016611447829284487,0.02171158168947021,0.011741287626858875,9.090778863879434e-05,0.0019103232266012484,0.019579625101871848,0.0008124745222598208
0.0588222096931512,0.004738264696139146,0.09542616791418086,-0.0004088149642750005,0.0,0.0010299548333426458,-0.009375116006446317,0.002765255940406051
0.17290289610168338,0.01104020583851454,-0.009899739291910998,-0.003914295065239901,5.227561306672679e-05,-0.0013262397065176923,-0.026935280210273017,-0.00296405438924621
0.1954928076976954,0.012938484315236481,-0.056080253619849495,0.009261227932545479,0.0,0.001954851343605263,0.042785793641654905,0.003092231395774981
0.02239988739359319,5.75020975827345e-05,-0.015131054024423253,0.0060724797221161945,0.0005479708808060046,0.0006212456119485232,0.002779554565606235,0.00019494628617696685
-0.008576912571398584,-0.00823978604966525,0.01145295537885555,-0.01695504467706007,0.0005866255772361586,0.001272430996181784,0.00024748017652432094,0.00016612270435214724
-0.020797586899057623,0.011728919279937498,0.020353847899687326,0.011666137708954206,0.0002805914823968969,0.002142110559937617,-0.030642943275151775,-0.00116103500759319
0.07577070584254951,0.01179697876129055,0.0572781700787087,0.013264806375073029,0.00014726855273908268,-0.0005260257593736526,0.008144772799116632,-0.003950400783108517
0.01564295092437076,-0.005378556410810298,0.07784491113032023,-0.013332189981425536,0.0001538636496437179,0.0016694498505580176,0.02680154804947115,-0.0007180778479718645
0.11119508596095369,0.0021690223326921326,0.11949461969200664,0.005683063051766921,0.0,-6.868608656129815e-05,-0.0474663675447875,0.002052416177449701
-0.08510360630792688,-0.009063801848194256,-0.04733385707545287,0.014919599670175216,-2.641594446781137e-05,-0.0008234042225694337,-0.03750972906972154,0.0014710880934094169
-0.08060205872368373,0.003548136495229778,-0.05337561196060057,-0.010035539553468226,-3.174039490200231e-05,-0.0005078355080342592,-0.035284114998773604,0.0009669304419345682
-0.09423726317583123,-0.0009697274538885794,0.12892928647007681,0.01468881857706231,0.0006726081912489068,0.00045527396565744405,0.027900967297070416,-0.00016269283672940005
-0.028087776308722723,0.00033476431688859277,0.0010932054203617566,-0.01993433851445095,0.0003915564711277673,0.00024155512148296351,0.021278571726625756,0.0014955504176008784
-0.10102109522873179,-0.010976001178075569,0.06396775802672333,0.0010533943333758775,-0.0005530148105414787,0.0016652314055995835,-0.014827468776386998,-0.0022672542465509253
-0.027141626109426546,-0.0010478315526438696,0.042356430979643596,-0.004314133343324305,-0.00015073762373779553,0.0006161741894044002,-0.02659586582066612,-0.0007468384883310509
0.05887127265434993,0.0026014114905027097,0.054170321675032024,-0.014789701505992478,0.0,0.001632211786195496,-0.0032649110700203876,0.0035591100756173838
-0.1120775036450638,0.0028091627938521147,0.05100515192751875,-0.008061820833725093,-0.0004570131294450164,0.0005047549629599108,0.014783564997954688,-0.0014652217411964083
-0.049331672366587136,0.0025307512652655065,-0.09918113013694972,0.0022849939679605654,0.0,-0.0007603489025050092,-0.01683906348974635,-0.00215284376043436
-0.016750654467761937,-0.0085546230586248,-0.030301025115348653,-0.010174691626638291,0.0007059907860948572,8.0272138393081e-05,-0.031561703536373394,-0.0006169703797654067
-0.04865652542552834,0.006513942082815009,-0.10310648502583811,0.0037094825340650284,-0.00013010705192575966,-0.0009087426131423,0.009560500095704572,0.0010842988804201843
-0.07411184201789124,0.01218262510596255,0.010529053136628776,-0.017951171384411022,-0.0008586429747444585,-0.0013402996829495971,0.032471132012357865,-0.0014222907965217768
-0.0887979128211701,0.003290800292149625,-0.04800419095577104,0.012749616755631105,0.0,0.0007220989178501613,-0.026071749569175056,0.0018207384653135688
0.15787323971397985,0.009333705899828425,0.07993170750514991,0.005539404190143687,-6.995360597944478e-05,0.002181707765727804,0.011462709343139867,-0.000851127505651948
0.028141014997161012,0.006289427305290306,-0.09429169220961611,-0.01651672565011666,-8.104527837306946e-05,-0.00103691930001533,0.03178786124960983,-0.0008223398183869955
-0.08328788751103197,-0.005743926675788069,0.0029840175347265172,-0.010175655732572356,-0.00015563208935952255,-0.002188018703657144,0.03550230809706585,-0.0017891980623221866
-0.06082150550164896,-0.00530203271913136,-0.06790527344756767,-0.010617059573495754,-3.535245615299276e-05,-0.001042178572444415,-0.02799666774221236,-0.002389139057924273
-0.06418875030671534,0.004755304632260685,-0.04046809011914171,0.0053450429248624795,-0.00034673960459175035,-0.0012820472473189107,0.011094739183127603,0.001474441371646928
-0.06870598152045172,-0.00803257344109311,0.005780831456590176,0.007735708988771147,0.00022752118873775595,0.002044785378681138,-0.03262331303409581,-0.0015783166736117293
-0.03693749666178988,0.008400602425203326,0.05440481043620594,0.014532351480494919,-0.00017060514374356642,0.002187249328915826,-0.015328086340071939,-0.0013044996830700482
-0.08738046607775006,0.011320921972109725,0.05707402916634787,0.010726201269354332,0.0004326019986201704,0.001385970449502995,0.013589371959611862,-0.0019791052204845274
0.08485398402583809,-0.0018250784336029556,-0.1405425172484075,0.019305049165599796,0.0003121616882550905,-5.122061136112607e-05,0.0323084667969279,-4.896453797213502e-05
-0.062047958745339256,0.01200255608175557,-0.01827760743566948,0.012688698762836894,9.820087951344092e-05,0.001003678581903305,0.00805592242359431,0.0012452388665179753
-0.13143287214819163,0.003157009063431422,0.08667413973740584,0.001308789571783572,0.00031371318802537643,-0.00019205464286032713,0.0464258409301461,-0.0007247403589703445
0.14865874390675624,0.0009677638045682386,0.03881557374113453,-0.014876133366527707,0.0,-0.0008731855722134696,-0.03915222827176136,0.0021838226649227173
-0.04897627125747715,0.010330199716353853,0.03748538401538805,0.020710963938945188,-0.0003062577906280395,-0.0010212669570493229,0.04933452765594347,0.0021243382477662055
-0.04267825735939538,-0.01091096912838175,-0.07166540496727962,0.017984562633785273,-3.9722965190655546e-05,-0.0006770410982827762,-0.0038927377229287493,-0.0008331623799403695
-0.06537555620858869,4.11425924132236e-05,-0.10596635445180788,0.011999557352589766,7.442666170670036e-05,0.00012512775508044473,0.03466293277520107,-0.0010162985822859813
-0.031060249774552146,-0.0025510892525819695,0.03979804277537503,-0.015883007713666387,-0.0008521510445134405,0.0019914844654991748,0.028726262724849697,0.0022664964663464153
0.1456505224298793,-0.0130014614810024,0.03610867381433654,-0.011357965668617093,7.167561448148674e-05,-0.0012314332884410942,0.022888426259202115,-0.00378272176645124
0.2207558209372435,0.0030045589342448343,0.12997970942803827,0.010922419814420435,-5.968028110525658e-05,-0.0022897724410023213,0.02515113912516693,-0.0009851128999400183
-0.04165058666606517,-0.009196689457253169,-0.06372686651701734,-0.004481731189554989,-0.0004941708413615797,-0.0018921204691647155,0.003250549261508242,8.777551405000916e-05
0.06765919639830288,0.005740360044374541,-0.0008180804715275575,-0.01499103941839569,-6.851810701072325e-05,-0.0024349680219284396,0.0427811882956686,0.0025351058878894843
-0.07057721978687942,0.008320629879462749,-0.021458872275832087,-0.0031651844585670664,0.0,-0.00013201078162163038,0.01864260375213062,-0.0019121520133839039
0.11905932938993206,-0.002362114752502128,-0.07650042769662752,0.0007849852704911939,0.0,-0.002072833229008646,-0.015858195655605846,0.001647939498436158
-0.10098667533258239,0.00989082899198215,-0.009756850787897356,0.017310354041079622,-0.0004070029995773411,0.0021273093477313346,-0.027446333074444756,-0.001334920402923307
-0.007683858530940808,-0.0008333598838580342,0.013333167225298767,-0.01786275299807424,0.0010116757851038908,0.0014526558731530557,-0.009486124903733725,0.0009385043711341129
0.029265515129392773,0.001189413288390038,-0.05801173337402533,0.002287112795780133,-0.00043492999407083495,-0.0003144883685577561,0.045657199011516617,-7.319422893088331e-05
-0.09557490607698428,0.008929501105055452,0.01283901042914984,-0.012916588674990811,-0.0002762570924221691,-0.001578699662794093,-0.007399160139324017,-0.0008335327323889482
0.002333064281888805,-0.0020058007146048547,0.08130751024776059,0.0015913935358552243,2.8650200893792777e-05,0.00132115808686215,0.0066860755666556075,-0.0015613674360341599
0.06592659450917725,-0.007456930967888397,0.0258408278137832,-0.010569893386022836,7.529302473934657e-05,-0.0016060375521867554,-0.011372809575853555,0.0008513788060564271
-0.01952408723720029,0.007826890536409692,-0.08800252160400975,-0.008065367919333063,-0.00014120189627903068,0.0,-0.03879180322043302,0.00044402602696192584
0.005369628614452415,0.010804914480133158,0.07512379914457731,0.000714511140665377,0.0001479844511152184,-0.0012187637844219786,0.03443580974624519,0.0003450907961378379
0.15208304436868914,-0.010768278961506011,0.039137332654697904,0.003836535770741146,0.0,-0.0002950553684418489,0.006964770229590962,-0.002219629023186925
-0.027749081640196956,0.0015692704319652966,0.03421124440178242,-0.005172574245893023,0.001176365330757427,-0.0020733188996008086,0.02472898340324348,0.001844490588103588
0.21155307989250735,-0.00808939207386467,0.12602764922323556,-0.011803083125768324,0.0,-0.0019850298216972373,0.018479963940642948,0.0037190235740778544
-0.11611336048706561,-0.007125380062834303,0.016274176521264467,0.009494206376338231,-0.00035055653194877856,0.0015475446108384914,-0.003318093880436151,0.00047326435093562977
-0.11252507419534521,-0.005673059702899703,0.053051894792732944,0.01650585361379479,7.02048625741171e-05,0.000890599840459892,0.018736286388072957,0.0001895482568259277
-0.034771878525518114,-0.009823988206426808,-0.0908202358321696,-0.0004781663540590306,6.216855320735626e-05,0.0012803530225543064,0.024643763188806424,0.0006239953495648684
0.09289432216356158,0.01061978835348993,0.05913937882350498,-0.0021056262951233418,0.0,0.0025444888342831696,0.04137699489172115,0.0018210589827432656
-0.06376538333050108,0.007454285981094843,-0.050624198933231,-0.0040023228793517095,0.0004020215297137475,-0.0022202918753812338,-0.0369570993062554,-0.0019679710962357566
-0.08576066848930607,-0.003065541286289698,-0.08804952598491228,0.009282545725546043,0.0,0.0006938207342722658,0.028515366610073426,-0.0018378142362301556
-0.007673972981264538,-0.007862641572816626,-0.07386197082636543,-0.010763702746893195,-0.00023700398204438977,-0.0006319632735866066,-0.017097787424498568,-0.0016687002849940153
0.05561399655531466,-0.0075501386550516315,0.12458430252820371,-0.01357840222979093,0.0,-0.002539627072059949,0.027668162011794388,-0.002109343328810853
-0.10121250577522907,-0.004284096477156091,0.0899045389110447,-0.019776792950180026,-0.0006240306927739261,0.0011556398700614521,0.046516533452330346,0.0013147022295188543
0.015488386215057355,-0.00553564136164706,0.01897233642119475,-0.008755387504012889,-5.932305874351701e-05,-0.0025141609733823306,0.03092773063811308,-0.0032830309581663654
-0.10932779830351158,0.01124190853089233,0.06304124600848415,0.009925769177827245,0.00027562112447669586,0.001039245636627298,0.02736933001588436,-0.0006285551498773009
0.08355141555435537,0.010633724552362065,0.02316383384697311,0.018804638951950947,0.0,0.0021800774262527756,-0.047113405451683917,-0.0003678870812283408
0.024594210581286382,0.011387876579831226,0.1255864791474332,-0.013619510460320363,0.00011457986090501748,-0.0021462810072274494,-0.016863677402827786,0.001406104705888365
-0.023188534825162182,0.010102888829869424,0.0971762593033577,0.0034258349303104875,-0.0002758424821274752,0.0017451399319807395,0.0362223061540712,0.0024126381878219246
-0.0937467220959898,9.581557711196842e-05,-0.07363888404345456,0.0036832810004702008,0.0,-0.0012399074471784717,-0.001434238520822802,-0.0005832086736316418
-0.009480882523770627,0.0008675119454708434,0.01568901971529913,0.016501267237872697,-0.0008710079061658725,-0.0012610440642265121,0.019074505735263456,0.00048347321911300367
0.1905299139765866,-0.011415840194070317,0.03169967204435338,0.011023690135849395,0.0,-0.0020621577527887313,-0.04102658471642035,-0.0013174164469143823
-0.0891681079995139,-0.0032657054674825195,0.0033518753532473314,0.003976263465546685,0.0,0.0007245496141952273,-0.018812371460463644,-0.0016878207095880212
-0.10216980733476717,-0.002931644895916858,0.014368445726532498,-0.012136708501125165,-6.204346223243062e-05,0.0011752167808661254,-0.032824679996921714,0.0020813499850260517
-0.02258723775247299,0.0030634303575317605,0.05536018690574625,-0.017381047831286106,0.00063580179984536,-0.0009728434882126727,0.041640094901860554,0.0009568603353353658
-0.019763442028154964,0.006688992756836294,-0.05246362062757742,-0.007758121621261215,0.00040255050904934586,0.0014209897316431498,0.016055523997813757,-0.0006749641480053701
0.07612140097833886,0.004522860491863579,0.008216688422055647,-0.0011912036372563467,0.0,0.0024206233303038557,-0.044079662160729956,0.0014465914063709281
-0.0453918043977219,0.0035445880321997273,0.08478408948138065,-0.00546790379239513,0.0010943989603780786,0.0007311985145026755,-0.018442896587911886,0.001951155845574756
0.09474209648336067,-0.009912288525601613,0.024261010451920608,-0.005190782096087812,0.0,-0.0020088340199189677,-0.005271198104907818,-0.0010616785436796394
-0.06296443320292572,0.006879793412884966,-0.08777634915224686,-0.007850990387828879,0.0002366626834594543,-0.0009204047594764818,0.040826700467381516,-0.00208998072332999
0.01660121854314574,0.0032617652871191143,-0.015058871377152356,0.004845295141815939,0.0002740479656051283,0.0012086136790827161,-0.003350208402101084,-0.0013081100534944618
-0.056941903229091664,-0.003045026055757772,0.09930461526174203,0.01284244424854227,-5.480479748679046e-05,0.0016491568042799197,0.04612663852194703,-0.0014131781323360273
-0.10168749373503007,-0.0064936137144528385,-0.004567098504011334,-0.016500664967450247,-7.147746632149565e-05,0.0018594549198436142,-0.020344502392603662,0.0010223496936306717
-0.1287670254497064,-0.007228796469577865,0.0635081773175302,-0.011979755284718787,-0.00028471933752184577,0.0002394700996935506,-0.003812162558323683,-0.001190130452236506
-0.08622515222752243,-0.0010613013536252473,-0.06781439727154417,8.438819664530195e-05,0.00019162544012622183,0.0021971982622526424,-0.01964776282221803,-0.00216002308353114
-0.07325960682842189,-0.004776551626811249,-0.08042154769346518,-0.013306322169747068,0.0,0.00015210313590497185,-0.00017976989715662688,9.331636300929924e-05
-0.10742212160917303,-0.006025903731705787,-0.05114739924767013,-0.0046628767245286825,0.0,0.0006445665795533212,-0.029992741808229535,-0.00013862006507336933
0.0032148360539067354,0.004224952441525548,0.017978262392310297,0.02081820196688692,-0.0006978254380187489,-0.0012641991831515785,-0.017286560756729717,-0.002610698576548359
-0.14042691535383076,0.0008852587392788289,0.05533501014072185,-0.0029363160212496882,-0.0001742013642088841,0.00019257219255465862,-0.018328517385707378,0.002082031829508416
-0.02714533356723056,-0.013037444949576642,-0.012459180750152742,0.012131177232834854,0.00024027477000826414,-0.001058515318941282,0.01535517016054293,-0.00037860035692808023
-0.015999010375721517,-0.004454068736517883,-0.042274107089750046,-0.00856793913060841,-9.288311943419781e-05,-0.0013598762106022979,-0.006424998998189983,0.0002460698507787684
0.19548380314856917,0.0068799490008245295,0.07952302641581584,-0.0022819510640586936,-4.231370013646485e-05,-0.0018297503171973563,-0.011951858708590233,-0.002193938961397813
0.21406817749833318,-0.0038627738175570055,0.04603217461502369,-0.00838394615102378,0.0,0.001327025129163717,0.03607970442278613,0.0024643524716808736
-0.08830050521186436,-0.009025394296523211,-0.0506316515832191,-0.01685209058298643,0.0,-0.0008101443908563672,0.038445905199212066,-9.48282171326642e-05
-0.018693558169652347,-0.005234989352161438,0.026504940302217284,-0.011212228960068196,0.0007692947550555183,-0.0018583068339555983,-0.016834924562144096,-0.00221709416662119
-0.07844322100925272,0.0020257527094045638,0.11629254375835964,0.017363816338382913,0.0006427937859317752,0.0001643088125667519,0.029576828107895654,0.0006350818740182183
0.05003519890608924,0.002244939718534448,-0.10767906533904216,-0.007189246326934442,0.00023084357776044506,-0.0017552042986713015,-0.02859484181291323,0.0005634459917003454
-0.12446752213006787,-0.0015792207904258876,0.02736246245993008,0.017517052647502085,0.0001689670630572876,-0.00028563403529781675,-0.012627086299226651,0.001460914746200949
0.23117741240309805,0.010376282162529166,0.07892299202668432,0.00807496522242096,0.0,0.0003815670165402407,-0.03705958573499372,0.0012662184009284004
0.19430523228675928,-0.012137856937886176,-0.11621722691892629,0.005942997171934944,-3.6623546547528973e-05,-0.0013090727496094144,-0.0199061278373468,-0.001854267116022428
0.06398376618826898,-0.01163696455111697,0.029308815191073607,-0.013221067282434398,0.0,-3.632996648106346e-05,-0.004184783066425259,-0.00017624197508428783
-0.05774876362155234,0.0065794793928336155,0.1253740763658055,0.0004939328037554177,0.0006699294248279119,8.662125807047671e-05,-0.015017926546842317,-0.0009707834448876809
-0.10590031645850959,0.004594097754677341,-0.03422050573027929,-0.013737663622953087,-6.489336996584605e-05,0.0021578124126975366,-0.026519394784540375,-0.0013829751933808197
0.1313887101022793,-0.0028506862132674643,-0.14057646665140885,0.012894154475529617,0.0,0.0006550525432714478,0.002975099485736222,-0.0002159440410296311
-0.011360609398539835,0.00568571940642868,-0.07863681325077988,0.0067788317904621444,0.00013291231349731036,-0.0018597142819640692,-0.01838807262522573,0.0022949954643654265
-0.11306291643289879,0.003742879163265442,0.059071193956521065,-0.018323383859016874,0.0005687366832952793,-0.00037537297997355945,0.02061026446374077,-0.00045838302578414005
0.16817824388478778,-0.0017110629341630372,0.1582001130734794,0.013126058757089602,7.354261562220188e-05,0.0010489798182147286,0.01702120028345455,0.002810294416468717
-0.08967991786857345,-0.004331116212697235,-0.04651494953287495,0.005528977286725723,-9.348823419222385e-05,0.002548718541251638,-0.006754238525711769,-0.0020935715635321517
-0.09476611116575184,-0.0041749389928945075,-0.024441633876309918,-0.013533406587459888,-0.00020507193666717842,-0.0010492413928856828,0.01802891579893841,0.00019989504120017376
-0.1347736071633523,0.0016091209480066848,-0.013466659333983723,-0.00015809971871601214,-0.0005090175360916798,0.00024044810133292798,0.03339329823513483,0.001968415369539077
-0.05604260914807499,0.009634961645312034,-0.05528975158546076,-0.001892464757013844,-0.00012784796560982858,-0.000814949438754611,-0.002573289870967981,-0.001597178603213911
0.16622782634247413,0.011839199430349803,-0.11407192083139257,-0.01825571504619231,0.00012463281654901542,-0.00130589304999472,-0.03528274340137917,0.002820276423389458
-0.09539201637607732,-0.0022616467965884627,0.11102498957602493,-0.016707336280732583,-0.0007735733286961234,-0.00198407069576773,0.0002524205154670585,0.0015875930746465825
-0.05490066347874853,-0.007488133363547393,-0.07905380873317497,0.002755100714541677,0.00014878752050725974,0.0021370917914113603,0.02663471856598205,0.0
0.20621306206232173,-0.009011703520558125,0.08908692710608505,0.017328188327287494,-5.381125226361361e-05,-0.00028587179784389955,-0.0026508939483666544,0.0032697028469505338
-0.1349202519427416,0.005256356237223736,0.07303234049543894,-0.006485111190870087,-0.0005995994549474609,0.0018358913972234252,-0.03572182277190328,0.0014389901659542634
-0.13073510356269788,0.010463041732649926,0.008024878028378792,0.0027119934350366393,-0.0002015053987211024,-0.00043644427818170345,-0.006567266335387356,0.0021186542715495734
0.03559907475092887,0.004565868451369339,0.04601230875904291,-0.0025530933855725337,0.00015851200294073053,-0.0021584363905792023,-0.04100607043220532,0.003100212023286943
-0.025155260916659,-0.00292149511750104,0.06031030829518988,-0.011572409320907265,-0.0007674828417538615,0.00035430796306804013,0.014043273876361258,-0.0014680201206362757
0.022106889710661083,0.007979580046864727,-0.10080282215366368,0.014517468403458798,0.0003440970448610192,0.0003729615695533781,-0.018871869386365602,0.0013479324325407207
-0.08256475768438705,0.004170802950336357,-0.0886891701783991,0.0030348437100173827,0.0,0.0009174724242112242,-0.03624936903379858,-0.0021122772267063187
0.02625168742498455,0.005467543662083247,-0.12282799921548633,-0.003909591885819872,0.0006396138565169178,0.0011698668431739533,0.0001409843810007555,-0.0004510990878177725
0.013978510107010064,-0.000902558052854201,-0.09449095924609997,0.003242383879577038,-0.0004246743590723273,-0.0007530647326946431,-0.023994611451466964,0.001966722765927059
-0.11387908123101453,-0.007538610021791188,0.008439763163841697,0.011148062952088108,0.000581143948521809,0.0013703334864032955,-0.0064715845781454515,0.0020587560279311324
-0.10843287971226928,-0.00788824047429941,-0.0409266290087082,0.012945592717546854,0.0,0.0014599673997036334,-0.02895043348790532,6.48449097866155e-05
-0.08556647033926383,0.0116736322851807,0.00895080451470238,0.005858665830554586,-0.0003120277279880443,0.0014708133092030365,0.00031346565918908447,-0.0006318371197626291
-0.05500868759395286,-0.007692104494243426,0.12493130854684582,-0.019824826707143,-0.000270561928170307,0.0018711782791232601,0.0320396340270498,-0.0019425440894845314
-0.02667516760273014,-0.006600520290073558,0.13213102306286148,-0.01765072396315485,0.0002799007082789212,-0.0015002442917378667,-0.004761643994592629,-0.0014253415730716755
0.039383824270224174,0.006177968268662441,-0.12471018042500269,-0.01174323248563663,0.0005732314002748484,-0.0020853388223468065,0.0062127180760031585,-0.0008731264562327972
-0.06593322328947229,0.012469092160535137,0.09337605885283078,0.011642046432970685,0.0012237966305510377,0.0005222277494070782,0.036477777296253254,0.0015514896310471632
-0.07048832437251869,-0.0031770375180876793,-0.09056381058976327,-0.011112656557868155,-1.7717700980496298e-05,0.0006185605105596556,-0.014501653399145827,-0.0017809296739381747
-0.0624710076000704,0.0018350629520683633,-0.08141787552104503,0.015222348302172192,0.0,-8.037790551523871e-05,-0.02057777661416641,0.0014869661597675182
-0.0885979470274084,0.007787773310286596,0.028731893519753967,0.0005851150198369348,-0.0007380937497183488,-0.0015433552091881062,-0.015352700312699193,-0.0013800190119672164
0.20361393068184705,0.010656091630112809,-0.09873557675759749,0.0011268165441761728,0.0,0.0004894972264828102,-0.01752616371665263,-0.00010277165567185165
0.03739827539121315,0.0034733774441483736,0.08273469520829974,-0.009272683073692708,-6.393895713470432e-05,-0.0020650342296850577,-0.04637739936141435,0.003298430707411508
0.20085524756748072,0.003482125113895616,0.08449101277538718,-0.012298254080627577,0.00010664227722845254,-0.002380532592277335,0.020076278291552067,0.003161909370650054
-0.06443275296564539,-0.003732758545475392,0.10300930992338046,-0.003345800729842963,0.0005202524845207778,-0.0005899199303858663,-0.030219312808315076,0.0014719621598426181
-0.13251703764340353,-0.00909302374062593,0.09457875973196218,-0.005570067704748717,-0.000671180349217035,0.002219676539547487,-0.012888872291352401,0.000706386412140575
-0.04910115548030901,-0.01095258918174331,0.11307803819834156,-0.010234211085189054,0.0004622857993576944,-0.0007350166201495511,-0.02287527932876619,0.0016100465584105144
0.15787648256685408,0.0004201640546189489,0.035563028125357485,-0.013350070812384108,0.0,-0.0009948086264708477,-0.004244571831062,0.0012996475715845864
0.13824517274877451,-0.0005165003015861248,0.06777940317675503,0.015296308130006962,8.292501454720824e-05,9.512007448052363e-05,0.03036508547828718,-0.0026316416377345415
-0.11735972437280673,-0.0006071719843143391,-0.04306715265139071,0.005736015160246266,-2.639630140405247e-05,-0.0012704400170191117,-0.012230975460330603,0.002576121918938918
0.13360973875411633,-0.006091630918621052,-0.13952408924328197,-0.012282228278678621,0.0,-0.0021690611565745315,0.02932965727344799,-0.00013781169418013378
-0.11371324557573273,-0.005758635033074782,-0.038723326445287164,-0.012912851935006938,-4.282318640216887e-05,-0.0011482299365167517,-0.0016712535561243078,-0.0014265310925743488
0.005154907642466042,-0.012466777560414985,-0.036076748336739024,0.01149982875147291,0.000695686594716324,-0.002110442525790025,0.03460966278520513,0.001969700497244462
-0.019416350004445956,0.002143737171028046,-0.06250592188167682,-0.01571837558618809,0.0006815686533848607,0.00044873277799378775,-0.02979997687277984,0.0012050855749101386
-0.1016273809663144,-0.0038270845379322345,0.11576927379292283,-0.020470356741353803,-0.0002809379350732222,0.0019044555591155555,-0.04199300816272838,0.002235620459644014
0.19950748163581536,0.006654772617998741,0.0755051556892085,-0.01739364141383752,3.7033766557725833e-05,-0.002244620073284653,-0.03984369753840783,0.0022974191269873497
-0.04995009629254619,-0.0013971196297924073,-0.06047551852521339,0.0002148141238668133,0.0005273587456007616,-0.001910136745350055,-0.0013024278471945381,0.0018003898158427815
-0.09090788421634252,-0.003767124755639881,-0.04942557337123428,-0.00886831457653713,-3.872711726238265e-05,-0.0007537818320931018,-0.00339791648524072,-0.0015732466572812016
-0.14293181060366464,-0.00846230727582502,0.07753770014690234,-0.0022775031316777097,0.00038174570922915014,-9.847687997192878e-05,-0.0003068196997397915,-0.0011928938369190317
0.049571162990781945,-0.009983499422613786,-0.11528751064420857,0.017382802876966953,-0.0001476276401567722,0.0011565540694033725,-0.027098988329037888,0.002034139902147258
0.03400023125723221,0.011624469275493524,-0.056414247277109364,-0.0069951818337735385,-0.0008719562009109878,-0.0013119412375123937,0.019996311071002363,-0.0004176919578318212
0.14635841924871468,0.009748547083131068,-0.14331017558480855,-0.01168339652515783,0.0,-0.0013053716991420772,0.03989525344162988,-0.0016381860161956247
-0.009666683705432541,-0.006589300717035711,-0.0689479582212352,0.0060787626957908465,0.0006074258886526393,-0.0017079333992628468,0.03675234330029522,0.0020111990007894696
0.055410420319113904,-0.004387624145985919,0.08748674235757663,0.0007238144504314052,-6.729000975838617e-05,-0.0019791375847263157,-0.046212408130889,0.002470685019247155
0.006527039238281415,0.0005350477565910227,-0.08943819151943658,-0.008596686618109882,-0.000635867588138588,-0.00018034537172381682,0.02666134547648636,-0.0013407557730111825
-0.07844264787485107,0.005096631987947636,0.11382564137640068,-0.009286410287356436,0.0011294230319616359,0.000946094293013261,0.042636155299474565,-0.00213628506226791
-0.02265679436464367,-0.00045848042340636275,-0.09890593867511581,0.0013933803019424399,0.0,-0.002161371318758602,0.023856868489624653,0.0016664573447876104
0.11370764752684617,-0.001399475098940354,0.12598577063244307,0.00260097168764742,9.457658061873264e-05,-0.0017883410610183609,0.04675097883330288,0.004023435755832414
0.21928037794797517,0.005982224850769508,0.10189599510547587,0.014779738326997801,6.839367274297237e-05,0.002010018579319817,0.019701053919688804,0.00032495404952023223
-0.06637171484754671,-0.00980165528061377,0.049582450366896305,-0.0009536636942112375,0.00075515115897575,-0.0014411732735082545,0.03625446858077729,0.002241240048891678
-0.08041818055845426,0.01331344623261988,0.09837396099508812,-0.013292637477992732,0.0007601479015804391,-0.0015061457070901431,-0.017566038913713687,0.0
-0.03066626761900356,0.009565209173845405,-0.0353740154487566,-0.011836748707572075,5.3538286289914194e-05,-0.0013254206414610359,-0.03159591474671409,0.0014383965275865812
-0.13648918804282037,-0.00045807061657773026,0.07084212732256089,-0.0074583406041327524,-0.00012134085345438805,-0.0013036141680214193,0.005793676465082688,0.0009100499286607348
-0.1267544760712686,0.008119410097747165,0.03185882145801048,0.012580598652372713,-4.831776502538243e-05,0.0012600787226570128,-0.017229366867041,-0.0011418178674119344
0.0467928711380518,-0.0021210340437387326,-0.0981562943786644,-0.00992026866407033,0.000696905275141109,0.0016168892892512118,0.016936247052158893,0.0013617973729521395
0.06572304671797713,0.001359607315511888,-0.12057499635906652,0.011917949086382072,0.0,-0.0016240766298289383,-0.023980140374697093,-0.00012320166706848712
0.18801871485534283,-0.010216213470349015,-0.05817051995740275,0.001046258296541227,0.0,-0.0004853400824648968,0.03260768723163457,0.0006659658640883833
-0.10719326612191209,-0.007133805087993501,-0.05765076179423833,0.013380018340961197,0.0,0.00044834001606619545,-0.03541853055013556,0.0025725033281651815
-0.052095374823578004,-0.010797474427950381,-0.06576015328144004,-0.0155578162104511,0.0005726785740894046,-0.00016945225572134737,0.012017234806151583,-0.0015829326056399405
0.1842534776111362,0.013035142730792853,-0.03090461557438319,0.010656442614567281,0.0,0.0022280266757201683,-0.04167007798307942,-0.0029280543562742404
0.02059488893815103,-0.011858240034072352,0.06378799788193047,-0.014845701361191309,-0.00023846579558965686,-0.0004217482978922867,0.032363937429169536,0.0026278635240967133
0.04364819810232521,0.006204051727489927,0.09930041504421762,0.01564795538863352,7.835613654275076e-05,2.420311782855289e-05,0.016759700365305705,0.0001969143003107469
0.2197203708105218,0.004258766405829039,0.03244224504143673,0.007230006553521309,0.0,0.0014433313497748124,-0.005925557039980722,-0.003635713136557753
0.1525979045213307,8.580576226602243e-05,-0.04346401016420124,0.004260215618250011,0.0,0.0018691733170750134,0.020395102072991736,-0.0018984042183300045
0.053877856813855575,-0.006917860078588374,-0.05768364930639694,-0.0017400992041662366,-2.970129595859794e-05,-0.00027384713406747654,-0.04699035221651666,-0.0034155553508164096
-0.005862776059957796,0.013588807802550848,-0.02658562396283404,0.01422803623561911,-0.0004673448339146645,-0.0006508150490304709,0.032278278005266926,-0.0019236845429166098
-0.062445187275999334,0.008468590978976598,0.11507120532881848,-0.009493452807656013,0.0,0.001148116087729134,0.031698225550175714,0.001641763567910075
0.08181355047267365,-0.007160515722884529,0.09594287440992687,-0.006332308286610224,0.0,0.001447386695991315,-0.02831390074318604,-0.0013951005505884128
-0.10429570195676217,-0.0012612117684645302,-0.07108084147095377,-0.012240641746492455,0.0,-0.0011130240667826807,0.03288773879643102,0.001141004807234225
0.1262648132621457,-0.0006901249671590337,0.12992338778835472,0.0042003644676290725,0.0,-0.0017479045837180361,-0.0016659588953011996,-0.0019391736112322083
-0.09264374786977453,0.010109362089353842,-0.09021450470008611,-0.0025647269004022903,6.02601949146464e-05,0.00048530210733149136,0.022064638678335868,0.001299568027566168
0.17453085132670496,0.012394524790582333,-0.14462331553660923,-0.017486758490030497,0.0,-0.0019664380334957626,0.048293809618190665,-0.0027892619043094554
-0.10226713405872395,-0.008351079514935942,-0.043710820083067536,0.016038851559355242,7.605320987974507e-05,-0.001191628052618033,-0.015251411808038491,-0.0010355544044586798
0.22263660337300584,0.008912304204711606,0.1273603366343401,0.012366458352395355,0.0,0.002288778725423287,0.0061872831710185205,-0.0038465128892359868
-0.06003144213053301,-0.002777192138119816,0.01041332755718405,0.008138017161385172,0.0004772445016269728,0.001683282544534482,-0.038815794634292605,0.0004467134747091761
-0.0517565607063002,0.007709614465962125,-0.058511082336010344,-0.013215124434806557,0.0003060869261508059,0.0013062494430209912,-0.031038476288434872,0.0020428572596978565
-0.025282632900266434,0.007225081638750984,0.01080223538917415,0.010452684036678988,-0.0007594357375669972,0.0020973671384700784,-0.002954281519172556,0.002268498550440515
0.00262178693715133,0.008445796599817878,0.08742536142383037,-0.007763882223205684,0.00012111351894408123,0.0018227941981452797,-0.03338113894007765,-0.00036377929956360466
-0.0631694558320243,0.01327266783053366,0.1095145574082288,-0.0038901755985909494,-0.00029060927647561334,-0.0014750634397466015,-0.01727067604286456,0.00033111015411826233
-0.1211706146379067,-0.0037392700338828425,0.11542745135478565,-0.007405128708726462,-0.0006253605311091898,-0.001498275281736955,-0.046552000575980176,-0.0014006406847150937
0.13387030542239098,0.005037968171928506,0.1277396438924958,0.0036171062726450256,-6.179862078548037e-05,-0.0020051451100394427,0.02403423380349848,-0.003856181062523111
0.14045012747930127,-0.012971815797580628,0.10467016083585177,-0.010484327583812948,0.0,0.00043366372048148083,-0.045881404044283446,-0.003334655138288955
0.09927177073445008,0.0067134742507749074,0.03299692376604206,-0.017448153545335663,0.0,-0.0013996072465272957,-0.03353048985371927,-0.0026866205241568874
0.21083923322607484,-0.0025304375249162406,0.05033561577981142,0.011653957275847117,2.7469960129089532e-05,0.00203368585285351,0.0002839200726726644,0.0007713655250785191
0.24011586833645546,-0.013663852205598459,0.08809245216144546,-0.00220688767372754,-4.177149781137146e-05,-0.0012623517156458023,0.007722796505363838,0.0004259966873055386
-0.01445766247928176,-0.004147135556516485,0.03830557521730636,0.02063678342492213,-0.0005259845595865995,-0.0019312927533060753,0.015815140995092097,0.0
0.15980747280303395,0.0047086334677671204,-0.13681036359845927,-0.003971261527682501,0.0,0.0009307827954728305,0.01297372301841649,0.0003059102524170451
0.14940897908481432,-0.008558034446723373,0.08025464482537108,-0.01034416309033372,-2.9375784391978622e-05,-2.9035862721321637e-05,-0.009188937460624668,-0.0010914451494738182
-0.05413399445496883,-0.0028364193955651585,-0.08488399315772374,0.014089213444324098,0.0,-0.0003501749886191958,-0.02705433520967227,-0.00010807372354176836
0.08386127273500382,-0.0030374765528029127,0.13919312326249708,-0.0036804514865857456,9.692334572722396e-05,-8.89413841236586e-05,0.017484646576246644,0.0007080159351854393
-0.009955790832622831,0.0055641671594301965,-0.011894872031743497,-0.013178134836849004,-0.0007622525422250663,-0.00041067543359775166,-0.031137196720468333,-5.876322390375305e-05
0.08182211369572094,0.006531975276023752,-0.07114353803011547,0.014192369958572187,0.0,0.0018208344848089574,-0.00040251071873277644,-0.0030097045285255317
0.05696948336788606,0.0010437284784031622,0.11819004156000432,0.014648432177449343,-7.365816096810418e-05,0.0017691309217071128,0.015647750557226878,0.0024380078899595287
-0.09403287321436957,-0.0012176629804290236,-0.014422683007165506,-0.0037438270218971433,-0.00040570095555364505,-0.0020328934830809416,0.04338808051812318,0.0013154767788563354
0.1599069421058873,-0.009625335026953516,-0.06402579929174067,-0.00489045939148494,0.0,-0.0016202441896486092,-0.004956714635957631,0.0036846393374813623
0.15748630593040933,0.007196890253568299,0.04627264823776356,0.0071935177555332765,0.0,-0.0005724363507304819,0.00885764813899979,0.0027692533252574284
-0.06562938133924016,-0.0011775073616567444,-0.02858422132275522,-0.006317419854509548,-0.0002815355744010678,0.0021302678585133584,0.012260475871627126,-0.0006024813052586287
0.013887743344441763,-0.011015194084907575,-0.03980877941515938,-0.009702503976314489,0.0,0.0013113814676285686,-0.014956532779005988,-0.0003529846587986621
-0.06107873177231043,0.0036125568736548957,0.0932781744084313,-0.020969133127796927,0.0003147759070685728,0.0022682127298478934,-0.0378734195344998,-0.000948332924432729
-0.047827549043453446,-0.002902039206429842,0.03191184212983686,0.0018781969991579829,-0.0005093571263731084,-0.0006883484801857223,-0.044027100996388104,-0.0009280205389311012
-0.10338283095292902,-0.009612315532184132,0.0046797811649977395,-0.005295147149675386,0.0005347164579160013,-0.0010408174910859168,-0.018643800242180503,0.0021490795705110086
-0.10334046992480317,-0.008452179008308469,-0.08914615296687352,0.004776902489948693,7.344225905486779e-05,0.0006860120896772627,0.01081423383998751,0.0007958135202331449
-0.03640779075317836,0.0005143689155494161,-0.010413359079420223,-0.0010770473515139623,0.0011485648020291993,0.0020829547438126804,0.04456997558508377,-0.0019319070523916787
-0.06161102747741982,0.010162855593838083,-0.06477285104230848,-0.005893555035008172,0.0,0.0018187969957959293,-0.03885630116748421,0.002363436960924057
-0.10701139115475085,-0.011323831657788072,-0.018758393499875452,0.01573030026642067,-0.00047030114657063286,0.002045426981735204,0.03218100109425356,-0.00013359695720391307
-0.12599586957454456,0.0012637856150773175,0.07631932370748445,-0.001829959204232878,0.0005322082470209395,-0.0013951869186836312,-0.02194829369485794,-0.0003303389946305857
0.0820521635575281,0.001553728710929797,0.0697578182750473,0.01713614618641939,0.0,-0.0023617000214505067,-0.03857864640809938,-0.0014496483402441362
-0.057051407692482785,0.0017960713851150028,-0.03903518848950067,0.0044522115698725035,0.00048567695976041095,-7.915765582262868e-05,0.0026669503610103574,0.0008639258971782808
-0.11489490303386099,0.001796416975837908,0.010312697282741702,0.0,0.00010617721136742253,0.0019328354276566715,0.02598222732563628,-0.0020634530299872985
-0.040676117146760844,0.002156398463211741,0.03806542381693328,-0.007842014121792742,-0.00046882981269125157,0.001760969179862413,0.034025349364284065,0.0005993732236306019
-0.14592440769850443,0.0005274114635244241,0.12091730849957935,0.0035895154339413552,0.0005768726574445582,-0.0007452662340173121,0.008724181164409749,0.0012034355361858484
0.015672333509170133,-0.00857474929526284,-0.015074488432000908,0.020714605225411655,0.0,0.0012724609148857674,0.00685364473693137,0.0013426977888827353
-0.007804921305255409,-0.008916017372594748,-0.04799862665487751,-0.016390670685614988,0.00018201100015199922,0.0023527485852650274,0.04500992230477607,-0.001280961163714667
-0.0136433412211244,-0.007093392917345037,0.04657904515301272,-0.01927059297417401,0.00019073418182618748,0.0005660371033478107,-0.001781767655692281,0.0030067216974259897
-0.0772657904324687,0.004865292725607838,0.0817114708028804,-0.0055338101953731605,-0.000992857177682615,-0.0021456108238994956,0.02281409756091769,-0.0016114216301711497
-0.11317315914870868,-0.005174974730379521,-0.041018871570842295,-0.003700196810906218,0.0,0.0003707427878699987,-0.01664241785956317,-0.0010233827503799997
0.12420579918577163,0.004039128437792143,-0.12545443988251348,-0.0049896129723631414,0.0,0.0022414928787143178,0.0294342452660606,-0.0036662127680070155
-0.12211897609863197,-0.011526333054300772,0.038148108171049765,-0.010220472889230654,0.00016384667644394978,4.633634041312229e-05,0.04061189591057785,-0.0015196399932539924
-0.13025852851975736,-0.0006505037736390683,0.05843689209073022,-0.017349692230949437,-0.0003786263913313423,-0.0022505533588121525,0.0361155061393318,0.001183491740259453
-0.008894908249176742,-0.011057046598911966,-0.0023113611021842776,-0.010499714033153069,0.0,-0.0003252634177154101,-0.0342321404761474,0.0019267155390888019
-0.06831734722925767,-0.005015364778994102,0.12256655842256053,0.004183771438186083,-0.0010446423573141556,-0.0009683226138755829,0.01881664469090203,0.0011275630128746244
-0.10348944183811316,0.01024693364259607,-0.07345791322393844,0.011028797601249767,-0.00020654468728693826,-0.001886394632086438,0.033804940402567166,0.00012154584857920758
-0.003063510297221061,0.011785301666951258,0.019106600092151205,0.014559570323065051,-0.00018721523494095614,0.0019232449198822062,-0.04128353809126587,-0.0007420684875010901
0.14043079415843754,0.01047505195072431,-0.08177163913724937,0.0071797721362921564,2.7803042082871765e-05,0.0014088505390140165,-0.01098752916506625,0.003545602475871414
0.02078351495002809,0.012043603814150868,-0.023894991989024582,-0.02016685755043248,-9.917132531761606e-05,0.0018144079599364338,0.015392003489250768,-0.0011145625116137038
0.245738098771123,-0.00215170559340769,0.12993547033693706,-0.010233035712417859,0.0,-0.001573983124846859,-0.029822979295830963,0.0008460998503304062
0.24408228765294,-0.0018728624286960538,0.1313040790229552,-0.016356774209559447,0.0,0.0016497237130296235,0.04176813206628454,0.002938063167384861
-0.06813879763654832,-0.00021248354021681515,-0.008036140736124743,-0.006788427476279594,-0.0008108595472640663,-0.0008913326161429219,0.016043684131803577,0.001681442817106357
-0.040893937389622805,0.003164561616121198,-0.02322203407653563,-0.009106212985177775,0.0010562655298060747,-0.002006926979065505,0.010029304986496164,-0.0008358741654233145
-0.034087344367112235,0.005226852459904388,-0.0262332586191726,-0.015270528612252914,-0.0003224881596427219,0.000670070106863277,-0.04341753458021046,0.0
0.09242554931723054,-0.008286283313638914,-0.040657743754292916,0.00329063262145226,0.0,0.0009739700646447247,-0.027072556736638758,-0.0035461165929892083
0.0024549374155912345,0.009381562665388891,0.08209974336554154,0.018233319772947107,0.0002309969815219859,0.0016691956937916915,-0.025432522562572876,-0.001937011437729613
0.046323549760701674,0.00041121588131998193,-0.10625950232278242,0.006590688205264254,-0.0003936573633389964,-0.0006855005185522947,0.0019398500191814075,0.0006951940416266826
-0.0508016521823457,0.007760720607330294,0.06709923218155937,0.016064305528729034,-0.00038482329627848033,-0.0014599553388108366,0.026726231676135612,0.0016016263013033385
0.06949241994694495,0.006926847347337365,0.07840486741103238,0.001603130869969401,-6.26015688913184e-05,-0.0014039929849395628,-0.01137161421588742,-0.0004743488982096104
0.08038563881877911,0.001831766591280708,0.05321431245844152,0.006735241042627073,0.0,0.00042862350732923715,-0.03583515514730947,-0.0010514835762211047
0.23443687707023214,0.00687790961766147,0.15752081734758042,0.0007799007876790095,0.0,-0.0013304393474429799,0.013092677455472958,0.0036884438458065828
0.005423923212852808,0.011947453459973624,-0.048427318911991035,0.0031805164289654604,-0.00027051614821586856,-0.0013217101036249043,-0.03287332467050718,-0.0009271847331563006
0.13361747702739654,-0.010994373045120192,0.07112849746051503,0.01613863405091908,0.0,-0.001540636728412037,-0.04780942526473272,-0.003927264024316584
-0.071145434556869,-0.010828954607759653,-0.06306535303707475,0.003490458928562766,0.0005592911433203035,-0.0019964751019747435,0.02456035195190587,-0.0006408005148388482
0.07791101436766473,0.010287297365003818,-0.12349439305106664,0.018106869870726894,0.0,-0.0006951135939993747,-0.030490138529596877,-0.0031843706460901204
-0.14409964544534287,0.006105552347917424,0.057341792430286406,-0.008812594731339869,0.0004182787542995511,0.000370002900291197,0.0017509705059399756,0.0008380478263598782
0.05148963884710972,0.0018745735140292157,-0.1266417673105986,-0.01704088658166529,8.317578418442356e-05,0.0009402077491952527,0.03986298104279162,0.0021366267240749298
-0.08946959166217462,-0.00919984392115473,0.03851748722180056,0.017954752075936803,0.0002821947796131513,-0.0016652150355115438,-0.003336219792782403,-0.0002584429071577091
0.1780330211153588,0.013944422000692298,0.10594620299024546,-0.00957014342577576,5.126199213362215e-05,0.00011822887630465902,0.050587465105450126,0.0030642367489869446
0.033343302741440116,-0.0010416199831734731,0.11823315943199526,-0.0034271050336940746,-0.00021980621990771998,0.001908368980813669,0.04859417344056946,0.0019054458120241723
0.020828874444607154,-0.008219672064854938,0.10550978707508381,0.0181573908397653,-5.263320052964482e-05,0.0011316972395530168,-0.0037283277969772967,0.002328382825421045
0.10584524318705726,-0.009586259581551036,-0.13292323674361867,0.011893225881740356,0.0,0.00045947209586767734,-0.03190796619180023,-0.003899872064151919
0.09675407756209915,-0.002185325126306199,0.1366281831566084,-0.007057681273932309,0.0,0.0013558990238556328,-0.007978564857374996,0.0013234170485341978
-0.11138652513826461,0.010548506616524782,0.02985458010938789,-0.011451547929363206,-0.0002095111953748091,-0.0007330441906145641,-0.032910084789697716,0.0007817287375104662
0.09428101225467317,0.0009582105268346302,-0.016255019751496687,0.002840908068855001,5.899838336620444e-05,-0.0021727346165516287,-0.010940986442228677,-0.0024693732167201444
0.10763743033392606,-0.001235488136447034,-0.1276943887502012,0.016581573918452892,0.0,-0.0023580537210422256,-0.0018087256168464957,-0.0022250618996134722
-0.08675688950241467,-0.005919678915735306,-0.05003033594469353,-0.007163201745771995,-0.0001735466803097642,-0.000844548029919759,0.019090113552678988,0.00024845998637695876
-0.13134859604918023,0.009582816070241366,0.11030321323528162,-0.006792399672960487,0.00027358840998292024,0.00023593103596832032,-0.040693293772800565,0.0016657438667083651
0.15765670854990296,-0.004610461193489289,0.022584928395637475,0.006985470449238609,9.015331611703092e-05,0.001821364025752759,0.04145222237407051,0.0024175243825677417
0.13658165326276486,-0.0031634912650857884,-0.007778990054285762,-0.001378199803448453,0.0,-0.0003575765060712527,-0.039597066100951005,-0.003980443705187287
0.005805918821277471,-0.0038678820474425763,0.05638363119733286,-0.0060231654324377866,-0.00013297428636332986,0.001553398111749836,0.004601319543048499,-0.001509560380465163
-0.11749995645814243,0.001081828220719316,0.04746359199143172,0.000826492877784437,-0.0009117305574903638,-0.0022775179158598946,0.043000133307918846,-0.0017707195813716984
0.017079304044932415,0.012584053143871364,-0.007276001927053503,0.019392150803960607,0.00030721112758073005,0.00028657260196197215,-0.009000133422118202,0.0004424654416136182
0.21473314640668428,0.013147472799444681,0.15798354099094505,-0.006028651451109332,6.238274780684394e-05,-0.00010712538607008145,0.03413301508460078,-0.0006964284636218615
0.06870901431806799,0.005879697866722644,0.1455965216103604,0.002357715380453626,-9.4663018424479e-05,0.001992347475589746,0.035455299871857394,-0.0026602502071524435
-0.0885995146414982,-0.003930907692097624,0.06925744662044721,-0.013663359325758512,0.0006463158949140995,-0.00025413225161342867,-0.037860041212476145,0.0007594103993300135
0.0642179603716145,0.0037528581771776176,0.09134198136360298,-0.0043759431423350485,0.0,-0.0011236786531364507,-0.024051224303579737,-0.0034922356627910224
-0.03944947361944548,-0.012276048815401452,0.049351668648004894,0.012168058381089976,-0.0007224521653905585,0.0006588203727212605,-0.01012470397492957,0.001458618583612424
0.04408548171053683,-0.013661379317030146,0.08969346592249845,0.019430056587460536,-0.00021565494543653846,-0.00013529078450144616,-0.010974952510599283,-0.002290354080154552
-0.06913658366084348,0.004483490743545011,0.11662652946162379,0.010543870546856574,0.00014672938989647642,-5.852567596692504e-05,0.009786973486969525,0.0017284862317008345
