Feature,Global_Attribution_Score
theta,0.81763905
r,0.4070849
t,0.32298914
n,0.2818445
