{
    "dataset": "CrossedBarrel",
    "test_r2": 0.37928507190228067,
    "best_params": {
        "sym_range": 10,
        "steps": 20,
        "n_layers": 1,
        "lr": 0.1,
        "lamb_entropy": 0.001,
        "lamb_coefdiff": 0,
        "lamb_coef": 0.01,
        "lamb": 0.01,
        "k": 3,
        "grid": 10
    },
    "symbolic_formula": "0.035519754839461*(-x_4 - 0.450235637792802)**3 - 0.0653333961963654*sin(3.90697479248047*x_3 + 1.73293077945709) + 0.10808852314949*cos(1.74969637393951*x_1 + 4.84184122085571) + 0.0986994281411171*tanh(9.91399669647217*x_2 - 4.20794486999512) + 0.266852723434567"
}