Feature,Global_Attribution_Score
theta,1.0970036
t,1.0959593
r,0.70067084
n,0.26153862
