Feature,Global_Attribution_Score
theta,0.84344286
r,0.40517354
n,0.30136624
t,0.22891086
