Feature,Global_Attribution_Score
theta,0.79200214
r,0.45377776
n,0.3651945
t,0.24884015
