{
    "dataset": "CrossedBarrel",
    "test_r2": -0.49053074154002907,
    "best_params": {
        "steps": 50,
        "n_layers": 2,
        "lr": 0.1,
        "lamb_entropy": 0.1,
        "lamb_coef": 0.1,
        "lamb": 0.001,
        "k": 3,
        "grid": 10
    },
    "symbolic_formula": "0.0206148299731164*(-0.3163397399202*(-x_4 - 0.0676982599619161)**2 + 0.632533183436438*sin(3.58261656761169*x_2 + 1.01137101650238) - 0.0727513206352072*tanh(4.81852579116821*x_1 - 2.41741323471069) + tanh(9.9547872543335*x_3 - 4.798828125) - 0.0276772631518647)**4 + 0.147786900401115*sin(-22.1342146107796 + 2.44727186089046*exp(-2.13557934761047*x_3) + 5.39518868344459*exp(-3.87176871299744*x_2) + 10.9536519976174*exp(-0.175016641616821*x_1) + 0.0525134387568578/(0.604116320610046 - 5.23055696487427*x_4)) + 0.0920949950814247*cos(2.72416301068238*(1 - 0.707592192064569*x_4)**2 + 2.68440265548916*sqrt(x_2 + 0.931520382643857) - 1.30109240183816*tanh(5.19050168991089*x_3 - 1.57412552833557) + 2.00919867460076 + 1.95791536018641/(-0.834560725349644*x_1 - 1)**2) + 0.287114441394806*cos(0.739699976079199*(-x_4 - 0.636515248171881)**2 + 8.99496233622288e-6*sin(3.23364186286926*x_3 - 1.20578074455261) + 0.154945527522514*cos(5.29043436050415*x_2 - 1.43083667755127) - 0.0957383211983753*tanh(6.16330003738403*x_1 - 2.80117893218994) - 10.9969505224695) + 0.442296750843525"
}