{
    "dataset": "convex_seed_2",
    "test_r2": 0.9555126356522993,
    "best_params": {
        "steps": 20,
        "n_layers": 1,
        "lr": 0.5,
        "lamb_entropy": 0.1,
        "lamb_coef": 0.1,
        "lamb": 0.01,
        "k": 3,
        "grid": 10
    },
    "symbolic_formula": "-4.49860143661499*cos(1.30479967594147*x_1 - 0.654159963130951) + 4.61566033999225 + 0.00759256930899464*exp(-0.59999942779541*x_2)"
}