{
    "dataset": "original",
    "test_r2": 0.9532189841270291,
    "best_params": {
        "steps": 20,
        "n_layers": 1,
        "lr": 0.5,
        "lamb_entropy": 0.1,
        "lamb_coef": 0.1,
        "lamb": 0.01,
        "k": 3,
        "grid": 10
    },
    "symbolic_formula": "1.06754168250996*(0.497520945065309 - x_1)**3 - 6.43160876342879*sqrt(1 - 0.25023343537713*x_2) + 6.51573406159878"
}