{
    "dataset": "original",
    "test_r2": 0.9276291819357092,
    "best_params": {
        "steps": 50,
        "lr": 0.05,
        "lamb_entropy": 10.0,
        "lamb_coef": 1.0,
        "lamb": 0.001,
        "k": 3,
        "hidden_layer": 2,
        "grid": 5
    },
    "symbolic_formula": "0.473741799592972*tanh(2.40304405974162*(0.464422506037188 - x_1)**3 - 9.95380451157674*sqrt(1 - 0.374059031625216*x_2) + 8.99698211087498) + 0.521696358919144 - 92.1161329484257/(-(0.380002254499629 - x_2)**3 - 0.38731799833544 + 2.58769640419347e-5/(0.0919384865226011 - x_1)**2)**2"
}