{
    "params": {
        "grid": 10,
        "k": 3,
        "lamb": 0.001,
        "lamb_coef": 5,
        "lamb_entropy": 5,
        "lr": 1,
        "mult_arity": 0,
        "opt": "LBFGS",
        "prune": true,
        "pruning_edge_th": 0.03,
        "pruning_node_th": 0.01,
        "steps": 50,
        "sym_weight_simple": 0.5,
        "symbolic": false,
        "update_grid": true,
        "width": [
            [
                2,
                0
            ],
            [
                6,
                0
            ],
            [
                1,
                0
            ]
        ]
    },
    "val_loss": 1.4744259119033813,
    "train_loss": 1.4788657426834106,
    "test_loss": 1.4799021482467651,
    "r2_train": 0.9852125525662438,
    "r2_val": 0.986520731161303,
    "r2_test": 0.9853094794351619,
    "seed": 0,
    "device": "cpu"
}