{
    "params": {
        "grid": 10,
        "k": 3,
        "lamb": 0.0001,
        "lamb_coef": 5,
        "lamb_entropy": 5,
        "lr": 0.01,
        "mult_arity": 0,
        "opt": "LBFGS",
        "prune": true,
        "pruning_edge_th": 0.03,
        "pruning_node_th": 0.01,
        "steps": 50,
        "sym_weight_simple": 0.5,
        "symbolic": false,
        "update_grid": true,
        "width": [
            [
                2,
                0
            ],
            [
                1,
                0
            ],
            [
                1,
                0
            ]
        ]
    },
    "val_loss": 0.13536643981933594,
    "train_loss": 0.12161127477884293,
    "test_loss": 0.12575823068618774,
    "r2_train": 0.9993451224353338,
    "r2_val": 0.9991353032842343,
    "r2_test": 0.9993221526305509,
    "seed": 0,
    "device": "cpu"
}