{
    "dataset": "convex_seed_1",
    "test_r2": 0.927411993832664,
    "best_params": {
        "steps": 50,
        "n_layers": 1,
        "lr": 0.1,
        "lamb_entropy": 2.0,
        "lamb_coef": 0.1,
        "lamb": 0.01,
        "k": 3,
        "grid": 5
    },
    "symbolic_formula": "-0.00322052871033926*exp(10.0*x_2) - 0.285730421543121*cos(6.51391983032227*x_1 - 9.55279922485352) + 0.384366549551487"
}