{
    "dataset": "log_sum_10d",
    "test_r2": 0.6482777144134935,
    "best_params": {
        "steps": 20,
        "n_layers": 1,
        "lr": 0.1,
        "lamb_entropy": 10.0,
        "lamb_coef": 0.1,
        "lamb": 0.1,
        "k": 3,
        "grid": 3
    },
    "symbolic_formula": "0.99498376250267 - 0.0219262541363476/(-x_9 - 0.302136142627641)**2 - 0.504894303192136/(-0.640666159693167*x_8 - 1)**2 - 0.000234875198698505/(-x_7 - 0.487031920887192)**2 - 0.377266948820698/(-0.854603860496144*x_2 - 1)**2 + 0.0156067722146167/(1 - 0.806054434965615*x_6)**2 + 0.00901119215601648/(1 - 0.903321565990232*x_10)**2 + 0.009975136288285/(1 - 0.309329311620947*x_1)**2 + 5.90459927024322e-7/(0.87340701985848 - x_4)**2 + 1.1534443469465e-5/(0.836004598048181 - x_5)**2 - 9.33787712069448e-6/(0.06374889312824 - x_3)**2"
}