Feature,Global_Attribution_Score
x7,0.6059888
x1,0.49155632
x9,0.4587256
x5,0.40250063
x8,0.25710106
x0,0.021973584
x4,0.0020739473
x2,0.0016067111
x6,0.0012617906
x3,0.00011713205
