{
    "dataset": "CO2RRUR",
    "test_r2": 0.9999053128254666,
    "best_params": {
        "sym_range": 10,
        "steps": 50,
        "n_layers": 1,
        "lr": 0.1,
        "lamb_entropy": 0.001,
        "lamb_coefdiff": 0.01,
        "lamb_coef": 0.01,
        "lamb": 0.01,
        "k": 3,
        "grid": 5
    },
    "symbolic_formula": "1.27261006832123*cos(0.402929574251175*x_4 + 1.39646780490875) + 0.389956772327423*cos(1.35137939453125*x_5 - 5.36892032623291) + 0.548451931681484 - 7.62577674080059e-7/(0.952283627925926 - x_7)**2 + 1.96912930350228e-7/(0.918445412789502 - x_8)**2 - 5.22466302282137e-8/(0.915769110310138 - x_1)**2 - 1.12930693391984e-7/(0.912824587026673 - x_3)**2 + 5.09141239184144e-8/(0.911534063043982 - x_2)**2 - 1.07941057862201e-7/(0.0841435303961306 - x_6)**2"
}