{
    "params": {
        "grid": 10,
        "k": 3,
        "lamb": 0.0001,
        "lamb_coef": 0.05,
        "lamb_entropy": 1,
        "lr": 0.05,
        "mult_arity": 0,
        "opt": "LBFGS",
        "prune": true,
        "pruning_edge_th": 0.03,
        "pruning_node_th": 0.01,
        "steps": 50,
        "sym_weight_simple": 0.9,
        "symbolic": true,
        "update_grid": true,
        "width": [
            [
                2,
                0
            ],
            [
                2,
                0
            ],
            [
                1,
                0
            ]
        ]
    },
    "val_loss": 0.723404586315155,
    "train_loss": 0.7171315550804138,
    "test_loss": 0.7425321340560913,
    "r2_train": 0.8214850950153381,
    "r2_val": 0.812983520233161,
    "r2_test": 0.8078884531366864,
    "seed": 0,
    "device": "cpu",
    "spline_train_loss": 0.015800949186086655,
    "spline_test_loss": 0.016351735219359398
}