{
    "params": {
        "grid": 10,
        "k": 3,
        "lamb": 0.01,
        "lr": 0.1,
        "mult_arity": 0,
        "opt": "LBFGS",
        "prune": true,
        "pruning_edge_th": 0.03,
        "pruning_node_th": 0.01,
        "steps": 50,
        "symbolic": false,
        "update_grid": true,
        "width": [
            [
                2,
                0
            ],
            [
                2,
                0
            ],
            [
                1,
                0
            ]
        ]
    },
    "val_loss": 2.94944167137146,
    "train_loss": 2.919170618057251,
    "test_loss": 2.9352831840515137,
    "r2_train": -1.1039564628942329,
    "r2_val": -1.2180085147798891,
    "r2_test": -1.2283286339836694,
    "seed": 0,
    "device": "cpu",
    "spline_train_loss": 0.13464705646038055,
    "spline_test_loss": 0.13169777393341064
}