{
    "params": {
        "grid": 10,
        "k": 3,
        "lamb": 0.0001,
        "lamb_coef": 1,
        "lamb_entropy": 1,
        "lr": 10,
        "mult_arity": 0,
        "opt": "LBFGS",
        "prune": true,
        "pruning_edge_th": 0.03,
        "pruning_node_th": 0.01,
        "steps": 50,
        "sym_weight_simple": 0.5,
        "symbolic": false,
        "update_grid": true,
        "width": [
            [
                2,
                0
            ],
            [
                2,
                0
            ],
            [
                1,
                0
            ]
        ]
    },
    "val_loss": 0.5976189374923706,
    "train_loss": 0.6008932590484619,
    "test_loss": 0.6035881042480469,
    "r2_train": 0.9628033944562988,
    "r2_val": 0.958436239823217,
    "r2_test": 0.9584203617057632,
    "seed": 0,
    "device": "cpu"
}