{
    "params": {
        "grid": 30,
        "k": 3,
        "lamb": 0.0001,
        "lamb_coef": 1,
        "lamb_entropy": 1,
        "lr": 5,
        "mult_arity": 0,
        "opt": "LBFGS",
        "prune": true,
        "pruning_edge_th": 0.03,
        "pruning_node_th": 0.01,
        "steps": 50,
        "sym_a_range": "[-20, 20]",
        "sym_weight_simple": 0.5,
        "symbolic": false,
        "update_grid": true,
        "width": [
            [
                2,
                0
            ],
            [
                2,
                0
            ],
            [
                1,
                0
            ]
        ]
    },
    "val_loss": 0.054853737354278564,
    "train_loss": 0.04875591769814491,
    "test_loss": 0.052765846252441406,
    "r2_train": 0.9995453913731392,
    "r2_val": 0.9995196294591846,
    "r2_test": 0.9995264005134755,
    "seed": 0,
    "device": "cpu",
    "spline_train_loss": 0.05316047742962837,
    "spline_test_loss": 0.05679325759410858
}