{
    "params": {
        "grid": 30,
        "k": 3,
        "lamb": 0.0001,
        "lamb_coef": 1,
        "lamb_entropy": 1,
        "lr": 5,
        "mult_arity": 0,
        "opt": "LBFGS",
        "prune": true,
        "pruning_edge_th": 0.03,
        "pruning_node_th": 0.01,
        "steps": 50,
        "sym_a_range": [
            -20,
            20
        ],
        "sym_weight_simple": 0.5,
        "symbolic": true,
        "update_grid": true,
        "width": [
            [
                2,
                0
            ],
            [
                2,
                0
            ],
            [
                1,
                0
            ]
        ]
    },
    "val_loss": 0.3041327893733978,
    "train_loss": 0.29317402839660645,
    "test_loss": 0.29006025195121765,
    "r2_train": 0.12261943652785379,
    "r2_val": 0.13344406556870592,
    "r2_test": 0.15351185246918975,
    "seed": 0,
    "device": "cpu",
    "spline_train_loss": 0.07201656699180603,
    "spline_test_loss": 0.0809638649225235
}