{
    "params": {
        "grid": 30,
        "k": 3,
        "lamb": 5e-05,
        "lamb_coef": 1,
        "lamb_entropy": 0.2,
        "lamb_l1": 1,
        "lr": 0.005,
        "mult_arity": 0,
        "opt": "LBFGS",
        "prune": true,
        "pruning_edge_th": 0.03,
        "pruning_node_th": 0.01,
        "steps": 50,
        "symbolic": false,
        "update_grid": true,
        "width": [
            [
                2,
                0
            ],
            [
                2,
                0
            ],
            [
                1,
                0
            ]
        ]
    },
    "val_loss": 0.019373774528503418,
    "train_loss": 0.013854293152689934,
    "test_loss": 0.017590094357728958,
    "r2_train": 0.997934821292733,
    "r2_val": 0.9959832622324208,
    "r2_test": 0.9968178819906593,
    "seed": 0,
    "device": "cpu",
    "spline_train_loss": 0.12296520918607712,
    "spline_test_loss": 0.12649528682231903
}