{
    "dataset": "convex_seed_26",
    "test_r2": 0.9886640731949861,
    "best_params": {
        "steps": 50,
        "n_layers": 1,
        "lr": 0.5,
        "lamb_entropy": 2.0,
        "lamb_coef": 0.1,
        "lamb": 0.001,
        "k": 3,
        "grid": 3
    },
    "symbolic_formula": "4.20666941269957*(0.500760093315461 - x_1)**2 - 0.131411231979863*sqrt(x_2 - 0.0482128484215421) + 0.182701732963324"
}