{
    "dataset": "log_sum_5d",
    "test_r2": 0.9675980651795083,
    "best_params": {
        "steps": 20,
        "n_layers": 1,
        "lr": 0.1,
        "lamb_entropy": 10.0,
        "lamb_coef": 0.1,
        "lamb": 0.1,
        "k": 3,
        "grid": 3
    },
    "symbolic_formula": "-3.56752961874008 - 0.0965933771021563/(-0.553225235342776*x_4 - 1)**2 - 0.957804646476826/(-0.708295603024973*x_2 - 1)**2 + 1.13118447986917/(1 - 0.0610388674153678*x_5)**2 + 0.0830035902681106/(1 - 0.198411829959665*x_3)**2 + 3.30372212621818/(1 - 0.0440898682099418*x_1)**2"
}