Feature,Global_Attribution_Score
x1,0.8454389
x0,0.467289
x4,0.22747882
x3,0.077086166
x2,0.068087794
