Acc. Surface Area [m^2/g],Void Fraction,PLD,LCD,Density,Channel Volume,Pressure [kPa],H_ads [kJ/mol]
361.852,0.198524,3.34085,4.38027,1.21763,13.9873,1.0,-3314.8193359375
955.021,0.325109,3.69596,4.96763,1.03944,88.4628,1.0,-2744.14208984375
3254.9,0.645102,8.30154,9.96929,0.639911,1104.85,1.0,-1877.153564453125
1923.44,0.58603,5.40264,7.32565,0.994311,258.612,1.0,-2436.180908203125
2332.16,0.681904,7.16148,8.13779,0.783917,291.611,1.0,-2469.358154296875
2149.05,0.589953,4.77059,5.91231,0.954609,344.474,1.0,-2434.054443359375
1611.11,0.520447,4.00055,6.02697,1.09325,325.384,1.0,-3011.221435546875
4672.62,0.818789,10.47578,14.5492,0.421448,3051.49,1.0,-1710.6221923828125
1293.96,0.481308,3.7662,5.77442,1.22248,117.266,1.0,-3188.548583984375
156.467,0.1268,3.80446,4.05646,1.70187,5.32432,1.0,-3311.1259765625
2600.61,0.697995,4.86843,10.27299,0.822247,1014.42,1.0,-2472.1171875
2412.99,0.652106,7.66575,9.52473,0.883366,722.543,1.0,-1802.3314208984375
825.246,0.465636,4.02707,5.18692,1.39716,38.8761,1.0,-3513.182373046875
1202.72,0.51161,6.81647,7.68128,1.16031,152.02,1.0,-2516.789794921875
1871.33,0.589845,5.08548,9.35332,0.966721,908.675,1.0,-2858.277099609375
354.922,0.252588,3.55812,5.42182,1.4874,40.0899,1.0,-3531.277099609375
1572.8,0.532163,5.10903,6.67722,1.06722,99.7195,1.0,-2345.7490234375
3544.57,0.736308,6.61396,11.28335,0.631896,1105.93,1.0,-2136.291015625
558.885,0.293386,8.51354,9.20336,1.41766,134.652,1.0,-2139.13916015625
1324.09,0.658104,7.04166,7.16356,1.20858,206.427,1.0,-2877.161376953125
3445.41,0.893987,32.8289,33.35607,0.277868,5755.66,1.0,-1723.2735595703125
4103.84,0.840916,12.26313,14.15358,0.431496,2427.35,1.0,-1843.417724609375
4376.85,0.791352,9.70522,12.60417,0.476007,1426.1,1.0,-1497.828125
3813.98,0.746846,7.23129,12.3655,0.623353,1645.61,1.0,-1407.2366943359375
1328.19,0.51935,8.83402,9.5831,1.04684,252.26,1.0,-2309.04150390625
1107.6,0.439984,5.31433,6.17989,1.18099,102.399,1.0,-2692.210205078125
1806.18,0.610497,7.4054,7.89653,0.979921,140.19,1.0,-2179.8525390625
1678.22,0.584262,19.01787,19.24015,0.637238,1046.74,1.0,-1406.2078857421875
4892.13,0.79176,8.59277,13.05853,0.444467,1192.24,1.0,-1338.9339599609375
4950.57,0.865841,14.20373,17.02439,0.330315,6130.83,1.0,-1606.356689453125
621.192,0.350984,8.26076,8.58276,1.49873,112.591,1.0,-2044.314208984375
238.068,0.116917,4.6332,5.05891,1.66327,23.3504,1.0,-2477.407470703125
2025.26,0.549177,4.7168,6.52933,0.959943,179.801,1.0,-2483.7763671875
1285.71,0.528525,5.65601,6.128,1.14779,135.761,1.0,-2788.02490234375
134.089,0.133557,3.69808,4.19634,2.03437,5.72751,1.0,-3318.994873046875
1760.43,0.646083,12.58356,13.80131,0.888268,1401.63,1.0,-1541.7899169921875
1986.61,0.592604,6.51897,7.30945,0.92952,260.999,1.0,-2088.5
1290.5,0.447834,4.50627,5.40568,1.12063,53.1511,1.0,-2595.88427734375
3998.93,0.839886,9.27347,11.7187,0.527815,2463.97,1.0,-1381.960693359375
3394.47,0.683023,6.19962,13.05206,0.652878,2128.06,1.0,-1697.890380859375
479.876,0.206532,3.57909,4.8199,1.34692,23.3847,1.0,-2998.53857421875
4195.07,0.841225,11.10622,13.94462,0.435915,2260.92,1.0,-1657.39990234375
3384.32,0.764416,7.80195,13.22033,0.592616,1990.29,1.0,-1925.1842041015625
3366.25,0.77621,7.48366,15.22863,0.625384,4112.82,1.0,-1659.4935302734375
2856.91,0.569431,5.63025,6.91667,0.801383,363.912,1.0,-2060.515869140625
1178.81,0.442726,4.15494,6.36601,1.27572,166.179,1.0,-2495.98779296875
255.471,0.193821,3.45625,4.38837,1.43752,5.23775,1.0,-3479.828125
1912.47,0.520035,4.83213,6.08102,0.862002,374.283,1.0,-3096.83349609375
1323.56,0.440974,5.02498,5.99218,1.06846,123.091,1.0,-2689.57470703125
2206.04,0.641181,9.90721,10.38818,0.759035,408.992,1.0,-2008.7340087890625
1573.4,0.509343,4.19007,4.70305,1.05024,45.6949,1.0,-3406.646484375
1993.28,0.704894,8.19329,9.08626,0.838364,285.037,1.0,-2461.140380859375
1263.05,0.388729,4.58384,5.18579,1.07364,70.4019,1.0,-2679.813232421875
1028.57,0.452038,10.04156,10.46848,1.06964,856.728,1.0,-2093.841796875
1056.46,0.434674,4.37242,5.87053,1.18413,33.583,1.0,-2919.82373046875
917.933,0.396626,9.99933,10.49844,1.17325,194.51,1.0,-1366.6063232421875
303.873,0.193572,4.16906,4.77624,1.66434,19.8794,1.0,-3291.297607421875
1453.98,0.507912,6.41234,8.04773,0.97344,223.399,1.0,-2491.9921875
2479.83,0.626904,7.37077,9.4629,0.797708,390.061,1.0,-1853.1783447265625
1797.95,0.543787,5.75538,7.20604,0.945119,159.448,1.0,-2394.212890625
2957.61,0.763081,7.20029,15.2358,0.70593,3943.18,1.0,-1710.49169921875
1904.26,0.548241,4.73536,6.65322,1.02552,445.775,1.0,-2366.71435546875
407.499,0.177117,4.3574,5.09729,1.38013,31.7995,1.0,-2868.496337890625
5150.23,0.785568,8.54242,11.05766,0.430906,2815.69,1.0,-1673.4068603515625
1658.09,0.67425,8.07242,8.90646,1.00308,202.965,1.0,-2660.275390625
2736.3,0.530548,4.21575,5.82586,0.857921,111.711,1.0,-2217.499267578125
2136.89,0.658275,4.23205,10.13679,0.888353,863.34,1.0,-2556.727294921875
1358.41,0.425795,4.00139,5.33438,1.13701,91.08,1.0,-3154.034423828125
2101.83,0.62562,5.90068,6.74913,0.879864,149.342,1.0,-2599.540771484375
3809.86,0.721849,6.76427,8.14064,0.628703,1030.03,1.0,-1938.4486083984375
2795.95,0.760936,11.88155,12.37897,0.650993,877.991,1.0,-2695.513671875
2331.31,0.66103,11.82551,12.49784,0.71503,674.952,1.0,-2378.082275390625
281.684,0.176675,4.76761,5.44627,1.74896,36.5645,1.0,-2878.1259765625
4704.81,0.839383,12.81022,15.88474,0.363793,2895.73,1.0,-1436.847412109375
1173.73,0.527125,4.98167,5.60407,1.26025,43.7971,1.0,-2953.568603515625
790.933,0.361813,3.86195,5.21869,1.44228,37.9113,1.0,-3075.634521484375
1176.74,0.464293,4.98557,6.38893,1.04777,290.128,1.0,-2904.843505859375
1705.38,0.600577,8.43163,9.02587,0.993154,304.553,1.0,-2470.39404296875
773.185,0.297071,3.49185,4.57591,0.97327,37.8577,1.0,-2925.3056640625
2789.07,0.70199,6.21925,10.72646,0.740849,1623.24,1.0,-2242.404296875
2672.67,0.622353,4.32036,6.22551,0.861242,334.425,1.0,-2561.90283203125
5191.03,0.926327,16.33153,18.10494,0.237803,11353.7,1.0,-1045.107421875
1961.5,0.667701,20.59344,20.91518,0.633673,1280.68,1.0,-1922.9007568359375
1089.11,0.35703,4.83425,5.26126,1.17599,107.426,1.0,-3434.0888671875
2811.53,0.718005,8.79842,9.25129,0.705349,785.042,1.0,-2344.721435546875
1271.68,0.49051,4.4771,6.5216,1.29845,293.766,1.0,-2442.021240234375
3700.4,0.76234,7.52453,10.89927,0.626825,776.538,1.0,-1373.096923828125
564.576,0.29661,4.41034,6.38159,1.65048,93.6391,1.0,-3051.676025390625
2414.98,0.676155,8.15186,9.64256,0.739171,624.364,1.0,-2133.087646484375
2091.53,0.675863,9.63869,10.11776,0.943533,522.456,1.0,-2615.558349609375
344.693,0.214785,3.50428,4.11103,1.45117,12.5271,1.0,-3618.583740234375
1963.72,0.61648,6.2864,7.41723,0.923189,261.405,1.0,-2449.193115234375
4237.69,0.759633,9.60697,11.27735,0.502395,2061.26,1.0,-2005.7041015625
2627.53,0.755693,13.80077,14.38824,0.612202,1932.46,1.0,-2395.6806640625
1270.95,0.55479,6.61249,6.85759,1.13796,90.7373,1.0,-2944.4609375
1571.62,0.499198,3.35002,11.20251,0.912347,429.331,1.0,-1847.077880859375
845.435,0.416006,5.99978,6.41558,1.3408,122.252,1.0,-2798.005615234375
3497.26,0.731697,8.18615,11.04273,0.591706,1650.58,1.0,-1919.5159912109375
1156.15,0.407242,4.76489,6.13505,1.15668,194.101,1.0,-2732.01416015625
3761.75,0.736731,7.11807,9.98229,0.639117,641.918,1.0,-1989.6280517578125
830.006,0.329152,8.50695,9.15518,1.17412,120.362,1.0,-1776.8369140625
644.968,0.353436,4.14854,4.75041,1.77217,23.1855,1.0,-3026.8232421875
3298.91,0.663802,8.99977,11.22584,0.641974,905.302,1.0,-2471.812255859375
2080.61,0.57034,5.57585,7.06688,0.91036,490.838,1.0,-2530.9453125
3508.81,0.80088,7.95544,16.2068,0.601869,5042.17,1.0,-1531.02392578125
454.441,0.361265,3.36487,4.72789,1.88831,38.2631,1.0,-3134.84423828125
4998.89,0.875434,13.94045,20.40316,0.354321,6215.08,1.0,-1317.4744873046875
281.984,0.223607,4.0593,4.83659,2.06925,12.3589,1.0,-3578.211181640625
5818.76,0.89264,11.55354,16.14609,0.253015,5472.85,1.0,-1333.832763671875
551.448,0.405176,3.35059,3.99692,1.1531,5.51081,1.0,-3739.58056640625
2047.0,0.532252,4.78643,6.76793,0.844356,234.513,1.0,-2478.472900390625
3723.09,0.66337,5.34507,7.40277,0.732104,1052.92,1.0,-1985.6583251953125
3599.45,0.790365,15.05917,16.39408,0.423142,3076.99,1.0,-2047.52587890625
3214.55,0.760576,9.90739,12.51924,0.68555,1922.57,1.0,-1918.34375
3749.61,0.814955,9.16997,15.21488,0.527592,2465.1,1.0,-1415.572021484375
3294.45,0.804889,14.40674,14.59212,0.500633,875.781,1.0,-2251.187255859375
425.854,0.327509,3.71449,5.07688,1.98234,65.4459,1.0,-3347.348876953125
990.162,0.348465,4.9034,5.88243,1.15351,122.878,1.0,-2592.78662109375
4096.78,0.825036,9.74391,13.41209,0.470346,1792.2,1.0,-1688.783447265625
4377.77,0.759125,10.25896,11.61651,0.496368,1224.62,1.0,-1520.8787841796875
4126.13,0.800135,7.99949,12.23515,0.536418,1997.1,1.0,-1289.549072265625
4713.21,0.797852,10.61739,13.01391,0.422209,2133.89,1.0,-1655.0426025390625
1261.57,0.417392,5.93272,6.46305,0.915886,170.179,1.0,-3779.779541015625
1948.24,0.597113,6.41806,7.56456,0.846721,218.564,1.0,-2560.934814453125
3692.56,0.735977,6.38499,7.97707,0.634975,793.827,1.0,-1982.070068359375
4078.24,0.806832,8.49393,15.29946,0.492916,2463.87,1.0,-1392.1322021484375
3126.29,0.681359,4.30179,10.39751,0.791466,840.686,1.0,-2942.483642578125
3994.95,0.752687,7.40411,10.18959,0.582961,846.476,1.0,-1720.505859375
1563.91,0.460969,3.8681,5.77666,0.992452,382.59,1.0,-2701.310546875
2357.78,0.693981,7.7203,8.32341,0.851304,528.312,1.0,-2578.994873046875
984.903,0.554738,8.8905,11.57421,1.54969,1129.93,1.0,-2058.7373046875
1608.89,0.623108,6.25129,6.51399,0.97911,86.8513,1.0,-2754.076171875
4407.6,0.85799,13.01007,20.1178,0.420298,5862.04,1.0,-1519.6507568359375
4661.57,0.846661,10.46127,12.69389,0.410441,4271.67,1.0,-1405.6802978515625
1497.43,0.523983,4.0124,7.20106,1.07606,130.76,1.0,-2984.392333984375
3568.57,0.747939,7.50258,13.10108,0.632253,1861.65,1.0,-1527.4725341796875
702.023,0.317198,4.24273,4.85584,1.21588,47.3801,1.0,-3248.416015625
2521.9,0.560779,4.37771,6.13496,0.841019,283.74,1.0,-2512.762451171875
597.555,0.373613,4.03728,5.53246,1.42939,22.3528,1.0,-3541.145751953125
384.19,0.217751,5.31658,6.24429,1.61602,24.7632,1.0,-2816.52880859375
285.692,0.155003,4.52085,4.82319,1.5993,19.4721,1.0,-3086.00244140625
295.776,0.177715,3.81425,5.99013,1.77721,45.1047,1.0,-2487.281982421875
280.851,0.145227,3.73518,4.19981,1.24278,12.4229,1.0,-3379.900146484375
4920.04,0.815331,10.51985,14.08166,0.413823,2170.0,1.0,-1610.6778564453125
1609.85,0.511523,4.70183,6.70631,1.1491,543.626,1.0,-2269.970947265625
6769.56,0.960381,24.03089,25.06728,0.114055,27251.2,1.0,-675.9281005859375
334.709,0.139588,3.79024,4.41617,1.30275,15.2294,1.0,-2900.779296875
245.691,0.122818,4.14684,5.73788,1.57122,19.8504,1.0,-3022.91357421875
637.571,0.300053,7.01866,8.25531,1.57523,284.45,1.0,-1875.107666015625
1271.43,0.466858,4.33557,7.045,1.02667,122.848,1.0,-3334.610595703125
4239.97,0.746514,7.14527,10.9847,0.571372,2316.45,1.0,-1524.5263671875
2792.22,0.655249,4.99354,9.18517,0.806587,1037.59,1.0,-2333.385498046875
917.931,0.455252,5.67283,6.82957,1.42809,151.191,1.0,-2458.771240234375
1022.92,0.522574,3.36179,4.28327,0.825751,14.3437,1.0,-2754.31884765625
886.511,0.35866,9.05954,9.41113,1.15186,163.647,1.0,-1579.685302734375
778.634,0.396809,3.62499,7.17007,1.45709,228.292,1.0,-2657.281982421875
1661.3,0.548408,4.25498,5.84228,1.05726,389.764,1.0,-2790.773193359375
3311.68,0.737479,10.40192,10.94533,0.588886,1215.34,1.0,-2138.1884765625
470.191,0.169878,4.93367,5.33961,1.24252,17.1542,1.0,-2521.4716796875
3465.02,0.712052,6.05581,7.8849,0.677875,889.124,1.0,-2065.106201171875
202.828,0.291728,3.34967,4.09201,1.75648,1.74795,1.0,-4160.54052734375
1764.17,0.490712,5.20376,6.0209,1.01002,245.21,1.0,-2657.153564453125
651.615,0.496847,3.31669,7.50782,1.35238,114.091,1.0,-3015.797607421875
1670.49,0.489027,5.86779,6.68698,0.939722,119.005,1.0,-2313.7138671875
3642.93,0.806441,14.14513,14.65332,0.529463,2410.9,1.0,-1636.104736328125
3690.35,0.720657,7.72617,10.59061,0.586173,2103.75,1.0,-1812.9290771484375
6421.92,0.938525,18.6299,26.03778,0.162011,20066.8,1.0,-887.00732421875
1471.7,0.674459,7.0537,7.46848,1.05776,119.351,1.0,-2833.3671875
1758.14,0.598118,19.25829,19.62001,0.656675,1152.29,1.0,-1432.0013427734375
429.836,0.209559,4.81002,4.97387,1.49918,30.2905,1.0,-2703.75732421875
500.412,0.264619,5.24128,6.46734,1.7562,208.255,1.0,-2453.3505859375
865.784,0.592226,5.12843,5.97043,1.036,306.006,1.0,-2619.488037109375
2273.01,0.666595,8.61784,9.46963,0.752282,358.818,1.0,-2535.479248046875
4687.57,0.868049,13.94298,20.39524,0.37395,6117.46,1.0,-1463.0467529296875
2569.92,0.681012,10.80237,11.51264,0.658836,584.985,1.0,-2793.910888671875
2537.65,0.669009,9.54981,10.84988,0.673606,1947.01,1.0,-1884.86669921875
481.842,0.24546,4.27678,4.73178,1.49467,12.4007,1.0,-2968.9501953125
724.455,0.363761,3.39416,4.95312,1.09124,20.9723,1.0,-3371.054931640625
2456.19,0.587285,5.48087,6.20741,0.762846,337.038,1.0,-2984.564208984375
250.314,0.150844,4.13302,4.59747,1.41108,19.2458,1.0,-3427.323974609375
3309.91,0.65725,5.53736,6.59033,0.744957,456.72,1.0,-2164.038330078125
3260.41,0.697679,7.44191,9.43108,0.727311,377.13,1.0,-1635.1531982421875
4329.46,0.720521,8.4097,12.82088,0.501197,1744.7,1.0,-1890.3651123046875
4168.12,0.797767,11.92604,14.67199,0.487667,6672.51,1.0,-1732.7188720703125
413.127,0.239052,3.542,4.89887,1.46977,21.8533,1.0,-3318.123291015625
967.553,0.394775,3.57517,4.88751,1.34317,47.0813,1.0,-2780.641357421875
2779.87,0.745323,10.34382,11.97001,0.684168,1253.74,1.0,-1847.234130859375
1347.19,0.61191,4.71496,5.7847,1.18304,73.1103,1.0,-3154.8056640625
2694.59,0.656706,6.32301,11.23999,0.766374,1156.17,1.0,-2006.9622802734375
3844.83,0.765396,8.90751,11.35134,0.580216,1074.65,1.0,-1884.025390625
312.707,0.245296,3.33772,4.56315,1.49512,15.1718,1.0,-3772.66552734375
3671.45,0.666292,5.13032,7.30399,0.667266,784.38,1.0,-2297.594970703125
301.22,0.260641,3.39297,4.60788,1.44099,7.57343,1.0,-3984.267822265625
986.812,0.484152,3.70618,7.25448,1.39693,169.329,1.0,-2996.2021484375
865.937,0.347208,4.43894,5.70697,1.27746,77.5931,1.0,-3353.133544921875
1562.19,0.494739,4.45585,5.8758,0.950796,371.858,1.0,-2939.443115234375
3019.59,0.762186,9.09565,16.19671,0.657643,4659.27,1.0,-1600.4310302734375
48.4283,0.104273,3.42455,4.38792,2.93242,1.95881,1.0,-3127.926025390625
649.027,0.283153,4.58702,5.54204,1.63322,23.91,1.0,-2418.962890625
5409.61,0.84865,10.78389,14.83024,0.343559,3491.36,1.0,-1254.555419921875
531.31,0.310236,5.2054,7.29017,1.68765,162.522,1.0,-2883.146484375
5291.11,0.860082,10.23672,13.38242,0.361322,3294.72,1.0,-1688.98583984375
189.421,0.235998,3.71608,4.27749,3.21024,11.5181,1.0,-3283.342529296875
2378.14,0.703077,6.84994,10.98195,0.911669,1373.73,1.0,-1802.37646484375
741.962,0.365533,3.43007,4.67603,1.12552,18.5698,1.0,-3414.46630859375
6100.69,0.884318,10.87416,15.07499,0.283661,3544.81,1.0,-1263.5291748046875
3947.71,0.714924,6.36965,8.24529,0.622801,708.323,1.0,-1914.6539306640625
2728.48,0.723254,7.96294,8.47215,0.759196,476.988,1.0,-1863.498046875
160.368,0.115365,3.93054,5.00175,2.03099,22.4679,1.0,-3207.90625
2701.34,0.769652,30.58143,30.91872,0.374851,3672.3,1.0,-1228.8973388671875
1515.76,0.539596,6.19086,8.96299,1.12783,1408.55,1.0,-1984.484619140625
584.911,0.26944,4.15297,6.18217,1.34744,105.281,1.0,-2740.290771484375
1356.36,0.561402,3.90305,8.42074,1.24828,395.071,1.0,-2708.0869140625
685.579,0.389679,4.11643,4.71674,1.51245,18.637,1.0,-3420.479736328125
2340.21,0.718719,11.45823,12.19857,0.696163,556.464,1.0,-2465.742919921875
290.309,0.189549,3.33376,4.10283,1.58223,5.42462,1.0,-3227.15625
2108.26,0.6874,6.57139,9.95725,0.989445,1262.9,1.0,-2445.083984375
3781.23,0.81819,8.50523,15.93029,0.554634,5274.7,1.0,-1539.00146484375
977.329,0.491257,4.40863,6.32537,1.98266,308.68,1.0,-2257.053466796875
3035.93,0.819334,20.69441,21.18161,0.434965,2164.33,1.0,-1974.041015625
1719.66,0.618223,4.82071,5.87351,1.01364,92.6559,1.0,-3202.65234375
1580.94,0.464702,4.19387,6.55669,1.03683,216.912,1.0,-2357.0224609375
941.769,0.479499,5.58868,6.78974,1.32037,82.8716,1.0,-2902.580810546875
4170.47,0.807724,11.75285,15.39921,0.415481,2526.65,1.0,-1347.4903564453125
827.4,0.451898,3.46764,7.06623,1.43717,125.88,1.0,-3339.88623046875
438.165,0.244843,3.47359,4.27931,1.31179,6.57566,1.0,-3427.28369140625
332.018,0.426281,3.63671,4.06011,1.77026,6.60665,1.0,-4598.75
1960.65,0.63522,5.18147,6.12988,0.941318,129.438,1.0,-3100.328857421875
535.91,0.304746,3.33865,5.3195,1.37332,34.687,1.0,-3564.379150390625
462.26,0.251751,3.7803,4.52383,1.48798,9.00926,1.0,-3350.764404296875
410.107,0.246603,3.62621,4.39335,1.38542,16.9703,1.0,-3611.151123046875
5014.54,0.85018,10.0493,13.67157,0.383701,2787.82,1.0,-1493.146240234375
1404.3,0.600831,21.74744,22.01347,0.729541,1216.39,1.0,-1108.0771484375
1997.72,0.575582,11.18946,11.72914,0.828591,1036.85,1.0,-2061.181884765625
3449.54,0.818158,15.59844,17.21141,0.513717,2987.22,1.0,-1887.662353515625
1866.38,0.459968,6.20048,6.67034,0.86163,111.576,1.0,-1975.440185546875
389.53,0.425429,3.31912,4.60777,1.22342,9.9534,1.0,-3125.755615234375
623.968,0.269203,4.30625,4.62098,1.31673,38.0103,1.0,-3135.698486328125
1767.86,0.631276,7.68907,7.89527,0.913948,201.765,1.0,-2670.622802734375
387.939,0.180092,4.35357,5.98205,1.37948,47.5539,1.0,-2849.3447265625
905.126,0.415711,6.37671,6.97014,1.23311,193.377,1.0,-2606.3515625
2552.6,0.65417,5.36429,6.89312,0.885693,833.467,1.0,-2495.93603515625
282.5,0.149617,3.42591,4.49987,1.22858,16.6313,1.0,-3276.743408203125
1313.75,0.374753,4.00061,5.29993,0.910439,56.0288,1.0,-2451.581298828125
4728.43,0.78935,6.84161,11.21041,0.547827,2028.72,1.0,-2554.298828125
5013.14,0.813509,8.85681,9.93941,0.463264,2513.85,1.0,-1814.6365966796875
296.954,0.196004,3.69344,4.40645,2.14875,9.20605,5.0,-3149.48486328125
2395.41,0.65804,8.09366,9.51153,0.730207,1423.46,5.0,-2226.66015625
846.674,0.474204,3.4159,6.71853,1.33856,53.3373,5.0,-3334.03271484375
2925.03,0.713108,7.50441,11.90696,0.768092,1442.54,5.0,-1658.3992919921875
2336.45,0.53932,4.47069,5.98075,0.904617,206.774,5.0,-2336.49072265625
2906.33,0.774967,14.317,14.60431,0.558988,838.778,5.0,-2228.497314453125
4051.56,0.821037,9.72716,11.1681,0.484625,1386.38,5.0,-1675.18701171875
3627.32,0.784157,6.91898,12.68724,0.600983,2860.87,5.0,-1749.2603759765625
732.637,0.388915,4.07472,4.3677,1.33418,14.7449,5.0,-3615.8408203125
827.514,0.446166,3.93992,4.67093,1.1825,23.5519,5.0,-3912.029541015625
2352.15,0.626506,13.28878,15.13677,0.77125,3382.71,5.0,-2226.285400390625
1031.56,0.485418,3.54481,7.47854,1.29936,166.101,5.0,-3025.552001953125
3059.43,0.65981,6.72225,8.08784,0.690584,1012.39,5.0,-1907.0660400390625
1059.34,0.482609,5.29587,6.9552,1.18052,75.1948,5.0,-2951.357421875
1547.17,0.561204,19.85248,20.00488,0.794872,1018.45,5.0,-2071.74169921875
4625.87,0.846244,11.99207,14.38768,0.388694,4182.86,5.0,-1607.8447265625
886.813,0.590898,5.18451,6.08683,1.01775,330.968,5.0,-2535.33203125
2421.89,0.694431,9.34269,10.07397,0.723678,684.461,5.0,-1998.2734375
789.679,0.32303,4.49036,5.02611,1.13366,21.9306,5.0,-3209.34375
1701.63,0.525239,6.28264,9.03288,1.10042,423.561,5.0,-2021.7137451171875
1551.01,0.532636,6.03698,6.95293,0.970295,86.6602,5.0,-2645.989013671875
769.018,0.378397,4.26263,5.42423,1.34889,41.2652,5.0,-3028.98779296875
58.3253,0.148775,3.3184,3.98941,1.84827,0.944163,5.0,-3925.30029296875
2699.01,0.658718,7.60746,8.62431,0.770384,330.928,5.0,-1815.70703125
558.885,0.293386,8.51354,9.20336,1.41766,134.652,5.0,-2144.726806640625
418.036,0.288081,3.5552,4.6944,1.30512,23.7035,5.0,-3420.7822265625
288.824,0.182714,3.72605,4.93968,1.41687,49.5714,5.0,-3361.381591796875
540.755,0.293348,3.82882,5.18334,1.34958,11.2178,5.0,-3480.991943359375
1678.22,0.584262,19.01787,19.24015,0.637238,1046.74,5.0,-1319.117919921875
3019.75,0.75895,10.28938,11.28682,0.694793,1253.73,5.0,-1728.6204833984375
3623.57,0.814063,8.53343,16.2797,0.581029,5241.74,5.0,-1507.1251220703125
6780.62,0.960807,25.37036,27.02578,0.105567,33496.0,5.0,-753.129638671875
1161.96,0.459147,3.91309,5.70856,1.05709,140.247,5.0,-3160.04248046875
476.128,0.286443,4.67076,6.73583,1.63813,117.55,5.0,-3055.191162109375
219.282,0.129457,4.36113,4.57268,1.52264,13.3365,5.0,-3374.19677734375
703.544,0.253996,5.57539,7.08651,1.19194,129.622,5.0,-2301.735107421875
4960.5,0.783107,8.17707,10.92357,0.452345,2415.18,5.0,-2018.4112548828125
790.573,0.344098,3.62574,5.11906,1.43074,37.193,5.0,-2900.937744140625
1112.07,0.557916,6.10702,6.93729,1.41107,347.776,5.0,-2639.93212890625
400.863,0.25372,4.1954,4.79215,1.30798,17.4743,5.0,-3949.550537109375
3273.99,0.736081,7.97884,8.52954,0.698784,540.252,5.0,-2196.35888671875
899.665,0.417294,4.0384,5.52232,1.34416,51.4093,5.0,-3262.648681640625
2874.66,0.674687,6.58668,9.0172,0.826254,916.224,5.0,-1590.502685546875
769.98,0.257183,4.36329,4.86728,1.19477,45.0156,5.0,-2752.978271484375
3384.32,0.764416,7.80195,13.22033,0.592616,1990.29,5.0,-1910.440185546875
1044.83,0.46513,4.59995,6.25349,1.125,50.789,5.0,-3116.366943359375
2870.05,0.641438,5.46231,13.46057,0.723161,1467.45,5.0,-2153.009765625
2572.83,0.609388,4.71356,8.05755,0.855732,711.219,5.0,-3229.64453125
3645.1,0.770843,5.61242,15.07673,0.613799,2490.67,5.0,-1939.55078125
3774.44,0.726056,6.45934,9.95521,0.622259,1381.64,5.0,-1940.4658203125
1929.01,0.800538,16.2706,16.35588,0.719965,1323.58,5.0,-2019.277587890625
2843.16,0.701279,5.56738,10.10542,0.803439,1252.21,5.0,-2277.309814453125
2326.97,0.759884,9.18488,9.90326,0.858589,862.702,5.0,-1789.9744873046875
730.443,0.307526,7.82255,8.4068,1.53047,191.778,5.0,-1965.2021484375
269.726,0.201388,3.60189,3.9946,1.39587,3.95693,5.0,-2970.8046875
5706.58,0.872611,14.00915,15.86829,0.296337,2987.01,5.0,-1411.326416015625
609.963,0.521996,3.90139,4.45262,1.54768,13.4124,5.0,-5186.27490234375
3018.03,0.765348,7.19804,15.23505,0.693679,3987.41,5.0,-1687.262939453125
4213.68,0.736524,6.71291,8.8463,0.621908,763.012,5.0,-1758.974365234375
303.873,0.193572,4.16906,4.77624,1.66434,19.8794,5.0,-3307.759765625
407.173,0.243021,3.92283,4.52785,1.52157,28.5272,5.0,-3616.642578125
1529.94,0.619542,6.95688,7.15871,0.985662,110.67,5.0,-2868.953369140625
841.39,0.359861,6.61719,6.9388,1.29465,55.5198,5.0,-2087.049560546875
1796.43,0.592762,6.16317,8.1793,1.06142,892.255,5.0,-1961.3316650390625
2782.02,0.698723,10.03042,10.65287,0.702528,464.348,5.0,-1705.901123046875
3375.33,0.727117,9.14271,9.8592,0.664051,845.045,5.0,-2072.64599609375
1797.95,0.543787,5.75538,7.20604,0.945119,159.448,5.0,-2423.292724609375
2186.06,0.540257,7.07627,7.37295,0.890532,252.657,5.0,-2420.083251953125
3365.93,0.693913,8.19119,13.26425,0.58609,1634.06,5.0,-2042.29443359375
2256.27,0.549604,6.48205,7.79318,0.812362,710.635,5.0,-2164.596923828125
2361.43,0.598562,7.01676,8.85741,0.791394,1717.62,5.0,-2133.736572265625
5109.58,0.878178,12.64974,15.85616,0.33301,3390.59,5.0,-1410.8939208984375
407.499,0.177117,4.3574,5.09729,1.38013,31.7995,5.0,-2882.8837890625
2829.47,0.78597,13.15606,13.60274,0.567252,796.257,5.0,-2358.56396484375
1726.37,0.572795,6.54375,7.1012,0.936766,106.421,5.0,-2417.78125
2736.3,0.530548,4.21575,5.82586,0.857921,111.711,5.0,-2234.69580078125
1239.83,0.420398,9.22586,9.4234,0.995264,182.809,5.0,-2085.615234375
818.72,0.385614,4.78991,5.54071,1.30739,90.422,5.0,-3057.802734375
2407.42,0.505751,4.01664,5.58846,0.851523,186.777,5.0,-2477.41259765625
3376.15,0.688303,6.47562,9.17897,0.719375,1343.45,5.0,-1849.0186767578125
860.724,0.380447,3.48902,4.88632,1.22631,36.9041,5.0,-3019.659912109375
1427.04,0.453131,4.56473,5.72858,0.957227,135.37,5.0,-3049.30419921875
5937.75,0.824896,10.66197,11.93213,0.359315,1653.17,5.0,-1303.292724609375
396.309,0.238107,3.53127,4.19283,1.35684,6.42325,5.0,-2811.63623046875
1189.29,0.475047,5.51095,6.80196,1.10257,15.4683,5.0,-3470.312255859375
1314.64,0.449595,4.88835,7.29186,1.081,450.483,5.0,-2477.844482421875
4172.24,0.83425,11.31671,15.0264,0.471682,4067.31,5.0,-1470.8095703125
5614.43,0.813774,8.75026,12.27296,0.398317,3036.37,5.0,-1551.749267578125
1246.39,0.416702,5.43126,6.87973,1.06414,421.68,5.0,-2736.8759765625
1316.78,0.476728,9.21555,9.4422,0.960502,170.899,5.0,-1796.8800048828125
2814.74,0.660606,6.23739,9.31582,0.771116,1154.02,5.0,-1973.410400390625
2453.66,0.626449,8.88056,9.73501,0.698602,775.766,5.0,-2485.0419921875
1705.38,0.600577,8.43163,9.02587,0.993154,304.553,5.0,-2473.580078125
3289.77,0.812321,8.08638,16.28,0.636205,5174.7,5.0,-1560.280029296875
3440.58,0.717302,7.45738,11.76172,0.644377,1383.64,5.0,-1493.283935546875
3720.15,0.658481,4.82631,6.52251,0.755668,1192.13,5.0,-2009.5211181640625
3590.37,0.762665,9.4408,10.56366,0.609002,1735.63,5.0,-1884.5655517578125
953.137,0.527894,6.91289,7.10727,1.65749,187.264,5.0,-2232.329833984375
2933.25,0.673112,9.48471,10.09307,0.674771,1019.64,5.0,-2312.362548828125
450.292,0.201061,4.23402,6.37374,1.48584,44.4281,5.0,-2490.655517578125
4721.83,0.873359,11.36325,20.39867,0.351075,6415.16,5.0,-1330.3507080078125
2514.97,0.642371,5.82472,7.6208,0.860792,687.227,5.0,-2024.5477294921875
506.72,0.293982,3.51626,5.01624,1.35855,78.2644,5.0,-3726.13720703125
2947.18,0.806463,14.40372,14.58619,0.54585,885.793,5.0,-2366.784423828125
375.809,0.238909,3.88882,4.41168,1.83306,8.06114,5.0,-3423.349365234375
2846.0,0.712086,6.82929,7.43782,0.745247,521.432,5.0,-2362.951904296875
3639.38,0.819585,8.35788,16.26823,0.57435,5287.2,5.0,-1543.684326171875
897.824,0.365133,7.86759,8.0232,1.23293,110.35,5.0,-2092.54931640625
1592.02,0.468351,3.8167,11.16805,0.922797,384.846,5.0,-1919.2628173828125
202.13,0.199783,3.35181,4.69106,1.78922,10.9349,5.0,-4074.378662109375
3269.03,0.838757,9.23474,18.8574,0.549538,3917.0,5.0,-1761.1661376953125
2378.81,0.583847,7.49901,8.22785,0.802657,325.918,5.0,-2253.292724609375
881.454,0.495342,20.12041,20.2678,0.994005,1097.44,5.0,-1400.011474609375
3673.83,0.82724,9.34551,16.29671,0.561479,5453.48,5.0,-1557.6556396484375
3361.53,0.898791,36.68526,37.28139,0.262768,7524.72,5.0,-1750.287841796875
1252.42,0.505526,4.50179,6.79532,1.09169,110.229,5.0,-2944.662841796875
718.856,0.404912,5.02618,5.80956,1.54221,65.2239,5.0,-2967.971923828125
2328.97,0.568959,6.81592,8.16051,0.841212,344.488,5.0,-1893.4136962890625
3214.55,0.760576,9.90739,12.51924,0.68555,1922.57,5.0,-1920.1865234375
2492.41,0.695841,10.40959,11.67245,0.695204,480.147,5.0,-1822.5621337890625
676.819,0.471036,3.45023,6.9031,1.38619,116.247,5.0,-3003.18505859375
1721.54,0.605384,4.58327,14.1532,1.00347,1082.31,5.0,-1993.7689208984375
1082.95,0.406976,8.78103,9.45998,1.07345,163.642,5.0,-1806.8992919921875
3216.79,0.730078,8.31601,11.87529,0.642528,1809.49,5.0,-1935.54833984375
2126.22,0.63338,9.15583,10.33095,0.818193,343.999,5.0,-1828.679931640625
610.102,0.455579,3.4084,6.97562,1.41543,102.61,5.0,-3134.770263671875
568.795,0.321489,3.3103,5.03063,1.42033,26.6369,5.0,-3615.221923828125
416.809,0.229904,3.61518,4.2633,1.3109,13.1464,5.0,-3518.9287109375
741.888,0.366753,4.1145,5.5836,1.27183,43.2136,5.0,-3283.413330078125
2046.61,0.639269,9.91346,10.67846,0.819486,409.741,5.0,-2041.8646240234375
4538.95,0.811454,10.48154,12.83808,0.441157,1876.26,5.0,-1612.4686279296875
426.437,0.289186,4.90806,7.07698,1.92372,113.528,5.0,-2799.061279296875
658.613,0.299271,3.95514,5.24359,1.25852,57.3465,5.0,-3352.485595703125
1366.94,0.509142,6.28732,7.63471,1.02297,140.595,5.0,-2617.0888671875
1575.62,0.517195,6.73139,7.93081,0.933825,190.67,5.0,-2528.952880859375
3956.45,0.776787,9.44914,12.01826,0.494706,1672.05,5.0,-1579.76611328125
844.037,0.342577,4.26215,5.65089,1.14794,52.526,5.0,-3089.89794921875
1557.52,0.548512,8.64336,9.31858,0.928447,614.172,5.0,-3121.52587890625
2053.23,0.597751,9.50896,10.06636,0.785237,447.167,5.0,-2541.508056640625
1113.29,0.398503,4.39184,6.12145,1.04854,76.7535,5.0,-2895.333251953125
1808.33,0.601817,14.14401,14.4887,0.703873,674.153,5.0,-1762.192626953125
1650.76,0.48708,4.71301,5.71046,0.991289,98.3347,5.0,-2876.483154296875
2997.63,0.749009,12.37688,13.99075,0.605096,3311.64,5.0,-2367.838623046875
2638.03,0.708277,12.5689,14.07647,0.663464,1534.61,5.0,-1807.48388671875
2854.18,0.778267,5.13478,15.72927,0.722792,2901.72,5.0,-1843.89892578125
4832.91,0.875405,13.95914,17.20886,0.340485,3132.78,5.0,-1466.3172607421875
788.743,0.452531,4.2155,4.60726,1.51776,20.2078,5.0,-3615.660888671875
4404.98,0.838887,11.90907,14.26164,0.445962,3717.85,5.0,-1776.45947265625
800.267,0.40507,3.85059,5.48546,1.35113,70.2273,5.0,-3298.868896484375
3467.85,0.733695,7.51209,9.05075,0.717836,1191.2,5.0,-1574.2406005859375
765.828,0.297588,5.67944,6.35371,1.33702,60.2583,5.0,-2084.734130859375
1658.72,0.563378,13.96321,14.24878,0.722309,642.646,5.0,-1566.4566650390625
3432.28,0.729597,7.11591,8.42306,0.639658,1341.26,5.0,-2128.373046875
5217.2,0.859383,14.5475,17.84896,0.337152,5307.59,5.0,-1572.09619140625
325.599,0.260056,3.36797,4.91816,1.65096,50.5364,5.0,-3313.55419921875
454.524,0.367739,3.53686,8.16643,2.23255,306.083,5.0,-2953.470458984375
670.381,0.302358,5.2865,5.96139,1.30238,99.4123,5.0,-2698.472900390625
4430.12,0.815234,10.79362,13.40053,0.458013,2790.23,5.0,-1584.29443359375
1140.71,0.493486,5.04667,5.86943,1.13798,50.402,5.0,-3020.030517578125
2456.99,0.673835,10.65777,11.19309,0.684553,457.39,5.0,-1910.804443359375
3184.41,0.718253,10.01341,10.57869,0.595893,687.829,5.0,-2677.258056640625
1472.02,0.494352,3.93625,5.31323,1.18214,174.213,5.0,-2837.742431640625
518.495,0.240268,3.72171,4.92965,1.19512,94.2493,5.0,-3187.43017578125
3529.03,0.717479,7.01661,10.2925,0.640002,1512.02,5.0,-2225.8193359375
2593.86,0.623415,6.813,7.45882,0.782165,261.415,5.0,-2702.014404296875
1059.83,0.484459,3.88278,6.10753,1.32093,151.304,5.0,-3121.421142578125
5770.34,0.966674,29.82931,30.56542,0.10409,24023.1,5.0,-642.2772827148438
3626.67,0.738395,8.43229,14.40653,0.564598,2671.09,5.0,-1513.125732421875
673.397,0.330539,7.11623,8.13974,1.5058,269.437,5.0,-1798.580810546875
1196.4,0.410359,4.40984,6.18944,1.07409,102.96,5.0,-2611.00244140625
3645.66,0.810252,10.02003,12.01667,0.565914,2654.25,5.0,-2026.4310302734375
1622.94,0.653263,13.71386,13.99681,0.868235,10.9239,5.0,-3259.3291015625
602.402,0.331357,3.61546,4.81962,1.47133,56.0811,5.0,-3464.4169921875
1973.28,0.595576,4.9928,7.88653,1.01221,483.626,5.0,-2435.3154296875
239.158,0.145751,3.90737,4.12303,1.61004,6.52314,5.0,-3201.88525390625
154.869,0.147726,4.56447,4.91574,2.24694,27.565,5.0,-3740.34423828125
2193.53,0.712909,7.69632,8.1937,0.816648,312.889,5.0,-2575.361572265625
1031.01,0.454776,3.97242,5.30282,1.26458,43.3405,5.0,-3401.7041015625
6421.92,0.938525,18.6299,26.03778,0.162011,20066.8,5.0,-910.3302612304688
500.412,0.264619,5.24128,6.46734,1.7562,208.255,5.0,-2461.535400390625
1746.37,0.553569,6.69464,7.43821,0.891919,161.228,5.0,-2708.39990234375
4950.45,0.829331,10.48272,12.35885,0.401378,3027.9,5.0,-1403.7581787109375
966.217,0.46094,4.33234,5.28163,1.1719,57.383,5.0,-3490.265869140625
2059.94,0.605133,8.27768,8.81231,0.791609,500.971,5.0,-2379.028076171875
777.86,0.372061,4.12586,5.50595,1.31783,38.2762,5.0,-3021.328369140625
1309.23,0.483115,4.84994,5.60431,1.05788,46.7084,5.0,-2865.798095703125
516.189,0.267388,3.56598,5.60655,1.2946,59.5126,5.0,-3398.52099609375
1498.04,0.533785,7.05083,7.77505,0.994076,202.196,5.0,-2552.697265625
5195.67,0.898152,14.74978,20.18941,0.271998,5043.58,5.0,-1236.1607666015625
1974.9,0.68155,21.97595,22.22491,0.559841,1301.75,5.0,-1457.450927734375
501.318,0.203977,4.39277,4.9613,1.48737,84.1493,5.0,-2493.385009765625
1234.83,0.426696,4.42942,5.41221,1.09119,109.794,5.0,-2899.679443359375
231.264,0.188113,3.43119,4.20216,1.52744,4.08122,5.0,-2997.205078125
3623.97,0.77804,8.83555,14.95587,0.556293,2237.04,5.0,-1618.9554443359375
5388.27,0.787207,8.23077,11.46781,0.451491,1285.06,5.0,-1482.666259765625
979.982,0.362799,4.53181,7.1407,1.05508,76.9784,5.0,-3005.98876953125
1349.16,0.514688,6.78496,7.80191,1.08998,190.075,5.0,-2745.840576171875
4329.46,0.720521,8.4097,12.82088,0.501197,1744.7,5.0,-1864.3604736328125
4168.12,0.797767,11.92604,14.67199,0.487667,6672.51,5.0,-1739.456298828125
455.313,0.265254,4.3804,5.02358,1.40476,29.3174,5.0,-3111.177490234375
2236.91,0.777278,14.4085,15.54614,0.658531,945.462,5.0,-2104.610107421875
4663.29,0.850342,13.34615,16.11244,0.353368,2837.51,5.0,-1420.33349609375
2149.55,0.504149,4.87148,6.97765,0.892589,203.367,5.0,-2174.4091796875
737.24,0.380351,5.56684,5.82161,1.04764,70.9239,5.0,-3020.52294921875
2855.84,0.767021,6.93382,15.29913,0.713822,1704.08,5.0,-1782.90234375
997.05,0.407846,3.37908,5.65111,1.20763,50.5514,5.0,-2949.547119140625
3039.75,0.711684,6.16173,11.85111,0.77386,1025.3,5.0,-1598.5760498046875
5786.79,0.936802,18.68104,19.99963,0.186071,15226.4,5.0,-830.1773071289062
4985.0,0.808445,8.6233,11.89436,0.469971,1196.0,5.0,-1354.3837890625
865.755,0.43843,4.18099,5.22817,1.20658,18.2251,5.0,-3607.790771484375
2093.29,0.591209,5.50928,7.62578,0.881508,654.552,5.0,-3147.00537109375
296.541,0.24371,3.56799,4.23739,1.56632,4.03604,5.0,-4020.657958984375
4809.0,0.796954,9.18784,11.59022,0.43262,2479.47,5.0,-1379.750244140625
601.797,0.28571,4.45781,5.4746,1.48252,65.8419,5.0,-2633.4345703125
361.523,0.18383,3.4239,4.57458,1.41414,25.7284,5.0,-2691.626708984375
5090.95,0.893449,13.29068,19.41722,0.294321,4936.45,5.0,-1321.1456298828125
682.755,0.343771,3.82707,5.02799,1.43984,52.6153,5.0,-2949.998046875
1225.25,0.463339,4.43351,5.29732,1.09902,191.651,5.0,-3271.4853515625
3084.08,0.859028,27.08405,27.72226,0.351212,4065.6,5.0,-1814.42626953125
1243.19,0.503952,11.2444,12.31539,0.846979,1299.43,5.0,-3923.267333984375
1096.08,0.50901,3.6143,7.46883,1.30869,188.718,5.0,-2979.41259765625
4427.37,0.737213,5.53531,17.83928,0.536183,3181.76,5.0,-2623.738037109375
527.533,0.263426,3.66428,4.23452,1.62087,10.9063,5.0,-2858.51318359375
3835.6,0.657503,5.48932,7.591,0.651257,475.512,5.0,-1986.678955078125
477.385,0.269207,5.62353,6.11723,1.66147,133.247,5.0,-2605.38525390625
2550.6,0.58694,7.42677,8.31192,0.759209,372.614,5.0,-2158.528076171875
4034.96,0.851205,9.36212,17.44721,0.497277,3362.42,5.0,-1424.5927734375
612.716,0.328153,3.47867,4.44015,1.23977,22.2858,5.0,-3689.366455078125
219.94,0.114487,4.70133,5.33191,1.77897,23.4499,5.0,-2540.22412109375
1320.26,0.492166,4.81102,5.48835,1.17326,151.028,5.0,-3275.04736328125
4110.5,0.767625,9.78849,12.11764,0.545295,3552.96,5.0,-1972.0755615234375
1090.77,0.416479,3.75492,5.38442,1.154,163.778,5.0,-3206.634521484375
1298.26,0.607473,9.9446,10.53761,1.2117,343.057,5.0,-1946.911865234375
679.976,0.299925,3.54925,4.22985,1.09333,9.1253,5.0,-3550.0859375
784.011,0.395753,3.67965,4.41575,1.27621,12.6284,5.0,-3638.188720703125
3015.51,0.730713,9.11889,11.54794,0.736462,1058.15,5.0,-1969.495361328125
3898.29,0.776235,12.01422,14.44217,0.491097,1737.79,5.0,-2023.293212890625
1685.69,0.617794,19.42335,19.82624,0.712759,1233.83,5.0,-1538.3460693359375
3879.23,0.828548,8.71268,16.25018,0.543792,5457.74,5.0,-1477.861083984375
2961.85,0.659661,7.0048,7.46387,0.743614,493.914,5.0,-2379.82275390625
4449.96,0.769401,7.34192,10.11967,0.57773,786.185,5.0,-1328.432373046875
1031.81,0.414396,3.71735,6.29694,1.13819,109.771,5.0,-3168.645263671875
1581.22,0.524513,3.94622,5.89132,1.14161,244.126,5.0,-2684.577392578125
2953.15,0.724363,6.21781,10.28996,0.808712,842.849,5.0,-1481.7315673828125
2297.39,0.724736,9.13989,9.67931,0.761552,418.905,5.0,-2435.042236328125
438.165,0.244843,3.47359,4.27931,1.31179,6.57566,5.0,-3449.191162109375
2655.66,0.650943,6.12241,7.15497,0.819415,393.576,5.0,-1878.44384765625
656.718,0.302409,4.07548,5.51388,1.32107,192.202,5.0,-3131.9501953125
1922.58,0.673839,21.28639,21.6178,0.590276,1222.22,5.0,-1459.64453125
459.744,0.24719,3.96923,4.80527,1.29763,24.0043,5.0,-3663.7314453125
470.452,0.260468,3.63073,4.94555,1.70123,22.7442,5.0,-2992.035888671875
2636.94,0.707105,11.79901,12.19849,0.598387,704.898,5.0,-2077.565673828125
4226.27,0.815227,9.19698,11.81298,0.507773,1245.57,5.0,-1309.4881591796875
1950.11,0.619166,5.83142,6.98153,0.897373,184.089,5.0,-2835.151123046875
587.325,0.324542,4.36179,4.87435,1.29933,29.8172,5.0,-3648.823974609375
654.688,0.347703,3.72527,4.85073,1.30801,20.5473,5.0,-3543.805908203125
932.942,0.475381,5.21468,5.67203,1.20896,41.5528,5.0,-3498.901123046875
1772.3,0.57666,4.98089,6.109,1.12812,78.7671,5.0,-2400.010498046875
3084.33,0.70026,8.22138,12.31343,0.657692,1231.01,5.0,-1832.8828125
1591.87,0.589916,3.49297,8.77543,1.12657,476.386,5.0,-2544.235107421875
1231.9,0.458828,4.66528,7.22078,1.02005,146.55,5.0,-3285.76318359375
3490.6,0.807989,8.10567,16.25566,0.606465,5142.31,5.0,-1601.3397216796875
1090.34,0.424872,6.81409,9.53893,1.04809,850.79,5.0,-2182.879638671875
3778.18,0.769737,9.09056,11.43656,0.574926,4196.27,5.0,-1897.2041015625
881.025,0.376896,6.13832,6.66556,1.1884,222.601,5.0,-2576.158447265625
1393.78,0.48771,3.87196,6.11636,1.1964,133.666,5.0,-2663.5986328125
1090.72,0.455369,3.58611,5.12698,1.36518,40.7306,5.0,-3358.181396484375
1176.38,0.444414,6.7577,7.98055,1.18829,323.781,5.0,-2075.002197265625
4136.04,0.788442,8.71904,13.97546,0.50573,2476.22,5.0,-1264.6942138671875
3276.43,0.765398,5.14858,9.98441,0.745628,1478.44,10.0,-1796.6085205078125
4954.62,0.820375,9.13864,10.25326,0.462919,2553.73,10.0,-1727.9935302734375
3438.09,0.784474,8.5345,16.23244,0.615628,4842.76,10.0,-1611.4298095703125
4727.15,0.787416,8.70608,13.69434,0.426753,2703.36,10.0,-1498.42822265625
4574.15,0.847695,10.95663,15.44361,0.353837,5227.52,10.0,-1123.9188232421875
2181.63,0.618318,4.97692,7.78903,0.998405,796.414,10.0,-2481.15380859375
518.121,0.264625,3.99641,4.68884,1.28491,20.0045,10.0,-3676.673828125
4486.51,0.793665,9.32835,14.73782,0.46575,2500.49,10.0,-1282.484619140625
3327.88,0.717951,5.58933,8.45106,0.700831,501.565,10.0,-2124.22119140625
2946.22,0.65517,5.33267,7.21008,0.858867,238.791,10.0,-1926.977783203125
358.496,0.226024,4.53526,4.84094,1.41273,25.4803,10.0,-3797.423828125
1476.45,0.528434,6.61362,7.68688,1.05204,261.208,10.0,-2843.57958984375
2097.4,0.681026,7.62501,12.01807,0.912328,1609.55,10.0,-1834.0146484375
3775.07,0.74101,6.29143,13.48192,0.617967,1825.43,10.0,-1643.4990234375
201.795,0.234141,3.42525,3.95936,1.72081,2.93235,10.0,-4128.16796875
2608.84,0.590911,5.97507,7.23475,0.806006,684.295,10.0,-1916.1334228515625
2575.15,0.788815,15.71163,16.57915,0.552321,1520.92,10.0,-2099.010009765625
4044.17,0.763085,7.84428,10.76735,0.533344,1291.91,10.0,-1738.6558837890625
549.223,0.327208,5.2511,7.79604,2.10901,477.483,10.0,-2178.71435546875
1322.23,0.681084,12.47118,12.98719,1.12538,1223.14,10.0,-1791.57861328125
2020.15,0.591455,4.25422,7.93607,0.989013,653.223,10.0,-2607.173095703125
2030.95,0.632308,3.97074,10.01636,0.873654,2041.85,10.0,-2349.5791015625
2699.01,0.658718,7.60746,8.62431,0.770384,330.928,10.0,-1825.97119140625
1131.23,0.476688,4.03202,5.37225,1.04529,96.9108,10.0,-3512.30419921875
2926.83,0.724801,5.94624,12.9256,0.74184,1563.5,10.0,-1368.1632080078125
4658.04,0.867781,14.17601,17.34983,0.348444,3103.68,10.0,-1412.720947265625
120.351,0.151183,3.41904,3.81829,1.68198,0.876406,10.0,-3805.22216796875
3657.65,0.820909,9.01246,16.2721,0.574995,5357.5,10.0,-1502.149658203125
866.817,0.424846,7.44693,7.59812,1.47038,232.526,10.0,-2323.1171875
2768.22,0.633269,7.62919,8.21377,0.785929,363.754,10.0,-2279.700439453125
3298.53,0.742559,7.74875,14.1076,0.650632,2099.74,10.0,-1585.5897216796875
756.031,0.395133,4.13803,5.35963,1.51635,34.2095,10.0,-3058.75390625
3858.46,0.819299,8.45311,16.23638,0.54238,5386.08,10.0,-1497.8575439453125
3370.97,0.890294,34.30503,34.9422,0.272702,7142.52,10.0,-1786.511474609375
2842.69,0.64479,5.08066,6.45534,0.814751,474.693,10.0,-2470.693603515625
454.607,0.283735,3.35398,4.85999,1.4079,24.3967,10.0,-3354.884521484375
3578.91,0.806673,7.96317,16.18794,0.591158,5141.07,10.0,-1541.236328125
1336.47,0.479933,3.73,6.00316,1.04713,120.937,10.0,-2912.29833984375
1832.45,0.623527,4.83461,8.81757,1.09511,540.744,10.0,-2512.621337890625
337.259,0.226573,3.49838,5.02862,1.89006,40.146,10.0,-2790.238525390625
609.248,0.26797,5.4417,5.80695,1.45895,66.8076,10.0,-2373.873046875
865.141,0.383853,4.19731,5.83832,1.34814,73.1069,10.0,-3001.69873046875
5833.81,0.908257,13.56626,22.34941,0.243811,9251.19,10.0,-1059.5408935546875
2743.16,0.669929,6.59841,7.80644,0.750826,379.86,10.0,-2097.76513671875
5678.0,0.886449,12.10366,15.24621,0.27971,4195.74,10.0,-1356.68505859375
1053.67,0.449499,5.19631,6.52985,1.17685,69.4181,10.0,-3040.261962890625
947.262,0.307725,6.52922,8.91414,1.0875,389.47,10.0,-2138.59521484375
1562.86,0.469464,5.16398,5.83696,0.995266,56.105,10.0,-2523.593505859375
4806.99,0.783048,7.90357,10.02085,0.483692,2266.17,10.0,-1991.199951171875
3110.59,0.699887,8.95589,9.77714,0.679807,905.166,10.0,-2166.078857421875
1573.4,0.509343,4.19007,4.70305,1.05024,45.6949,10.0,-3442.33837890625
2249.3,0.705944,7.71777,7.98158,0.791442,310.918,10.0,-2513.435546875
5485.24,0.899451,9.53743,16.62467,0.286881,8729.6,10.0,-1247.9580078125
1430.39,0.553552,6.19458,7.12897,1.09503,218.979,10.0,-2738.855712890625
116.424,0.189978,3.34137,3.79393,1.60478,1.56843,10.0,-3860.7314453125
3525.69,0.798741,6.64494,14.47586,0.654772,4184.4,10.0,-2373.754150390625
656.905,0.251964,5.30231,5.7778,1.27536,69.7469,10.0,-2500.545166015625
1309.77,0.552552,5.06429,9.22096,1.40832,719.391,10.0,-2153.963134765625
2576.61,0.60272,4.86795,7.64999,0.781419,623.838,10.0,-2292.124267578125
2413.24,0.68928,9.91082,10.37956,0.734454,357.549,10.0,-2518.296142578125
5706.82,0.946082,20.80401,23.38346,0.162442,22026.4,10.0,-829.0929565429688
4758.53,0.824753,9.14182,12.32021,0.430171,2602.9,10.0,-1291.6119384765625
291.644,0.197681,4.12694,4.44588,1.68865,9.07454,10.0,-3387.758056640625
223.862,0.170694,4.81448,5.18604,2.1918,13.333,10.0,-2705.591064453125
3585.75,0.81635,9.00308,16.28511,0.585121,5334.59,10.0,-1500.34326171875
2897.96,0.834097,19.9329,20.7973,0.439487,2162.05,10.0,-1902.446533203125
1997.56,0.639496,11.3491,12.09911,0.776118,923.714,10.0,-2572.83349609375
2706.61,0.733349,8.48917,11.62637,0.905711,2202.23,10.0,-1786.1380615234375
1669.45,0.563984,4.79282,5.82422,1.01105,199.536,10.0,-2887.806396484375
372.47,0.237295,4.68955,5.2437,1.61152,29.8732,10.0,-3368.467529296875
4588.52,0.766496,9.24353,13.40682,0.427944,2294.76,10.0,-1817.6485595703125
5046.9,0.842734,8.06458,13.31211,0.423392,5953.72,10.0,-1159.382080078125
592.912,0.342874,3.85093,4.53193,1.98883,30.4414,10.0,-2872.418701171875
3380.97,0.81375,10.22132,13.48327,0.54755,3783.03,10.0,-1535.3990478515625
5109.58,0.878178,12.64974,15.85616,0.33301,3390.59,10.0,-1407.400390625
2530.23,0.62274,5.3108,6.1103,0.920338,149.803,10.0,-2129.8427734375
438.231,0.307149,4.03021,4.95758,1.77517,26.9883,10.0,-3310.59375
2349.52,0.727891,8.70234,9.68422,0.898844,1486.06,10.0,-2055.23974609375
992.149,0.436659,5.06218,5.42132,1.08628,105.384,10.0,-3480.61962890625
624.185,0.333833,4.31513,5.8543,1.5663,69.6057,10.0,-3040.570556640625
1212.77,0.490217,7.75608,8.40604,1.10121,226.405,10.0,-2155.494384765625
1354.82,0.493816,5.78471,7.32224,1.08867,103.094,10.0,-2682.392578125
2528.48,0.579026,7.52507,7.85946,0.822546,245.771,10.0,-3049.7060546875
1908.98,0.690704,20.22581,20.57871,0.632187,1323.55,10.0,-1918.2037353515625
1031.37,0.416008,4.79665,6.87977,1.10661,247.924,10.0,-2792.665283203125
745.962,0.320812,8.55679,9.14787,1.18966,119.965,10.0,-1848.5323486328125
4333.46,0.774353,8.7629,9.3242,0.566197,915.188,10.0,-2120.818603515625
3183.22,0.732732,9.71828,11.08855,0.63523,1575.0,10.0,-1783.5390625
4287.81,0.7907,7.22291,14.47479,0.502911,2956.81,10.0,-1445.369384765625
1678.36,0.504389,4.69708,6.60353,1.129,234.016,10.0,-2251.662841796875
2798.47,0.648174,9.91797,12.17882,0.661055,1285.51,10.0,-2071.236328125
1530.07,0.50496,4.24225,5.74457,1.08327,106.16,10.0,-2660.538818359375
4374.81,0.818512,12.18621,14.29643,0.427271,2412.68,10.0,-1634.3421630859375
3232.47,0.799625,8.54235,16.29391,0.65191,5024.82,10.0,-1600.1119384765625
525.528,0.342296,6.85231,7.47798,1.66342,105.814,10.0,-2644.5205078125
2588.39,0.62356,6.26097,7.63691,0.785669,318.91,10.0,-2159.89990234375
2949.51,0.755126,12.2893,14.34362,0.611585,3311.27,10.0,-2463.80224609375
3720.15,0.658481,4.82631,6.52251,0.755668,1192.13,10.0,-2011.075439453125
4092.2,0.774287,9.03751,13.15146,0.487397,3073.7,10.0,-1554.21484375
4046.39,0.777932,8.63817,12.06243,0.512106,1307.82,10.0,-1880.2109375
953.137,0.527894,6.91289,7.10727,1.65749,187.264,10.0,-2246.22998046875
3494.24,0.808759,7.94061,16.25146,0.604839,5094.74,10.0,-1559.76123046875
591.005,0.333052,4.15258,4.6599,1.3343,17.1993,10.0,-3727.080078125
1326.86,0.499122,7.83894,8.1632,1.02604,95.2007,10.0,-2304.242919921875
4822.34,0.852033,13.26877,18.51531,0.378401,4960.23,10.0,-1144.9090576171875
3747.77,0.821358,9.30885,16.34717,0.556327,5331.45,10.0,-1538.085205078125
3634.52,0.691621,5.9905,7.49661,0.671539,758.071,10.0,-2120.926025390625
734.468,0.361185,3.41816,5.29217,1.31378,66.6695,10.0,-3104.47900390625
1977.9,0.580129,7.5977,7.94152,0.810793,233.012,10.0,-2581.685546875
1186.09,0.411128,4.64716,5.73734,1.1609,67.7637,10.0,-2402.14892578125
564.576,0.29661,4.41034,6.38159,1.65048,93.6391,10.0,-3054.61376953125
3999.69,0.794559,12.87672,14.23739,0.509871,1827.26,10.0,-1547.14501953125
3847.46,0.755374,8.4046,11.12033,0.563117,1351.92,10.0,-1713.9884033203125
396.263,0.171008,4.72661,5.50162,1.26605,48.4834,10.0,-2661.23388671875
2627.53,0.755693,13.80077,14.38824,0.612202,1932.46,10.0,-2415.218994140625
2411.33,0.679049,13.12729,13.48845,0.674813,1614.91,10.0,-2132.626953125
3416.62,0.778083,7.37802,15.25734,0.613785,4186.08,10.0,-1605.50146484375
2429.87,0.696959,10.17792,11.10796,0.720485,459.425,10.0,-1796.5423583984375
859.261,0.305891,5.52439,5.73034,1.29446,48.7475,10.0,-2481.700439453125
2319.94,0.648886,5.95985,12.70952,0.835037,1407.71,10.0,-2267.9599609375
1571.62,0.499198,3.35002,11.20251,0.912347,429.331,10.0,-1837.381103515625
1754.53,0.53642,6.23807,6.84307,0.886129,155.582,10.0,-2443.043701171875
1560.26,0.527097,6.69082,7.66321,0.911665,152.025,10.0,-2655.290283203125
276.028,0.233975,3.69587,4.94646,1.65994,11.6357,10.0,-4220.9677734375
1249.28,0.646554,10.94299,11.92753,1.22101,911.53,10.0,-1967.9310302734375
4252.53,0.793353,8.45045,14.49699,0.485853,3087.21,10.0,-1465.8221435546875
3598.91,0.892327,32.93329,33.54062,0.266966,5765.59,10.0,-1727.32421875
2378.81,0.583847,7.49901,8.22785,0.802657,325.918,10.0,-2237.8408203125
582.371,0.28692,4.14409,5.46226,1.59135,85.141,10.0,-2667.72998046875
2900.43,0.630648,5.11868,6.59145,0.912745,423.139,10.0,-2005.0059814453125
1812.89,0.563774,3.83233,4.8512,1.05849,100.565,10.0,-2956.558349609375
2897.04,0.673897,7.71589,9.04651,0.725944,349.462,10.0,-1761.6527099609375
777.165,0.309372,4.14365,4.92282,1.32372,89.9151,10.0,-2718.034423828125
1799.2,0.609993,4.54766,5.79095,1.0605,165.224,10.0,-2877.892333984375
1214.21,0.475957,5.56724,6.4213,1.18737,156.311,10.0,-2388.431396484375
3316.57,0.614924,5.9219,7.8452,0.73009,318.519,10.0,-2120.34619140625
518.848,0.233421,4.42522,4.74797,1.33289,23.7761,10.0,-3014.171875
992.801,0.34571,4.06454,5.26255,0.978256,100.464,10.0,-3305.344482421875
1869.38,0.696914,9.16178,9.49563,0.968506,299.561,10.0,-2054.381591796875
202.419,0.200903,3.36532,4.41971,2.19017,8.41981,10.0,-2937.282958984375
5062.44,0.844336,10.92203,16.08454,0.328825,2910.82,10.0,-1293.365966796875
4034.3,0.78369,11.72717,13.20932,0.527901,912.907,10.0,-1679.133056640625
2314.91,0.700342,8.43249,8.89985,0.882029,987.656,10.0,-2161.166015625
944.612,0.496732,5.54401,6.97765,1.36969,87.1025,10.0,-3014.98828125
1754.82,0.573381,13.09386,13.399,0.746514,455.461,10.0,-1666.4925537109375
3245.86,0.695816,7.72655,9.8039,0.657606,488.667,10.0,-1800.91064453125
4533.75,0.827148,12.06692,18.53947,0.446727,5470.43,10.0,-1457.1314697265625
1076.11,0.379403,3.41885,4.52004,1.0004,75.0371,10.0,-2972.080810546875
667.39,0.429175,9.21248,9.95646,1.53083,313.086,10.0,-2310.861328125
3259.92,0.70675,7.01387,9.94515,0.703392,864.252,10.0,-1633.1187744140625
2325.76,0.639996,7.82211,8.76059,0.815276,341.477,10.0,-2120.809814453125
1104.78,0.356854,5.09379,6.47601,1.12089,129.202,10.0,-2326.439453125
5017.17,0.857199,13.84638,17.32885,0.322854,3673.13,10.0,-1454.0802001953125
1261.57,0.417392,5.93272,6.46305,0.915886,170.179,10.0,-3772.072021484375
1948.24,0.597113,6.41806,7.56456,0.846721,218.564,10.0,-2568.752197265625
2664.48,0.641946,5.42285,9.37722,0.754124,1545.38,10.0,-2395.3095703125
3804.56,0.774542,8.2327,11.71987,0.589623,1903.71,10.0,-1491.402587890625
1254.17,0.522386,6.72138,7.7387,1.07957,148.841,10.0,-2760.514892578125
721.331,0.323998,3.37275,5.47353,1.2328,157.964,10.0,-2964.492919921875
602.236,0.407789,4.76094,4.88932,1.42757,21.4465,10.0,-4116.14208984375
1618.49,0.595082,4.44243,8.48149,1.15478,460.683,10.0,-2687.859619140625
3534.5,0.899112,36.48522,36.98517,0.251919,7455.79,10.0,-1641.4359130859375
1028.14,0.461363,11.7051,12.20098,1.11762,313.211,10.0,-1573.1524658203125
542.628,0.401869,3.38645,6.34828,1.34118,81.4896,10.0,-3316.141845703125
1429.38,0.442938,4.25642,6.91434,1.01094,391.538,10.0,-2561.35009765625
1517.52,0.563823,15.17672,15.47094,0.784045,635.726,10.0,-1649.7733154296875
1688.06,0.580053,6.87369,7.50313,0.993441,286.893,10.0,-2341.60498046875
3126.2,0.680733,6.56579,8.74722,0.794777,428.99,10.0,-1591.2564697265625
793.206,0.434868,3.95804,5.19996,1.29434,58.1823,10.0,-3943.782958984375
1427.79,0.48938,3.35162,7.85855,1.00675,438.368,10.0,-2429.3798828125
1994.09,0.808384,16.9174,16.98679,0.680117,1359.99,10.0,-1963.650390625
4207.5,0.741167,9.49198,12.53218,0.485003,1544.98,10.0,-1834.5118408203125
3720.28,0.70731,8.65671,10.95734,0.576674,1068.74,10.0,-1664.0262451171875
892.422,0.407548,5.05351,5.83426,1.20847,46.7674,10.0,-3183.553955078125
1100.1,0.529673,3.80639,4.35313,1.3636,84.1229,10.0,-3492.218505859375
3546.95,0.746791,8.00818,15.11949,0.57641,2069.83,10.0,-1690.798095703125
886.527,0.468105,7.8095,9.5927,1.27629,5.11393,10.0,-2672.059814453125
4892.03,0.762852,7.90118,11.93922,0.431534,1929.7,10.0,-1843.233154296875
2846.26,0.755909,7.1175,15.32583,0.725702,1747.05,10.0,-1575.8829345703125
4157.62,0.741683,6.71587,8.75703,0.609746,1198.42,10.0,-1619.8031005859375
2594.72,0.731913,9.81306,10.70693,0.730515,770.643,10.0,-2166.818115234375
340.507,0.173426,4.53628,5.39075,1.46751,93.0077,10.0,-3056.273681640625
4430.12,0.815234,10.79362,13.40053,0.458013,2790.23,10.0,-1558.488037109375
1243.7,0.400143,3.58892,6.35817,0.997104,177.315,10.0,-2903.979248046875
1820.41,0.428259,3.6603,4.94822,0.831817,143.111,10.0,-2712.023681640625
2197.7,0.604545,4.50138,6.53494,0.872955,414.453,10.0,-3257.25634765625
867.345,0.321024,5.73521,7.76803,1.36835,109.96,10.0,-1840.9146728515625
3163.1,0.730736,6.81768,13.09197,0.715213,1744.77,10.0,-1611.4420166015625
2884.02,0.734981,9.66601,9.96626,0.744656,886.365,10.0,-2165.583740234375
1059.83,0.484459,3.88278,6.10753,1.32093,151.304,10.0,-3132.55859375
871.929,0.374354,4.13805,5.09764,1.22847,243.909,10.0,-3104.995849609375
587.56,0.283567,5.04805,6.0349,1.53389,73.8394,10.0,-2550.113037109375
1081.31,0.341689,5.09421,5.95155,1.12115,183.425,10.0,-2385.865478515625
6421.92,0.938525,18.6299,26.03778,0.162011,20066.8,10.0,-867.352294921875
990.963,0.451291,3.93341,5.9943,1.21019,52.5445,10.0,-2753.635009765625
5592.17,0.869713,12.00805,15.22974,0.32265,2568.08,10.0,-1093.669189453125
2716.88,0.655249,5.13403,7.897,0.79724,638.661,10.0,-2759.714111328125
208.242,0.132104,3.79696,4.88899,1.61843,6.06215,10.0,-3228.249755859375
668.922,0.301065,3.571,5.19133,1.25849,23.965,10.0,-3031.196044921875
413.565,0.232152,3.60521,4.28454,1.38938,24.5679,10.0,-3434.05615234375
2273.01,0.666595,8.61784,9.46963,0.752282,358.818,10.0,-2529.39697265625
1052.93,0.514321,5.05191,8.69492,1.40473,244.074,10.0,-2544.944580078125
2674.54,0.565304,7.98841,10.56771,0.658428,787.84,10.0,-1918.5555419921875
3039.45,0.678116,6.49158,9.46583,0.778769,1197.35,10.0,-1880.7763671875
2807.26,0.711151,10.0958,11.43325,0.64367,470.232,10.0,-1745.7041015625
5195.67,0.898152,14.74978,20.18941,0.271998,5043.58,10.0,-1277.6529541015625
2808.54,0.729444,6.95706,7.79076,0.877474,1834.22,10.0,-1616.30126953125
3693.96,0.726988,7.03117,10.08382,0.596694,925.277,10.0,-1736.2044677734375
739.732,0.286398,5.28878,7.56137,1.34439,177.909,10.0,-2653.7763671875
3457.98,0.80146,8.54555,16.21346,0.611355,4972.3,10.0,-1586.0496826171875
1135.2,0.368495,5.64948,7.58659,1.04742,176.764,10.0,-2214.47607421875
4305.78,0.845744,10.93053,14.58909,0.438094,2880.85,10.0,-1207.8115234375
3369.4,0.668408,10.15713,11.40798,0.567663,1229.68,10.0,-2202.194580078125
2449.69,0.703422,9.61145,10.03298,0.713584,710.263,10.0,-2018.1396484375
1367.6,0.464222,4.46992,6.45884,1.04199,570.382,10.0,-2776.412841796875
2229.2,0.625112,4.74509,6.86482,0.864283,500.333,10.0,-3018.721923828125
967.553,0.394775,3.57517,4.88751,1.34317,47.0813,10.0,-2802.664306640625
2779.87,0.745323,10.34382,11.97001,0.684168,1253.74,10.0,-1835.2381591796875
4303.13,0.780521,8.89013,12.50489,0.527344,1196.7,10.0,-1345.686767578125
2000.54,0.578972,5.7353,6.28014,0.828897,278.943,10.0,-2848.882568359375
737.24,0.380351,5.56684,5.82161,1.04764,70.9239,10.0,-3045.516845703125
5122.67,0.784723,7.12386,12.98925,0.457229,2839.72,10.0,-1496.9854736328125
4797.45,0.797738,9.62763,11.12887,0.464984,1156.09,10.0,-1593.28857421875
1249.8,0.447626,7.91667,8.94548,1.05135,223.313,10.0,-1997.192626953125
2819.29,0.75097,7.25673,15.05815,0.6992,3856.31,10.0,-1723.8590087890625
1009.1,0.529752,5.40929,7.4406,1.58604,504.64,10.0,-2658.90283203125
999.226,0.379348,4.33385,4.80504,1.07428,44.2087,10.0,-3217.409912109375
2839.75,0.83344,21.88193,22.4269,0.443529,2192.95,10.0,-1856.32958984375
685.612,0.329233,4.22688,5.85085,1.58423,78.8141,10.0,-2655.284912109375
3876.67,0.675854,5.18528,6.88642,0.712264,1394.18,10.0,-1995.3509521484375
1894.66,0.57864,5.5663,6.94499,1.02275,565.842,10.0,-2870.55859375
4820.62,0.872527,11.24579,18.09066,0.368254,5173.45,10.0,-1236.000244140625
1271.82,0.479488,5.83776,6.70648,1.06347,90.2654,10.0,-2667.051025390625
2192.07,0.709628,6.27497,12.62898,0.958175,2124.16,10.0,-2316.248046875
189.421,0.235998,3.71608,4.27749,3.21024,11.5181,10.0,-3307.76171875
2412.58,0.658144,9.61425,12.01905,0.727719,1382.96,10.0,-2458.60546875
3017.27,0.755197,7.54856,14.24532,0.697895,2652.58,10.0,-2521.13525390625
3947.71,0.714924,6.36965,8.24529,0.622801,708.323,10.0,-1918.453857421875
1050.71,0.451179,3.59308,6.11165,1.29206,146.916,10.0,-3001.501953125
3380.66,0.779628,6.84324,16.17208,0.637929,4744.43,10.0,-1568.0625
3459.78,0.74439,6.82523,12.48808,0.644485,1595.15,10.0,-1715.49658203125
358.683,0.199435,3.61419,4.70488,1.45238,13.8659,10.0,-3336.556884765625
450.907,0.221655,4.50557,4.68736,1.39622,18.7886,10.0,-3144.54638671875
662.686,0.330027,4.22247,5.43302,1.21302,164.907,10.0,-3001.356689453125
1537.35,0.646066,6.26978,7.74203,1.03888,142.89,10.0,-2769.3388671875
4508.16,0.838406,11.7971,14.53446,0.455809,2067.63,10.0,-1437.1357421875
1380.97,0.573522,17.09348,17.45185,0.79076,775.865,10.0,-1558.288818359375
4753.7,0.889219,13.47309,18.11275,0.334391,6419.11,10.0,-1267.8016357421875
1131.05,0.406419,6.91657,7.63365,1.06174,136.0,10.0,-2232.495849609375
2934.81,0.706281,6.27542,8.28331,0.831397,670.793,10.0,-1959.0758056640625
96.0236,0.0757589,3.80309,4.07414,1.9685,2.17447,10.0,-3485.637939453125
784.011,0.395753,3.67965,4.41575,1.27621,12.6284,10.0,-3692.51708984375
893.875,0.459439,4.27511,4.94222,1.18782,46.5548,10.0,-3804.510498046875
2749.91,0.604638,5.54431,9.29441,0.79678,964.049,10.0,-1660.3363037109375
5239.8,0.814379,9.55832,11.7041,0.408322,2566.35,10.0,-1342.8697509765625
3935.68,0.814216,9.16474,14.53924,0.474959,3469.34,10.0,-1710.4908447265625
3221.97,0.761021,9.92139,11.19188,0.656322,3219.51,10.0,-1297.823974609375
4624.05,0.851251,10.19741,13.81285,0.399379,2737.15,10.0,-1755.224609375
931.169,0.388944,3.83622,5.5769,1.20856,78.6051,10.0,-3072.244140625
3926.2,0.802944,8.87551,11.60987,0.529155,2800.42,10.0,-1653.6683349609375
449.404,0.254281,3.41534,4.20033,1.21548,5.68568,10.0,-3152.309814453125
3456.01,0.736994,7.90209,8.47251,0.672792,543.338,10.0,-2114.64794921875
1904.74,0.601099,7.52383,7.95746,1.0209,418.649,10.0,-3011.848876953125
2504.45,0.636975,6.55864,11.3442,0.716716,1551.11,10.0,-1849.7344970703125
984.88,0.528181,5.00341,7.44476,1.76141,533.459,10.0,-2530.267578125
3146.8,0.71811,7.85361,10.11987,0.688107,654.389,10.0,-1933.6475830078125
1874.08,0.596034,7.62245,8.21509,0.818566,458.86,10.0,-2460.369873046875
3644.01,0.692375,8.23837,10.2062,0.577918,964.314,10.0,-2007.7928466796875
2935.29,0.686618,6.75036,10.24234,0.676462,2133.64,10.0,-2336.149169921875
1412.83,0.68013,12.31825,13.14573,1.20452,3047.79,10.0,-2665.509521484375
2563.63,0.643195,6.45124,7.67105,0.825307,622.403,10.0,-2304.873046875
1574.49,0.570547,6.46637,6.93944,1.03769,111.173,10.0,-2529.315185546875
1798.37,0.563119,4.54173,7.05721,1.1502,339.63,10.0,-2361.6318359375
246.168,0.223662,3.68138,4.37722,1.70555,14.2571,10.0,-4002.103271484375
3585.26,0.832343,11.99712,14.81667,0.50134,2804.5,10.0,-1643.0206298828125
5581.29,0.784934,8.1372,9.88314,0.43534,1676.56,10.0,-1578.37548828125
3760.97,0.800186,7.76575,13.44581,0.556609,2089.42,10.0,-1444.4559326171875
2612.79,0.740587,10.4623,12.05438,0.788223,1432.33,10.0,-2143.322021484375
1074.19,0.486854,10.64267,11.14114,1.09642,604.872,10.0,-2135.987548828125
1904.52,0.545863,11.1315,11.8011,0.728723,624.84,10.0,-2370.45947265625
1090.72,0.455369,3.58611,5.12698,1.36518,40.7306,10.0,-3374.2470703125
4136.04,0.788442,8.71904,13.97546,0.50573,2476.22,10.0,-1268.1488037109375
355.133,0.179634,3.71033,4.19551,1.29359,12.1296,10.0,-3575.494140625
635.061,0.335272,3.32469,4.58434,1.27043,40.8781,10.0,-3692.28271484375
2350.41,0.568904,4.81318,9.8787,0.861126,1640.44,50.0,-2270.22998046875
3059.91,0.718266,7.74543,8.99236,0.742029,975.395,50.0,-2340.46240234375
2180.49,0.681437,10.44088,11.84137,0.777818,478.619,50.0,-1797.6983642578125
3718.89,0.786418,12.57395,15.59001,0.538275,3812.62,50.0,-1967.235107421875
3172.82,0.711352,6.42244,14.0095,0.679504,1447.43,50.0,-1523.359375
333.364,0.226655,3.54059,4.07425,1.54706,5.30463,50.0,-3934.074462890625
319.532,0.197535,4.94412,5.40904,1.5909,31.0201,50.0,-3540.24072265625
712.517,0.281592,4.08357,6.86415,1.1794,86.5373,50.0,-2853.2900390625
540.963,0.499162,3.40163,7.51498,1.46727,110.638,50.0,-3455.981689453125
5842.47,0.903184,14.34732,20.24627,0.239504,4718.19,50.0,-1336.1859130859375
3059.43,0.65981,6.72225,8.08784,0.690584,1012.39,50.0,-1980.2041015625
4341.28,0.85847,15.33451,20.6228,0.367077,6383.74,50.0,-1479.7635498046875
201.795,0.234141,3.42525,3.95936,1.72081,2.93235,50.0,-3969.279296875
3601.36,0.768025,9.67229,10.76037,0.565402,3327.62,50.0,-1865.63134765625
2116.13,0.544564,5.9516,7.04354,0.885089,261.256,50.0,-2635.26025390625
3626.78,0.856869,44.41555,44.88935,0.245098,11993.6,50.0,-1984.3447265625
2859.74,0.764871,11.3675,11.52676,0.611593,540.726,50.0,-2286.40869140625
113.125,0.125547,3.88364,5.94481,2.87192,74.2589,50.0,-3000.7158203125
2699.01,0.658718,7.60746,8.62431,0.770384,330.928,50.0,-1855.8858642578125
2828.36,0.853268,18.98412,20.67664,0.49838,5534.4,50.0,-1758.156005859375
647.909,0.294025,3.52035,5.39598,1.3731,82.5897,50.0,-3130.74169921875
3469.13,0.728144,7.86884,10.41231,0.62141,562.008,50.0,-1565.289306640625
418.036,0.288081,3.5552,4.6944,1.30512,23.7035,50.0,-3488.99853515625
4488.74,0.824101,13.26607,15.9292,0.385377,2745.89,50.0,-1813.3953857421875
2677.7,0.734322,5.04002,14.65871,0.748837,1199.9,50.0,-2039.2325439453125
624.038,0.296902,3.68297,4.55438,1.37923,18.7463,50.0,-3261.729736328125
1678.22,0.584262,19.01787,19.24015,0.637238,1046.74,50.0,-1329.11181640625
2633.52,0.696088,6.57332,10.2073,0.815768,1309.87,50.0,-2284.5390625
4686.25,0.828106,10.56834,16.78159,0.43534,9057.41,50.0,-1613.099853515625
755.371,0.372498,4.57801,6.7937,1.63344,115.966,50.0,-2542.5673828125
895.808,0.295688,4.48145,5.26707,1.13741,44.2493,50.0,-2753.3759765625
1799.97,0.482195,5.9702,7.60422,0.891194,306.003,50.0,-2423.741943359375
560.515,0.244098,5.22969,5.67787,1.39221,108.993,50.0,-2655.337646484375
3292.03,0.811509,8.07844,16.29029,0.636267,5196.73,50.0,-1528.9779052734375
57.922,0.148474,3.55744,3.74056,3.01243,1.33525,50.0,-4235.87158203125
4750.2,0.759273,9.28654,11.284,0.450623,1505.67,50.0,-1726.9322509765625
492.333,0.253743,3.69133,5.38819,1.26262,30.5143,50.0,-3391.132568359375
2706.77,0.721088,9.50749,9.83936,0.660984,444.929,50.0,-2455.503662109375
1656.56,0.524429,5.24163,6.0194,0.996085,243.049,50.0,-3238.1943359375
723.07,0.291292,7.15392,7.90068,1.22627,91.3713,50.0,-1842.359375
4544.61,0.808092,7.97908,9.99892,0.515379,1536.98,50.0,-1836.1468505859375
2763.0,0.723722,8.89347,10.01436,0.743624,1541.14,50.0,-2102.040283203125
2393.8,0.610117,6.71373,7.48973,0.856179,275.634,50.0,-3161.05078125
2822.52,0.748286,9.03108,9.58534,0.624027,531.838,50.0,-2407.858642578125
1501.68,0.718654,5.91191,15.46798,1.23563,1498.99,50.0,-1955.3087158203125
4659.54,0.827732,10.47913,13.67182,0.400998,3848.84,50.0,-1597.76171875
355.774,0.182742,3.53103,4.41956,1.61281,20.1337,50.0,-2943.662109375
2703.18,0.733831,11.56742,11.86055,0.65794,660.572,50.0,-2468.159912109375
712.274,0.329455,3.43232,5.73126,1.27079,82.2344,50.0,-3107.153076171875
2178.82,0.628632,9.95293,10.55032,0.76217,402.859,50.0,-1994.571533203125
2085.6,0.535209,4.5615,6.01553,0.954831,223.357,50.0,-2640.31787109375
466.113,0.23021,5.45887,6.74791,1.58299,201.099,50.0,-2692.391845703125
964.964,0.427575,4.76281,5.19873,1.32821,36.8868,50.0,-3221.528076171875
1632.15,0.466404,6.49563,7.39376,0.805202,127.173,50.0,-2962.595458984375
591.096,0.400614,4.45214,5.45492,2.01446,65.5756,50.0,-3104.362548828125
510.735,0.288657,3.35422,4.41293,1.25673,8.22583,50.0,-3660.605224609375
607.323,0.314051,3.38672,4.96985,1.46405,19.8199,50.0,-3253.11572265625
1034.04,0.348625,5.16881,8.81997,1.01856,292.96,50.0,-2112.286865234375
4664.87,0.832784,14.1154,16.73265,0.399539,4691.65,50.0,-1647.2684326171875
3996.2,0.748785,6.39267,8.68652,0.597157,761.901,50.0,-1913.865234375
2013.65,0.69359,22.14275,22.26225,0.590946,1362.69,50.0,-1764.1962890625
218.149,0.253826,4.09863,4.37001,1.46215,12.3243,50.0,-3890.82861328125
382.526,0.341096,3.84832,4.3814,1.64861,4.85413,50.0,-3906.6826171875
1529.94,0.619542,6.95688,7.15871,0.985662,110.67,50.0,-3359.072509765625
1389.16,0.473782,4.31887,5.35824,1.09933,108.128,50.0,-3318.7978515625
794.939,0.325202,6.26585,6.99516,1.26755,142.749,50.0,-2324.58544921875
1024.33,0.408804,4.39281,5.52553,1.06252,29.5285,50.0,-3247.274169921875
1549.34,0.522098,10.40235,10.52048,0.86429,193.33,50.0,-1936.4031982421875
728.675,0.325382,3.43664,4.7143,1.2459,18.5774,50.0,-3279.4755859375
2256.27,0.549604,6.48205,7.79318,0.812362,710.635,50.0,-2180.629150390625
1688.94,0.550806,7.19564,7.87585,0.989095,198.966,50.0,-2622.899169921875
4996.37,0.755156,9.07037,10.84434,0.442279,2599.76,50.0,-1566.8004150390625
889.282,0.465411,4.96181,5.55311,1.41009,109.336,50.0,-3676.278564453125
1486.96,0.512279,4.21963,5.62486,0.941354,41.8258,50.0,-3525.393798828125
399.589,0.258531,5.21368,6.98088,1.80262,108.86,50.0,-2786.55859375
2170.59,0.519452,4.50916,6.17197,0.861904,252.483,50.0,-2552.550048828125
2244.37,0.533119,4.81447,6.23895,0.812374,418.374,50.0,-2548.506103515625
1608.48,0.609034,4.51927,8.44381,1.17693,955.533,50.0,-2869.044189453125
2314.27,0.677413,6.72464,7.43138,0.776702,274.273,50.0,-2609.6962890625
2815.41,0.785464,7.45498,16.28499,0.746687,4741.78,50.0,-1633.569580078125
923.293,0.362657,4.18627,4.85142,1.10587,24.5226,50.0,-3287.12548828125
786.312,0.36079,4.70653,5.59715,1.22207,79.5153,50.0,-3354.3974609375
1936.15,0.57349,8.245,8.8982,0.886081,284.641,50.0,-2091.3037109375
2846.92,0.754241,6.60044,15.23901,0.728452,3832.15,50.0,-1738.8447265625
2037.25,0.573749,3.86389,11.17442,0.873067,635.974,50.0,-2015.4573974609375
1441.61,0.43497,4.76603,6.3585,1.11109,223.631,50.0,-2465.97900390625
2754.32,0.5432,4.94806,8.49357,0.770035,256.459,50.0,-2005.015625
1178.43,0.444596,4.04823,5.4952,1.1513,99.0048,50.0,-3361.455810546875
2145.26,0.612791,5.11384,7.22366,1.01398,173.157,50.0,-2346.78271484375
1069.27,0.62453,22.11595,22.2155,0.993231,1299.6,50.0,-1305.361083984375
4921.31,0.869286,13.9897,17.64932,0.330352,3015.26,50.0,-1454.399658203125
587.323,0.355798,5.48966,6.45131,1.48486,60.5185,50.0,-3437.546630859375
4097.8,0.760421,8.13066,9.89283,0.523332,1092.97,50.0,-1851.48046875
2189.92,0.685639,6.46016,7.06053,0.838717,211.06,50.0,-2812.80322265625
642.678,0.348261,5.97494,7.57594,1.76868,194.544,50.0,-2318.134033203125
2957.82,0.636765,5.50836,7.69038,0.7216,752.906,50.0,-2503.15673828125
3447.13,0.730567,6.91479,11.17224,0.678046,1972.2,50.0,-2523.46533203125
2542.48,0.718173,5.67297,11.76932,0.839646,1000.21,50.0,-1772.5357666015625
89.075,0.102716,3.40653,3.86071,1.60741,2.21383,50.0,-3918.52734375
304.665,0.14495,3.8846,4.69383,1.49048,32.3876,50.0,-3298.461669921875
403.981,0.24254,3.58287,4.8308,1.26025,11.9173,50.0,-3818.117431640625
4284.5,0.817214,9.87274,13.20053,0.474348,3414.22,50.0,-1491.923095703125
3693.29,0.711507,6.26543,7.23114,0.640645,783.693,50.0,-1905.6243896484375
2493.95,0.635411,5.27939,8.85984,0.884009,1064.52,50.0,-2568.157958984375
5149.08,0.80653,9.06127,14.87165,0.39797,2952.47,50.0,-1449.5987548828125
2009.07,0.691161,21.00636,21.31576,0.600885,1335.52,50.0,-1776.050048828125
435.379,0.173037,3.92612,4.76508,1.41072,25.7543,50.0,-2965.40283203125
344.693,0.214785,3.50428,4.11103,1.45117,12.5271,50.0,-3683.2421875
2759.69,0.688254,4.56573,10.22201,0.855708,1058.43,50.0,-2353.78515625
1076.25,0.533068,4.8859,6.403,1.57729,132.85,50.0,-2747.140869140625
1224.47,0.423286,7.45344,8.10042,1.1084,179.597,50.0,-2106.02490234375
6539.25,0.948567,21.97364,24.21099,0.136416,22389.7,50.0,-770.4569091796875
1183.63,0.456757,4.83625,6.15678,1.16533,141.494,50.0,-2928.02978515625
1599.92,0.507695,5.17841,6.38977,0.928004,173.918,50.0,-2534.960693359375
2893.44,0.827273,25.68703,26.47999,0.406568,4026.96,50.0,-1967.66259765625
6786.51,0.960946,25.00225,26.76389,0.105497,33502.7,50.0,-723.78466796875
562.018,0.259541,4.28995,5.74037,1.46069,49.3454,50.0,-2935.74658203125
802.457,0.443287,4.03107,4.77748,1.21003,36.5468,50.0,-4030.143798828125
2277.45,0.60399,5.8826,9.40303,0.812001,592.849,50.0,-2323.0703125
897.824,0.365133,7.86759,8.0232,1.23293,110.35,50.0,-2146.535888671875
1466.8,0.502309,4.38679,6.24033,1.17661,175.253,50.0,-3021.095947265625
5186.12,0.913577,15.74483,20.93499,0.252275,12581.4,50.0,-1081.31640625
3761.75,0.736731,7.11807,9.98229,0.639117,641.918,50.0,-2034.473876953125
163.722,0.11792,3.80149,4.22599,1.58683,3.82531,50.0,-3965.42724609375
4804.6,0.874983,12.79308,15.98513,0.353816,3368.52,50.0,-1443.99609375
2080.61,0.57034,5.57585,7.06688,0.91036,490.838,50.0,-2550.777099609375
2878.27,0.622965,7.65176,8.79218,0.688146,544.162,50.0,-2253.163330078125
871.324,0.359737,4.24883,4.47076,1.31597,17.3938,50.0,-3138.32177734375
3235.32,0.771312,7.65608,15.29768,0.636631,4148.96,50.0,-1627.6341552734375
460.767,0.234759,3.83834,5.19136,1.45819,47.7436,50.0,-3347.120849609375
2320.29,0.527636,5.676,7.7664,0.93549,627.698,50.0,-2430.23583984375
483.388,0.31918,5.91729,6.09115,1.9136,74.1907,50.0,-2662.215576171875
3361.53,0.898791,36.68526,37.28139,0.262768,7524.72,50.0,-1758.1309814453125
3538.44,0.758127,7.99213,9.80864,0.583998,4278.16,50.0,-2226.32177734375
2054.2,0.630693,6.55117,7.00999,0.878159,149.591,50.0,-2653.112060546875
273.196,0.193446,3.65066,4.90341,1.59342,16.2447,50.0,-3848.63720703125
1799.2,0.609993,4.54766,5.79095,1.0605,165.224,50.0,-3073.409912109375
3563.66,0.72619,6.46471,14.49365,0.596186,1911.71,50.0,-1648.830810546875
2886.61,0.660983,5.98941,7.72884,0.798201,1095.49,50.0,-2127.283935546875
2820.44,0.624966,5.32502,6.88215,0.941318,877.742,50.0,-1967.15087890625
177.616,0.242952,3.30961,5.60293,1.41594,28.2241,50.0,-3648.471435546875
1869.38,0.696914,9.16178,9.49563,0.968506,299.561,50.0,-2115.1552734375
4995.82,0.84696,12.03691,14.26773,0.368707,3508.95,50.0,-1575.653564453125
1012.52,0.385757,10.25712,10.82598,1.17362,235.087,50.0,-1831.377197265625
2874.75,0.776988,11.85236,12.10943,0.572825,732.213,50.0,-2224.391357421875
2663.16,0.528972,5.45694,7.02493,0.786859,360.083,50.0,-2233.09375
2369.24,0.59324,5.64844,6.95538,0.951134,252.395,50.0,-2185.234375
153.175,0.0904317,3.85034,4.16512,1.59593,4.9595,50.0,-3547.241943359375
4533.75,0.827148,12.06692,18.53947,0.446727,5470.43,50.0,-1452.31689453125
5173.31,0.866699,12.07913,20.05782,0.310276,8219.09,50.0,-1232.4205322265625
153.173,0.124335,3.76689,4.49686,2.28789,8.95521,50.0,-3479.8642578125
4391.21,0.744098,7.57996,13.67056,0.47623,2498.21,50.0,-1679.0753173828125
1436.03,0.5393,5.07983,6.99592,1.20518,95.7537,50.0,-2681.109375
2049.2,0.778717,14.38186,14.86862,0.777337,2306.01,50.0,-1429.1356201171875
936.327,0.486391,3.36867,7.1359,1.38679,151.5,50.0,-3165.6923828125
490.209,0.206377,4.88683,6.67316,1.33416,76.1973,50.0,-2664.766845703125
3692.56,0.735977,6.38499,7.97707,0.634975,793.827,50.0,-2027.5966796875
998.049,0.323615,4.98365,6.08362,1.13603,40.1435,50.0,-2465.17236328125
602.236,0.407789,4.76094,4.88932,1.42757,21.4465,50.0,-4177.625
1575.62,0.517195,6.73139,7.93081,0.933825,190.67,50.0,-2546.34765625
3763.49,0.887703,37.63051,38.19351,0.236224,8901.09,50.0,-1784.0516357421875
4911.26,0.803867,8.60282,10.98776,0.489413,779.111,50.0,-1249.738037109375
1716.27,0.601059,4.83275,8.47968,1.11727,477.97,50.0,-2849.901611328125
139.284,0.243258,4.91599,5.18176,1.51557,28.7544,50.0,-3181.74560546875
1140.01,0.493044,6.06087,8.75631,1.33566,207.971,50.0,-2589.595703125
2238.26,0.731088,6.25759,15.44025,0.855405,1581.59,50.0,-1898.9349365234375
5692.15,0.856627,14.57725,17.29823,0.307706,5674.77,50.0,-1502.0975341796875
1688.06,0.580053,6.87369,7.50313,0.993441,286.893,50.0,-2464.4384765625
2197.88,0.691582,7.54369,8.08319,0.823642,294.177,50.0,-2528.362548828125
3568.57,0.747939,7.50258,13.10108,0.632253,1861.65,50.0,-1534.9710693359375
3720.28,0.70731,8.65671,10.95734,0.576674,1068.74,50.0,-1683.274658203125
607.094,0.267308,5.45854,7.04806,1.37397,66.9424,50.0,-2536.684814453125
2203.27,0.690471,5.85596,13.96608,0.936945,1426.61,50.0,-1525.852294921875
4733.36,0.813911,9.51837,13.13164,0.44115,1771.76,50.0,-1774.4102783203125
2179.28,0.720604,21.22525,21.47979,0.538517,1366.69,50.0,-1994.2584228515625
191.43,0.13274,3.77962,4.09655,1.34637,6.10495,50.0,-3857.80810546875
608.159,0.261122,5.05303,5.53017,1.43739,33.6452,50.0,-2536.85791015625
450.804,0.220118,3.56466,4.96138,1.3433,45.598,50.0,-2924.02197265625
3492.09,0.8178,13.9177,20.26541,0.470674,5655.38,50.0,-1454.076904296875
4246.85,0.810941,12.49845,15.91164,0.456559,7630.82,50.0,-1970.7220458984375
2946.83,0.606105,10.32828,11.14864,0.602907,1065.95,50.0,-2307.55712890625
4592.76,0.829761,11.35621,14.81712,0.380391,4521.22,50.0,-1826.3963623046875
1363.64,0.577408,4.99966,5.46233,1.09584,38.203,50.0,-3572.597412109375
1768.23,0.603643,4.73712,8.50032,1.10599,477.814,50.0,-2798.490478515625
1275.46,0.549846,20.52522,20.8319,0.742342,1030.44,50.0,-1256.742919921875
865.457,0.477921,18.57831,19.02144,1.03129,1022.83,50.0,-1409.8973388671875
3898.46,0.686767,5.10687,7.3257,0.713598,990.983,50.0,-1910.5277099609375
465.443,0.330114,3.62152,5.00707,1.76557,55.5404,50.0,-3556.314697265625
2197.7,0.604545,4.50138,6.53494,0.872955,414.453,50.0,-2926.16552734375
2794.13,0.766198,8.87587,11.86338,0.763398,1239.38,50.0,-1794.2047119140625
1282.2,0.468474,4.57376,6.96986,1.05497,149.378,50.0,-3051.023681640625
1572.52,0.468098,4.16248,5.1856,1.05249,138.094,50.0,-3177.204833984375
2570.91,0.605846,7.80105,8.65711,0.726884,647.651,50.0,-1990.8603515625
375.893,0.265953,3.69301,5.21807,1.69291,17.2627,50.0,-3307.4677734375
974.04,0.468157,3.88362,5.37793,1.39932,99.1938,50.0,-2934.040771484375
2270.38,0.634953,3.7186,7.44657,0.859552,788.339,50.0,-2634.90869140625
5279.94,0.900537,14.00623,20.04209,0.285131,8453.3,50.0,-1154.75341796875
3080.93,0.707036,6.66861,11.13401,0.747351,1363.96,50.0,-1760.90087890625
4730.38,0.8345,14.53486,16.71555,0.392687,4826.24,50.0,-1575.514892578125
1670.49,0.489027,5.86779,6.68698,0.939722,119.005,50.0,-2431.638916015625
1862.27,0.653258,6.09225,9.91526,1.05361,1093.06,50.0,-2487.033447265625
1542.72,0.455139,4.08781,7.17059,1.02663,114.4,50.0,-2224.81494140625
831.229,0.376297,4.15819,6.1434,1.25806,45.2054,50.0,-3222.020263671875
2069.79,0.691127,12.00386,12.89256,0.813885,1165.18,50.0,-1989.59765625
5529.93,0.815722,9.96287,12.14574,0.396956,3018.08,50.0,-1464.3446044921875
436.189,0.29492,3.68158,4.61814,1.34244,21.57,50.0,-3698.475341796875
2685.89,0.585846,4.63677,6.37099,0.94174,609.861,50.0,-2286.765625
413.565,0.232152,3.60521,4.28454,1.38938,24.5679,50.0,-3375.656982421875
2273.01,0.666595,8.61784,9.46963,0.752282,358.818,50.0,-2553.7275390625
2545.7,0.656717,5.73598,14.42541,0.715466,1304.27,50.0,-1747.04052734375
475.447,0.245343,3.73053,4.7636,1.67659,20.4004,50.0,-2978.764892578125
2807.26,0.711151,10.0958,11.43325,0.64367,470.232,50.0,-1774.8740234375
701.054,0.277344,5.31605,5.82365,1.31931,76.5683,50.0,-2706.943359375
1316.51,0.451419,4.47,6.03885,1.07417,442.743,50.0,-3129.611328125
3281.35,0.717623,9.04711,10.84578,0.616331,1727.59,50.0,-2327.1416015625
3309.91,0.65725,5.53736,6.59033,0.744957,456.72,50.0,-2218.906982421875
598.813,0.220076,3.5349,5.19176,1.23991,56.4432,50.0,-2747.89599609375
4329.46,0.720521,8.4097,12.82088,0.501197,1744.7,50.0,-1886.1845703125
2465.01,0.560885,8.77157,10.15632,0.694124,805.046,50.0,-1716.046142578125
4303.13,0.780521,8.89013,12.50489,0.527344,1196.7,50.0,-1359.3380126953125
2066.73,0.570096,4.68216,11.28766,0.823347,904.173,50.0,-2178.352783203125
3008.36,0.625246,5.58562,6.84113,0.767211,357.826,50.0,-2621.51220703125
971.234,0.462253,3.45562,7.63031,1.2987,183.873,50.0,-2742.03076171875
4797.45,0.797738,9.62763,11.12887,0.464984,1156.09,50.0,-1635.1441650390625
2093.29,0.591209,5.50928,7.62578,0.881508,654.552,50.0,-2550.427490234375
1010.78,0.579667,6.71263,7.13882,1.50771,222.71,50.0,-2946.3427734375
1897.66,0.55457,4.53561,5.96439,0.996703,387.809,50.0,-3073.48291015625
1787.08,0.549301,6.58342,7.73356,0.88275,208.757,50.0,-2339.760498046875
2014.27,0.695666,8.83266,12.8818,0.990119,1429.45,50.0,-1674.576171875
539.995,0.243941,4.01335,5.01102,1.34658,35.3364,50.0,-3140.57958984375
2302.95,0.618171,5.22363,6.98633,0.891642,764.017,50.0,-2244.05322265625
1447.99,0.367628,3.31595,8.10042,0.997161,213.837,50.0,-1981.125732421875
959.271,0.442334,3.93319,7.75931,1.32013,130.593,50.0,-2885.683349609375
688.827,0.290773,4.12499,6.87246,1.38266,227.389,50.0,-2816.584716796875
858.757,0.325912,7.78816,7.99413,1.09584,99.0518,50.0,-2151.4931640625
1271.82,0.479488,5.83776,6.70648,1.06347,90.2654,50.0,-2861.97412109375
1425.58,0.549176,3.88377,11.91049,1.10607,676.881,50.0,-1816.177978515625
2412.58,0.658144,9.61425,12.01905,0.727719,1382.96,50.0,-2317.841064453125
4223.86,0.737461,6.38265,9.26481,0.638987,555.063,50.0,-1700.5130615234375
887.85,0.441301,5.35673,6.32117,1.47932,107.613,50.0,-2837.397216796875
1629.81,0.582767,4.13696,5.59892,1.04396,65.1795,50.0,-3736.598876953125
2249.87,0.601123,4.60036,6.84498,0.948835,624.701,50.0,-2398.64111328125
3446.36,0.670514,4.90488,6.89962,0.713412,643.784,50.0,-2285.0458984375
3429.23,0.702216,7.28391,9.60845,0.634694,739.106,50.0,-2049.439697265625
2543.04,0.73835,9.24666,10.74854,0.712321,559.181,50.0,-1945.3568115234375
1298.26,0.607473,9.9446,10.53761,1.2117,343.057,50.0,-1991.6505126953125
2586.32,0.611449,5.65476,7.80864,0.779923,582.261,50.0,-2102.264892578125
5292.14,0.884256,13.86029,18.87098,0.282859,4716.29,50.0,-1263.4659423828125
5239.8,0.814379,9.55832,11.7041,0.408322,2566.35,50.0,-1334.654541015625
3935.68,0.814216,9.16474,14.53924,0.474959,3469.34,50.0,-1700.2171630859375
359.866,0.254334,4.88219,6.85572,1.87988,92.4078,50.0,-3003.0048828125
1344.0,0.529055,3.85337,6.27603,0.998565,201.7,50.0,-2834.187255859375
3733.05,0.763207,7.7793,10.15565,0.625914,1111.94,50.0,-2116.637451171875
3664.65,0.828208,9.34189,16.24889,0.570512,5453.99,50.0,-1475.212890625
468.523,0.241415,3.94466,5.65493,1.29614,43.6783,50.0,-3492.608154296875
3146.8,0.71811,7.85361,10.11987,0.688107,654.389,50.0,-1944.3900146484375
88.0753,0.154864,3.52053,4.1909,2.27602,2.00016,50.0,-4235.94921875
1389.67,0.58272,5.83995,9.15639,1.36222,621.853,50.0,-2237.3681640625
1960.65,0.63522,5.18147,6.12988,0.941318,129.438,50.0,-3113.591552734375
1380.62,0.59614,20.84767,21.1525,0.75075,1179.55,50.0,-1098.5458984375
2173.78,0.686629,8.35581,8.83853,0.936138,708.322,50.0,-2314.052490234375
1671.22,0.448023,4.88177,6.83261,0.911703,161.891,50.0,-2654.80126953125
4822.51,0.818572,9.97922,12.89847,0.411641,3444.05,50.0,-1541.37060546875
1486.12,0.696981,14.51438,14.78319,0.967724,16.7578,50.0,-2782.612548828125
1591.87,0.589916,3.49297,8.77543,1.12657,476.386,50.0,-2743.377197265625
1013.88,0.418125,4.23981,6.97659,1.31846,293.878,50.0,-2732.483154296875
1711.09,0.557643,6.1511,6.90457,1.01913,404.563,50.0,-2485.531494140625
1090.34,0.424872,6.81409,9.53893,1.04809,850.79,50.0,-2300.3291015625
1470.37,0.55732,8.91429,11.53447,1.13079,1129.73,50.0,-2335.1494140625
2674.95,0.726619,13.51302,13.94589,0.559452,1164.72,50.0,-2206.07861328125
2738.35,0.630214,7.62658,8.79139,0.733742,354.858,50.0,-1987.1080322265625
130.901,0.196894,3.74533,4.65473,1.85567,10.1008,50.0,-3826.45068359375
1176.38,0.444414,6.7577,7.98055,1.18829,323.781,50.0,-2132.779541015625
701.256,0.325441,4.1971,6.00996,1.51886,76.6259,100.0,-2869.008056640625
955.021,0.325109,3.69596,4.96763,1.03944,88.4628,100.0,-2902.0029296875
4241.76,0.835701,9.05534,16.19555,0.4334,3468.51,100.0,-1094.0953369140625
4494.53,0.84056,9.91218,14.58177,0.416311,1961.79,100.0,-1559.818115234375
1153.31,0.55097,16.46281,16.82435,0.98992,730.228,100.0,-1437.0555419921875
3257.69,0.61532,7.65489,8.17116,0.646299,513.761,100.0,-2608.18994140625
324.008,0.207834,3.55725,3.90061,1.31947,2.53054,100.0,-3234.776611328125
1093.79,0.393129,4.98135,6.03909,1.12289,190.597,100.0,-3017.1669921875
4349.59,0.823357,10.66541,11.74806,0.477893,1912.08,100.0,-1558.9671630859375
446.005,0.250795,4.64877,5.92653,1.44819,32.7499,100.0,-3348.84423828125
582.003,0.330813,3.49762,4.70548,1.39863,28.2324,100.0,-3626.46337890625
769.018,0.378397,4.26263,5.42423,1.34889,41.2652,100.0,-3619.625
1488.07,0.521976,4.049,6.39382,1.06274,143.607,100.0,-3306.828125
426.593,0.292377,4.04226,4.42015,1.41427,17.3461,100.0,-4130.552734375
705.828,0.275827,5.07974,6.82918,1.20739,81.5553,100.0,-2952.622314453125
1030.92,0.363183,4.88189,7.37238,1.18167,347.901,100.0,-2375.05517578125
4376.85,0.791352,9.70522,12.60417,0.476007,1426.1,100.0,-1503.373779296875
1312.73,0.535581,5.98251,8.8936,1.31135,1404.76,100.0,-2086.553466796875
824.599,0.375788,8.34216,8.4461,1.22258,162.507,100.0,-2367.115234375
631.457,0.477955,3.41399,7.35454,1.36598,108.099,100.0,-3283.689697265625
2107.35,0.585652,8.34761,8.84177,0.718915,396.342,100.0,-2612.064208984375
409.031,0.22997,4.02513,4.85353,1.35859,34.6448,100.0,-3715.330810546875
4592.51,0.848028,11.3858,16.59115,0.381056,2651.65,100.0,-1323.4794921875
492.998,0.265855,6.5119,6.60071,1.61635,68.2794,100.0,-2697.759033203125
4950.57,0.865841,14.20373,17.02439,0.330315,6130.83,100.0,-1578.94384765625
2218.98,0.62709,6.06403,9.86403,0.8997,1066.87,100.0,-2381.213134765625
4625.97,0.871004,15.24649,19.13781,0.352474,6421.09,100.0,-1373.37060546875
654.028,0.353311,4.39156,4.65289,1.27772,4.02555,100.0,-3893.017822265625
703.544,0.253996,5.57539,7.08651,1.19194,129.622,100.0,-2542.408935546875
2096.06,0.608348,4.83806,9.37962,0.930708,832.471,100.0,-2353.529052734375
2314.01,0.7568,7.88436,12.64231,0.874422,3590.34,100.0,-1467.976806640625
306.383,0.195831,4.30501,5.01885,1.73018,16.4907,100.0,-3508.43603515625
3608.12,0.849038,12.61184,20.0094,0.528879,5671.34,100.0,-1478.1671142578125
1027.83,0.436627,4.04152,6.59943,1.19316,102.163,100.0,-3067.295166015625
3406.19,0.745989,9.25105,13.84424,0.641516,2040.3,100.0,-1690.419189453125
1691.71,0.392689,3.79363,5.47461,0.940095,83.9964,100.0,-2432.326171875
3521.87,0.714704,9.84641,11.44887,0.54601,1933.42,100.0,-1684.591064453125
673.885,0.2558,3.77332,5.1366,1.36837,45.3193,100.0,-2584.786865234375
2822.52,0.748286,9.03108,9.58534,0.624027,531.838,100.0,-2398.163818359375
1064.12,0.37607,8.66094,9.27493,1.01104,152.276,100.0,-1731.41650390625
1940.67,0.631492,7.25013,8.23024,0.888134,222.019,100.0,-2231.616943359375
3362.27,0.772399,9.40244,11.88315,0.65516,1356.95,100.0,-1844.7664794921875
376.686,0.179724,4.18,4.62872,1.60168,13.7367,100.0,-3031.502685546875
718.572,0.37357,3.31513,4.69513,1.18523,23.672,100.0,-3402.85888671875
1929.01,0.800538,16.2706,16.35588,0.719965,1323.58,100.0,-2063.4404296875
269.726,0.201388,3.60189,3.9946,1.39587,3.95693,100.0,-3008.14306640625
555.273,0.224679,5.6247,6.29428,1.24652,94.4106,100.0,-2605.430419921875
3670.63,0.801707,8.39768,16.15904,0.569833,5061.08,100.0,-1556.529296875
4425.79,0.852627,13.45077,16.33155,0.378467,5556.36,100.0,-1337.6259765625
244.165,0.109246,4.14383,5.48807,1.29184,32.6998,100.0,-2429.724365234375
605.738,0.362409,3.36087,4.66693,1.25974,13.6813,100.0,-3872.115478515625
3375.33,0.727117,9.14271,9.8592,0.664051,845.045,100.0,-2074.556396484375
1688.94,0.550806,7.19564,7.87585,0.989095,198.966,100.0,-2764.89599609375
1039.95,0.434488,9.54543,9.88221,1.04916,453.257,100.0,-1853.688720703125
3433.15,0.662538,7.81311,8.7931,0.646236,431.959,100.0,-1759.7987060546875
1520.17,0.565754,5.81268,10.11095,1.05186,1265.8,100.0,-2481.1142578125
572.437,0.318339,3.4516,4.18085,1.17601,2.68345,100.0,-3401.49853515625
2793.27,0.596994,5.66853,8.22093,0.793183,475.218,100.0,-2181.748779296875
1314.64,0.449595,4.88835,7.29186,1.081,450.483,100.0,-2576.05517578125
949.978,0.394501,6.79542,7.46745,1.45536,146.289,100.0,-2584.244140625
2663.41,0.557832,6.34154,8.23139,0.72414,315.513,100.0,-2103.772705078125
4659.65,0.809329,9.23751,16.04657,0.432215,3666.45,100.0,-1350.5701904296875
281.684,0.176675,4.76761,5.44627,1.74896,36.5645,100.0,-3145.86474609375
614.556,0.389115,3.40206,4.41505,1.44146,29.8235,100.0,-3897.52294921875
308.207,0.320278,3.58229,4.23645,2.02807,9.23176,100.0,-3925.962646484375
638.726,0.349405,3.83433,6.32172,1.93178,95.2963,100.0,-2614.348876953125
4741.45,0.85355,14.5838,19.37455,0.358974,4948.59,100.0,-1567.04150390625
737.587,0.30769,3.80292,5.92846,1.20736,84.5365,100.0,-3253.759033203125
1378.6,0.5293,5.74758,6.08472,1.02203,67.5906,100.0,-3571.77099609375
4019.09,0.785749,9.47616,11.95877,0.519977,1366.07,100.0,-1899.9539794921875
525.528,0.342296,6.85231,7.47798,1.66342,105.814,100.0,-3168.63916015625
859.932,0.32351,4.30792,5.70728,1.15171,198.503,100.0,-3142.84228515625
454.035,0.324778,3.44851,5.91978,1.36246,53.592,100.0,-3389.66455078125
4046.39,0.777932,8.63817,12.06243,0.512106,1307.82,100.0,-1867.0865478515625
403.981,0.24254,3.58287,4.8308,1.26025,11.9173,100.0,-3869.027099609375
1188.27,0.460443,3.36072,6.94738,1.01247,150.001,100.0,-3026.071044921875
388.609,0.26527,4.00575,4.19644,1.48073,9.13978,100.0,-3791.0146484375
2224.82,0.624844,6.81842,8.73508,0.885135,535.149,100.0,-2307.975341796875
638.128,0.316121,3.80246,4.52896,1.59206,15.5497,100.0,-3480.075439453125
1672.63,0.69007,4.38149,10.17188,1.00046,624.042,100.0,-3324.199462890625
1632.06,0.513972,4.25815,5.94929,1.09725,373.218,100.0,-2782.9970703125
616.67,0.375724,3.40645,4.27792,1.25208,13.7568,100.0,-2900.005859375
227.747,0.166913,4.23212,6.63361,1.1832,53.111,100.0,-2757.464111328125
855.487,0.352154,5.64522,6.64682,1.29109,181.033,100.0,-2431.32958984375
2800.43,0.680347,6.81481,7.87251,0.752781,372.744,100.0,-2110.54736328125
1063.74,0.379545,5.46315,7.7869,1.04891,601.822,100.0,-2743.23681640625
2981.31,0.700176,4.54822,10.31258,0.834187,1159.76,100.0,-2320.076416015625
1187.38,0.437954,4.00708,5.0988,1.00141,106.338,100.0,-3251.86083984375
859.261,0.305891,5.52439,5.73034,1.29446,48.7475,100.0,-2806.516845703125
406.381,0.258458,3.52882,4.02176,1.66629,7.7335,100.0,-4774.6669921875
3868.21,0.834553,14.5922,16.88225,0.491292,4557.05,100.0,-1661.1953125
333.395,0.196204,3.87665,4.60065,1.53155,21.0766,100.0,-3926.85546875
4298.06,0.81021,8.90217,11.86781,0.488559,2584.99,100.0,-1362.8619384765625
2227.01,0.686703,9.24835,10.72219,0.766088,508.707,100.0,-1926.389892578125
2931.23,0.726128,10.23168,13.15986,0.646249,2880.2,100.0,-1386.3431396484375
1003.31,0.420285,4.54321,5.01036,1.18779,103.676,100.0,-3193.804443359375
747.734,0.329087,5.83357,6.90811,1.50004,92.9572,100.0,-2161.490234375
246.792,0.190923,3.65435,4.37588,1.49805,5.53816,100.0,-4037.4267578125
872.464,0.284886,3.96619,5.06903,0.918907,21.7028,100.0,-3311.609375
513.411,0.258316,4.25222,5.4944,1.44265,75.6731,100.0,-3292.476806640625
483.388,0.31918,5.91729,6.09115,1.9136,74.1907,100.0,-2793.047607421875
1919.09,0.654222,21.15175,21.48467,0.599454,1212.01,100.0,-1229.443603515625
1216.56,0.452789,6.34292,7.46676,1.10854,148.581,100.0,-2654.13134765625
1154.38,0.530632,3.89319,6.27199,1.08675,89.1975,100.0,-3564.004150390625
5072.07,0.883052,12.59128,17.45092,0.290358,6079.52,100.0,-934.5863037109375
6180.82,0.955549,23.17726,24.38123,0.132951,26104.2,100.0,-874.6018676757812
280.09,0.215224,3.688,4.3565,1.32605,30.8458,100.0,-3503.168212890625
5423.45,0.893019,12.69613,15.81277,0.307491,8406.17,100.0,-1126.01220703125
2046.65,0.710725,7.51042,7.91291,0.839287,246.213,100.0,-2972.213623046875
1721.54,0.605384,4.58327,14.1532,1.00347,1082.31,100.0,-2046.98046875
2418.49,0.660837,5.99331,7.64308,0.787949,257.285,100.0,-2682.46875
913.456,0.417914,5.12312,5.54279,1.57133,164.087,100.0,-2756.4013671875
3389.91,0.699048,6.94794,7.44963,0.661915,703.086,100.0,-2889.40283203125
1437.72,0.548284,7.66548,8.19901,1.02898,219.633,100.0,-2305.416748046875
2325.76,0.639996,7.82211,8.76059,0.815276,341.477,100.0,-2272.49560546875
804.802,0.304068,7.00284,7.30428,1.34585,138.799,100.0,-1936.2022705078125
1817.39,0.5582,7.34994,8.0206,0.944819,212.822,100.0,-2631.2646484375
2892.84,0.599664,6.10342,8.6288,0.738137,1086.44,100.0,-1785.4359130859375
2049.2,0.778717,14.38186,14.86862,0.777337,2306.01,100.0,-1463.55712890625
5217.59,0.826077,8.88207,10.10618,0.441567,2556.27,100.0,-1773.219482421875
2604.13,0.704694,7.86901,12.21381,0.783073,1292.81,100.0,-1988.601318359375
4231.57,0.847949,10.52518,13.68756,0.443721,4288.36,100.0,-1377.1802978515625
179.685,0.134415,3.43279,4.17837,1.6251,1.87012,100.0,-3473.32958984375
936.327,0.486391,3.36867,7.1359,1.38679,151.5,100.0,-3136.618896484375
3940.6,0.735014,9.17565,12.25719,0.535604,1137.06,100.0,-1667.252685546875
1148.89,0.426508,3.75673,5.6401,1.10771,118.738,100.0,-3531.4091796875
3758.81,0.715645,5.82334,8.15393,0.686101,1224.67,100.0,-2407.26318359375
3211.2,0.767306,7.4889,15.26792,0.647626,4044.02,100.0,-1674.2427978515625
3555.22,0.796192,9.05061,13.01729,0.552939,1631.22,100.0,-1711.560546875
6298.34,0.937106,18.90155,25.30744,0.16615,19469.7,100.0,-912.4776000976562
1422.0,0.554361,12.09481,12.63462,0.930081,383.675,100.0,-1813.023193359375
379.526,0.254958,4.80014,6.00629,1.62453,51.6085,100.0,-2832.221435546875
1625.54,0.55942,19.66918,19.9166,0.77145,1002.05,100.0,-2150.345703125
163.157,0.129628,3.40174,4.55101,1.78509,5.35958,100.0,-3079.207763671875
2647.13,0.696725,7.09005,7.67733,0.889025,522.564,100.0,-1859.354248046875
2017.98,0.608542,14.56589,14.71053,0.673695,487.978,100.0,-1658.531005859375
5747.25,0.941237,21.55465,21.98742,0.165441,20280.1,100.0,-871.5673217773438
1363.05,0.552513,6.04453,7.32159,1.26865,1619.88,100.0,-2052.738037109375
568.155,0.260659,4.5908,5.31429,1.25127,14.1996,100.0,-3455.407470703125
542.628,0.401869,3.38645,6.34828,1.34118,81.4896,100.0,-3311.26953125
1429.38,0.442938,4.25642,6.91434,1.01094,391.538,100.0,-2638.474609375
3638.46,0.714199,6.08562,8.02379,0.658321,911.459,100.0,-2257.029296875
1688.06,0.580053,6.87369,7.50313,0.993441,286.893,100.0,-2598.7080078125
1427.79,0.48938,3.35162,7.85855,1.00675,438.368,100.0,-2484.41796875
4207.5,0.741167,9.49198,12.53218,0.485003,1544.98,100.0,-1813.4617919921875
1136.03,0.457752,4.65628,6.49282,1.27097,454.74,100.0,-2776.02783203125
3761.49,0.766112,7.86522,12.67368,0.574815,1526.55,100.0,-1915.600341796875
1062.89,0.462052,4.06568,5.60671,1.17154,46.5399,100.0,-3664.269775390625
4326.42,0.776471,9.58021,10.72202,0.522724,1730.26,100.0,-1598.065185546875
3950.79,0.762091,9.87481,12.20012,0.538972,1265.37,100.0,-1941.5428466796875
837.316,0.441762,3.49283,5.74125,1.35159,120.988,100.0,-3273.125244140625
1110.4,0.383456,5.6326,6.21503,1.0975,174.596,100.0,-2717.989501953125
1288.0,0.428058,3.80052,5.57901,1.04111,357.372,100.0,-3058.59716796875
1586.77,0.525217,4.77509,7.55534,0.938623,237.707,100.0,-3123.569580078125
1132.73,0.4372,9.18905,9.3601,1.05246,158.518,100.0,-1804.1878662109375
764.666,0.341495,3.81396,5.54724,1.25783,76.9863,100.0,-3524.61279296875
360.886,0.258631,3.5682,5.13571,1.54184,24.1975,100.0,-4303.50732421875
4592.76,0.829761,11.35621,14.81712,0.380391,4521.22,100.0,-1796.47412109375
251.62,0.186655,3.67528,4.24048,1.6348,5.51926,100.0,-3867.03271484375
685.69,0.306449,3.3246,4.93182,1.28475,70.7824,100.0,-3146.088134765625
2260.63,0.694908,9.57452,10.00584,0.780513,723.087,100.0,-2087.854248046875
4838.43,0.900371,15.32844,24.51072,0.266676,11293.7,100.0,-1199.49462890625
2475.34,0.746844,13.58656,13.98012,0.622936,908.683,100.0,-2236.96875
557.543,0.256456,4.43446,5.76798,1.31146,92.6855,100.0,-3282.567138671875
1661.3,0.548408,4.25498,5.84228,1.05726,389.764,100.0,-3172.67822265625
3163.1,0.730736,6.81768,13.09197,0.715213,1744.77,100.0,-1655.6214599609375
526.908,0.258302,3.7634,4.06605,1.37813,34.6414,100.0,-3450.6875
2593.86,0.623415,6.813,7.45882,0.782165,261.415,100.0,-2788.144287109375
3296.69,0.843415,28.58839,29.30991,0.322208,4541.31,100.0,-1799.0780029296875
2146.05,0.604353,5.43424,8.63818,0.959506,892.054,100.0,-2398.776123046875
348.596,0.260683,3.7962,4.76002,1.53302,15.1188,100.0,-4086.4775390625
647.743,0.330824,3.3683,4.32158,1.11307,16.7097,100.0,-3501.891845703125
1497.34,0.530031,6.08835,7.23556,0.99743,218.582,100.0,-2861.32568359375
982.041,0.461791,4.12477,7.81342,1.321,148.745,100.0,-3006.5498046875
1286.56,0.551867,4.09656,8.50744,1.24145,372.012,100.0,-3179.1640625
1428.24,0.496702,4.43204,6.32823,1.37479,322.079,100.0,-2316.87158203125
1704.44,0.555025,4.56495,9.68033,1.00299,590.655,100.0,-2144.31298828125
1005.76,0.370917,5.37866,9.28898,1.213,559.753,100.0,-1811.86083984375
970.929,0.337016,4.36718,5.82051,1.21084,240.743,100.0,-2818.56884765625
5592.17,0.869713,12.00805,15.22974,0.32265,2568.08,100.0,-1098.3045654296875
5630.85,0.954892,24.29496,25.12239,0.138405,28558.3,100.0,-772.1729736328125
1513.28,0.633819,21.46643,21.76802,0.749005,1287.44,100.0,-1245.8673095703125
1672.24,0.599132,4.93733,8.20519,1.12332,467.795,100.0,-2839.132568359375
760.519,0.315601,8.3767,8.53943,1.17555,316.185,100.0,-2104.85205078125
4687.57,0.868049,13.94298,20.39524,0.37395,6117.46,100.0,-1445.0244140625
2170.59,0.617422,5.83369,6.8873,0.924549,224.168,100.0,-3021.343505859375
4278.87,0.845741,9.86658,14.52932,0.431696,1988.67,100.0,-1501.8231201171875
1255.86,0.452502,4.14043,6.30082,1.13312,83.9209,100.0,-2914.94970703125
645.047,0.336269,4.74645,5.28716,1.44461,28.4884,100.0,-3442.674560546875
739.732,0.286398,5.28878,7.56137,1.34439,177.909,100.0,-2660.756591796875
368.991,0.184687,4.18169,4.57331,1.20315,15.027,100.0,-3635.816162109375
231.264,0.188113,3.43119,4.20216,1.52744,4.08122,100.0,-3076.94140625
1945.91,0.580468,4.41271,6.78067,0.940496,511.004,100.0,-2971.037353515625
870.83,0.295788,4.26756,5.64253,1.14385,52.5396,100.0,-2858.28125
1506.4,0.470347,3.75571,5.9672,1.00782,187.724,100.0,-2838.771240234375
369.976,0.187188,4.71582,5.63204,1.38014,29.0665,100.0,-3224.646240234375
3836.36,0.767434,8.44885,10.56422,0.559594,1442.97,100.0,-1866.488037109375
1014.56,0.317211,3.76525,5.12246,1.10107,88.2176,100.0,-2768.26171875
1264.81,0.464801,5.15633,5.68734,1.33787,107.992,100.0,-2981.9658203125
1058.58,0.43552,4.18604,6.52507,1.14372,97.1691,100.0,-3307.892822265625
971.234,0.462253,3.45562,7.63031,1.2987,183.873,100.0,-2657.88818359375
216.465,0.202822,3.41493,4.21511,1.3811,6.71877,100.0,-3468.11279296875
3537.38,0.816306,11.87423,13.47693,0.578709,3512.74,100.0,-1791.9256591796875
1682.89,0.564754,5.92459,6.36734,0.935617,140.993,100.0,-3170.276611328125
264.371,0.171709,3.77801,4.68786,1.58297,13.0961,100.0,-3656.704833984375
2584.1,0.675004,5.24614,7.97709,0.841421,989.219,100.0,-2439.06201171875
4816.52,0.816798,9.45603,15.12933,0.412767,2899.66,100.0,-1406.1954345703125
716.627,0.319269,3.53937,5.72002,1.33022,74.3598,100.0,-3003.383056640625
1843.27,0.5669,4.55466,6.31442,0.990223,314.927,100.0,-3082.891845703125
3876.67,0.675854,5.18528,6.88642,0.712264,1394.18,100.0,-2066.841552734375
487.769,0.272545,5.73595,7.07414,1.79447,78.9027,100.0,-2600.001708984375
4288.41,0.834679,9.19992,16.81607,0.425605,4117.99,100.0,-1417.1016845703125
5090.95,0.893449,13.29068,19.41722,0.294321,4936.45,100.0,-1291.8477783203125
688.827,0.290773,4.12499,6.87246,1.38266,227.389,100.0,-2772.0888671875
1271.82,0.479488,5.83776,6.70648,1.06347,90.2654,100.0,-3013.133544921875
4439.79,0.736521,7.76909,11.09413,0.568847,1195.41,100.0,-1863.925048828125
2390.94,0.565185,5.09845,5.54977,0.822084,161.439,100.0,-2887.808349609375
3592.57,0.779229,8.89528,9.66804,0.680686,885.712,100.0,-2235.358154296875
3459.78,0.74439,6.82523,12.48808,0.644485,1595.15,100.0,-1723.79150390625
4317.88,0.755037,7.8314,9.96491,0.549802,1386.92,100.0,-1538.651611328125
4743.68,0.82429,11.51165,14.30173,0.418931,2850.76,100.0,-1619.0704345703125
4239.33,0.799966,9.30581,11.87055,0.520137,1858.8,100.0,-1708.92041015625
1090.77,0.416479,3.75492,5.38442,1.154,163.778,100.0,-3243.317138671875
2934.81,0.706281,6.27542,8.28331,0.831397,670.793,100.0,-1993.8890380859375
53.027,0.0631686,3.31258,3.6759,1.4093,0.742818,100.0,-2895.200439453125
214.448,0.128861,3.30831,4.36734,1.33975,8.88674,100.0,-3014.41015625
1148.12,0.401816,3.5663,5.74252,1.0541,108.504,100.0,-3190.08154296875
1719.66,0.618223,4.82071,5.87351,1.01364,92.6559,100.0,-3674.23681640625
1581.22,0.524513,3.94622,5.89132,1.14161,244.126,100.0,-2868.193603515625
2094.67,0.565554,5.63985,7.41014,0.8817,784.985,100.0,-2163.14111328125
1373.22,0.47201,3.87454,5.73137,1.07763,120.287,100.0,-3097.990966796875
1951.46,0.576616,6.67811,7.39759,1.00639,323.177,100.0,-2649.355224609375
462.26,0.251751,3.7803,4.52383,1.48798,9.00926,100.0,-3506.011962890625
4072.92,0.658717,6.66285,9.03985,0.603493,526.46,100.0,-1608.21044921875
2243.64,0.737607,7.79447,8.16346,0.80406,315.463,100.0,-2828.104736328125
2576.2,0.769704,9.22774,10.6882,0.807727,4012.31,100.0,-1623.103759765625
1997.72,0.575582,11.18946,11.72914,0.828591,1036.85,100.0,-2098.409912109375
1050.88,0.482239,5.6342,6.41321,1.19266,79.2134,100.0,-3513.191650390625
387.939,0.180092,4.35357,5.98205,1.37948,47.5539,100.0,-3078.11767578125
3091.36,0.719629,7.6442,10.29439,0.761804,1500.33,100.0,-1688.5638427734375
1800.53,0.554069,15.67959,16.07856,0.746555,636.475,100.0,-1946.4561767578125
4593.17,0.795258,9.36669,13.00483,0.444466,1628.6,100.0,-1715.599365234375
921.982,0.440019,5.36167,5.97638,1.34827,39.9723,100.0,-3043.692626953125
1675.64,0.626783,20.008,20.35421,0.664009,1163.86,100.0,-1186.29931640625
1176.48,0.391109,4.74664,5.63017,0.995477,103.683,100.0,-3319.592041015625
4694.03,0.803872,10.80238,14.76194,0.427119,1583.71,100.0,-1444.4658203125
1667.54,0.506057,7.18082,7.88825,0.90817,252.006,100.0,-2200.966796875
3206.24,0.70093,5.46381,9.11663,0.723302,980.943,100.0,-2073.9833984375
1923.32,0.691167,21.61833,21.94921,0.591491,1263.69,100.0,-1488.49365234375
652.986,0.275323,3.66087,5.00042,1.29956,45.7894,200.0,-3557.054443359375
1939.96,0.564731,7.46344,9.29123,0.798505,696.326,200.0,-2285.343505859375
2620.24,0.676122,8.9453,9.17433,0.773465,527.879,200.0,-2635.57763671875
1427.6,0.427086,3.88694,5.73732,1.10551,73.346,200.0,-2620.479736328125
116.565,0.115039,3.53045,3.93033,1.5557,1.57814,200.0,-3895.490234375
2367.99,0.697585,10.44982,11.29164,0.724033,466.844,200.0,-1911.7947998046875
6044.03,0.88209,11.90508,18.41802,0.274788,4727.74,200.0,-1333.3118896484375
2630.98,0.588562,5.76746,6.81674,0.761637,420.424,200.0,-2578.803955078125
1413.79,0.494744,4.38404,6.43021,1.03557,95.8967,200.0,-3578.50634765625
640.764,0.306198,3.59539,5.10411,1.27516,11.8074,200.0,-3467.375732421875
2859.62,0.689018,7.18074,10.08037,0.725803,711.609,200.0,-2164.109619140625
2711.83,0.594338,5.05823,7.3019,0.815171,210.175,200.0,-1970.947998046875
3168.98,0.788407,8.38066,16.20892,0.663072,4677.0,200.0,-1700.1029052734375
358.496,0.226024,4.53526,4.84094,1.41273,25.4803,200.0,-4076.91748046875
1476.45,0.528434,6.61362,7.68688,1.05204,261.208,200.0,-2708.075439453125
4413.18,0.819598,9.85243,14.7477,0.430891,3847.38,200.0,-1324.535400390625
292.596,0.227562,3.90257,4.90626,1.65753,43.8119,200.0,-4253.078125
1277.95,0.356259,6.05335,6.43625,1.0598,500.14,200.0,-2391.87890625
1485.97,0.523066,7.11459,7.69256,1.01206,187.282,200.0,-2748.502685546875
844.592,0.412952,4.27323,5.54712,1.3501,51.7723,200.0,-3823.99609375
2877.75,0.648059,6.73231,7.28113,0.727592,405.33,200.0,-2856.779296875
324.682,0.222287,3.40363,4.09957,1.50618,4.94711,200.0,-3444.79443359375
4520.29,0.841982,10.09835,12.71824,0.42752,2669.7,200.0,-1758.47119140625
947.051,0.395973,9.72381,9.86119,1.08868,457.224,200.0,-2048.501708984375
438.449,0.248193,3.34365,5.32955,1.32526,37.2649,200.0,-3451.998779296875
3228.16,0.696978,6.50396,8.28829,0.732709,1843.02,200.0,-1956.8909912109375
2676.93,0.6922,5.07815,7.47804,0.793957,237.757,200.0,-3370.453857421875
1405.89,0.579978,4.04503,8.33873,1.25652,381.428,200.0,-3173.937744140625
2587.09,0.735823,13.45002,13.78888,0.611743,738.77,200.0,-2171.035888671875
4826.15,0.818868,8.43301,11.08241,0.456241,1666.17,200.0,-1703.7882080078125
3689.4,0.755012,6.96832,10.79788,0.644432,1548.35,200.0,-1536.8297119140625
1003.49,0.419045,8.22463,8.45317,1.25097,254.572,200.0,-2230.498779296875
4551.13,0.831063,9.20719,13.07325,0.446435,1467.32,200.0,-1205.1973876953125
358.689,0.227286,5.77515,7.29346,1.58787,140.563,200.0,-3022.30322265625
3076.68,0.774003,9.05346,14.47588,0.664853,2333.2,200.0,-1767.1751708984375
910.438,0.379921,7.02676,7.96427,1.3613,148.218,200.0,-2051.772705078125
1127.89,0.461596,3.95316,5.36241,1.07712,109.391,200.0,-3324.91552734375
1940.67,0.631492,7.25013,8.23024,0.888134,222.019,200.0,-2423.74267578125
391.331,0.212919,3.66053,5.20943,1.60073,26.7689,200.0,-3272.895263671875
2033.58,0.635753,8.39312,9.70549,0.92742,2445.31,200.0,-2132.81396484375
3726.94,0.790337,9.44741,13.23024,0.536278,1398.66,200.0,-1851.604736328125
5485.24,0.899451,9.53743,16.62467,0.286881,8729.6,200.0,-1232.4722900390625
903.428,0.367909,5.89863,6.94287,1.46213,179.166,200.0,-2422.92431640625
1726.29,0.688974,7.86687,10.43089,1.164,894.017,200.0,-2239.32275390625
3190.31,0.743406,10.2152,11.4034,0.645447,938.273,200.0,-1573.3406982421875
4664.87,0.832784,14.1154,16.73265,0.399539,4691.65,200.0,-1654.2939453125
404.174,0.228302,3.64938,4.20811,1.42761,19.2305,200.0,-3671.32861328125
1452.22,0.408661,3.79418,6.52085,1.07964,108.409,200.0,-2540.535888671875
1314.04,0.560454,11.5188,12.06487,1.01058,400.248,200.0,-2055.343017578125
641.667,0.317772,3.44338,4.6926,1.11923,29.042,200.0,-3480.748779296875
5706.58,0.872611,14.00915,15.86829,0.296337,2987.01,200.0,-1403.2403564453125
1060.22,0.440184,9.82657,9.92273,1.12791,219.987,200.0,-1992.7615966796875
917.933,0.396626,9.99933,10.49844,1.17325,194.51,200.0,-1430.1458740234375
2732.31,0.676465,7.56011,8.18942,0.775192,425.998,200.0,-2779.576416015625
1666.76,0.704942,7.88437,14.33636,1.10392,2965.44,200.0,-1499.684326171875
1573.56,0.560345,4.75241,6.24081,1.08728,127.359,200.0,-3163.9853515625
357.306,0.287952,3.33858,4.3724,1.53433,10.1195,200.0,-4015.35205078125
2411.63,0.584106,4.97823,7.13964,0.792651,523.097,200.0,-2907.876953125
1529.94,0.619542,6.95688,7.15871,0.985662,110.67,200.0,-3741.43994140625
244.447,0.157936,3.80219,4.25336,1.34809,7.42745,200.0,-3791.314453125
820.464,0.469629,3.47769,7.54839,1.51106,170.857,200.0,-3189.946044921875
3794.44,0.825273,8.71165,16.26947,0.553458,5419.45,200.0,-1529.092529296875
428.515,0.289344,4.89826,7.10171,1.91471,115.022,200.0,-3332.170654296875
927.017,0.429087,9.40117,9.66962,1.23116,152.813,200.0,-1925.9713134765625
970.298,0.334791,5.59583,5.75077,1.14194,44.4105,200.0,-2844.8994140625
2353.29,0.733599,11.86093,12.54541,0.75628,587.098,200.0,-2034.907470703125
2245.67,0.691209,10.39083,11.69955,0.752291,475.209,200.0,-2063.440185546875
2829.47,0.78597,13.15606,13.60274,0.567252,796.257,200.0,-2312.6015625
5150.23,0.785568,8.54242,11.05766,0.430906,2815.69,200.0,-1631.3751220703125
2541.89,0.626883,4.8153,9.03275,0.844731,731.457,200.0,-1973.3602294921875
299.814,0.13293,3.97588,6.02115,1.45626,26.4696,200.0,-2610.94189453125
444.971,0.277966,8.17089,8.80222,1.74629,102.448,200.0,-2234.079833984375
713.711,0.465322,3.50727,4.99124,0.989693,27.7349,200.0,-3806.06396484375
1932.32,0.589561,8.30433,10.24738,0.980188,971.809,200.0,-2052.53125
800.879,0.292361,3.85376,4.77427,1.2469,63.0217,200.0,-2934.806640625
2795.95,0.760936,11.88155,12.37897,0.650993,877.991,200.0,-2479.507080078125
1330.09,0.680184,9.70864,10.74241,1.20374,400.278,200.0,-2268.048583984375
1314.64,0.449595,4.88835,7.29186,1.081,450.483,200.0,-2668.41357421875
5361.73,0.904578,13.96256,24.7303,0.266769,10848.7,200.0,-1296.3201904296875
669.768,0.320096,4.14496,5.8685,1.56611,72.5138,200.0,-2929.885986328125
4547.25,0.804554,9.50763,10.22665,0.53133,999.857,200.0,-2248.9521484375
2064.98,0.741566,9.52567,15.44652,0.935609,3584.51,200.0,-1762.6231689453125
1031.37,0.416008,4.79665,6.87977,1.10661,247.924,200.0,-3385.8681640625
449.677,0.441656,3.71905,4.39592,1.74826,13.7028,200.0,-3977.44921875
745.962,0.320812,8.55679,9.14787,1.18966,119.965,200.0,-2056.193359375
1001.17,0.417439,5.82728,6.38816,1.19002,59.0067,200.0,-3159.335693359375
2513.88,0.588787,5.88574,7.36183,0.785905,779.216,200.0,-2365.911865234375
3429.69,0.763885,10.84662,11.26271,0.556079,1426.26,200.0,-2380.38916015625
2192.06,0.623899,6.12496,10.11213,0.921148,1044.75,200.0,-2368.20703125
1443.71,0.440952,3.66757,4.75854,1.12288,103.105,200.0,-2659.927490234375
2754.62,0.612723,5.79661,7.92061,0.753947,427.982,200.0,-2405.10009765625
998.876,0.310821,4.04197,5.47172,1.12899,83.4604,200.0,-2925.638916015625
525.528,0.342296,6.85231,7.47798,1.66342,105.814,200.0,-3456.523681640625
2588.39,0.62356,6.26097,7.63691,0.785669,318.91,200.0,-2418.49462890625
4713.86,0.837215,9.78493,11.36631,0.423394,2401.43,200.0,-1340.6138916015625
89.075,0.102716,3.40653,3.86071,1.60741,2.21383,200.0,-4002.251708984375
3723.5,0.795453,8.27122,12.38937,0.548153,1542.48,200.0,-1846.53369140625
4657.64,0.853178,13.7681,19.91897,0.350238,6007.14,200.0,-1413.4627685546875
3374.33,0.726264,6.24978,9.73165,0.720586,810.327,200.0,-1933.404052734375
1039.5,0.420824,5.31813,7.07233,1.20704,136.042,200.0,-3150.125
5078.21,0.903675,13.96512,15.52826,0.291771,7720.68,200.0,-930.9817504882812
3888.25,0.811406,8.76241,12.39191,0.536671,1352.35,200.0,-1264.629150390625
2760.28,0.663634,9.18766,9.7535,0.658353,498.926,200.0,-2288.20458984375
2493.95,0.635411,5.27939,8.85984,0.884009,1064.52,200.0,-2597.716552734375
855.487,0.352154,5.64522,6.64682,1.29109,181.033,200.0,-2609.022705078125
830.521,0.492995,6.30782,6.8535,1.50925,168.812,200.0,-3314.048583984375
1706.15,0.565227,7.66013,8.01732,0.893679,214.548,200.0,-2580.080810546875
2769.45,0.775477,13.53529,14.03996,0.578453,780.363,200.0,-2259.51220703125
2279.86,0.596801,4.57655,6.73213,0.985697,713.142,200.0,-2709.962158203125
952.839,0.483366,5.62122,6.8331,1.41807,123.566,200.0,-3211.226806640625
1076.25,0.533068,4.8859,6.403,1.57729,132.85,200.0,-3052.790283203125
3044.65,0.79092,13.6853,14.1728,0.546209,773.54,200.0,-2211.731201171875
4272.99,0.808205,10.28641,14.8741,0.458105,2700.2,200.0,-1161.021240234375
1007.63,0.330023,4.47115,5.22021,1.26046,86.8332,200.0,-2649.1357421875
2926.84,0.62391,5.12171,6.27277,0.852846,367.983,200.0,-2367.69189453125
1571.62,0.499198,3.35002,11.20251,0.912347,429.331,200.0,-1983.7357177734375
352.106,0.226377,5.7591,7.20035,1.60375,137.847,200.0,-3089.460205078125
2968.75,0.689125,7.46666,9.32207,0.765495,635.418,200.0,-1777.6683349609375
2081.02,0.554202,5.79264,9.28873,0.943386,464.851,200.0,-1877.3697509765625
2677.63,0.642306,7.12597,10.19107,0.727457,2448.27,200.0,-1998.396728515625
3268.22,0.730681,8.86367,11.12971,0.658322,831.324,200.0,-2003.791748046875
2766.8,0.571765,4.92847,7.49264,0.787698,847.009,200.0,-2078.793701171875
4908.76,0.843639,10.14821,14.09329,0.413516,5419.3,200.0,-1262.052490234375
3994.83,0.710392,5.59024,7.67102,0.646807,699.338,200.0,-2463.973876953125
1390.45,0.435041,3.81335,7.03162,1.05178,102.773,200.0,-2449.2158203125
516.427,0.289196,3.43205,4.73249,1.31423,12.6822,200.0,-4069.449951171875
5537.69,0.905441,13.78559,23.00352,0.252104,9943.31,200.0,-1172.165771484375
169.414,0.176735,4.25505,7.01177,2.60257,93.2225,200.0,-3414.422119140625
712.885,0.432243,3.84481,5.24665,1.49517,21.2363,200.0,-3554.800048828125
3984.98,0.823838,11.4404,17.51566,0.468571,3876.4,200.0,-1602.9344482421875
4579.08,0.822078,8.57567,12.7548,0.472911,3205.19,200.0,-1293.0948486328125
990.162,0.348465,4.9034,5.88243,1.15351,122.878,200.0,-2903.24267578125
4655.95,0.783739,10.12427,11.89356,0.468817,3058.79,200.0,-1624.6292724609375
4155.96,0.770009,11.54158,13.20906,0.482466,1563.84,200.0,-1628.61767578125
1107.31,0.384252,6.09396,6.56346,1.09093,128.482,200.0,-2892.378662109375
2381.95,0.596016,4.95282,5.96644,0.898419,175.243,200.0,-2448.10302734375
1242.22,0.380288,6.2318,6.49091,1.01196,198.144,200.0,-2704.205322265625
965.9,0.312302,3.76385,5.67074,1.08909,113.919,200.0,-3187.849609375
1388.09,0.57265,4.45457,8.93568,1.41964,213.525,200.0,-2794.870849609375
531.863,0.254877,3.5495,4.73064,1.38131,15.4386,200.0,-3359.051513671875
2325.76,0.639996,7.82211,8.76059,0.815276,341.477,200.0,-2363.150390625
749.283,0.298268,3.51345,5.23427,1.13309,30.0563,200.0,-3305.128173828125
1134.97,0.439009,9.28704,9.39031,1.05389,156.776,200.0,-1916.079345703125
355.836,0.19483,3.95334,4.45676,1.27264,6.95785,200.0,-3529.1455078125
4057.41,0.704817,4.9969,7.66693,0.633288,720.892,200.0,-2379.339599609375
2335.25,0.620467,8.60329,9.26023,0.728375,490.605,200.0,-2380.67041015625
6298.34,0.937106,18.90155,25.30744,0.16615,19469.7,200.0,-931.455322265625
238.381,0.163918,3.60942,4.22581,1.31955,11.6907,200.0,-3795.845947265625
277.153,0.192594,3.68086,4.54518,1.76866,10.737,200.0,-3703.30712890625
705.256,0.326297,4.57814,5.37162,1.4326,71.1271,200.0,-3282.6357421875
2120.03,0.56249,6.13604,7.22689,0.829062,263.951,200.0,-2538.544677734375
1764.81,0.627111,7.77795,9.81294,1.00644,618.97,200.0,-2411.216796875
2032.38,0.681315,7.61356,9.78773,0.994683,875.599,200.0,-2132.224609375
4026.66,0.765989,8.79999,10.96934,0.534031,1375.67,200.0,-1852.072265625
2716.78,0.675375,5.87922,8.1961,0.787627,1118.77,200.0,-2193.200927734375
1140.01,0.493044,6.06087,8.75631,1.33566,207.971,200.0,-2652.747314453125
1688.06,0.580053,6.87369,7.50313,0.993441,286.893,200.0,-2809.68359375
613.95,0.286509,3.98704,5.29143,1.50075,38.1755,200.0,-3118.23681640625
183.046,0.145111,3.49502,5.09784,2.12068,18.5786,200.0,-2847.218505859375
3568.57,0.747939,7.50258,13.10108,0.632253,1861.65,200.0,-1553.0909423828125
3453.31,0.759924,7.67728,10.94306,0.640348,600.314,200.0,-1614.0594482421875
4274.92,0.793325,9.03432,10.85431,0.521351,1914.38,200.0,-1824.061279296875
383.182,0.304549,3.63559,4.28084,1.80253,20.4479,200.0,-4112.46923828125
203.359,0.160429,3.43066,4.18005,1.61298,8.96401,200.0,-3668.8203125
5851.74,0.866192,10.92072,13.50709,0.341349,3228.36,200.0,-1423.549560546875
2659.43,0.663557,4.1393,9.84645,0.825693,2669.27,200.0,-2251.587646484375
581.839,0.283018,6.7614,7.96195,1.61911,238.256,200.0,-2276.758056640625
1515.87,0.478319,5.67384,6.77716,0.893362,159.632,200.0,-2942.159912109375
892.422,0.407548,5.05351,5.83426,1.20847,46.7674,200.0,-3592.41845703125
895.375,0.370052,3.90831,7.08003,1.31468,76.1831,200.0,-2709.1044921875
2434.89,0.664563,3.87044,11.2976,0.775887,1061.82,200.0,-2397.208251953125
370.463,0.237761,3.36489,4.80675,1.27977,11.8725,200.0,-3470.418212890625
4990.42,0.818167,11.93545,13.35974,0.447844,1401.7,200.0,-1919.4019775390625
1945.95,0.593745,5.2735,6.7457,1.21847,383.648,200.0,-2245.464111328125
1132.73,0.4372,9.18905,9.3601,1.05246,158.518,200.0,-1888.873779296875
2827.3,0.626975,4.97237,7.33074,0.754874,701.333,200.0,-2735.899658203125
3025.99,0.667544,8.47307,10.87851,0.708864,681.534,200.0,-2563.19091796875
665.568,0.410416,4.68001,5.50547,1.11589,31.1542,200.0,-3326.7421875
1857.33,0.675039,4.82691,5.37861,1.02513,82.3895,200.0,-4069.241455078125
2315.89,0.593158,4.60168,6.17938,0.930848,487.825,200.0,-2853.929931640625
1243.7,0.400143,3.58892,6.35817,0.997104,177.315,200.0,-2894.762451171875
465.443,0.330114,3.62152,5.00707,1.76557,55.5404,200.0,-3787.324951171875
1820.41,0.428259,3.6603,4.94822,0.831817,143.111,200.0,-2860.083740234375
1504.44,0.590537,12.47221,13.01216,0.920381,419.591,200.0,-1977.533447265625
3602.88,0.750593,11.26199,12.28947,0.565485,1285.56,200.0,-1815.0501708984375
825.057,0.305383,5.26352,8.20458,1.24496,202.27,200.0,-2690.740966796875
93.0964,0.0812732,3.41064,3.97871,1.52219,2.734,200.0,-3373.717041015625
212.236,0.133459,3.64501,3.98037,1.46519,7.21848,200.0,-2548.701904296875
453.273,0.321959,3.62566,5.17034,1.67335,25.8834,200.0,-3921.234375
2366.09,0.685306,6.5684,10.17807,0.859744,1208.83,200.0,-2465.874755859375
1553.74,0.479657,4.23055,6.0453,1.07435,303.266,200.0,-2867.688720703125
1171.14,0.469622,9.23772,9.53915,1.03407,160.971,200.0,-2254.0654296875
2338.57,0.644677,4.7506,8.0246,0.921042,761.483,200.0,-2579.961669921875
1180.82,0.400661,5.66266,6.33861,1.21556,449.807,200.0,-2790.93310546875
1524.31,0.479248,4.24602,5.18113,1.03973,150.814,200.0,-3585.8974609375
3311.66,0.723687,6.34454,8.06886,0.693277,839.545,200.0,-2071.35400390625
844.786,0.334053,9.45709,9.64211,1.073,158.318,200.0,-1875.2740478515625
855.713,0.481562,3.72645,4.88193,1.12704,2.7138,200.0,-3547.675048828125
944.884,0.363286,4.66316,5.22062,1.34265,64.0444,200.0,-3192.083984375
2685.89,0.585846,4.63677,6.37099,0.94174,609.861,200.0,-2366.458740234375
1266.66,0.466872,10.81669,11.25907,0.982604,253.038,200.0,-1684.1226806640625
862.331,0.491023,3.62087,7.66713,1.35829,296.946,200.0,-3001.760498046875
634.175,0.269179,4.7566,5.76657,1.23128,95.8971,200.0,-3480.5322265625
4579.48,0.862896,9.51786,21.05198,0.438041,5611.94,200.0,-1561.4908447265625
690.86,0.289117,8.586,9.06252,1.14935,108.496,200.0,-2199.912841796875
584.948,0.24843,4.37194,4.62357,1.36445,17.9144,200.0,-3088.517822265625
4660.15,0.824049,11.65474,13.14478,0.415931,2252.98,200.0,-1664.6898193359375
5090.81,0.846773,14.12606,17.39021,0.355688,5375.57,200.0,-1604.0926513671875
2170.59,0.617422,5.83369,6.8873,0.924549,224.168,200.0,-3269.685302734375
1013.19,0.366212,3.70829,4.86052,1.10705,24.2917,200.0,-3171.349853515625
3082.8,0.718983,10.39974,12.46717,0.61286,524.519,200.0,-1732.7666015625
2462.72,0.613644,5.34107,7.48961,0.823756,677.165,200.0,-2664.93994140625
368.991,0.184687,4.18169,4.57331,1.20315,15.027,200.0,-3706.77099609375
3671.18,0.733699,8.35385,14.48009,0.560854,2622.06,200.0,-1595.4169921875
1355.74,0.551362,20.19678,20.49604,0.693698,1057.62,200.0,-1404.63671875
3340.39,0.637974,5.37288,6.95376,0.745862,501.748,200.0,-2104.780517578125
2271.29,0.555741,4.57799,6.18885,0.802746,394.547,200.0,-2980.2509765625
1058.58,0.43552,4.18604,6.52507,1.14372,97.1691,200.0,-3413.57568359375
6918.5,0.968868,27.82199,28.42583,0.0896569,39941.2,200.0,-629.1477661132812
264.371,0.171709,3.77801,4.68786,1.58297,13.0961,200.0,-3745.203857421875
267.637,0.156141,3.71244,4.2886,1.39441,14.8005,200.0,-3504.265869140625
2153.51,0.547664,4.16602,9.85111,0.881791,604.058,200.0,-1960.855224609375
2188.23,0.547564,4.00339,6.05816,0.891128,219.617,200.0,-2719.743896484375
682.278,0.342912,3.60156,5.70128,1.48449,47.0289,200.0,-2995.46923828125
1346.78,0.559935,4.05053,8.49427,1.24166,380.086,200.0,-3166.18115234375
199.882,0.222685,3.77498,4.1155,2.27643,6.82499,200.0,-4067.50732421875
3459.78,0.74439,6.82523,12.48808,0.644485,1595.15,200.0,-1751.4288330078125
3524.35,0.691507,11.4957,14.10939,0.530176,1445.9,200.0,-2039.3812255859375
1264.79,0.433382,8.1508,8.57188,0.99692,138.746,200.0,-2016.7994384765625
1853.32,0.537532,6.45823,8.39764,0.948012,1225.27,200.0,-2238.921875
2972.52,0.745661,5.74992,15.3211,0.696514,1603.22,200.0,-1889.2803955078125
913.124,0.43966,10.87695,11.16838,1.09406,932.376,200.0,-2153.088134765625
4200.95,0.791818,9.35802,13.18939,0.474158,1410.95,200.0,-1826.6953125
2586.32,0.611449,5.65476,7.80864,0.779923,582.261,200.0,-2278.599853515625
652.883,0.293552,3.36131,4.52992,1.14581,33.3554,200.0,-3256.80224609375
4025.18,0.789436,11.58942,17.98832,0.489575,4929.28,200.0,-1605.3590087890625
2378.28,0.602336,4.75369,7.32981,0.986226,186.752,200.0,-2138.3583984375
1821.82,0.44365,4.34719,4.89123,1.22473,74.6504,200.0,-2417.640625
686.855,0.312771,5.10256,5.79682,1.35846,75.0749,200.0,-3282.322021484375
2744.29,0.545568,5.49556,7.22243,0.807141,646.054,200.0,-2574.7119140625
1148.12,0.401816,3.5663,5.74252,1.0541,108.504,200.0,-3266.291259765625
4066.04,0.791669,10.02077,13.91871,0.478627,2865.48,200.0,-1740.0772705078125
3218.73,0.725599,6.83857,11.50018,0.713283,1591.98,200.0,-1689.9969482421875
1457.53,0.550564,5.90353,6.4004,1.06943,67.8539,200.0,-2908.795654296875
3186.46,0.694428,8.44769,9.91958,0.610526,852.063,200.0,-1963.5634765625
2504.45,0.636975,6.55864,11.3442,0.716716,1551.11,200.0,-1863.4462890625
984.88,0.528181,5.00341,7.44476,1.76141,533.459,200.0,-2622.046142578125
1530.0,0.636393,7.15912,8.03091,1.03641,172.721,200.0,-3563.950439453125
919.733,0.508274,19.55496,19.86578,0.96965,1095.65,200.0,-1751.146728515625
3163.11,0.615007,4.692,6.08998,0.703372,544.332,200.0,-2590.920654296875
1380.62,0.59614,20.84767,21.1525,0.75075,1179.55,200.0,-1133.865234375
1381.38,0.631613,10.10457,10.91082,1.14475,372.133,200.0,-2230.52294921875
1262.71,0.47549,4.98674,6.56896,1.00897,341.557,200.0,-3316.811279296875
225.543,0.11069,5.68178,5.82858,1.4654,87.2918,200.0,-2701.406494140625
2576.2,0.769704,9.22774,10.6882,0.807727,4012.31,200.0,-1644.1925048828125
2767.2,0.632464,4.79045,6.96863,0.778645,571.754,200.0,-2844.83642578125
2614.41,0.696898,7.52611,8.03412,0.816586,344.071,200.0,-2806.342041015625
1393.45,0.611966,4.92794,5.44222,1.13443,68.3973,200.0,-3973.048095703125
2088.79,0.560521,4.75987,7.8356,0.897706,521.316,200.0,-2580.418701171875
2460.18,0.597299,4.63015,6.88816,0.861106,357.314,200.0,-2324.307861328125
4227.69,0.821949,13.22779,16.08391,0.388264,2772.6,200.0,-1702.3907470703125
3580.61,0.72708,9.14293,12.14787,0.556265,1165.96,200.0,-1876.0712890625
4598.15,0.780546,6.37267,14.45037,0.498416,2776.06,200.0,-1531.5714111328125
672.114,0.285873,3.67352,5.09475,1.24571,22.0154,200.0,-3334.33740234375
3084.33,0.70026,8.22138,12.31343,0.657692,1231.01,200.0,-1746.3955078125
5354.28,0.86735,10.88761,15.41586,0.329956,2308.19,200.0,-1263.9200439453125
1008.31,0.484611,5.0405,6.724,1.20976,66.886,200.0,-3818.626220703125
246.168,0.223662,3.68138,4.37722,1.70555,14.2571,200.0,-4142.70947265625
1686.62,0.597655,16.73425,16.84081,0.700261,699.492,200.0,-1551.763916015625
921.982,0.440019,5.36167,5.97638,1.34827,39.9723,200.0,-3193.669677734375
1090.34,0.424872,6.81409,9.53893,1.04809,850.79,200.0,-2547.041015625
1470.37,0.55732,8.91429,11.53447,1.13079,1129.73,200.0,-2064.55810546875
2674.95,0.726619,13.51302,13.94589,0.559452,1164.72,200.0,-2093.80859375
3705.15,0.823589,9.09839,16.28095,0.564954,5398.92,200.0,-1507.7139892578125
813.108,0.39847,4.45499,4.82314,1.33583,36.2922,200.0,-4014.152587890625
3613.01,0.79131,9.98201,13.34501,0.597637,2253.85,200.0,-1523.867919921875
3820.48,0.856639,13.98024,20.50075,0.450369,6050.66,200.0,-1512.7275390625
3902.3,0.66279,5.6204,6.88955,0.653308,523.164,200.0,-2103.375244140625
6747.82,0.955528,24.12022,33.12582,0.11889,30777.4,200.0,-817.1686401367188
4266.89,0.810809,9.58177,13.5228,0.46623,1525.63,200.0,-1671.1759033203125
865.828,0.306748,3.75108,4.80803,1.1862,31.4427,200.0,-3283.81689453125
3206.24,0.70093,5.46381,9.11663,0.723302,980.943,200.0,-2147.392822265625
544.443,0.285365,3.68198,4.49279,1.20934,24.9587,200.0,-3713.4150390625
1857.27,0.525051,4.55803,5.74176,1.09555,85.6296,300.0,-2734.32763671875
652.986,0.275323,3.66087,5.00042,1.29956,45.7894,300.0,-3640.748779296875
2620.24,0.676122,8.9453,9.17433,0.773465,527.879,300.0,-2614.215087890625
4574.15,0.847695,10.95663,15.44361,0.353837,5227.52,300.0,-1159.029541015625
2710.2,0.671814,8.6958,10.22544,0.853031,1679.98,300.0,-1748.6011962890625
701.256,0.325441,4.1971,6.00996,1.51886,76.6259,300.0,-3062.305908203125
848.959,0.384324,3.97812,5.63611,1.15884,36.6339,300.0,-3294.556884765625
540.719,0.277301,3.92289,4.75672,1.28498,17.6865,300.0,-3662.75244140625
977.214,0.378013,3.65801,5.1825,1.22935,115.155,300.0,-3172.189453125
2617.62,0.675155,4.96131,11.44225,0.834226,816.472,300.0,-2080.305908203125
3257.69,0.61532,7.65489,8.17116,0.646299,513.761,300.0,-2487.47412109375
685.398,0.305161,5.38984,7.37537,1.44749,186.014,300.0,-3052.091796875
1093.79,0.393129,4.98135,6.03909,1.12289,190.597,300.0,-3289.6513671875
2186.73,0.69731,7.09094,7.66812,0.806521,274.466,300.0,-2939.673828125
4349.59,0.823357,10.66541,11.74806,0.477893,1912.08,300.0,-1588.1605224609375
4413.18,0.819598,9.85243,14.7477,0.430891,3847.38,300.0,-1327.245361328125
1498.82,0.503405,3.80388,5.69288,1.07048,227.847,300.0,-3182.9736328125
2412.99,0.652106,7.66575,9.52473,0.883366,722.543,300.0,-1867.70654296875
851.464,0.427402,3.41077,4.21849,1.17835,15.2765,300.0,-3980.79443359375
5640.38,0.908293,15.30371,20.56672,0.244069,5202.25,300.0,-1186.5892333984375
2575.15,0.788815,15.71163,16.57915,0.552321,1520.92,300.0,-2085.95556640625
600.606,0.284591,6.07471,8.00608,1.39773,277.978,300.0,-2679.16796875
2913.27,0.728282,8.40907,13.99162,0.688714,1992.74,300.0,-1643.418212890625
4833.14,0.847534,10.86145,13.70238,0.387205,2254.27,300.0,-1536.4600830078125
1215.32,0.467183,4.52728,6.50462,1.18491,102.456,300.0,-2783.654052734375
334.904,0.378054,3.53595,4.14771,2.12466,3.30522,300.0,-3795.772705078125
1463.9,0.520932,3.47686,4.51434,1.0718,40.9801,300.0,-3702.440185546875
3188.0,0.660068,6.02924,7.49876,0.706253,1522.6,300.0,-2244.489501953125
4300.81,0.804292,7.23875,15.12303,0.472231,3406.9,300.0,-1485.068115234375
1806.18,0.610497,7.4054,7.89653,0.979921,140.19,300.0,-3018.903076171875
3149.45,0.733167,9.36758,11.85452,0.677218,1762.23,300.0,-1982.7271728515625
4511.88,0.798861,10.71346,12.53285,0.453285,1520.8,300.0,-1659.75341796875
4426.49,0.784199,9.72682,12.7021,0.500712,1513.52,300.0,-1937.695068359375
4899.46,0.809707,7.99074,13.74636,0.480627,3316.59,300.0,-1531.4801025390625
476.128,0.286443,4.67076,6.73583,1.63813,117.55,300.0,-3426.610107421875
2218.98,0.62709,6.06403,9.86403,0.8997,1066.87,300.0,-2421.538818359375
3202.52,0.757704,4.979,10.36306,0.762533,1390.1,300.0,-2049.281005859375
2581.17,0.551253,4.06762,6.17201,0.784114,166.232,300.0,-2953.376953125
238.068,0.116917,4.6332,5.05891,1.66327,23.3504,300.0,-2649.454833984375
5025.9,0.814343,8.80574,10.73588,0.459631,2510.24,300.0,-1785.4930419921875
2940.29,0.806034,14.78552,15.33627,0.52209,1105.99,300.0,-2185.205322265625
306.383,0.195831,4.30501,5.01885,1.73018,16.4907,300.0,-3509.615966796875
1034.2,0.316298,5.65556,6.21677,1.15778,74.4458,300.0,-2433.40869140625
1318.57,0.583307,6.06238,6.35789,1.23365,399.495,300.0,-3321.05908203125
2874.66,0.674687,6.58668,9.0172,0.826254,916.224,300.0,-1735.4095458984375
3932.47,0.833807,9.31451,16.27189,0.533523,5580.53,300.0,-1516.5216064453125
1044.83,0.46513,4.59995,6.25349,1.125,50.789,300.0,-3658.479248046875
2708.54,0.694046,6.05923,7.48124,0.825345,227.207,300.0,-2380.765380859375
1583.33,0.64557,4.91029,11.47777,1.23835,1834.89,300.0,-2232.075927734375
63.8371,0.122349,3.36981,3.90776,2.31811,1.01788,300.0,-4184.03271484375
297.513,0.142701,3.92564,4.74933,1.26783,16.9148,300.0,-3471.98876953125
1709.56,0.523071,8.75038,9.21339,0.876353,393.808,300.0,-2395.01611328125
3222.15,0.70992,7.74824,10.73218,0.684183,917.937,300.0,-2079.65283203125
1333.5,0.546107,20.89205,21.02808,0.679686,1067.63,300.0,-1424.863525390625
2807.49,0.781561,13.52157,14.17669,0.573917,797.667,300.0,-2238.64794921875
3525.69,0.798741,6.64494,14.47586,0.654772,4184.4,300.0,-2254.7626953125
591.096,0.400614,4.45214,5.45492,2.01446,65.5756,300.0,-3293.439208984375
908.283,0.32522,8.47763,8.99398,1.08075,121.598,300.0,-1983.8387451171875
136.751,0.313866,3.30341,4.21992,1.51445,3.82509,300.0,-4136.8271484375
4736.44,0.839781,14.32636,16.90998,0.390636,5177.76,300.0,-1671.3045654296875
3716.83,0.810911,8.79085,16.06302,0.564769,5245.91,300.0,-1571.23583984375
3996.2,0.748785,6.39267,8.68652,0.597157,761.901,300.0,-2164.169677734375
561.144,0.272078,3.92759,5.14759,1.35109,45.539,300.0,-3340.696044921875
2013.71,0.66281,7.63232,8.70056,0.990631,403.077,300.0,-2412.12109375
2656.02,0.579749,4.17042,9.96872,0.793951,1931.32,300.0,-2253.99951171875
3165.04,0.717168,6.86577,9.27318,0.744069,1310.1,300.0,-2216.1650390625
2170.45,0.606515,7.77193,8.51295,0.845119,1166.02,300.0,-2601.6005859375
1695.53,0.574183,3.75556,4.83883,1.13678,190.483,300.0,-3691.680908203125
660.172,0.314342,5.03188,6.12838,1.06388,74.5527,300.0,-3064.41796875
2086.78,0.685271,8.77204,8.99695,1.00173,801.722,300.0,-2347.260498046875
5745.15,0.886976,12.40421,17.21859,0.27118,4498.67,300.0,-1355.995849609375
1831.56,0.622437,4.48032,5.65189,1.00755,89.8752,300.0,-3814.983642578125
3180.87,0.676767,5.97229,9.22958,0.710585,1312.09,300.0,-2265.91845703125
1290.14,0.440099,4.15914,6.59171,1.05705,97.1974,300.0,-3209.932861328125
4996.37,0.755156,9.07037,10.84434,0.442279,2599.76,300.0,-1577.0787353515625
856.803,0.34551,3.60645,4.29186,1.15356,86.1542,300.0,-3396.90869140625
872.793,0.401377,3.91078,4.70562,1.21473,33.4501,300.0,-3669.35546875
2096.01,0.568854,7.19309,7.73374,0.805778,334.354,300.0,-2369.3466796875
3100.77,0.702086,8.05973,11.19486,0.64985,2327.86,300.0,-1803.3814697265625
3433.15,0.662538,7.81311,8.7931,0.646236,431.959,300.0,-1823.623779296875
3027.36,0.792538,13.68532,13.90311,0.520271,953.813,300.0,-2170.527587890625
299.814,0.13293,3.97588,6.02115,1.45626,26.4696,300.0,-2616.786865234375
2997.33,0.64526,5.90265,7.7696,0.704814,883.2,300.0,-2616.03955078125
1153.93,0.495585,4.09745,8.5636,1.27169,195.277,300.0,-2939.655029296875
1342.48,0.702478,10.90331,11.59526,1.14284,408.94,300.0,-2615.79296875
4356.69,0.771023,7.87692,9.39327,0.522789,888.318,300.0,-1705.375
1212.77,0.490217,7.75608,8.40604,1.10121,226.405,300.0,-2586.86474609375
1189.29,0.475047,5.51095,6.80196,1.10257,15.4683,300.0,-3165.385498046875
669.768,0.320096,4.14496,5.8685,1.56611,72.5138,300.0,-3055.83154296875
2733.2,0.531798,6.02374,8.62664,0.740346,541.79,300.0,-2336.05322265625
5323.34,0.821048,7.34149,10.78885,0.453672,941.131,300.0,-1363.205810546875
3429.69,0.763885,10.84662,11.26271,0.556079,1426.26,300.0,-2374.809326171875
1285.73,0.524641,5.90037,8.62459,1.33184,1330.91,300.0,-2289.54833984375
80.4356,0.112078,3.68096,4.25695,2.60945,5.12391,300.0,-3431.446533203125
2697.45,0.664159,5.9591,9.04346,0.799337,1155.44,300.0,-2349.428466796875
919.371,0.420526,9.32475,9.63019,1.23692,149.424,300.0,-2048.792236328125
1098.64,0.517991,11.18481,11.70097,1.15203,351.793,300.0,-1909.38037109375
784.145,0.31623,3.96008,5.05871,1.25362,54.3458,300.0,-3695.362060546875
4876.06,0.848506,9.31756,16.50609,0.374085,4890.88,300.0,-1388.0179443359375
3692.94,0.810193,8.66473,16.23013,0.57004,5259.06,300.0,-1583.7210693359375
2134.63,0.640783,5.25321,11.32266,0.942335,731.305,300.0,-2180.5673828125
3803.78,0.631632,5.96077,7.47779,0.662919,322.437,300.0,-2140.956298828125
6605.91,0.946439,20.67138,28.64843,0.14945,24913.9,300.0,-947.0882568359375
1046.67,0.406222,6.38843,7.02858,1.14278,67.4786,300.0,-2990.758056640625
2157.99,0.683248,6.95216,10.40435,0.979645,1743.57,300.0,-2023.5081787109375
1375.45,0.587495,5.91073,10.92454,1.3358,1262.54,300.0,-1881.943359375
1326.86,0.499122,7.83894,8.1632,1.02604,95.2007,300.0,-3048.6611328125
2796.86,0.806859,22.78449,23.01322,0.439122,2739.44,300.0,-1993.90576171875
3367.04,0.644499,4.91155,7.16058,0.704851,601.097,300.0,-2823.30126953125
3693.29,0.711507,6.26543,7.23114,0.640645,783.693,300.0,-2103.60009765625
6042.94,0.949271,21.0024,21.82918,0.157098,18524.4,300.0,-798.57275390625
778.591,0.278112,5.16662,5.56431,1.32513,53.5834,300.0,-2454.07568359375
2029.33,0.678733,8.16776,9.07182,0.849356,287.022,300.0,-2899.064208984375
3700.4,0.76234,7.52453,10.89927,0.626825,776.538,300.0,-1402.927490234375
1731.06,0.519319,4.71538,5.64828,1.0906,169.876,300.0,-2767.355712890625
839.13,0.358203,9.11324,9.23768,1.1367,385.791,300.0,-2258.633056640625
340.977,0.20748,3.37842,4.85822,1.67044,30.9265,300.0,-3734.17626953125
1876.4,0.657487,5.99732,8.26616,0.959358,649.626,300.0,-2959.054443359375
3257.46,0.750547,8.73896,9.90281,0.681786,803.002,300.0,-1982.5111083984375
5446.21,0.847784,11.14366,15.70041,0.358762,5503.51,300.0,-1516.51513671875
3044.65,0.79092,13.6853,14.1728,0.546209,773.54,300.0,-2157.68017578125
1818.9,0.558375,7.16806,8.05566,0.845604,215.281,300.0,-2721.34423828125
3416.62,0.778083,7.37802,15.25734,0.613785,4186.08,300.0,-1652.9970703125
1546.2,0.503353,4.89698,6.49082,1.00868,316.393,300.0,-3060.1806640625
3505.71,0.770594,8.22259,8.70645,0.620776,723.921,300.0,-2517.453369140625
4544.0,0.822375,9.45183,13.39023,0.442615,1535.56,300.0,-1660.1673583984375
802.457,0.443287,4.03107,4.77748,1.21003,36.5468,300.0,-3996.640380859375
1754.53,0.53642,6.23807,6.84307,0.886129,155.582,300.0,-3026.733154296875
2753.67,0.622479,5.55059,7.46649,0.749762,860.19,300.0,-2643.234619140625
988.042,0.416805,5.61537,6.63401,1.12736,86.7839,300.0,-3551.326904296875
2255.51,0.694537,21.4656,21.74997,0.530916,1348.48,300.0,-1796.274169921875
4018.35,0.777862,8.97764,9.63349,0.613619,1037.18,300.0,-2199.294189453125
4908.76,0.843639,10.14821,14.09329,0.413516,5419.3,300.0,-1307.69873046875
1812.89,0.563774,3.83233,4.8512,1.05849,100.565,300.0,-3450.5322265625
1667.46,0.548548,3.30121,7.00402,0.971706,270.434,300.0,-3140.1513671875
4629.22,0.759417,6.37198,9.18694,0.526618,1352.32,300.0,-1543.0487060546875
746.581,0.325808,5.49604,6.74964,1.53622,83.6114,300.0,-2535.798095703125
987.394,0.397472,4.624,5.09131,1.10478,29.2856,300.0,-3576.708740234375
1799.2,0.609993,4.54766,5.79095,1.0605,165.224,300.0,-3405.73681640625
6180.82,0.955549,23.17726,24.38123,0.132951,26104.2,300.0,-878.7191162109375
690.824,0.297449,4.2679,5.89669,1.44665,49.739,300.0,-2977.4375
2178.77,0.631844,3.63474,9.40377,0.88427,769.0,300.0,-2620.9599609375
1754.82,0.573381,13.09386,13.399,0.746514,455.461,300.0,-1701.1851806640625
2162.42,0.70924,10.54736,10.78017,0.780412,463.29,300.0,-2207.49609375
4155.96,0.770009,11.54158,13.20906,0.482466,1563.84,300.0,-1628.8629150390625
3216.79,0.730078,8.31601,11.87529,0.642528,1809.49,300.0,-1920.4366455078125
4163.75,0.831679,12.32288,15.29968,0.417823,2928.75,300.0,-1669.7410888671875
2198.98,0.646928,9.52045,10.40131,0.784753,362.492,300.0,-2084.238525390625
947.97,0.39468,5.77227,6.55208,1.18131,118.577,300.0,-3206.35009765625
1134.97,0.439009,9.28704,9.39031,1.05389,156.776,300.0,-1994.5419921875
4473.93,0.815637,10.29331,12.23812,0.479154,1936.18,300.0,-1741.507080078125
978.0,0.465505,5.97836,6.52371,1.34923,26.9183,300.0,-3435.47412109375
964.47,0.406679,4.19094,5.18862,1.18394,84.0982,300.0,-3471.9501953125
1794.84,0.573949,5.28085,7.75446,0.961146,152.73,300.0,-3324.01806640625
870.094,0.329481,5.02373,5.8025,1.28719,122.767,300.0,-2974.3974609375
542.628,0.401869,3.38645,6.34828,1.34118,81.4896,300.0,-3265.29541015625
4748.73,0.761966,6.3938,9.45774,0.551356,621.125,300.0,-1651.3021240234375
5289.33,0.896555,15.28779,20.27847,0.268136,4797.94,300.0,-1222.57275390625
764.127,0.381161,4.31093,5.74058,1.46424,117.179,300.0,-3494.720947265625
191.43,0.13274,3.77962,4.09655,1.34637,6.10495,300.0,-3931.99072265625
2699.74,0.591051,5.13886,7.17127,0.788871,671.834,300.0,-2761.419189453125
4326.42,0.776471,9.58021,10.72202,0.522724,1730.26,300.0,-1611.7662353515625
800.267,0.40507,3.85059,5.48546,1.35113,70.2273,300.0,-3368.726806640625
703.602,0.319755,8.02269,8.69073,1.38062,112.249,300.0,-2064.40087890625
1100.1,0.529673,3.80639,4.35313,1.3636,84.1229,300.0,-3887.5849609375
3878.36,0.750286,6.67915,9.57354,0.630024,886.969,300.0,-1740.3851318359375
2846.26,0.755909,7.1175,15.32583,0.725702,1747.05,300.0,-1628.962158203125
1275.46,0.549846,20.52522,20.8319,0.742342,1030.44,300.0,-1305.228271484375
2081.4,0.518303,6.45716,7.31421,0.822612,220.95,300.0,-2390.587158203125
1834.28,0.698243,23.59524,23.70263,0.591176,1421.16,300.0,-1516.08935546875
986.029,0.389861,3.71416,5.35639,1.16657,80.6555,300.0,-3423.665771484375
1746.96,0.637004,5.13176,9.15456,0.906534,680.256,300.0,-2391.188232421875
587.56,0.283567,5.04805,6.0349,1.53389,73.8394,300.0,-2787.795654296875
2216.09,0.660894,5.61168,10.59495,0.956387,1171.72,300.0,-1988.0177001953125
2296.04,0.547604,5.01564,7.36779,0.897808,150.821,300.0,-2544.530029296875
5726.44,0.921013,14.31754,17.52985,0.240171,9548.02,300.0,-948.6378173828125
1542.72,0.455139,4.08781,7.17059,1.02663,114.4,300.0,-2528.239501953125
1427.23,0.5908,22.02729,22.12516,0.697686,1179.35,300.0,-1241.796630859375
1294.19,0.693792,10.74567,11.43321,1.20236,390.519,300.0,-2616.929931640625
2069.79,0.691127,12.00386,12.89256,0.813885,1165.18,300.0,-1963.094482421875
429.836,0.209559,4.81002,4.97387,1.49918,30.2905,300.0,-2963.2490234375
929.043,0.355495,5.05709,6.45466,1.14289,203.386,300.0,-3222.122314453125
3088.14,0.637664,5.79343,9.0242,0.708345,565.732,300.0,-2061.990478515625
1714.07,0.549503,8.98199,9.40314,0.879963,305.148,300.0,-2338.852783203125
1126.53,0.503235,3.80126,7.66149,1.30071,191.262,300.0,-2978.451416015625
777.86,0.372061,4.12586,5.50595,1.31783,38.2762,300.0,-3633.400146484375
2651.21,0.643702,5.63533,6.74676,0.846,299.794,300.0,-2550.720458984375
224.273,0.228803,3.91818,4.28255,2.23134,10.0132,300.0,-3956.74853515625
902.435,0.342127,4.40498,5.51823,1.32049,92.4574,300.0,-3322.760498046875
315.389,0.179639,3.67354,5.02501,1.3437,18.5738,300.0,-4004.681884765625
1013.19,0.366212,3.70829,4.86052,1.10705,24.2917,300.0,-3315.656494140625
1290.95,0.415811,5.69952,6.62436,0.947368,145.221,300.0,-2998.798583984375
2379.69,0.588389,4.77322,5.78948,0.937798,349.493,300.0,-2829.5478515625
2277.6,0.677842,8.94942,9.57371,0.75474,475.513,300.0,-2155.207763671875
639.032,0.323875,3.89265,4.99384,1.2834,57.8959,300.0,-3843.55615234375
1575.2,0.595818,14.70735,15.03083,0.803945,676.51,300.0,-1731.8441162109375
1186.72,0.426537,3.78166,4.20974,1.14303,90.97,300.0,-3319.9716796875
3324.7,0.689291,6.76725,12.02851,0.670023,1352.81,300.0,-1593.5206298828125
639.911,0.294683,3.57113,4.78112,1.23836,36.8294,300.0,-3943.416015625
929.514,0.527293,14.1021,14.69992,1.23637,940.177,300.0,-1859.8436279296875
999.226,0.379348,4.33385,4.80504,1.07428,44.2087,300.0,-3491.78857421875
406.568,0.244129,3.79106,4.7684,1.69062,41.6605,300.0,-3370.009765625
3107.85,0.756115,5.66317,12.49972,0.747342,1480.44,300.0,-1844.938232421875
3258.42,0.710336,7.2999,8.33631,0.675191,1240.37,300.0,-2178.767822265625
1843.27,0.5669,4.55466,6.31442,0.990223,314.927,300.0,-3412.620849609375
487.769,0.272545,5.73595,7.07414,1.79447,78.9027,300.0,-2832.715576171875
959.271,0.442334,3.93319,7.75931,1.32013,130.593,300.0,-3257.714599609375
1264.5,0.497185,5.90471,7.02497,1.37904,242.115,300.0,-2725.36376953125
1482.03,0.522326,3.76975,5.56326,1.05495,146.377,300.0,-3579.90380859375
4618.38,0.8346,8.76404,13.8077,0.4383,4466.45,300.0,-1520.391845703125
1243.19,0.503952,11.2444,12.31539,0.846979,1299.43,300.0,-2292.626708984375
4310.71,0.788878,7.76158,14.45764,0.505155,2937.27,300.0,-1475.5489501953125
4677.7,0.815127,10.56006,13.33996,0.419249,3589.05,300.0,-1250.2421875
686.098,0.296159,3.77491,4.86489,1.30337,26.4021,300.0,-3238.212158203125
5512.76,0.847416,9.92934,12.45532,0.362386,5917.5,300.0,-1303.5858154296875
2701.34,0.769652,30.58143,30.91872,0.374851,3672.3,300.0,-1271.827392578125
2649.0,0.634154,5.40955,7.35424,0.791495,833.019,300.0,-2650.373291015625
1772.95,0.577276,5.81209,7.9142,1.03556,744.581,300.0,-2594.7109375
463.162,0.338544,3.40842,4.35002,1.20531,10.8074,300.0,-3406.86962890625
4110.5,0.767625,9.78849,12.11764,0.545295,3552.96,300.0,-1936.5771484375
547.333,0.334298,3.41051,4.68006,1.17411,19.3573,300.0,-4038.000244140625
2860.08,0.646202,6.1619,11.25961,0.724825,2134.14,300.0,-1984.5670166015625
3062.6,0.846196,14.89873,20.58026,0.528244,6108.91,300.0,-1526.1317138671875
827.743,0.41025,7.66553,8.75996,1.14116,631.19,300.0,-2487.373046875
1752.61,0.63509,16.18763,16.56606,0.76886,766.721,300.0,-1900.036865234375
3865.2,0.757494,9.08318,11.58331,0.57513,933.461,300.0,-1679.177978515625
509.694,0.343585,3.81206,4.42579,2.08676,23.8784,300.0,-3413.563720703125
2076.88,0.589895,8.29007,9.2936,0.84782,1052.94,300.0,-2282.099853515625
1154.39,0.451039,6.25301,7.44264,1.09134,111.581,300.0,-3188.30615234375
268.489,0.174304,4.05297,4.96949,1.40516,28.1521,300.0,-3897.47314453125
3221.97,0.761021,9.92139,11.19188,0.656322,3219.51,300.0,-1346.7227783203125
4624.05,0.851251,10.19741,13.81285,0.399379,2737.15,300.0,-1756.49365234375
658.283,0.297272,3.49648,4.49543,1.20676,20.013,300.0,-2802.10302734375
4246.16,0.678455,6.3632,8.13893,0.621896,445.982,300.0,-1897.3189697265625
3309.43,0.790766,7.9071,15.68343,0.642046,4893.24,300.0,-1651.3917236328125
1970.98,0.672728,6.695,8.63738,1.03165,1312.16,300.0,-2261.181396484375
827.4,0.451898,3.46764,7.06623,1.43717,125.88,300.0,-3267.548828125
984.88,0.528181,5.00341,7.44476,1.76141,533.459,300.0,-2695.0263671875
1648.97,0.507648,7.31402,8.04373,1.03215,480.464,300.0,-2559.248046875
332.018,0.426281,3.63671,4.06011,1.77026,6.60665,300.0,-4312.9501953125
4082.94,0.823893,9.11021,16.42624,0.455819,2759.9,300.0,-1268.6236572265625
225.543,0.11069,5.68178,5.82858,1.4654,87.2918,300.0,-2681.879638671875
2243.64,0.737607,7.79447,8.16346,0.80406,315.463,300.0,-2956.19677734375
389.53,0.425429,3.31912,4.60777,1.22342,9.9534,300.0,-3625.603515625
2935.29,0.686618,6.75036,10.24234,0.676462,2133.64,300.0,-2177.166748046875
1075.65,0.446779,4.8041,5.95534,1.19245,67.5979,300.0,-3584.64013671875
4227.69,0.821949,13.22779,16.08391,0.388264,2772.6,300.0,-1703.880126953125
615.689,0.312439,4.89353,5.21123,1.48182,44.7081,300.0,-3245.70458984375
2956.66,0.728707,7.71641,11.28915,0.743573,1406.48,300.0,-1988.8399658203125
3585.26,0.832343,11.99712,14.81667,0.50134,2804.5,300.0,-1578.3367919921875
1686.62,0.597655,16.73425,16.84081,0.700261,699.492,300.0,-1544.1851806640625
3124.0,0.734707,12.42839,12.70747,0.588674,724.779,300.0,-2266.2431640625
1393.78,0.48771,3.87196,6.11636,1.1964,133.666,300.0,-2985.971435546875
1215.65,0.425413,4.84864,7.06527,1.10484,274.171,300.0,-3006.011962890625
2798.01,0.745308,7.69906,12.8739,0.727903,2052.44,300.0,-1691.003662109375
2101.5,0.628915,4.63776,6.16462,0.899204,130.045,300.0,-3227.70849609375
4993.2,0.793353,8.96518,10.73578,0.478186,2644.0,300.0,-1457.0140380859375
3276.43,0.765398,5.14858,9.98441,0.745628,1478.44,400.0,-2072.61376953125
4964.09,0.867727,11.48138,18.87171,0.353115,6692.83,400.0,-1461.0780029296875
5908.23,0.82718,9.04749,13.79209,0.373492,1941.31,400.0,-1422.6285400390625
116.565,0.115039,3.53045,3.93033,1.5557,1.57814,400.0,-4030.998291015625
977.214,0.378013,3.65801,5.1825,1.22935,115.155,400.0,-3261.966552734375
2539.11,0.642452,5.47848,11.28324,0.802661,1075.87,400.0,-2130.728271484375
2711.83,0.594338,5.05823,7.3019,0.815171,210.175,400.0,-2142.75244140625
1293.96,0.481308,3.7662,5.77442,1.22248,117.266,400.0,-3054.84814453125
3203.31,0.849119,15.26868,20.59592,0.489763,6172.06,400.0,-1555.5020751953125
4341.28,0.85847,15.33451,20.6228,0.367077,6383.74,400.0,-1409.1505126953125
2832.49,0.654483,5.69206,7.40254,0.855852,550.384,400.0,-2230.992431640625
748.231,0.331024,5.98548,6.99877,1.47601,95.457,400.0,-2437.166015625
3503.17,0.760407,7.41763,9.94522,0.635874,785.835,400.0,-2131.1826171875
2116.13,0.544564,5.9516,7.04354,0.885089,261.256,400.0,-2991.72607421875
302.574,0.202239,3.33009,4.165,1.42755,6.83391,400.0,-3259.27734375
800.701,0.429581,11.18757,11.69319,1.42813,278.498,400.0,-1708.23388671875
1202.72,0.51161,6.81647,7.68128,1.16031,152.02,400.0,-3161.973388671875
1131.23,0.476688,4.03202,5.37225,1.04529,96.9108,400.0,-4129.294921875
360.385,0.33228,3.82264,4.36499,1.55002,4.00159,400.0,-3702.654541015625
318.884,0.154542,4.65296,5.05171,1.33723,30.8034,400.0,-2849.906494140625
3544.57,0.736308,6.61396,11.28335,0.631896,1105.93,400.0,-2104.70654296875
558.885,0.293386,8.51354,9.20336,1.41766,134.652,400.0,-2823.28369140625
824.599,0.375788,8.34216,8.4461,1.22258,162.507,400.0,-2841.2353515625
1931.08,0.455347,5.66951,7.44221,0.945236,384.973,400.0,-2460.981689453125
1988.38,0.523078,4.65968,7.45444,0.91425,145.781,400.0,-2673.234619140625
543.081,0.304241,3.96928,4.49299,1.48392,8.57872,400.0,-3458.719970703125
2485.17,0.697177,10.45063,11.83043,0.700428,491.635,400.0,-1913.14697265625
1746.58,0.570942,8.01484,8.84149,0.904155,786.228,400.0,-2325.312744140625
1602.44,0.51816,5.70895,6.81624,1.06597,275.007,400.0,-2997.597900390625
1654.59,0.613656,18.20255,18.56301,0.703497,814.227,400.0,-1442.599365234375
2859.91,0.710314,6.14407,10.77634,0.731196,1699.97,400.0,-2332.47021484375
3444.46,0.755607,9.27253,13.79061,0.547251,2175.7,400.0,-1561.6583251953125
1785.77,0.57532,15.82404,16.21114,0.739565,657.136,400.0,-2123.22314453125
1044.47,0.413069,5.14102,6.13678,1.16232,70.1231,400.0,-3056.864501953125
1581.9,0.563623,13.45059,13.81949,0.763572,669.42,400.0,-1745.0084228515625
607.357,0.206852,4.75938,6.81721,1.14535,99.0867,400.0,-2687.087646484375
5678.0,0.886449,12.10366,15.24621,0.27971,4195.74,400.0,-1362.7469482421875
1438.9,0.467802,3.99605,5.74891,1.0787,283.354,400.0,-3163.151611328125
811.39,0.326791,4.02577,5.9605,1.20963,50.3607,400.0,-3107.433349609375
372.955,0.255745,5.01006,6.89596,1.85081,97.1734,400.0,-3273.26025390625
4452.33,0.762696,7.5245,9.1585,0.594102,386.057,400.0,-2129.392333984375
204.589,0.130152,4.05034,4.40325,1.94406,9.90867,400.0,-3374.8701171875
2085.6,0.535209,4.5615,6.01553,0.954831,223.357,400.0,-2945.358154296875
2906.08,0.62882,4.76206,6.79852,0.786283,431.131,400.0,-3306.3427734375
1293.33,0.467376,3.64836,11.03882,1.11241,400.881,400.0,-2289.804443359375
2992.8,0.672982,8.19623,10.49034,0.624895,1226.81,400.0,-1839.672607421875
2998.17,0.657258,6.8562,9.68525,0.7373,1201.05,400.0,-1916.755615234375
1726.29,0.688974,7.86687,10.43089,1.164,894.017,400.0,-2246.84326171875
3190.31,0.743406,10.2152,11.4034,0.645447,938.273,400.0,-1610.6439208984375
1527.35,0.685589,6.90109,7.02891,1.04198,192.584,400.0,-4407.26025390625
937.596,0.47194,5.12562,5.98106,1.28989,55.571,400.0,-3787.257080078125
2013.71,0.66281,7.63232,8.70056,0.990631,403.077,400.0,-2497.7587890625
3110.65,0.767732,7.8155,12.90564,0.717451,1497.87,400.0,-1784.29052734375
2781.82,0.611937,5.90821,7.0299,0.792954,338.218,400.0,-2312.862060546875
444.527,0.238712,4.04551,4.6547,1.37845,15.4412,400.0,-3962.9287109375
1172.1,0.504433,5.51627,6.06516,1.25548,234.267,400.0,-3400.188232421875
4135.69,0.85707,9.62308,16.33447,0.442453,3137.33,400.0,-1596.0
1549.34,0.522098,10.40235,10.52048,0.86429,193.33,400.0,-2369.62841796875
105.093,0.101582,3.43979,4.25823,1.87721,3.65254,400.0,-3486.3564453125
4588.52,0.766496,9.24353,13.40682,0.427944,2294.76,400.0,-1705.4998779296875
2361.43,0.598562,7.01676,8.85741,0.791394,1717.62,400.0,-2465.29931640625
1402.69,0.487502,5.56693,7.12878,0.992557,164.434,400.0,-3085.719482421875
2349.52,0.727891,8.70234,9.68422,0.898844,1486.06,400.0,-2244.654541015625
695.022,0.385068,3.45001,4.29034,1.42314,17.239,400.0,-3664.390380859375
3100.77,0.702086,8.05973,11.19486,0.64985,2327.86,400.0,-1867.598876953125
327.683,0.205376,4.35491,4.96478,1.49095,22.3882,400.0,-3850.80859375
642.971,0.305823,4.43132,4.94811,1.23956,72.1691,400.0,-3990.583740234375
2269.58,0.624589,6.78363,8.35606,0.818216,729.042,400.0,-2578.843017578125
967.477,0.512258,4.30007,7.80705,1.10005,429.252,400.0,-3093.804931640625
444.971,0.277966,8.17089,8.80222,1.74629,102.448,400.0,-2447.4892578125
1342.48,0.702478,10.90331,11.59526,1.14284,408.94,400.0,-2727.197998046875
326.558,0.205091,3.82375,4.28948,1.3446,5.06405,400.0,-3822.45166015625
770.396,0.346027,7.65756,8.0902,1.28546,100.539,400.0,-2542.761962890625
2352.07,0.60295,6.81691,8.71267,0.962006,712.38,400.0,-1990.67724609375
1031.37,0.416008,4.79665,6.87977,1.10661,247.924,400.0,-3477.060302734375
3928.57,0.8103,8.72703,15.31109,0.535365,4546.67,400.0,-1328.96826171875
2145.26,0.612791,5.11384,7.22366,1.01398,173.157,400.0,-2708.51953125
4818.35,0.836982,12.187,13.84359,0.36694,2774.13,400.0,-1714.934814453125
790.933,0.361813,3.86195,5.21869,1.44228,37.9113,400.0,-3439.549072265625
2453.66,0.626449,8.88056,9.73501,0.698602,775.766,400.0,-2263.978515625
1983.96,0.560424,5.52275,7.06224,0.994382,216.407,400.0,-2294.920166015625
1098.64,0.517991,11.18481,11.70097,1.15203,351.793,400.0,-1975.8590087890625
784.145,0.31623,3.96008,5.05871,1.25362,54.3458,400.0,-3726.501953125
2588.39,0.62356,6.26097,7.63691,0.785669,318.91,400.0,-2628.74365234375
505.091,0.304752,4.22901,4.69081,1.43506,21.2496,400.0,-3850.64892578125
3720.15,0.658481,4.82631,6.52251,0.755668,1192.13,400.0,-2358.56591796875
3590.37,0.762665,9.4408,10.56366,0.609002,1735.63,400.0,-2021.8525390625
953.137,0.527894,6.91289,7.10727,1.65749,187.264,400.0,-2668.236328125
3011.48,0.709141,7.8063,10.73274,0.688428,674.682,400.0,-2270.865966796875
3321.12,0.887483,10.69449,18.32459,0.446948,10301.3,400.0,-1213.256591796875
301.441,0.203099,3.58711,4.29301,1.88972,7.06831,400.0,-3120.658447265625
2741.03,0.578692,4.75267,6.20371,0.799519,324.948,400.0,-2528.080322265625
1886.9,0.581185,4.57913,12.1124,1.01995,1061.07,400.0,-2152.251953125
227.747,0.166913,4.23212,6.63361,1.1832,53.111,400.0,-2770.42333984375
812.108,0.344297,8.30279,9.04625,1.15418,245.138,400.0,-2568.123779296875
2683.67,0.744272,11.74745,12.13753,0.614275,729.588,400.0,-2228.21240234375
122.434,0.148454,3.3014,4.01815,1.41328,3.68387,400.0,-3858.790771484375
1735.15,0.612119,5.30671,6.20712,1.01471,137.187,400.0,-3257.7421875
5624.83,0.854391,9.88104,12.79287,0.36482,2925.23,400.0,-1366.032470703125
2948.99,0.661241,7.02826,7.82376,0.729502,539.176,400.0,-2608.407470703125
3021.89,0.688057,6.28844,7.48003,0.742022,360.36,400.0,-2631.69921875
2669.95,0.546063,4.67872,6.36734,0.81999,469.654,400.0,-2625.438720703125
2579.63,0.794469,10.14254,13.77693,0.81653,2088.01,400.0,-1540.3135986328125
995.963,0.514462,4.38579,7.99729,1.08918,447.672,400.0,-3103.350830078125
872.562,0.438713,3.41317,4.61057,1.15174,33.5282,400.0,-3869.675048828125
326.214,0.199512,3.44232,4.0512,1.57913,7.60137,400.0,-3283.67626953125
1611.08,0.587042,7.29356,7.70127,0.975101,173.671,400.0,-2872.996337890625
2975.37,0.671103,7.87394,8.76514,0.704137,1017.97,400.0,-2369.982421875
5292.17,0.927957,16.48715,18.54573,0.224586,12845.0,400.0,-1042.2119140625
881.454,0.495342,20.12041,20.2678,0.994005,1097.44,400.0,-1462.5081787109375
3586.78,0.745323,7.1213,13.01516,0.630267,1835.96,400.0,-1639.2843017578125
516.427,0.289196,3.43205,4.73249,1.31423,12.6822,400.0,-4202.52978515625
312.51,0.231045,3.83025,5.06977,1.70786,18.8696,400.0,-3953.41650390625
3794.86,0.747177,8.11702,10.97677,0.603052,1069.97,400.0,-2096.379638671875
169.414,0.176735,4.25505,7.01177,2.60257,93.2225,400.0,-3407.906982421875
1444.3,0.632977,6.11358,9.06534,1.21285,595.147,400.0,-2473.637939453125
1246.48,0.593841,5.03248,5.50286,1.17089,52.1467,400.0,-4192.00341796875
4579.08,0.822078,8.57567,12.7548,0.472911,3205.19,400.0,-1327.77685546875
264.059,0.167374,3.54545,4.28058,1.23106,11.3827,400.0,-2731.62255859375
1293.82,0.467207,9.45025,9.64614,1.00358,229.175,400.0,-2022.593017578125
3245.86,0.695816,7.72655,9.8039,0.657606,488.667,400.0,-1815.952880859375
1082.95,0.406976,8.78103,9.45998,1.07345,163.642,400.0,-2054.459716796875
886.611,0.380638,4.19865,5.27667,1.22502,69.2316,400.0,-3589.080810546875
2841.31,0.712582,9.47724,10.30799,0.682216,947.894,400.0,-2216.133544921875
125.163,0.101412,3.92507,4.03295,1.92044,2.7782,400.0,-3482.0380859375
479.218,0.304566,4.50042,5.16279,1.74986,28.2033,400.0,-3768.349365234375
2348.47,0.643835,5.4481,6.32977,0.851229,155.528,400.0,-2926.4794921875
555.215,0.29502,4.01185,4.73664,1.44009,38.1154,400.0,-3830.427001953125
265.304,0.201778,4.20519,5.22619,2.04433,38.8721,400.0,-3504.17919921875
4556.71,0.839438,12.23118,14.63101,0.384531,4782.78,400.0,-1505.1468505859375
4293.59,0.772689,7.67843,14.42283,0.49209,2550.39,400.0,-1630.782470703125
2543.46,0.62184,4.60993,10.18663,0.7778,979.928,400.0,-2198.33837890625
387.593,0.347493,3.53695,5.29429,1.64186,48.7932,400.0,-3837.7109375
385.723,0.216816,4.12953,4.67537,1.57541,24.1337,400.0,-3979.781494140625
900.004,0.37793,6.25436,8.75697,1.25053,410.986,400.0,-2533.524658203125
1386.36,0.550178,5.56259,6.39131,1.08914,76.2972,400.0,-3756.41943359375
827.992,0.401719,4.94747,5.93347,1.75413,217.135,400.0,-2858.196044921875
3177.7,0.744069,8.65857,9.81093,0.665015,1662.32,400.0,-2206.83984375
5214.39,0.930601,18.24101,20.55785,0.211574,14600.4,400.0,-924.5907592773438
4078.24,0.806832,8.49393,15.29946,0.492916,2463.87,400.0,-1404.6561279296875
1899.04,0.520764,5.01317,7.04707,0.913588,192.785,400.0,-3085.151123046875
978.0,0.465505,5.97836,6.52371,1.34923,26.9183,400.0,-3439.780029296875
1512.24,0.521988,3.84762,7.86001,1.15925,326.968,400.0,-3059.502197265625
2810.19,0.669153,6.09315,8.6173,0.786569,673.643,400.0,-2318.09130859375
743.132,0.326338,3.83095,5.32933,1.21104,31.1671,400.0,-3869.277099609375
4407.6,0.85799,13.01007,20.1178,0.420298,5862.04,400.0,-1524.09765625
4829.13,0.751236,7.5368,9.19361,0.518833,624.498,400.0,-1483.1800537109375
4661.57,0.846661,10.46127,12.69389,0.410441,4271.67,400.0,-1447.962646484375
3568.57,0.747939,7.50258,13.10108,0.632253,1861.65,400.0,-1583.833984375
926.941,0.349174,8.69492,9.25574,1.09469,140.076,400.0,-1920.9693603515625
556.355,0.297712,4.43745,4.93244,1.38782,69.5067,400.0,-3677.448486328125
567.463,0.302571,4.58239,5.05763,1.50361,34.8469,400.0,-3435.41943359375
5154.68,0.859318,14.35644,17.89084,0.322474,5753.12,400.0,-1593.7271728515625
679.526,0.315806,4.50364,4.85141,1.26841,67.168,400.0,-3293.955078125
892.422,0.407548,5.05351,5.83426,1.20847,46.7674,400.0,-3637.790283203125
2765.64,0.654248,6.62151,8.81841,0.821478,339.926,400.0,-1883.8072509765625
4026.5,0.783754,9.0883,11.88072,0.496076,1517.83,400.0,-1892.828369140625
3586.51,0.686655,9.09053,10.16578,0.557252,846.707,400.0,-1854.8251953125
2112.73,0.616103,6.25178,7.33807,0.937472,733.331,400.0,-2455.745849609375
4246.85,0.810941,12.49845,15.91164,0.456559,7630.82,400.0,-1557.473876953125
1945.95,0.593745,5.2735,6.7457,1.21847,383.648,400.0,-2413.02978515625
3690.03,0.808583,8.7199,16.13348,0.571062,5171.91,400.0,-1599.089599609375
823.469,0.322397,3.8413,4.58788,1.12425,88.6989,400.0,-3398.32373046875
1319.31,0.432341,3.9829,5.40349,1.08701,70.4414,400.0,-3162.189453125
6248.94,0.930159,16.35957,19.58066,0.18884,11475.9,400.0,-1020.64697265625
6769.56,0.960381,24.03089,25.06728,0.114055,27251.2,400.0,-700.8985595703125
1271.43,0.466858,4.33557,7.045,1.02667,122.848,400.0,-3417.1533203125
2888.43,0.702697,5.20505,7.94996,0.891211,660.906,400.0,-2275.91455078125
367.392,0.22096,3.39482,5.89442,1.49616,42.3045,400.0,-3256.8076171875
651.529,0.497612,4.02247,7.93025,1.32687,188.938,400.0,-3229.275390625
5093.61,0.711467,6.79546,10.23211,0.511041,1077.98,400.0,-1869.8397216796875
3410.82,0.715542,10.4086,13.04704,0.561746,2768.12,400.0,-1594.36767578125
5780.92,0.848907,13.65344,16.81526,0.296575,4381.7,400.0,-1354.57861328125
777.994,0.294901,3.63288,5.38427,1.19278,23.8714,400.0,-3013.790283203125
5529.93,0.815722,9.96287,12.14574,0.396956,3018.08,400.0,-1492.8599853515625
904.001,0.444369,4.19424,6.41968,1.25127,52.3968,400.0,-3748.186767578125
327.69,0.242543,4.60308,6.73546,1.89479,78.7359,400.0,-3463.603271484375
1099.63,0.462528,4.9464,6.50846,1.14029,67.6347,400.0,-3762.0517578125
3799.42,0.727357,7.89568,10.66978,0.581444,1450.99,400.0,-1845.3177490234375
3777.98,0.817593,8.5993,16.26008,0.559723,5308.84,400.0,-1591.7275390625
1126.53,0.503235,3.80126,7.66149,1.30071,191.262,400.0,-3026.150634765625
2526.02,0.717529,10.59374,12.3252,0.848274,1368.3,400.0,-1869.8751220703125
2693.43,0.821904,15.92356,17.26997,0.644047,3096.12,400.0,-1533.4158935546875
475.447,0.245343,3.73053,4.7636,1.67659,20.4004,400.0,-3092.5029296875
1194.9,0.490287,4.9351,5.46913,1.45812,181.503,400.0,-3376.36767578125
315.389,0.179639,3.67354,5.02501,1.3437,18.5738,400.0,-4090.5
3881.04,0.826154,8.60412,16.24669,0.543406,5482.09,400.0,-1557.069580078125
1382.27,0.588364,6.80052,7.80808,1.11498,153.249,400.0,-3399.355712890625
724.455,0.363761,3.39416,4.95312,1.09124,20.9723,400.0,-3512.766357421875
2277.6,0.677842,8.94942,9.57371,0.75474,475.513,400.0,-2236.9677734375
306.533,0.186929,3.42871,5.04059,1.38109,40.0741,400.0,-3257.503662109375
1711.51,0.516054,6.50457,7.74995,1.02925,225.497,400.0,-2272.64599609375
712.277,0.355912,5.83014,6.06964,1.34909,71.5011,400.0,-3504.7978515625
3702.86,0.802051,7.83553,15.23681,0.578969,5108.54,400.0,-1587.0777587890625
4862.95,0.798534,9.85781,12.24822,0.403275,1955.45,400.0,-1630.3907470703125
724.291,0.317538,8.0277,8.95219,1.43654,317.189,400.0,-2236.68212890625
387.507,0.175008,3.93483,4.45499,1.36296,20.082,400.0,-3123.80224609375
870.83,0.295788,4.26756,5.64253,1.14385,52.5396,400.0,-3011.083740234375
1349.16,0.514688,6.78496,7.80191,1.08998,190.075,400.0,-2727.075927734375
359.532,0.142485,5.29118,6.2044,1.58408,46.8309,400.0,-1698.109619140625
1408.09,0.618377,20.78608,21.09739,0.773404,1210.97,400.0,-1324.6612548828125
2535.86,0.601366,4.75097,6.76661,0.925781,318.253,400.0,-2623.33642578125
3169.08,0.845714,28.00995,28.72791,0.357374,4721.91,400.0,-1892.59228515625
2931.59,0.625784,4.8573,6.90336,0.744805,588.987,400.0,-3034.671142578125
639.911,0.294683,3.57113,4.78112,1.23836,36.8294,400.0,-4022.631103515625
4470.74,0.805575,7.97785,10.67195,0.496519,1004.44,400.0,-1663.6170654296875
1897.66,0.55457,4.53561,5.96439,0.996703,387.809,400.0,-3278.24609375
1789.43,0.512712,4.17332,6.78154,1.05917,122.831,400.0,-2747.12451171875
4809.0,0.796954,9.18784,11.59022,0.43262,2479.47,400.0,-1395.5616455078125
1152.07,0.47773,5.17502,5.90682,1.14496,53.3036,400.0,-3296.561279296875
893.673,0.450422,3.52899,7.23126,1.38519,156.19,400.0,-2871.26611328125
4434.87,0.781911,10.72189,14.51227,0.436632,1494.06,400.0,-1462.0648193359375
649.027,0.283153,4.58702,5.54204,1.63322,23.91,400.0,-2965.079833984375
2559.68,0.59427,7.55991,8.8451,0.750621,433.981,400.0,-2279.17333984375
4288.41,0.834679,9.19992,16.81607,0.425605,4117.99,400.0,-1439.716064453125
1346.78,0.559935,4.05053,8.49427,1.24166,380.086,400.0,-3077.6953125
2378.14,0.703077,6.84994,10.98195,0.911669,1373.73,400.0,-1921.6376953125
2043.73,0.500083,5.13171,7.44948,0.828487,313.329,400.0,-2511.491943359375
3177.38,0.834498,24.37253,25.24097,0.375162,3451.47,400.0,-1781.615234375
3905.45,0.715165,11.98843,14.04724,0.468867,1538.28,400.0,-1735.64306640625
1219.3,0.622008,10.08887,10.76028,1.2749,328.899,400.0,-2546.379150390625
1772.95,0.577276,5.81209,7.9142,1.03556,744.581,400.0,-2713.53857421875
2354.15,0.627292,5.57263,7.56849,0.813355,718.571,400.0,-2948.9580078125
138.852,0.133165,3.74319,4.1532,1.7111,13.7021,400.0,-3613.79248046875
4753.7,0.889219,13.47309,18.11275,0.334391,6419.11,400.0,-1381.2322998046875
913.124,0.43966,10.87695,11.16838,1.09406,932.376,400.0,-2188.871826171875
2934.81,0.706281,6.27542,8.28331,0.831397,670.793,400.0,-2078.915283203125
547.333,0.334298,3.41051,4.68006,1.17411,19.3573,400.0,-4038.804443359375
3728.76,0.764588,8.24089,11.51069,0.566567,903.465,400.0,-1864.333984375
4387.76,0.829736,11.47493,15.58877,0.446586,4221.16,400.0,-1628.5419921875
790.054,0.315813,5.63081,6.33773,1.31763,63.1239,400.0,-2697.469482421875
2855.69,0.755579,6.40085,15.26999,0.728111,3834.14,400.0,-1807.9296875
5511.76,0.813408,8.88033,10.25754,0.398028,2923.67,400.0,-1381.5931396484375
1344.0,0.529055,3.85337,6.27603,0.998565,201.7,400.0,-3159.758056640625
2108.59,0.721981,10.35036,12.79365,0.821666,2946.4,400.0,-2046.344482421875
4066.04,0.791669,10.02077,13.91871,0.478627,2865.48,400.0,-1736.433349609375
1493.87,0.439293,4.82843,6.34495,0.98908,230.297,400.0,-2907.46533203125
4449.96,0.769401,7.34192,10.11967,0.57773,786.185,400.0,-1465.974853515625
2474.23,0.58821,7.11284,7.5796,0.756487,380.37,400.0,-2546.42333984375
2496.4,0.695024,11.39426,11.91951,0.653035,530.837,400.0,-2304.239013671875
941.769,0.479499,5.58868,6.78974,1.32037,82.8716,400.0,-3652.238037109375
984.88,0.528181,5.00341,7.44476,1.76141,533.459,400.0,-2716.98779296875
904.226,0.429457,3.55003,5.91258,1.32142,122.251,400.0,-3173.638427734375
88.0753,0.154864,3.52053,4.1909,2.27602,2.00016,400.0,-4039.635986328125
2733.84,0.673617,5.78272,9.52664,0.76172,1115.24,400.0,-2608.419677734375
3763.62,0.704358,5.87733,8.05655,0.650793,1172.83,400.0,-2605.230224609375
2775.52,0.68105,7.50291,8.72607,0.770559,519.074,400.0,-2077.67138671875
3084.33,0.70026,8.22138,12.31343,0.657692,1231.01,400.0,-1752.0118408203125
1018.19,0.437534,4.19809,6.29781,1.17214,114.035,400.0,-3387.719970703125
2699.43,0.725885,14.34452,17.44533,0.667688,2560.17,400.0,-2145.571533203125
1344.76,0.427062,7.59823,7.93593,0.940493,139.555,400.0,-2337.990966796875
2608.87,0.585012,6.58326,7.76349,0.745185,415.177,400.0,-2438.0830078125
3815.05,0.824058,14.05847,20.10252,0.415521,5679.34,400.0,-1590.21044921875
4728.43,0.78935,6.84161,11.21041,0.547827,2028.72,400.0,-1980.8614501953125
658.118,0.432412,3.83998,4.83655,1.55915,17.0146,400.0,-3754.41796875
3206.24,0.70093,5.46381,9.11663,0.723302,980.943,400.0,-2281.18505859375
3000.5,0.730798,7.61233,8.44306,0.740217,627.916,400.0,-2623.607666015625
4954.62,0.820375,9.13864,10.25326,0.462919,2553.73,500.0,-1754.091064453125
3279.35,0.760824,12.21529,12.40146,0.563971,698.028,500.0,-2204.875244140625
899.765,0.427262,3.57045,5.3686,1.31605,91.6038,500.0,-3323.5166015625
319.532,0.197535,4.94412,5.40904,1.5909,31.0201,500.0,-3705.537353515625
720.007,0.43919,4.43745,4.78458,1.05056,20.1122,500.0,-3834.1748046875
5464.57,0.907075,14.68596,17.04907,0.26818,10284.7,500.0,-1105.718505859375
4206.24,0.798798,9.22083,15.28434,0.477817,2604.13,500.0,-1322.56103515625
2186.73,0.69731,7.09094,7.66812,0.806521,274.466,500.0,-3232.413330078125
1527.46,0.637219,6.48818,6.96229,1.00547,106.133,500.0,-3898.510498046875
2832.49,0.654483,5.69206,7.40254,0.855852,550.384,500.0,-2301.277587890625
4625.87,0.846244,11.99207,14.38768,0.388694,4182.86,500.0,-1573.84228515625
1552.58,0.585501,5.94197,8.45019,1.25867,506.647,500.0,-2316.539306640625
960.324,0.485611,3.62904,7.60193,1.36043,162.998,500.0,-3155.6220703125
1277.95,0.356259,6.05335,6.43625,1.0598,500.14,500.0,-2448.193603515625
684.68,0.243147,4.40746,5.55174,1.25239,82.3578,500.0,-3149.304931640625
549.223,0.327208,5.2511,7.79604,2.10901,477.483,500.0,-2530.081787109375
1488.07,0.521976,4.049,6.39382,1.06274,143.607,500.0,-3644.78759765625
3700.6,0.807239,12.24766,14.88237,0.506962,3362.52,500.0,-1698.8084716796875
354.922,0.252588,3.55812,5.42182,1.4874,40.0899,500.0,-3195.442626953125
234.604,0.211634,3.31619,4.91028,1.37037,8.86468,500.0,-3927.077392578125
784.953,0.318539,3.62086,4.1299,1.07441,6.11091,500.0,-3818.050537109375
888.418,0.512452,4.23804,5.29823,1.51665,69.8476,500.0,-3912.56591796875
1701.1,0.672533,22.21035,22.53071,0.621973,1286.53,500.0,-1547.45068359375
824.599,0.375788,8.34216,8.4461,1.22258,162.507,500.0,-2922.586669921875
1531.47,0.534821,6.20633,8.35839,1.08115,1074.93,500.0,-2935.0712890625
2768.22,0.633269,7.62919,8.21377,0.785929,363.754,500.0,-2839.5947265625
5130.53,0.846762,11.98041,15.08647,0.387944,1867.32,500.0,-1407.858154296875
2734.67,0.720582,6.4272,11.18071,0.759181,1625.52,500.0,-2137.781982421875
1224.63,0.432056,3.41852,5.26843,1.06863,123.89,500.0,-3367.2314453125
2938.65,0.795532,7.50464,16.25096,0.718739,4887.54,500.0,-1666.962890625
4826.15,0.818868,8.43301,11.08241,0.456241,1666.17,500.0,-1722.8255615234375
2539.03,0.57683,4.84367,7.4333,0.827316,274.692,500.0,-2418.113037109375
755.371,0.372498,4.57801,6.7937,1.63344,115.966,500.0,-2786.31201171875
2057.15,0.709917,10.11349,11.88416,0.927027,1058.31,500.0,-1930.77490234375
4067.12,0.789644,8.60059,10.69406,0.509529,2789.28,500.0,-1494.8795166015625
3641.35,0.624689,5.62305,8.53875,0.653207,461.266,500.0,-2155.71826171875
2989.81,0.807676,6.60039,13.65341,0.690586,3218.71,500.0,-1382.40478515625
2314.01,0.7568,7.88436,12.64231,0.874422,3590.34,500.0,-1565.890869140625
2053.96,0.579883,5.72292,7.82418,0.824554,355.354,500.0,-3027.461181640625
1038.14,0.471629,4.78533,5.52958,1.35409,107.024,500.0,-3210.5478515625
1353.7,0.599721,8.13323,8.85997,1.11962,251.703,500.0,-2783.825439453125
1690.0,0.625568,4.35584,6.45606,1.02219,348.928,500.0,-3512.15380859375
2606.57,0.599064,7.65751,10.00158,0.765906,466.014,500.0,-1974.6810302734375
4665.23,0.813663,7.85562,9.85907,0.523298,1186.57,500.0,-1593.0284423828125
1273.21,0.474652,10.71047,11.10927,0.969481,246.855,500.0,-2015.244873046875
1127.89,0.461596,3.95316,5.36241,1.07712,109.391,500.0,-3378.2783203125
676.771,0.342391,4.7145,5.31603,1.4215,29.3702,500.0,-3528.02880859375
2572.67,0.724825,9.4437,9.98858,0.67938,452.559,500.0,-2508.73583984375
2738.91,0.645111,5.77539,9.63812,0.782382,1586.93,500.0,-2472.399169921875
275.428,0.191648,4.10162,5.03477,1.91147,17.5489,500.0,-3040.8994140625
712.274,0.329455,3.43232,5.73126,1.27079,82.2344,500.0,-3348.737060546875
5026.95,0.815344,8.54591,11.05876,0.441689,1396.88,500.0,-1529.5477294921875
5141.13,0.887481,11.17613,16.68396,0.304902,5962.93,500.0,-1155.3541259765625
204.589,0.130152,4.05034,4.40325,1.94406,9.90867,500.0,-3410.072509765625
2249.3,0.705944,7.71777,7.98158,0.791442,310.918,500.0,-3061.797607421875
2085.6,0.535209,4.5615,6.01553,0.954831,223.357,500.0,-3001.616943359375
442.235,0.245911,5.73213,6.40915,1.62073,78.5883,500.0,-3302.97216796875
2992.8,0.672982,8.19623,10.49034,0.624895,1226.81,500.0,-1870.90869140625
2909.26,0.846464,14.91423,20.62803,0.54552,6102.19,500.0,-1518.0869140625
607.323,0.314051,3.38672,4.96985,1.46405,19.8199,500.0,-3337.62841796875
4799.24,0.790877,10.8769,14.05235,0.417718,2879.83,500.0,-1647.897216796875
1016.79,0.41285,7.54065,7.97816,1.2061,183.202,500.0,-2957.600830078125
2458.15,0.733968,11.36425,12.02459,0.661342,611.202,500.0,-2203.388427734375
366.851,0.21454,4.27879,4.43538,1.30702,0.678938,500.0,-3198.68310546875
1780.33,0.610306,4.84213,8.50875,1.1112,505.614,500.0,-2727.591796875
6386.9,0.946971,22.00995,22.90562,0.141184,21588.9,500.0,-797.8364868164062
291.644,0.197681,4.12694,4.44588,1.68865,9.07454,500.0,-3617.74365234375
1097.99,0.390426,5.58582,6.5659,1.05132,80.7481,500.0,-2942.806640625
5235.97,0.862191,14.59092,18.57784,0.324623,5435.67,500.0,-1480.741455078125
416.254,0.256323,3.60433,4.84376,1.84551,18.6946,500.0,-3309.5048828125
5250.8,0.918676,17.16845,18.61303,0.234669,12670.1,500.0,-980.7058715820312
2392.71,0.669599,4.98468,10.94609,0.967842,516.92,500.0,-2254.561279296875
428.515,0.289344,4.89826,7.10171,1.91471,115.022,500.0,-3613.703857421875
2186.06,0.540257,7.07627,7.37295,0.890532,252.657,500.0,-2982.8828125
1719.08,0.602076,4.84035,8.46366,1.10914,472.465,500.0,-2827.811279296875
592.912,0.342874,3.85093,4.53193,1.98883,30.4414,500.0,-3290.035400390625
3380.97,0.81375,10.22132,13.48327,0.54755,3783.03,500.0,-1536.865234375
2530.23,0.62274,5.3108,6.1103,0.920338,149.803,500.0,-2726.8076171875
2245.67,0.691209,10.39083,11.69955,0.752291,475.209,500.0,-2333.064208984375
3448.81,0.753778,8.42089,8.9106,0.639461,682.439,500.0,-2797.588623046875
5150.23,0.785568,8.54242,11.05766,0.430906,2815.69,500.0,-1557.8297119140625
2034.57,0.614256,5.33665,7.74972,1.037,917.045,500.0,-2793.538330078125
1608.48,0.609034,4.51927,8.44381,1.17693,955.533,500.0,-2907.014404296875
325.829,0.206816,3.31467,4.64593,1.32463,24.7139,500.0,-3767.839599609375
5065.07,0.852297,12.50518,16.20232,0.32886,4422.35,500.0,-1537.840576171875
1930.57,0.524962,4.14072,5.68732,0.960339,313.805,500.0,-3186.697998046875
1936.15,0.57349,8.245,8.8982,0.886081,284.641,500.0,-2466.381591796875
1427.04,0.453131,4.56473,5.72858,0.957227,135.37,500.0,-3630.122802734375
1082.34,0.428202,4.77751,6.21561,1.13204,106.556,500.0,-3387.1162109375
3793.9,0.74793,6.9778,12.99824,0.57134,1583.59,500.0,-1842.0494384765625
1036.53,0.452079,4.38675,6.17136,1.15752,59.3863,500.0,-3527.547607421875
301.9,0.203307,3.83198,4.78583,1.92923,14.5408,500.0,-3421.56103515625
2591.94,0.705663,6.58754,8.95486,0.835845,1312.03,500.0,-2288.462890625
543.452,0.293627,4.40506,5.08117,1.38704,70.5683,500.0,-3559.997802734375
1858.94,0.544486,4.66449,7.78268,1.07237,251.323,500.0,-2870.6259765625
3463.48,0.879862,15.81432,16.65197,0.452946,9252.29,500.0,-1253.763916015625
2189.92,0.685639,6.46016,7.06053,0.838717,211.06,500.0,-3566.395263671875
4741.45,0.85355,14.5838,19.37455,0.358974,4948.59,500.0,-1600.200439453125
998.876,0.310821,4.04197,5.47172,1.12899,83.4604,500.0,-3019.326416015625
1695.58,0.456192,3.8912,5.8832,0.904707,162.5,500.0,-2880.369873046875
2167.82,0.723407,9.83069,11.42198,0.764034,612.938,500.0,-2402.01708984375
6605.91,0.946439,20.67138,28.64843,0.14945,24913.9,500.0,-964.21826171875
3720.15,0.658481,4.82631,6.52251,0.755668,1192.13,500.0,-2419.52978515625
2157.99,0.683248,6.95216,10.40435,0.979645,1743.57,500.0,-2118.516845703125
3627.17,0.814298,8.54916,16.26119,0.580219,5205.35,500.0,-1660.8544921875
942.79,0.506194,4.59382,7.95779,1.5114,147.374,500.0,-3280.270263671875
920.432,0.402233,3.82521,5.08052,1.22097,33.8781,500.0,-3250.240234375
3304.87,0.701193,7.28588,8.65221,0.675989,1107.31,500.0,-2274.8115234375
3904.1,0.794702,7.90672,16.54296,0.495461,2791.07,500.0,-1499.94580078125
1632.06,0.513972,4.25815,5.94929,1.09725,373.218,500.0,-3032.021240234375
1731.06,0.519319,4.71538,5.64828,1.0906,169.876,500.0,-2813.57177734375
3125.46,0.650444,5.00217,6.5506,0.820739,887.679,500.0,-2704.98046875
4431.31,0.793336,11.23113,11.92589,0.48721,912.64,500.0,-1581.737060546875
6539.25,0.948567,21.97364,24.21099,0.136416,22389.7,500.0,-795.233154296875
683.07,0.305433,4.8488,5.62811,1.19831,97.6722,500.0,-3606.408447265625
809.589,0.375332,3.36482,4.52587,1.04909,24.5161,500.0,-3462.4609375
3416.62,0.778083,7.37802,15.25734,0.613785,4186.08,500.0,-1693.2484130859375
303.633,0.224527,4.63784,5.41259,2.03162,50.8685,500.0,-3347.2470703125
3122.35,0.784417,8.08455,16.2526,0.671689,4819.73,500.0,-1656.7117919921875
1571.62,0.499198,3.35002,11.20251,0.912347,429.331,500.0,-2197.0009765625
872.562,0.438713,3.41317,4.61057,1.15174,33.5282,500.0,-3847.194091796875
1349.9,0.489467,4.78268,6.36676,1.14171,152.568,500.0,-3080.177734375
1754.53,0.53642,6.23807,6.84307,0.886129,155.582,500.0,-3158.87451171875
558.055,0.28472,3.74812,4.32157,1.31191,11.7311,500.0,-3558.595947265625
169.147,0.270548,3.57457,4.33522,1.44707,7.83403,500.0,-3999.967041015625
1064.44,0.403664,6.47221,6.91736,1.06358,147.787,500.0,-2839.609130859375
1519.84,0.647228,5.4241,7.94079,1.38445,452.648,500.0,-2707.878662109375
797.534,0.363425,3.36258,4.6824,1.27738,63.6799,500.0,-3437.805419921875
2452.39,0.636174,5.03541,9.01243,0.790853,505.584,500.0,-2782.202880859375
1611.08,0.587042,7.29356,7.70127,0.975101,173.671,500.0,-2994.358642578125
3311.69,0.681635,5.72078,7.82688,0.677095,920.297,500.0,-2796.77685546875
2641.23,0.751702,9.64348,10.06896,0.647967,541.034,500.0,-2391.431640625
259.878,0.169536,3.57517,4.72313,1.55519,31.252,500.0,-3467.769287109375
3235.32,0.771312,7.65608,15.29768,0.636631,4148.96,500.0,-1693.119873046875
460.767,0.234759,3.83834,5.19136,1.45819,47.7436,500.0,-3510.823974609375
3080.27,0.728767,9.50611,12.56409,0.598468,1172.3,500.0,-1905.5042724609375
865.25,0.316774,4.80589,5.92013,0.992534,67.5367,500.0,-2973.103759765625
3563.06,0.680107,8.08604,11.74203,0.651046,1240.37,500.0,-1982.3111572265625
623.996,0.417064,3.33928,7.35311,1.5473,132.465,500.0,-2937.7705078125
5784.06,0.900019,12.59023,22.14369,0.259304,10096.9,500.0,-1256.5545654296875
1346.74,0.423483,5.3259,7.29934,1.01073,368.307,500.0,-2989.921630859375
682.457,0.351946,3.68631,4.73172,1.2682,18.1791,500.0,-3830.9228515625
280.09,0.215224,3.688,4.3565,1.32605,30.8458,500.0,-3552.545166015625
3572.57,0.697955,5.45579,7.95645,0.711918,408.83,500.0,-2359.979736328125
1676.73,0.533972,7.80991,8.95544,0.934196,899.951,500.0,-2629.34375
2663.16,0.528972,5.45694,7.02493,0.786859,360.083,500.0,-2273.347412109375
264.059,0.167374,3.54545,4.28058,1.23106,11.3827,500.0,-2813.526123046875
229.994,0.155225,3.77352,4.38155,2.51508,11.7926,500.0,-2904.79296875
1076.11,0.379403,3.41885,4.52004,1.0004,75.0371,500.0,-3111.96240234375
1197.94,0.548126,5.18371,9.35436,1.57509,1195.9,500.0,-2415.023681640625
3216.79,0.730078,8.31601,11.87529,0.642528,1809.49,500.0,-1933.906005859375
125.163,0.101412,3.92507,4.03295,1.92044,2.7782,500.0,-3516.921630859375
667.39,0.429175,9.21248,9.95646,1.53083,313.086,500.0,-3136.619873046875
1478.81,0.519929,8.35437,8.95284,1.0442,159.133,500.0,-2560.87890625
3309.22,0.811943,10.43932,14.10387,0.588489,1979.95,500.0,-1520.19189453125
788.29,0.306465,7.57101,7.68571,1.20893,265.357,500.0,-2427.493896484375
1525.12,0.50686,3.98791,7.52257,1.07004,322.393,500.0,-3311.03955078125
1458.25,0.460259,4.50451,6.30462,1.07473,477.323,500.0,-3013.84228515625
248.254,0.363383,3.4533,4.68158,1.25383,13.7302,500.0,-3689.978271484375
3594.51,0.706729,6.78732,9.25813,0.663346,1036.68,500.0,-2408.07763671875
2566.83,0.725038,9.79307,10.29368,0.703499,473.472,500.0,-2507.057373046875
1385.59,0.52198,6.80507,7.84546,1.02325,192.95,500.0,-3091.919189453125
3804.56,0.774542,8.2327,11.71987,0.589623,1903.71,500.0,-1580.041748046875
943.592,0.410684,3.73711,6.208,1.18822,203.809,500.0,-3311.20947265625
1929.06,0.607605,6.61794,6.95847,0.88669,111.987,500.0,-3456.457275390625
2676.27,0.595355,5.59028,7.96513,0.719526,740.981,500.0,-2749.173095703125
1899.04,0.520764,5.01317,7.04707,0.913588,192.785,500.0,-3140.3056640625
964.47,0.406679,4.19094,5.18862,1.18394,84.0982,500.0,-3450.096923828125
1508.75,0.564789,7.1955,8.0534,0.985636,209.219,500.0,-3177.074462890625
2838.23,0.685039,9.95119,10.41733,0.677698,1141.03,500.0,-2223.574951171875
3121.29,0.730105,8.14355,11.36861,0.748896,997.449,500.0,-1598.107666015625
744.458,0.363749,3.66672,4.67787,1.25081,38.1899,500.0,-3856.159912109375
1517.52,0.563823,15.17672,15.47094,0.784045,635.726,500.0,-1716.0660400390625
619.734,0.292939,3.96691,4.76966,1.54896,75.9192,500.0,-3365.132080078125
3807.24,0.769199,8.61114,11.04927,0.588078,1850.6,500.0,-1601.4442138671875
697.277,0.413596,3.90702,5.36488,1.68101,43.2725,500.0,-3467.835205078125
2014.22,0.605066,7.58916,7.9709,0.84393,252.701,500.0,-2782.505859375
1073.71,0.465953,4.88635,5.82903,1.14905,46.6527,500.0,-3340.66796875
2246.68,0.654581,6.19015,9.15355,0.857736,374.424,500.0,-2786.54248046875
1895.23,0.658839,21.96447,22.07578,0.614052,1300.49,500.0,-1359.132568359375
4404.98,0.838887,11.90907,14.26164,0.445962,3717.85,500.0,-1816.8736572265625
800.267,0.40507,3.85059,5.48546,1.35113,70.2273,500.0,-3319.474365234375
1110.4,0.383456,5.6326,6.21503,1.0975,174.596,500.0,-3024.8876953125
3492.09,0.8178,13.9177,20.26541,0.470674,5655.38,500.0,-1400.6075439453125
378.317,0.179972,3.88146,5.07946,1.50427,50.5977,500.0,-3198.96728515625
1132.73,0.4372,9.18905,9.3601,1.05246,158.518,500.0,-2102.924072265625
2899.63,0.766046,14.14259,14.33363,0.551752,828.98,500.0,-2097.868408203125
2461.75,0.739093,7.73251,13.93473,0.846749,2070.75,500.0,-1674.3671875
518.118,0.278859,5.16889,5.31254,1.34614,37.1569,500.0,-3560.680908203125
1315.2,0.570627,8.77976,10.85249,1.21819,1163.37,500.0,-2271.0439453125
1768.23,0.603643,4.73712,8.50032,1.10599,477.814,500.0,-2862.48291015625
1091.28,0.405986,3.52955,6.86967,1.07657,169.156,500.0,-3500.033447265625
4166.98,0.854501,9.94826,14.11121,0.413306,4248.99,500.0,-1613.101318359375
2081.4,0.518303,6.45716,7.31421,0.822612,220.95,500.0,-2563.68798828125
979.762,0.432819,5.09527,6.05189,1.19798,56.2532,500.0,-3946.09375
603.2,0.289863,5.74842,6.42026,1.18852,108.242,500.0,-3222.15185546875
85.8881,0.0936771,3.87753,4.82554,1.79933,8.22771,500.0,-3729.6083984375
518.495,0.240268,3.72171,4.92965,1.19512,94.2493,500.0,-3567.417724609375
1282.2,0.468474,4.57376,6.96986,1.05497,149.378,500.0,-3277.722900390625
986.029,0.389861,3.71416,5.35639,1.16657,80.6555,500.0,-3397.668212890625
2570.91,0.605846,7.80105,8.65711,0.726884,647.651,500.0,-2107.808837890625
2833.83,0.704502,7.14235,9.13676,0.7872,748.17,500.0,-2132.618896484375
3791.72,0.663511,4.8531,6.53556,0.741812,1218.07,500.0,-2436.1650390625
1689.9,0.632828,21.90568,22.23157,0.626267,1261.19,500.0,-1212.18212890625
253.291,0.181588,3.45056,4.28271,1.96361,9.38906,500.0,-3189.5966796875
1589.92,0.53881,10.45491,10.65436,0.859317,199.81,500.0,-2458.637451171875
2819.23,0.769925,11.94129,12.28756,0.599347,650.179,500.0,-2265.293701171875
2930.11,0.573382,4.99717,7.89705,0.711583,250.06,500.0,-2297.590576171875
436.189,0.29492,3.68158,4.61814,1.34244,21.57,500.0,-3518.259521484375
1758.14,0.598118,19.25829,19.62001,0.656675,1152.29,500.0,-1450.9571533203125
1005.76,0.370917,5.37866,9.28898,1.213,559.753,500.0,-2128.6025390625
1099.63,0.462528,4.9464,6.50846,1.14029,67.6347,500.0,-3728.537841796875
2716.88,0.655249,5.13403,7.897,0.79724,638.661,500.0,-3025.904052734375
3088.14,0.637664,5.79343,9.0242,0.708345,565.732,500.0,-2108.22265625
4950.45,0.829331,10.48272,12.35885,0.401378,3027.9,500.0,-1352.286376953125
413.565,0.232152,3.60521,4.28454,1.38938,24.5679,500.0,-3235.9287109375
777.86,0.372061,4.12586,5.50595,1.31783,38.2762,500.0,-3628.631591796875
2379.43,0.704648,7.17719,7.91477,0.762691,297.033,500.0,-3019.779541015625
1309.23,0.483115,4.84994,5.60431,1.05788,46.7084,500.0,-3636.88330078125
2146.34,0.684276,10.699,12.01296,0.779182,489.155,500.0,-2031.7276611328125
1013.19,0.366212,3.70829,4.86052,1.10705,24.2917,500.0,-3233.47705078125
2906.15,0.774865,13.45834,13.89333,0.532584,1300.28,500.0,-2060.694580078125
793.421,0.318416,5.54411,5.77257,1.29259,81.1478,500.0,-3143.266357421875
724.455,0.363761,3.39416,4.95312,1.09124,20.9723,500.0,-3423.2509765625
882.744,0.443209,6.01514,7.17433,1.32712,82.2846,500.0,-3296.6982421875
1138.6,0.349536,7.557,7.76342,1.02035,98.6076,500.0,-2538.955322265625
2649.96,0.538643,5.02544,7.09891,0.785898,355.99,500.0,-2256.286376953125
2582.45,0.647139,8.71783,9.70127,0.684133,1093.57,500.0,-2376.03271484375
3150.55,0.689762,7.45832,9.58723,0.680761,632.088,500.0,-2233.275390625
413.127,0.239052,3.542,4.89887,1.46977,21.8533,500.0,-3638.159912109375
4879.76,0.786213,7.49214,8.8883,0.525603,1542.67,500.0,-1950.908447265625
2465.01,0.560885,8.77157,10.15632,0.694124,805.046,500.0,-1774.9427490234375
1014.56,0.317211,3.76525,5.12246,1.10107,88.2176,500.0,-3017.9423828125
997.05,0.407846,3.37908,5.65111,1.20763,50.5514,500.0,-3380.054931640625
1765.96,0.568778,7.26228,7.78123,0.878241,182.483,500.0,-3199.82958984375
216.465,0.202822,3.41493,4.21511,1.3811,6.71877,500.0,-3690.61962890625
5786.79,0.936802,18.68104,19.99963,0.186071,15226.4,500.0,-890.6273803710938
4042.43,0.811127,10.11948,13.02449,0.4812,1702.96,500.0,-1580.325927734375
4816.52,0.816798,9.45603,15.12933,0.412767,2899.66,500.0,-1455.58642578125
973.144,0.438638,4.41304,4.7364,1.17759,37.7263,500.0,-3767.94873046875
1062.1,0.36272,6.86593,7.30735,1.11551,103.77,500.0,-2409.346435546875
407.296,0.250171,3.79237,4.83052,1.62162,15.6534,500.0,-3664.6337890625
1894.66,0.57864,5.5663,6.94499,1.02275,565.842,500.0,-2863.91748046875
2040.04,0.632297,7.68785,8.18686,0.809755,274.623,500.0,-2890.49365234375
912.101,0.404873,4.40757,5.9778,1.24906,52.874,500.0,-3455.004638671875
2170.87,0.50606,6.18349,9.74465,0.830011,704.169,500.0,-1798.603271484375
214.067,0.159639,3.4822,4.18665,1.75912,4.91119,500.0,-3166.031982421875
2895.25,0.694521,6.46888,7.50058,0.807943,480.851,500.0,-2211.366943359375
1264.5,0.497185,5.90471,7.02497,1.37904,242.115,500.0,-2801.191162109375
2947.73,0.762407,6.46118,15.19759,0.706478,3960.34,500.0,-1761.1334228515625
741.962,0.365533,3.43007,4.67603,1.12552,18.5698,500.0,-3585.685546875
2282.33,0.666205,9.48104,9.82819,0.758719,1174.49,500.0,-2246.186279296875
787.799,0.31273,4.44935,5.14924,1.28637,51.7833,500.0,-3451.26513671875
1515.76,0.539596,6.19086,8.96299,1.12783,1408.55,500.0,-2387.0419921875
1537.35,0.646066,6.26978,7.74203,1.03888,142.89,500.0,-3893.24267578125
2145.05,0.681947,7.22694,7.90227,0.828091,273.62,500.0,-3081.224853515625
4670.03,0.850211,11.66561,18.57341,0.378591,12354.4,500.0,-1513.9351806640625
1555.26,0.681944,12.38149,13.20386,1.09198,3071.81,500.0,-1926.9600830078125
2063.18,0.670411,9.21243,9.47094,0.788077,311.884,500.0,-2977.364501953125
2832.87,0.594039,4.44869,5.41103,0.974223,278.814,500.0,-2754.411376953125
102.956,0.108659,3.3862,3.78021,1.77042,1.12162,500.0,-3319.37060546875
4624.05,0.851251,10.19741,13.81285,0.399379,2737.15,500.0,-1768.44677734375
2720.73,0.688674,7.32009,9.73015,0.835712,517.083,500.0,-2056.326416015625
1457.53,0.550564,5.90353,6.4004,1.06943,67.8539,500.0,-3073.998046875
2797.09,0.639224,8.07188,10.85691,0.789878,898.932,500.0,-2399.037109375
2968.29,0.789882,8.85208,12.19559,0.677611,1646.4,500.0,-1642.4495849609375
3675.02,0.802334,10.46581,12.45581,0.572346,2359.78,500.0,-1649.4769287109375
1315.05,0.446568,3.7784,5.02029,1.14495,86.4435,500.0,-3624.055419921875
1373.22,0.47201,3.87454,5.73137,1.07763,120.287,500.0,-3273.579345703125
1124.68,0.47375,4.36106,6.0411,1.13893,73.5553,500.0,-3819.71630859375
2733.84,0.673617,5.78272,9.52664,0.76172,1115.24,500.0,-2687.369140625
1462.42,0.482503,4.18269,5.64974,1.03391,197.102,500.0,-3488.187744140625
2519.24,0.726455,9.79857,10.73332,0.747184,514.668,500.0,-2332.29638671875
225.543,0.11069,5.68178,5.82858,1.4654,87.2918,500.0,-2768.1357421875
211.63,0.232904,3.4167,4.08057,2.13177,5.75301,500.0,-3595.39697265625
1013.88,0.418125,4.23981,6.97659,1.31846,293.878,500.0,-2891.944091796875
1686.62,0.597655,16.73425,16.84081,0.700261,699.492,500.0,-1601.3857421875
921.982,0.440019,5.36167,5.97638,1.34827,39.9723,500.0,-3469.507568359375
1470.37,0.55732,8.91429,11.53447,1.13079,1129.73,500.0,-2007.75
3778.18,0.769737,9.09056,11.43656,0.574926,4196.27,500.0,-2073.6875
3771.08,0.656287,5.89943,7.21191,0.648673,600.963,500.0,-2366.420654296875
1675.64,0.626783,20.008,20.35421,0.664009,1163.86,500.0,-1225.769775390625
1634.99,0.52652,3.94028,4.94707,1.11037,65.1252,500.0,-3555.152099609375
245.257,0.172521,4.24656,4.55711,2.05803,14.3428,500.0,-3546.8515625
5204.53,0.808142,10.65833,15.36959,0.388594,2241.39,500.0,-1542.1878662109375
1939.96,0.564731,7.46344,9.29123,0.798505,696.326,700.0,-2671.541259765625
4964.09,0.867727,11.48138,18.87171,0.353115,6692.83,700.0,-1358.627197265625
3261.66,0.691719,6.24907,6.95657,0.776881,440.526,700.0,-3083.489501953125
1421.76,0.556828,5.23546,7.06434,1.01132,169.404,700.0,-3568.28662109375
5191.91,0.85628,14.23238,17.69651,0.325148,5341.89,700.0,-1460.107177734375
1342.78,0.588491,6.11891,6.29797,1.15987,81.5649,700.0,-3567.30419921875
3254.9,0.645102,8.30154,9.96929,0.639911,1104.85,700.0,-2025.1953125
3172.82,0.711352,6.42244,14.0095,0.679504,1447.43,700.0,-1838.8502197265625
3627.32,0.784157,6.91898,12.68724,0.600983,2860.87,700.0,-1904.23291015625
2161.2,0.575307,3.80861,7.08398,0.907793,233.069,700.0,-3261.359130859375
1208.79,0.478435,5.47677,6.26825,1.19298,119.482,700.0,-3414.51611328125
5807.05,0.850196,9.74038,12.81295,0.333604,3595.13,700.0,-1505.0224609375
3911.85,0.71671,5.33982,7.66437,0.662692,827.089,700.0,-2900.112060546875
4767.49,0.872905,12.33041,18.35662,0.3563,6795.64,700.0,-1393.8746337890625
453.256,0.228297,4.16341,4.8816,1.29528,32.4308,700.0,-3606.191162109375
264.681,0.211578,3.55656,5.63864,1.70155,17.2408,700.0,-3661.466552734375
5298.85,0.916283,16.42275,24.2276,0.23486,13103.7,700.0,-1165.2691650390625
994.278,0.469008,4.71701,6.62044,1.22381,63.2374,700.0,-3652.155029296875
789.679,0.32303,4.49036,5.02611,1.13366,21.9306,700.0,-3533.33447265625
1202.72,0.51161,6.81647,7.68128,1.16031,152.02,700.0,-3425.20947265625
897.636,0.440695,3.44357,6.12761,1.34631,65.1281,700.0,-3542.0498046875
4527.19,0.844122,9.64637,13.66092,0.445829,3569.53,700.0,-1547.2525634765625
1678.22,0.584262,19.01787,19.24015,0.637238,1046.74,700.0,-1389.579833984375
3019.75,0.75895,10.28938,11.28682,0.694793,1253.73,700.0,-1711.3280029296875
3371.71,0.793499,7.71438,16.01787,0.623054,4949.95,700.0,-1709.927978515625
2950.55,0.694685,6.18071,7.93044,0.807934,697.222,700.0,-2496.904296875
2989.81,0.807676,6.60039,13.65341,0.690586,3218.71,700.0,-1461.9677734375
2096.06,0.608348,4.83806,9.37962,0.930708,832.471,700.0,-2686.599853515625
675.459,0.271196,4.63334,5.68369,1.36253,24.3139,700.0,-3373.51416015625
4544.61,0.808092,7.97908,9.99892,0.515379,1536.98,700.0,-1919.3895263671875
3198.24,0.740442,8.20171,10.76065,0.659852,1173.02,700.0,-1989.87451171875
1003.49,0.419045,8.22463,8.45317,1.25097,254.572,700.0,-2485.16162109375
2859.91,0.710314,6.14407,10.77634,0.731196,1699.97,700.0,-2490.745849609375
2868.22,0.804391,9.36732,16.39733,0.700791,5162.39,700.0,-1707.0986328125
345.179,0.231357,3.48144,4.32225,1.47381,15.3282,700.0,-3821.841064453125
1974.05,0.53277,5.95074,8.53468,0.903548,729.132,700.0,-2418.26611328125
2856.91,0.569431,5.63025,6.91667,0.801383,363.912,700.0,-2454.38916015625
1212.87,0.38175,3.90266,6.43917,0.961067,116.065,700.0,-3031.681396484375
1044.47,0.413069,5.14102,6.13678,1.16232,70.1231,700.0,-3128.966552734375
4077.05,0.738525,8.64622,10.66303,0.533128,2490.29,700.0,-1679.7158203125
641.355,0.261941,4.10156,7.25101,1.21247,112.762,700.0,-3163.229736328125
684.72,0.320821,4.14866,5.86358,1.54485,75.0277,700.0,-3225.5615234375
2462.2,0.697163,10.12505,10.5249,0.695467,444.694,700.0,-2483.381591796875
3099.89,0.688135,7.69988,9.93343,0.714876,542.575,700.0,-2063.9541015625
4535.68,0.818716,10.72543,13.53211,0.452152,1961.82,700.0,-1760.8883056640625
275.428,0.191648,4.10162,5.03477,1.91147,17.5489,700.0,-3074.71826171875
3222.15,0.70992,7.74824,10.73218,0.684183,917.937,700.0,-2254.118896484375
204.589,0.130152,4.05034,4.40325,1.94406,9.90867,700.0,-3463.5634765625
3726.94,0.790337,9.44741,13.23024,0.536278,1398.66,700.0,-1844.29541015625
2632.45,0.56657,4.6423,10.41251,0.804806,835.027,700.0,-2119.060791015625
2716.72,0.594909,4.42478,5.96163,0.859264,298.854,700.0,-2876.013427734375
1394.31,0.45806,5.9077,8.80371,0.960442,568.775,700.0,-2788.85400390625
730.443,0.307526,7.82255,8.4068,1.53047,191.778,700.0,-2203.591064453125
1060.22,0.440184,9.82657,9.92273,1.12791,219.987,700.0,-2286.063720703125
471.252,0.216905,4.12656,4.60701,1.33147,17.0942,700.0,-3483.263427734375
2211.93,0.784812,15.3351,15.92089,0.655473,963.445,700.0,-2216.244873046875
5250.8,0.918676,17.16845,18.61303,0.234669,12670.1,700.0,-1005.5252685546875
1873.16,0.591964,5.81552,7.64999,1.00126,880.666,700.0,-2849.508544921875
1695.53,0.574183,3.75556,4.83883,1.13678,190.483,700.0,-3798.123779296875
2599.68,0.723667,13.66792,14.14306,0.614612,765.339,700.0,-2020.93310546875
4652.82,0.82567,11.56288,18.03241,0.444334,5316.83,700.0,-1635.289794921875
1669.45,0.563984,4.79282,5.82422,1.01105,199.536,700.0,-3392.148193359375
3794.44,0.825273,8.71165,16.26947,0.553458,5419.45,700.0,-1611.0836181640625
553.064,0.236488,3.82381,4.88356,1.26647,13.7634,700.0,-3123.33447265625
428.515,0.289344,4.89826,7.10171,1.91471,115.022,700.0,-3808.931396484375
1904.26,0.548241,4.73536,6.65322,1.02552,445.775,700.0,-3199.89599609375
873.73,0.279594,4.50085,5.1152,1.26166,88.9201,700.0,-3095.833984375
642.971,0.305823,4.43132,4.94811,1.23956,72.1691,700.0,-3792.787353515625
2374.51,0.736697,9.45025,9.7686,0.744206,416.169,700.0,-2692.547119140625
4307.36,0.787826,7.96898,11.59461,0.505981,1002.63,700.0,-1797.10595703125
444.971,0.277966,8.17089,8.80222,1.74629,102.448,700.0,-2690.749755859375
2407.42,0.505751,4.01664,5.58846,0.851523,186.777,700.0,-2676.652587890625
1917.85,0.542158,6.27683,7.63863,0.986843,241.82,700.0,-2601.177001953125
2101.83,0.62562,5.90068,6.74913,0.879864,149.342,700.0,-3574.349853515625
1469.26,0.60406,7.11543,7.25705,1.10738,222.599,700.0,-3709.96630859375
2528.48,0.579026,7.52507,7.85946,0.822546,245.771,700.0,-2597.061767578125
1330.09,0.680184,9.70864,10.74241,1.20374,400.278,700.0,-2749.28076171875
3868.34,0.800103,9.10724,10.48436,0.534665,1450.12,700.0,-1845.281494140625
844.585,0.351967,4.44919,5.50343,1.21836,71.2903,700.0,-3635.51416015625
1246.39,0.416702,5.43126,6.87973,1.06414,421.68,700.0,-2822.99853515625
4659.65,0.809329,9.23751,16.04657,0.432215,3666.45,700.0,-1394.1365966796875
3429.69,0.763885,10.84662,11.26271,0.556079,1426.26,700.0,-2224.400146484375
1983.96,0.560424,5.52275,7.06224,0.994382,216.407,700.0,-2457.36083984375
1695.58,0.456192,3.8912,5.8832,0.904707,162.5,700.0,-2935.536865234375
2871.95,0.631979,5.40401,7.51878,0.738732,723.6,700.0,-3031.58056640625
2588.39,0.62356,6.26097,7.63691,0.785669,318.91,700.0,-2809.724365234375
957.367,0.571345,6.52159,6.93328,1.59816,211.341,700.0,-3516.705810546875
1913.97,0.672638,7.33159,7.92173,0.864348,221.889,700.0,-3505.2119140625
4721.83,0.873359,11.36325,20.39867,0.351075,6415.16,700.0,-1314.3184814453125
920.422,0.389733,3.81236,5.23715,1.15722,27.5287,700.0,-3920.06201171875
1089.11,0.35703,4.83425,5.26126,1.17599,107.426,700.0,-3270.50146484375
3367.04,0.644499,4.91155,7.16058,0.704851,601.097,700.0,-3082.36474609375
556.284,0.295127,3.70884,4.58717,1.62889,38.8269,700.0,-3411.702392578125
702.594,0.366886,3.85072,6.84751,1.61499,161.753,700.0,-3222.98388671875
2265.04,0.754487,14.11463,15.83685,0.750803,1391.94,700.0,-2173.660400390625
1993.21,0.681383,7.98908,8.37838,0.870812,206.605,700.0,-3243.269775390625
3699.86,0.814318,8.44802,16.25412,0.560475,5287.2,700.0,-1693.9798583984375
4123.79,0.778836,6.25807,13.58362,0.542294,2694.64,700.0,-1862.8311767578125
2329.06,0.616176,4.89187,6.94294,0.841995,495.549,700.0,-3386.188232421875
2926.84,0.62391,5.12171,6.27277,0.852846,367.983,700.0,-2675.167724609375
3505.71,0.770594,8.22259,8.70645,0.620776,723.921,700.0,-2890.157470703125
208.873,0.159023,3.5392,4.33971,1.58527,14.1957,700.0,-3629.2490234375
591.477,0.310249,3.31712,5.9199,1.41495,69.3204,700.0,-3186.7451171875
604.295,0.27229,5.898,8.4616,1.32469,265.738,700.0,-2794.319580078125
2160.04,0.547042,4.83236,7.21328,0.917143,217.88,700.0,-2838.472900390625
2029.91,0.618098,4.59867,6.11798,0.982462,196.596,700.0,-3595.5400390625
256.887,0.187563,3.31872,4.55826,1.63756,14.521,700.0,-3666.295654296875
2080.61,0.57034,5.57585,7.06688,0.91036,490.838,700.0,-3016.799560546875
223.051,0.184745,3.39908,4.24238,2.03441,8.24049,700.0,-3358.999267578125
2590.3,0.730041,6.38765,13.51141,0.871499,1270.41,700.0,-1836.5709228515625
3673.83,0.82724,9.34551,16.29671,0.561479,5453.48,700.0,-1627.9581298828125
5610.6,0.853637,9.61299,15.79901,0.32816,3085.96,700.0,-1552.0439453125
2897.04,0.673897,7.71589,9.04651,0.725944,349.462,700.0,-2337.631591796875
1390.45,0.435041,3.81335,7.03162,1.05178,102.773,700.0,-2794.97265625
3509.74,0.801882,7.94324,15.91682,0.602882,5072.13,700.0,-1688.2470703125
1177.68,0.520746,7.26331,7.47808,1.21484,225.883,700.0,-3516.45654296875
1960.47,0.620587,7.16964,7.8939,0.875534,241.132,700.0,-3143.376953125
3723.09,0.66337,5.34507,7.40277,0.732104,1052.92,700.0,-2373.567138671875
1154.38,0.530632,3.89319,6.27199,1.08675,89.1975,700.0,-3729.30078125
1105.78,0.51971,3.91049,7.77395,1.31922,327.477,700.0,-3087.057373046875
3214.55,0.760576,9.90739,12.51924,0.68555,1922.57,700.0,-2057.984619140625
4380.85,0.785983,9.40976,12.98402,0.451182,3039.64,700.0,-1555.1322021484375
1378.03,0.667868,10.71879,11.94012,1.21012,917.24,700.0,-2237.534912109375
1419.8,0.600214,6.90666,7.42587,1.07938,133.632,700.0,-3585.73974609375
1004.89,0.462269,3.90894,5.70447,1.35016,143.056,700.0,-3029.7412109375
853.951,0.38101,4.85902,5.42178,1.26315,94.2214,700.0,-3422.688232421875
2617.47,0.678601,7.17048,8.80413,0.805301,1416.02,700.0,-2379.32080078125
160.161,0.147465,3.34102,3.67907,1.8695,2.36519,700.0,-3391.50146484375
2314.91,0.700342,8.43249,8.89985,0.882029,987.656,700.0,-2316.176513671875
933.981,0.397848,4.71932,5.82043,1.25744,74.997,700.0,-3241.30908203125
4533.75,0.827148,12.06692,18.53947,0.446727,5470.43,700.0,-1499.3902587890625
985.56,0.371614,5.95961,6.95759,1.13178,337.711,700.0,-3184.454833984375
215.191,0.170286,3.45969,4.24253,2.06132,7.86393,700.0,-3186.9189453125
2638.8,0.697152,5.45463,6.27391,0.840598,351.92,700.0,-3216.73974609375
2659.28,0.72823,9.29733,9.71122,0.652618,512.752,700.0,-2569.33984375
3547.48,0.806157,8.31744,16.17723,0.592774,5071.28,700.0,-1676.714599609375
416.809,0.229904,3.61518,4.2633,1.3109,13.1464,700.0,-3733.120849609375
1525.12,0.50686,3.98791,7.52257,1.07004,322.393,700.0,-3304.62353515625
607.515,0.537043,20.5181,20.61537,1.5052,1099.09,700.0,-1407.3883056640625
3419.91,0.80157,9.35834,16.22386,0.623414,4971.79,700.0,-1768.620849609375
1084.78,0.441201,4.71983,7.22533,1.2728,391.098,700.0,-2920.640380859375
2992.73,0.697407,6.92159,8.81802,0.754368,1025.61,700.0,-2373.303955078125
1726.48,0.510089,5.05609,7.18689,1.02938,320.861,700.0,-2925.9638671875
1148.89,0.426508,3.75673,5.6401,1.10771,118.738,700.0,-3711.88818359375
3758.81,0.715645,5.82334,8.15393,0.686101,1224.67,700.0,-2700.93212890625
2335.25,0.620467,8.60329,9.26023,0.728375,490.605,700.0,-2365.55224609375
1422.0,0.554361,12.09481,12.63462,0.930081,383.675,700.0,-2007.1826171875
4078.24,0.806832,8.49393,15.29946,0.492916,2463.87,700.0,-1451.6524658203125
5306.01,0.881511,11.20612,12.2124,0.364265,10276.9,700.0,-1201.8309326171875
1917.07,0.630454,7.87224,9.5745,0.971064,580.539,700.0,-2755.761962890625
4583.56,0.808688,9.46121,11.1779,0.481443,6500.89,700.0,-1638.517578125
139.284,0.243258,4.91599,5.18176,1.51557,28.7544,700.0,-2622.7412109375
4829.13,0.751236,7.5368,9.19361,0.518833,624.498,700.0,-1639.0804443359375
4297.73,0.865399,15.30572,20.5291,0.374303,6370.44,700.0,-1405.5606689453125
4661.57,0.846661,10.46127,12.69389,0.410441,4271.67,700.0,-1483.11083984375
3453.31,0.759924,7.67728,10.94306,0.640348,600.314,700.0,-1824.00732421875
1637.67,0.525873,10.55157,10.73937,0.901224,478.379,700.0,-1831.1571044921875
453.362,0.214965,3.64586,4.41264,1.43102,14.0842,700.0,-3158.51806640625
3432.64,0.740819,8.09575,11.37809,0.653102,2528.79,700.0,-2206.331787109375
1024.65,0.395321,4.53336,6.0656,1.10757,144.175,700.0,-3365.15380859375
4914.73,0.86702,10.02967,17.0513,0.369289,4473.85,700.0,-1307.3131103515625
1372.12,0.506477,9.39832,9.79577,0.948635,182.024,700.0,-2874.878173828125
3950.79,0.762091,9.87481,12.20012,0.538972,1265.37,700.0,-1902.1685791015625
895.375,0.370052,3.90831,7.08003,1.31468,76.1831,700.0,-2940.042236328125
1513.79,0.564269,6.0985,6.81031,0.980944,177.632,700.0,-3534.64404296875
765.828,0.297588,5.67944,6.35371,1.33702,60.2583,700.0,-2713.980224609375
5727.38,0.851119,10.37429,13.69862,0.351202,2373.86,700.0,-1228.530517578125
665.568,0.410416,4.68001,5.50547,1.11589,31.1542,700.0,-3293.809326171875
1091.28,0.405986,3.52955,6.86967,1.07657,169.156,700.0,-3530.287353515625
598.212,0.326858,3.5186,4.14486,1.15338,2.64079,700.0,-3564.26513671875
979.865,0.375588,4.77735,6.07031,1.20228,210.136,700.0,-3345.791748046875
1312.78,0.462461,3.93344,6.36516,1.13277,228.076,700.0,-2963.72265625
780.681,0.34465,3.73383,5.81513,1.16421,65.3391,700.0,-3610.809326171875
2456.99,0.673835,10.65777,11.19309,0.684553,457.39,700.0,-2338.25830078125
1834.28,0.698243,23.59524,23.70263,0.591176,1421.16,700.0,-1583.889404296875
3514.18,0.762318,4.72396,12.86191,0.70574,1496.12,700.0,-2328.66015625
306.137,0.219966,4.12032,4.61855,1.75597,13.7588,700.0,-3834.9443359375
2442.98,0.626783,5.63016,6.66684,0.897309,281.917,700.0,-2855.050048828125
3311.68,0.737479,10.40192,10.94533,0.588886,1215.34,700.0,-2249.080322265625
3488.51,0.736989,6.73278,9.69658,0.655145,928.011,700.0,-2210.332275390625
1610.6,0.54743,8.01671,8.33716,0.979891,163.381,700.0,-3089.22265625
4514.55,0.85938,15.15058,20.57046,0.363535,6232.37,700.0,-1477.500732421875
986.029,0.389861,3.71416,5.35639,1.16657,80.6555,700.0,-3561.2958984375
1553.74,0.479657,4.23055,6.0453,1.07435,303.266,700.0,-2953.60791015625
374.411,0.214047,4.12754,5.10874,1.66351,16.0076,700.0,-3605.499755859375
862.767,0.361693,3.60161,5.49268,1.23908,121.858,700.0,-3417.34326171875
1164.06,0.349678,7.58111,7.78014,1.01335,99.7361,700.0,-2585.321044921875
4246.3,0.770283,9.41084,11.67592,0.495748,1249.12,700.0,-1758.5294189453125
1500.49,0.529624,7.27739,8.4475,1.05442,191.327,700.0,-2690.550048828125
1704.44,0.555025,4.56495,9.68033,1.00299,590.655,700.0,-2702.421630859375
547.086,0.338795,3.45016,5.38037,1.67616,44.7449,700.0,-3193.076171875
103.908,0.161508,3.42433,3.93292,1.90269,1.60542,700.0,-3558.0048828125
3298.8,0.731271,6.72619,9.61978,0.658305,781.394,700.0,-2360.55126953125
865.784,0.592226,5.12843,5.97043,1.036,306.006,700.0,-3288.860595703125
2804.27,0.657946,5.21688,10.38383,0.770274,1128.08,700.0,-2262.104248046875
1946.27,0.732058,18.49929,18.66854,0.700604,2309.95,700.0,-1939.0087890625
4665.8,0.787971,10.46385,15.75984,0.396853,3190.62,700.0,-1574.4779052734375
506.817,0.244029,3.72225,4.95389,1.27147,21.7538,700.0,-3746.067138671875
5090.81,0.846773,14.12606,17.39021,0.355688,5375.57,700.0,-1610.684814453125
3530.19,0.780404,8.34736,10.60289,0.655452,2316.34,700.0,-1822.733154296875
1311.37,0.548067,7.38764,8.03099,1.11256,208.283,700.0,-3101.157470703125
2071.61,0.568928,5.68216,7.06123,1.07795,1012.32,700.0,-2436.02734375
481.842,0.24546,4.27678,4.73178,1.49467,12.4007,700.0,-3650.428466796875
2142.61,0.650634,12.27469,12.88827,0.772807,1989.31,700.0,-2242.9951171875
4535.94,0.79385,8.3413,11.02971,0.477898,2493.84,700.0,-1870.69580078125
3942.21,0.75833,8.45793,12.74582,0.52237,2677.54,700.0,-1678.431396484375
235.158,0.114349,3.46676,4.57885,1.38479,15.8049,700.0,-2874.455322265625
1267.22,0.454338,3.82517,5.6036,1.21393,65.8983,700.0,-3306.511474609375
1138.6,0.349536,7.557,7.76342,1.02035,98.6076,700.0,-2637.513671875
712.277,0.355912,5.83014,6.06964,1.34909,71.5011,700.0,-3471.971435546875
142.035,0.103355,4.06208,4.48419,1.84638,10.9293,700.0,-3420.643310546875
870.83,0.295788,4.26756,5.64253,1.14385,52.5396,700.0,-2998.084228515625
1512.29,0.552227,5.27034,6.7804,1.09344,95.6542,700.0,-3576.99072265625
598.813,0.220076,3.5349,5.19176,1.23991,56.4432,700.0,-3201.904296875
2601.36,0.700419,8.37962,12.9149,0.81509,1740.67,700.0,-1935.0128173828125
2465.01,0.560885,8.77157,10.15632,0.694124,805.046,700.0,-1845.365478515625
1716.92,0.596183,6.66626,8.49649,1.03141,314.312,700.0,-2796.65869140625
2991.01,0.639328,5.28156,7.18676,0.723194,751.607,700.0,-3122.235595703125
1058.58,0.43552,4.18604,6.52507,1.14372,97.1691,700.0,-3579.321044921875
787.383,0.361954,3.52023,4.70271,1.3504,79.0321,700.0,-3386.87158203125
3019.59,0.762186,9.09565,16.19671,0.657643,4659.27,700.0,-1689.45068359375
987.336,0.436742,5.15278,5.48139,1.16729,18.0888,700.0,-3487.75732421875
833.422,0.490692,4.96973,5.27407,1.4573,32.0394,700.0,-3525.767822265625
1178.21,0.378373,5.79773,6.13137,1.08546,176.919,700.0,-3018.10791015625
4618.38,0.8346,8.76404,13.8077,0.4383,4466.45,700.0,-1552.702880859375
189.421,0.235998,3.71608,4.27749,3.21024,11.5181,700.0,-3604.56884765625
4383.74,0.808408,9.85317,13.43581,0.451274,1512.06,700.0,-1704.881591796875
4439.79,0.736521,7.76909,11.09413,0.568847,1195.41,700.0,-1944.10595703125
4745.68,0.836348,11.851,15.43645,0.361145,2879.85,700.0,-1423.3372802734375
2415.45,0.605746,5.5286,7.65576,0.876424,340.481,700.0,-2609.441162109375
5250.53,0.834397,9.48995,13.90738,0.406288,3398.32,700.0,-1501.990966796875
3905.45,0.715165,11.98843,14.04724,0.468867,1538.28,700.0,-1766.6361083984375
981.881,0.37535,5.108,7.75003,1.26996,436.724,700.0,-2678.378173828125
647.006,0.346838,7.43966,7.61889,1.69861,96.0534,700.0,-2847.5810546875
1748.31,0.603952,6.41282,7.56807,0.930022,115.68,700.0,-3668.43701171875
4710.08,0.835577,10.07695,13.69729,0.418788,1807.16,700.0,-1634.686279296875
1776.99,0.622188,7.13161,7.28296,0.935113,234.05,700.0,-3694.5986328125
1090.77,0.416479,3.75492,5.38442,1.154,163.778,700.0,-3511.457275390625
2934.81,0.706281,6.27542,8.28331,0.831397,670.793,700.0,-2171.36669921875
4966.51,0.813349,8.70604,14.93608,0.414708,3958.24,700.0,-1380.0198974609375
202.916,0.158667,3.53769,4.28693,1.60681,13.2359,700.0,-3542.854736328125
1789.66,0.617234,4.83216,8.44744,1.11424,514.094,700.0,-2874.343994140625
3876.74,0.728447,6.46745,7.92074,0.614259,805.463,700.0,-2404.0625
1461.21,0.368963,3.36371,8.29188,0.997956,224.876,700.0,-2204.9326171875
2108.26,0.6874,6.57139,9.95725,0.989445,1262.9,700.0,-2391.4345703125
214.448,0.128861,3.30831,4.36734,1.33975,8.88674,700.0,-2997.49267578125
3382.72,0.747656,7.34465,11.49981,0.629183,2617.52,700.0,-2246.7509765625
1154.39,0.451039,6.25301,7.44264,1.09134,111.581,700.0,-3289.28662109375
6241.12,0.948536,21.47075,21.94138,0.151249,19133.5,700.0,-852.5230712890625
93.642,0.117045,3.30824,3.75333,1.46113,0.856259,700.0,-3362.59619140625
1426.89,0.52792,4.05348,5.42895,0.990815,73.2663,700.0,-3733.819580078125
2744.29,0.545568,5.49556,7.22243,0.807141,646.054,700.0,-2523.3310546875
3926.2,0.802944,8.87551,11.60987,0.529155,2800.42,700.0,-1601.50927734375
2753.98,0.779796,7.40238,16.20354,0.759583,4619.22,700.0,-1826.5625
580.551,0.32,3.33603,5.75582,1.33147,47.7699,700.0,-3427.256103515625
2496.4,0.695024,11.39426,11.91951,0.653035,530.837,700.0,-2384.666259765625
2114.19,0.661389,7.76513,9.0068,0.82912,357.949,700.0,-2636.7744140625
4170.47,0.807724,11.75285,15.39921,0.415481,2526.65,700.0,-1383.6815185546875
6085.76,0.955931,24.90492,26.0162,0.126813,30557.3,700.0,-899.318359375
4584.11,0.780768,9.02294,13.75301,0.419417,2948.29,700.0,-1543.1524658203125
5402.04,0.865104,14.58147,19.5573,0.315532,5109.22,700.0,-1436.0218505859375
1489.3,0.509322,5.10149,6.25716,1.05911,173.208,700.0,-3463.5400390625
1964.39,0.628502,9.54069,10.11212,0.838576,461.871,700.0,-2660.7509765625
3164.75,0.772546,7.8957,12.39202,0.70168,1215.27,700.0,-1558.294921875
2563.63,0.643195,6.45124,7.67105,0.825307,622.403,700.0,-2923.315673828125
3841.37,0.746874,9.72988,10.45277,0.58444,899.889,700.0,-2464.333251953125
3580.61,0.72708,9.14293,12.14787,0.556265,1165.96,700.0,-1807.8135986328125
1574.49,0.570547,6.46637,6.93944,1.03769,111.173,700.0,-3500.078369140625
585.956,0.370103,5.45871,6.01498,1.21452,66.3902,700.0,-3215.2255859375
5240.26,0.812148,10.52229,14.0308,0.37835,2834.6,700.0,-1570.257080078125
1057.08,0.45246,4.25586,5.8535,1.17327,47.581,700.0,-3906.1650390625
2738.35,0.630214,7.62658,8.79139,0.733742,354.858,700.0,-2293.25390625
4483.71,0.821333,12.06221,15.27927,0.379741,5426.91,700.0,-1582.8111572265625
1128.21,0.546059,5.92475,7.62557,1.5056,573.641,700.0,-3005.069091796875
216.547,0.0985684,4.53975,5.13812,1.5345,16.9111,700.0,-2776.4150390625
3771.08,0.656287,5.89943,7.21191,0.648673,600.963,700.0,-2456.796875
1085.09,0.408844,4.09648,5.79604,1.15239,154.636,700.0,-3508.207275390625
4694.03,0.803872,10.80238,14.76194,0.427119,1583.71,700.0,-1527.7548828125
1750.1,0.660148,7.03949,7.3276,0.934537,114.112,700.0,-3924.644775390625
4954.62,0.820375,9.13864,10.25326,0.462919,2553.73,10000.0,-1895.8199462890625
1454.89,0.536841,5.67776,6.69227,1.33247,125.254,10000.0,-2658.389892578125
5253.6,0.835703,10.18807,15.28634,0.379341,3118.63,10000.0,-1464.922607421875
1059.27,0.3293,7.2375,7.6109,1.06551,84.3891,10000.0,-2757.620361328125
1146.4,0.627848,3.38199,9.2995,0.910036,454.259,10000.0,-3362.34423828125
832.912,0.422194,6.27344,7.08636,1.4046,103.381,10000.0,-3315.886962890625
2720.43,0.742715,6.59478,15.01757,0.726002,3620.72,10000.0,-2089.89013671875
4486.51,0.793665,9.32835,14.73782,0.46575,2500.49,10000.0,-1441.5577392578125
5212.1,0.884269,12.51312,16.38006,0.310085,3274.89,10000.0,-1181.05615234375
4449.41,0.853468,10.33931,16.30612,0.391557,3341.93,10000.0,-1300.51025390625
2630.98,0.588562,5.76746,6.81674,0.761637,420.424,10000.0,-2994.7763671875
2439.54,0.64266,4.46185,8.84358,0.870869,561.822,10000.0,-3416.77294921875
2161.2,0.575307,3.80861,7.08398,0.907793,233.069,10000.0,-3270.763427734375
3511.67,0.835139,12.54746,19.78958,0.538167,5418.85,10000.0,-1580.1650390625
4166.03,0.727303,5.63393,8.23505,0.67988,328.395,10000.0,-2449.606689453125
3314.06,0.727988,8.97366,10.66248,0.651925,1338.98,10000.0,-1928.769287109375
479.579,0.31439,4.12881,5.49822,1.51359,130.733,10000.0,-2848.4638671875
358.496,0.226024,4.53526,4.84094,1.41273,25.4803,10000.0,-4077.01025390625
1527.46,0.637219,6.48818,6.96229,1.00547,106.133,10000.0,-4190.4658203125
1433.15,0.43262,3.89776,5.17051,1.12827,33.1499,10000.0,-2973.767578125
684.878,0.470156,3.38816,7.36094,1.38705,132.374,10000.0,-2928.954345703125
1930.41,0.581039,6.38638,7.82162,0.864685,208.748,10000.0,-3241.97705078125
2716.84,0.779287,14.43105,14.88088,0.588216,2329.67,10000.0,-1676.4429931640625
4025.85,0.741734,7.74016,10.11786,0.547348,1900.82,10000.0,-1588.02783203125
1998.49,0.627601,6.10916,6.82274,0.875118,177.302,10000.0,-3552.484130859375
360.385,0.33228,3.82264,4.36499,1.55002,4.00159,10000.0,-3453.26318359375
3451.74,0.735668,5.55222,11.94824,0.698192,3270.6,10000.0,-2412.3037109375
104.674,0.0937719,3.49545,6.64278,2.33813,33.885,10000.0,-2847.84619140625
624.038,0.296902,3.68297,4.55438,1.37923,18.7463,10000.0,-3332.575927734375
1099.01,0.501738,4.00417,7.27308,1.33186,178.731,10000.0,-3121.237060546875
2633.52,0.696088,6.57332,10.2073,0.815768,1309.87,10000.0,-2404.7841796875
530.767,0.277373,3.78266,4.86325,1.29644,24.4313,10000.0,-3620.082275390625
3411.63,0.784662,7.08675,10.82654,0.656964,1189.7,10000.0,-2214.06201171875
297.121,0.199673,3.82617,4.75367,2.19168,11.3676,10000.0,-3353.3447265625
948.384,0.396416,6.44431,7.54228,1.1325,277.552,10000.0,-3331.622802734375
1607.32,0.534012,4.80743,5.17917,1.12355,129.361,10000.0,-3560.5185546875
796.034,0.26806,5.63612,5.85888,1.11113,95.5946,10000.0,-2810.137451171875
922.017,0.487442,4.10688,5.57457,1.26835,31.9638,10000.0,-4064.365966796875
134.089,0.133557,3.69808,4.19634,2.03437,5.72751,10000.0,-3314.93798828125
4652.18,0.72119,6.27049,8.4008,0.602638,501.815,10000.0,-2174.001953125
973.886,0.436366,3.90286,5.20667,1.22621,47.1726,10000.0,-3455.642578125
3384.32,0.764416,7.80195,13.22033,0.592616,1990.29,10000.0,-1994.075439453125
3770.97,0.65629,4.85838,6.52177,0.745028,1217.33,10000.0,-2614.931640625
358.689,0.227286,5.77515,7.29346,1.58787,140.563,10000.0,-3240.80517578125
910.438,0.379921,7.02676,7.96427,1.3613,148.218,10000.0,-2613.890625
709.833,0.28062,7.59887,7.72087,1.20392,243.969,10000.0,-2678.150634765625
1581.9,0.563623,13.45059,13.81949,0.763572,669.42,10000.0,-1891.91796875
2870.05,0.641438,5.46231,13.46057,0.723161,1467.45,10000.0,-1960.9501953125
3340.1,0.658115,6.08102,7.24965,0.703129,513.625,10000.0,-2921.0859375
903.428,0.367909,5.89863,6.94287,1.46213,179.166,10000.0,-2930.13720703125
2896.93,0.666689,5.69296,8.31529,0.825088,662.842,10000.0,-2652.579833984375
2843.16,0.701279,5.56738,10.10542,0.803439,1252.21,10000.0,-2358.615478515625
2110.04,0.614975,5.73147,7.64888,0.850195,233.58,10000.0,-3180.4169921875
2252.25,0.659507,9.05172,10.01867,0.751353,486.997,10000.0,-2705.105224609375
1768.01,0.550845,6.73169,7.82355,0.966669,236.24,10000.0,-3066.701416015625
2901.42,0.71699,11.09332,11.36151,0.640402,617.532,10000.0,-2303.568359375
2957.61,0.763081,7.20029,15.2358,0.70593,3943.18,10000.0,-1974.9398193359375
3318.82,0.876666,30.47021,31.10577,0.305623,4868.18,10000.0,-1725.77587890625
407.499,0.177117,4.3574,5.09729,1.38013,31.7995,10000.0,-3297.38037109375
407.622,0.304967,3.46875,4.47461,1.66414,6.00423,10000.0,-4025.188720703125
3629.05,0.812729,8.536,16.2676,0.580979,5210.25,10000.0,-1797.8057861328125
1195.47,0.585338,4.61685,5.40796,1.22116,48.0884,10000.0,-4231.310546875
327.683,0.205376,4.35491,4.96478,1.49095,22.3882,10000.0,-4020.371337890625
4560.03,0.830782,11.84625,13.73339,0.439457,3605.99,10000.0,-1892.7913818359375
734.471,0.257747,4.46619,5.61721,1.29583,106.648,10000.0,-2912.477294921875
1491.68,0.524945,7.22475,7.90891,0.983387,219.772,10000.0,-3151.5888671875
2294.06,0.634741,5.59125,5.9477,0.91783,280.083,10000.0,-3450.07470703125
4356.69,0.771023,7.87692,9.39327,0.522789,888.318,10000.0,-2003.3514404296875
3218.06,0.753447,7.92971,9.53199,0.801344,932.848,10000.0,-3057.24169921875
989.25,0.447262,11.05873,11.39484,1.02682,958.869,10000.0,-2576.261962890625
1917.85,0.542158,6.27683,7.63863,0.986843,241.82,10000.0,-2769.660888671875
669.768,0.320096,4.14496,5.8685,1.56611,72.5138,10000.0,-3255.543212890625
1246.39,0.416702,5.43126,6.87973,1.06414,421.68,10000.0,-2950.815673828125
2145.26,0.612791,5.11384,7.22366,1.01398,173.157,10000.0,-2968.793701171875
2513.88,0.588787,5.88574,7.36183,0.785905,779.216,10000.0,-2794.69189453125
1858.94,0.544486,4.66449,7.78268,1.07237,251.323,10000.0,-3193.633544921875
1005.56,0.467192,4.92238,6.62726,1.22632,64.7415,10000.0,-3665.93359375
1016.77,0.430875,4.17164,5.22795,1.16641,25.8903,10000.0,-4034.974609375
695.383,0.371732,3.83835,6.68655,1.63835,416.831,10000.0,-3225.84912109375
3619.21,0.663244,5.72182,7.59982,0.718822,557.885,10000.0,-2433.71337890625
125.165,0.0664856,4.24566,6.54179,1.89633,50.9928,10000.0,-2560.37451171875
2514.24,0.654928,5.60232,8.7867,0.814573,603.068,10000.0,-2757.4453125
3456.12,0.676898,4.91635,7.43387,0.745405,1338.57,10000.0,-2760.373046875
3623.24,0.793443,9.41629,12.75036,0.573533,2095.63,10000.0,-2055.73583984375
4713.86,0.837215,9.78493,11.36631,0.423394,2401.43,10000.0,-1456.13623046875
4092.2,0.774287,9.03751,13.15146,0.487397,3073.7,10000.0,-1579.50439453125
3627.17,0.814298,8.54916,16.26119,0.580219,5205.35,10000.0,-1793.8800048828125
2439.48,0.604338,4.81801,5.86707,0.87256,390.218,10000.0,-3129.7216796875
4721.83,0.873359,11.36325,20.39867,0.351075,6415.16,10000.0,-1387.1795654296875
3894.38,0.809477,10.58485,14.09713,0.487707,2646.23,10000.0,-1704.396484375
155.896,0.123945,3.51999,4.87088,1.98348,21.8059,10000.0,-3344.622802734375
2598.81,0.658485,5.90345,8.2673,0.85563,382.497,10000.0,-2792.409912109375
3634.52,0.691621,5.9905,7.49661,0.671539,758.071,10000.0,-3162.185302734375
1642.92,0.566347,13.74276,13.8878,0.771944,448.954,10000.0,-1950.619873046875
1271.68,0.49051,4.4771,6.5216,1.29845,293.766,10000.0,-3054.085205078125
2948.99,0.661241,7.02826,7.82376,0.729502,539.176,10000.0,-2851.951904296875
3843.22,0.774829,8.34195,12.17681,0.532454,1353.89,10000.0,-1961.7822265625
4106.13,0.711592,4.7506,7.59889,0.638865,714.864,10000.0,-3012.154541015625
1632.95,0.47238,5.19631,6.57008,1.04013,140.297,10000.0,-2819.869384765625
841.07,0.338919,7.87852,8.61616,1.20743,121.631,10000.0,-2393.6640625
3696.6,0.813043,8.44933,16.17073,0.561645,5320.87,10000.0,-1748.860107421875
1724.3,0.600002,21.06171,21.39421,0.603094,1161.18,10000.0,-1486.4881591796875
3689.56,0.8106,8.7365,16.22171,0.570813,5218.53,10000.0,-1753.3162841796875
519.123,0.352174,3.74884,5.41805,1.619,22.3372,10000.0,-3771.2080078125
2896.57,0.849192,27.80264,28.54564,0.373813,4342.2,10000.0,-1754.5538330078125
2968.75,0.689125,7.46666,9.32207,0.765495,635.418,10000.0,-2033.253173828125
2378.81,0.583847,7.49901,8.22785,0.802657,325.918,10000.0,-2395.38720703125
2080.61,0.57034,5.57585,7.06688,0.91036,490.838,10000.0,-3055.09521484375
454.441,0.361265,3.36487,4.72789,1.88831,38.2631,10000.0,-3626.7802734375
3832.84,0.711633,5.78661,8.72868,0.631855,1520.86,10000.0,-2682.052001953125
4998.89,0.875434,13.94045,20.40316,0.354321,6215.08,10000.0,-1441.3262939453125
3402.8,0.650903,5.15253,6.86896,0.781738,817.691,10000.0,-2859.631103515625
1645.49,0.480756,5.3043,6.81911,0.955657,554.204,10000.0,-3304.564697265625
1761.06,0.549276,3.91264,12.82981,0.908871,699.774,10000.0,-2087.8583984375
944.953,0.297247,3.78055,4.296,0.988689,50.0331,10000.0,-2561.458251953125
3563.66,0.72619,6.46471,14.49365,0.596186,1911.71,10000.0,-1806.3701171875
2617.47,0.678601,7.17048,8.80413,0.805301,1416.02,10000.0,-2542.94091796875
2949.73,0.807408,12.24453,14.81867,0.637018,3322.88,10000.0,-1773.3363037109375
230.951,0.140388,3.6444,4.38487,1.67291,8.89601,10000.0,-3314.848388671875
282.209,0.182679,3.47749,5.44797,1.55346,19.55,10000.0,-3074.125244140625
294.169,0.177339,3.30687,5.33074,1.53929,34.1824,10000.0,-3405.861328125
4001.82,0.794033,8.84689,12.50584,0.551202,2033.08,10000.0,-1659.0186767578125
2638.8,0.697152,5.45463,6.27391,0.840598,351.92,10000.0,-3311.30908203125
913.456,0.417914,5.12312,5.54279,1.57133,164.087,10000.0,-3017.373291015625
3908.59,0.790795,11.84843,15.62063,0.443239,2697.14,10000.0,-1560.8009033203125
624.247,0.296391,4.22858,5.80304,1.29481,73.1121,10000.0,-3362.509765625
1647.03,0.436618,3.87685,6.05438,1.09528,249.584,10000.0,-2510.22216796875
3259.92,0.70675,7.01387,9.94515,0.703392,864.252,10000.0,-2027.4398193359375
2477.12,0.674738,7.63127,8.10898,0.794846,407.811,10000.0,-3059.95654296875
2417.02,0.60112,9.39859,11.05858,0.74372,863.849,10000.0,-2213.40087890625
4120.97,0.803645,7.60578,13.41496,0.516912,2922.12,10000.0,-1684.365966796875
1092.29,0.491217,5.56829,6.27579,1.17395,74.6418,10000.0,-3799.490478515625
4299.88,0.800871,10.73193,12.1493,0.458531,1725.84,10000.0,-1709.426513671875
3594.51,0.706729,6.78732,9.25813,0.663346,1036.68,10000.0,-2592.582275390625
3303.91,0.756149,7.69926,13.15445,0.634096,1950.74,10000.0,-1978.8192138671875
1422.0,0.554361,12.09481,12.63462,0.930081,383.675,10000.0,-2086.44091796875
2976.65,0.782958,7.68361,10.74233,0.707748,1362.07,10000.0,-2032.210205078125
1765.57,0.705266,10.39229,10.69104,0.957196,465.738,10000.0,-2636.719970703125
1828.56,0.480532,4.65968,7.79878,0.999816,419.99,10000.0,-2590.709228515625
3432.64,0.740819,8.09575,11.37809,0.653102,2528.79,10000.0,-2306.04736328125
788.743,0.452531,4.2155,4.60726,1.51776,20.2078,10000.0,-3925.636962890625
581.839,0.283018,6.7614,7.96195,1.61911,238.256,10000.0,-2656.484375
5424.24,0.890077,12.89471,19.45037,0.273651,4596.55,10000.0,-1322.12255859375
895.375,0.370052,3.90831,7.08003,1.31468,76.1831,10000.0,-2973.8037109375
2765.64,0.654248,6.62151,8.81841,0.821478,339.926,10000.0,-2346.193603515625
1288.0,0.428058,3.80052,5.57901,1.04111,357.372,10000.0,-3264.16552734375
2428.28,0.546463,6.58409,8.40449,0.821345,1041.19,10000.0,-2109.833251953125
1132.73,0.4372,9.18905,9.3601,1.05246,158.518,10000.0,-2436.354248046875
1658.72,0.563378,13.96321,14.24878,0.722309,642.646,10000.0,-1748.4139404296875
2827.3,0.626975,4.97237,7.33074,0.754874,701.333,10000.0,-3396.3310546875
1315.2,0.570627,8.77976,10.85249,1.21819,1163.37,10000.0,-2502.192138671875
2200.13,0.57807,11.5164,11.74709,0.706211,376.532,10000.0,-2369.021728515625
743.443,0.322391,4.19987,5.81818,1.41958,74.1949,10000.0,-3179.388916015625
245.691,0.122818,4.14684,5.73788,1.57122,19.8504,10000.0,-2924.107177734375
1271.43,0.466858,4.33557,7.045,1.02667,122.848,10000.0,-3500.0380859375
4166.98,0.854501,9.94826,14.11121,0.413306,4248.99,10000.0,-1591.5916748046875
2670.78,0.668234,8.83464,9.60292,0.721649,594.009,10000.0,-2635.90576171875
4425.29,0.801243,7.41797,9.76227,0.509314,2299.01,10000.0,-2297.029052734375
4413.01,0.730014,8.57532,10.38994,0.490241,1239.78,10000.0,-1789.087158203125
920.652,0.423008,5.31611,5.92419,1.21831,14.5857,10000.0,-3436.492431640625
557.543,0.256456,4.43446,5.76798,1.31146,92.6855,10000.0,-3394.244873046875
93.0964,0.0812732,3.41064,3.97871,1.52219,2.734,10000.0,-3588.58349609375
1746.96,0.637004,5.13176,9.15456,0.906534,680.256,10000.0,-2575.302978515625
2296.04,0.547604,5.01564,7.36779,0.897808,150.821,10000.0,-2910.857177734375
4246.3,0.770283,9.41084,11.67592,0.495748,1249.12,10000.0,-1792.62744140625
4917.85,0.76832,9.32956,11.47199,0.446243,2865.42,10000.0,-1613.2327880859375
2952.54,0.776293,11.61907,13.40188,0.721498,1696.09,10000.0,-1717.9346923828125
251.334,0.226063,4.14616,5.41421,1.70494,34.1808,10000.0,-3374.472412109375
3233.06,0.745803,8.56837,8.98965,0.638163,485.861,10000.0,-2564.0546875
2705.31,0.674341,5.64742,10.40741,0.792305,1175.34,10000.0,-2453.51171875
1031.01,0.454776,3.97242,5.30282,1.26458,43.3405,10000.0,-3597.168212890625
1428.24,0.496702,4.43204,6.32823,1.37479,322.079,10000.0,-2738.14990234375
1005.76,0.370917,5.37866,9.28898,1.213,559.753,10000.0,-2353.70849609375
829.559,0.35909,4.69084,4.85178,1.25654,26.8459,10000.0,-3315.15625
500.412,0.264619,5.24128,6.46734,1.7562,208.255,10000.0,-2811.087890625
868.662,0.294554,4.82107,5.6279,1.21792,69.4815,10000.0,-2844.358642578125
3298.8,0.731271,6.72619,9.61978,0.658305,781.394,10000.0,-2548.561279296875
668.922,0.301065,3.571,5.19133,1.25849,23.965,10000.0,-3662.682373046875
3172.07,0.686613,6.50052,8.52851,0.708744,1221.24,10000.0,-2728.343505859375
2535.9,0.681847,9.87721,10.32536,0.7625,408.083,10000.0,-2342.402099609375
2693.43,0.821904,15.92356,17.26997,0.644047,3096.12,10000.0,-1485.5584716796875
1462.92,0.515606,9.51549,10.09738,0.940414,732.543,10000.0,-2243.16552734375
1193.46,0.45232,11.6232,12.17708,0.977187,315.027,10000.0,-1999.4677734375
1052.93,0.514321,5.05191,8.69492,1.40473,244.074,10000.0,-3277.98486328125
760.519,0.315601,8.3767,8.53943,1.17555,316.185,10000.0,-2753.005859375
502.506,0.270464,3.5336,4.56582,1.22759,18.1173,10000.0,-3581.720458984375
586.219,0.273748,5.90651,8.22014,1.37617,259.583,10000.0,-3013.89013671875
731.027,0.461154,3.9036,5.57266,1.82988,104.428,10000.0,-3400.699462890625
1234.83,0.426696,4.42942,5.41221,1.09119,109.794,10000.0,-3455.74267578125
2361.35,0.633672,9.13901,9.71625,0.762356,387.695,10000.0,-2646.339599609375
3150.55,0.689762,7.45832,9.58723,0.680761,632.088,10000.0,-2506.646484375
5066.97,0.826735,9.51978,11.5897,0.412829,1437.93,10000.0,-1668.7742919921875
2985.65,0.709491,5.3292,16.46407,0.712039,2747.52,10000.0,-2516.706298828125
1072.02,0.406216,9.12793,9.38799,1.02904,437.183,10000.0,-2553.708251953125
971.234,0.462253,3.45562,7.63031,1.2987,183.873,10000.0,-3010.239013671875
156.226,0.134583,3.44083,3.7996,1.45801,3.08143,10000.0,-3399.406005859375
1600.82,0.583016,6.36225,6.86025,0.967721,94.1501,10000.0,-3691.53076171875
1010.78,0.579667,6.71263,7.13882,1.50771,222.71,10000.0,-3626.496826171875
1695.66,0.494182,5.39198,6.55789,0.968364,374.535,10000.0,-3032.00927734375
1881.54,0.625227,7.15725,7.49935,0.901381,125.111,10000.0,-3669.29150390625
5399.58,0.873626,11.12996,15.4965,0.320099,3135.6,10000.0,-1264.9639892578125
387.973,0.295025,3.74138,4.55922,1.75387,13.4803,10000.0,-3506.255615234375
4291.9,0.799176,9.28582,15.09278,0.483983,2588.24,10000.0,-1459.3480224609375
1922.88,0.647295,6.35354,10.30542,0.98968,1082.41,10000.0,-2723.318115234375
1578.84,0.578522,4.5156,8.50712,1.15722,433.041,10000.0,-2832.404541015625
1234.34,0.497339,4.47214,6.34369,1.04934,58.1289,10000.0,-3843.369140625
662.686,0.330027,4.22247,5.43302,1.21302,164.907,10000.0,-3361.775390625
3722.05,0.82179,8.71248,16.28233,0.562935,5377.98,10000.0,-1711.235595703125
751.52,0.350028,3.39914,4.87042,1.11582,12.1623,10000.0,-3693.205078125
1356.36,0.561402,3.90305,8.42074,1.24828,395.071,10000.0,-3069.825439453125
743.821,0.263839,4.85086,5.27543,1.31037,103.353,10000.0,-2962.743408203125
1380.97,0.573522,17.09348,17.45185,0.79076,775.865,10000.0,-1833.0013427734375
913.124,0.43966,10.87695,11.16838,1.09406,932.376,10000.0,-2554.36962890625
53.027,0.0631686,3.31258,3.6759,1.4093,0.742818,10000.0,-2905.295166015625
268.489,0.174304,4.05297,4.96949,1.40516,28.1521,10000.0,-3868.65087890625
1046.51,0.546927,3.68312,8.47132,1.47286,353.488,10000.0,-3042.665283203125
5476.48,0.840812,9.88138,13.74735,0.356242,3683.93,10000.0,-1472.854736328125
3667.24,0.812837,9.07515,16.20843,0.573212,5260.93,10000.0,-1694.086669921875
4246.16,0.678455,6.3632,8.13893,0.621896,445.982,10000.0,-2292.58447265625
4161.76,0.833738,13.90423,20.34858,0.415088,5661.45,10000.0,-1510.6241455078125
2720.73,0.688674,7.32009,9.73015,0.835712,517.083,10000.0,-2175.376708984375
1715.46,0.509521,5.30737,6.67526,0.942387,146.976,10000.0,-3324.751220703125
894.2,0.36761,6.02072,6.79939,1.1671,231.697,10000.0,-3508.137939453125
470.452,0.260468,3.63073,4.94555,1.70123,22.7442,10000.0,-3358.41943359375
4184.73,0.790245,9.02563,12.28108,0.528379,2916.56,10000.0,-1586.9517822265625
1313.78,0.407021,3.90099,5.75923,1.08842,63.5161,10000.0,-3086.942626953125
2767.2,0.632464,4.79045,6.96863,0.778645,571.754,10000.0,-3290.34716796875
1006.05,0.372157,8.33006,8.81103,1.1114,120.929,10000.0,-2271.830810546875
4362.24,0.834935,9.72077,14.16205,0.43204,1856.43,10000.0,-1594.8875732421875
1662.51,0.540921,4.67063,6.09398,0.974622,105.445,10000.0,-3514.919921875
2437.58,0.639339,4.474,8.91468,0.866253,574.217,10000.0,-3347.977783203125
3512.32,0.793242,8.72362,16.24343,0.598558,4962.32,10000.0,-1772.1307373046875
3076.25,0.639084,4.66382,9.01485,0.819383,697.899,10000.0,-2328.2197265625
2270.66,0.544429,4.7355,6.43514,0.924176,114.28,10000.0,-2886.915283203125
5581.29,0.784934,8.1372,9.88314,0.43534,1676.56,10000.0,-1786.2659912109375
2738.35,0.630214,7.62658,8.79139,0.733742,354.858,10000.0,-2393.943359375
881.025,0.376896,6.13832,6.66556,1.1884,222.601,10000.0,-3513.554443359375
3306.73,0.636945,6.07051,9.41681,0.740244,1482.0,10000.0,-2048.992919921875
1851.94,0.636304,5.67313,7.35697,0.92614,132.903,10000.0,-3797.738525390625
1745.1,0.630464,21.04467,21.35039,0.628125,1214.75,10000.0,-1432.263916015625
5253.6,0.835703,10.18807,15.28634,0.379341,3118.63,1500.0,-1616.0655517578125
662.048,0.249821,5.67629,7.40167,1.22102,270.296,1500.0,-3215.40576171875
1261.62,0.486148,5.9997,6.8747,1.10164,107.852,1500.0,-3608.929931640625
2782.81,0.632409,4.85371,6.80037,0.810333,596.188,1500.0,-3160.265380859375
450.303,0.276434,5.26466,5.4862,1.5775,40.766,1500.0,-3408.0087890625
710.721,0.319341,3.54793,5.89574,1.34286,75.0005,1500.0,-3056.889404296875
520.365,0.256285,3.88232,4.45765,1.38529,15.5167,1500.0,-3476.4794921875
2703.48,0.717203,13.23809,13.64979,0.594785,859.08,1500.0,-2239.058349609375
386.243,0.205148,3.84845,5.81821,1.4358,51.7063,1500.0,-2804.072509765625
827.514,0.446166,3.93992,4.67093,1.1825,23.5519,1500.0,-4004.60400390625
1902.83,0.551202,4.75454,7.8725,0.941513,216.99,1500.0,-3190.77880859375
2946.22,0.65517,5.33267,7.21008,0.858867,238.791,1500.0,-2894.41259765625
2878.39,0.782509,13.9312,14.12816,0.559847,827.721,1500.0,-2375.182373046875
1151.14,0.372418,6.88632,7.36137,1.02833,101.737,1500.0,-2904.751708984375
1950.43,0.491212,3.49546,6.89403,0.893207,187.655,1500.0,-3040.088623046875
3601.36,0.768025,9.67229,10.76037,0.565402,3327.62,1500.0,-1873.9432373046875
4795.39,0.825919,8.17594,12.7084,0.444537,6134.82,1500.0,-2253.151123046875
280.483,0.197637,3.37052,4.17113,1.46199,4.30249,1500.0,-3303.66943359375
2623.42,0.65326,6.23896,8.71408,0.781367,710.006,1500.0,-2950.42529296875
422.331,0.193113,3.45673,4.28195,1.44902,10.5784,1500.0,-3493.911865234375
1802.94,0.604757,15.33673,15.6021,0.691203,694.043,1500.0,-1897.7054443359375
1915.63,0.555278,4.65535,8.60383,0.987269,763.393,1500.0,-2611.406982421875
2030.95,0.632308,3.97074,10.01636,0.873654,2041.85,1500.0,-3148.0068359375
1391.45,0.51959,7.04446,7.53953,0.990284,25.8565,1500.0,-3675.366943359375
1707.79,0.588226,4.44698,13.00223,1.02436,897.213,1500.0,-3098.96630859375
5422.33,0.874159,13.79905,17.30413,0.296383,3324.69,1500.0,-1445.0106201171875
5071.09,0.807612,9.35018,11.37498,0.456679,1157.17,1500.0,-1862.27978515625
1411.19,0.493932,4.4322,5.92707,1.21029,157.944,1500.0,-3391.6435546875
3100.15,0.886859,14.91166,24.95139,0.416069,10879.0,1500.0,-1330.375732421875
1375.01,0.704105,26.0503,26.28795,0.683626,3292.88,1500.0,-1887.0325927734375
4995.25,0.878832,12.04532,18.11968,0.337357,7433.98,1500.0,-1508.6571044921875
3163.29,0.68597,6.29952,11.91303,0.731845,1353.03,1500.0,-2310.18408203125
2057.15,0.709917,10.11349,11.88416,0.927027,1058.31,1500.0,-2227.549072265625
3689.4,0.755012,6.96832,10.79788,0.644432,1548.35,1500.0,-2054.874267578125
2061.03,0.56561,4.35869,6.31133,1.00297,266.523,1500.0,-3103.352294921875
790.573,0.344098,3.62574,5.11906,1.43074,37.193,1500.0,-3196.053955078125
2916.18,0.69151,4.5457,9.99071,0.833668,1109.86,1500.0,-2634.04541015625
3577.93,0.778184,8.16022,8.58291,0.625503,725.716,1500.0,-3246.641357421875
3273.99,0.736081,7.97884,8.52954,0.698784,540.252,1500.0,-3272.80224609375
922.017,0.487442,4.10688,5.57457,1.26835,31.9638,1500.0,-4232.3349609375
1027.83,0.436627,4.04152,6.59943,1.19316,102.163,1500.0,-3364.778564453125
3366.25,0.77621,7.48366,15.22863,0.625384,4112.82,1500.0,-2105.1240234375
2856.91,0.569431,5.63025,6.91667,0.801383,363.912,1500.0,-2685.715576171875
444.69,0.259669,3.36014,4.27231,1.19392,6.13957,1500.0,-3528.211181640625
709.833,0.28062,7.59887,7.72087,1.20392,243.969,1500.0,-2710.77783203125
1665.27,0.540235,6.94874,8.07394,1.08286,1084.25,1500.0,-2869.310791015625
2870.05,0.641438,5.46231,13.46057,0.723161,1467.45,1500.0,-2162.221923828125
607.357,0.206852,4.75938,6.81721,1.14535,99.0867,1500.0,-3195.991943359375
676.771,0.342391,4.7145,5.31603,1.4215,29.3702,1500.0,-3546.62060546875
4452.33,0.762696,7.5245,9.1585,0.594102,386.057,1500.0,-2737.1533203125
1141.69,0.414486,8.79146,9.30291,1.02935,140.802,1500.0,-2827.327880859375
3645.1,0.770843,5.61242,15.07673,0.613799,2490.67,1500.0,-2434.95166015625
4065.94,0.808717,10.62303,16.45523,0.426286,3356.28,1500.0,-1459.427001953125
795.521,0.421962,4.12373,5.3587,1.24554,14.6784,1500.0,-3872.64404296875
3774.44,0.726056,6.45934,9.95521,0.622259,1381.64,1500.0,-2451.52978515625
2013.08,0.589731,6.08879,8.84753,0.928483,903.676,1500.0,-3042.803466796875
1275.87,0.486016,3.64655,4.67568,1.28535,54.6714,1500.0,-3382.56689453125
4453.04,0.798038,9.44555,13.05719,0.45387,1639.95,1500.0,-1818.3697509765625
2031.63,0.68281,6.56044,9.99168,0.998145,1203.93,1500.0,-2679.19873046875
2479.83,0.626904,7.37077,9.4629,0.797708,390.061,1500.0,-2577.992431640625
291.644,0.197681,4.12694,4.44588,1.68865,9.07454,1500.0,-3600.068115234375
335.596,0.191153,4.14521,4.9505,1.57422,14.1083,1500.0,-3568.285400390625
841.39,0.359861,6.61719,6.9388,1.29465,55.5198,1500.0,-3028.128173828125
514.869,0.499213,3.385,7.5389,1.48862,104.034,1500.0,-3461.641845703125
4538.82,0.739132,7.00942,8.91376,0.562285,1191.19,1500.0,-2164.67333984375
1504.28,0.508438,9.99552,10.1547,0.900599,177.098,1500.0,-2751.2763671875
450.602,0.304799,5.86377,7.14984,1.53706,71.0717,1500.0,-3317.789794921875
2269.58,0.624589,6.78363,8.35606,0.818216,729.042,1500.0,-3045.997314453125
1018.05,0.463294,12.45807,12.60434,1.04605,647.916,1500.0,-2189.265380859375
4043.23,0.701183,6.22793,8.47586,0.617348,1065.94,1500.0,-2289.834716796875
967.477,0.512258,4.30007,7.80705,1.10005,429.252,1500.0,-3322.618896484375
1283.35,0.45463,5.95566,7.5555,1.23418,315.08,1500.0,-3033.026611328125
1358.41,0.425795,4.00139,5.33438,1.13701,91.08,1500.0,-3310.112548828125
986.088,0.498677,3.31834,7.49929,1.34045,173.267,1500.0,-3316.871337890625
3612.95,0.751122,7.21223,8.75253,0.680264,1132.15,1500.0,-2484.02783203125
1930.57,0.524962,4.14072,5.68732,0.960339,313.805,1500.0,-3250.56640625
4680.8,0.832221,14.29134,16.92815,0.403837,4407.97,1500.0,-1773.783935546875
5727.75,0.913469,15.34369,22.07579,0.234732,11516.8,1500.0,-1245.5936279296875
1189.29,0.475047,5.51095,6.80196,1.10257,15.4683,1500.0,-3397.31982421875
1082.34,0.428202,4.77751,6.21561,1.13204,106.556,1500.0,-3165.747314453125
4547.25,0.804554,9.50763,10.22665,0.53133,999.857,1500.0,-2730.97314453125
2754.32,0.5432,4.94806,8.49357,0.770035,256.459,1500.0,-2808.2890625
5614.43,0.813774,8.75026,12.27296,0.398317,3036.37,1500.0,-1768.4898681640625
3168.57,0.80097,8.04733,16.20133,0.667226,4932.38,1500.0,-2099.51318359375
2043.92,0.663648,4.3686,14.26204,0.80592,1139.3,1500.0,-3080.349853515625
2814.74,0.660606,6.23739,9.31582,0.771116,1154.02,1500.0,-2565.14794921875
2035.43,0.587922,4.59439,5.94382,0.870209,229.184,1500.0,-3407.671875
4230.9,0.770053,6.8946,11.99579,0.58716,2969.87,1500.0,-1819.9703369140625
2588.39,0.62356,6.26097,7.63691,0.785669,318.91,1500.0,-2939.15576171875
89.075,0.102716,3.40653,3.86071,1.60741,2.21383,1500.0,-3453.919189453125
4471.57,0.773042,8.76666,11.76906,0.489933,2437.86,1500.0,-2052.6376953125
1264.96,0.483909,5.766,6.37902,1.05133,80.5443,1500.0,-3698.306884765625
2224.82,0.624844,6.81842,8.73508,0.885135,535.149,1500.0,-2715.325439453125
1672.63,0.69007,4.38149,10.17188,1.00046,624.042,1500.0,-3481.199462890625
4942.64,0.775322,7.8409,10.00639,0.496241,2097.25,1500.0,-2237.62890625
5777.86,0.843008,12.17362,15.8178,0.35257,2518.71,1500.0,-1538.98291015625
2759.69,0.688254,4.56573,10.22201,0.855708,1058.43,1500.0,-2537.01025390625
4106.13,0.711592,4.7506,7.59889,0.638865,714.864,1500.0,-3129.564208984375
4272.99,0.808205,10.28641,14.8741,0.458105,2700.2,1500.0,-1471.5211181640625
2627.53,0.755693,13.80077,14.38824,0.612202,1932.46,1500.0,-2137.25830078125
2926.84,0.62391,5.12171,6.27277,0.852846,367.983,1500.0,-2894.557373046875
6786.51,0.960946,25.00225,26.76389,0.105497,33502.7,1500.0,-884.798583984375
1612.71,0.518864,4.46504,6.17037,0.955213,106.929,1500.0,-3448.4306640625
895.46,0.338915,7.22449,7.64186,1.24395,257.442,1500.0,-2783.134765625
4544.0,0.822375,9.45183,13.39023,0.442615,1535.56,1500.0,-1914.4635009765625
1146.65,0.474955,6.45391,7.38751,1.087,125.606,1500.0,-3449.951904296875
1519.84,0.647228,5.4241,7.94079,1.38445,452.648,1500.0,-2967.80224609375
3761.75,0.736731,7.11807,9.98229,0.639117,641.918,1500.0,-2864.020751953125
2452.39,0.636174,5.03541,9.01243,0.790853,505.584,1500.0,-3036.23046875
5292.17,0.927957,16.48715,18.54573,0.224586,12845.0,1500.0,-1151.294921875
1579.53,0.572767,6.09241,7.8762,0.949224,214.672,1500.0,-3594.85498046875
376.817,0.213221,4.13067,5.267,1.8527,55.7569,1500.0,-3071.51513671875
820.668,0.410956,3.87499,5.97191,1.56286,76.0802,1500.0,-3031.630126953125
2320.29,0.527636,5.676,7.7664,0.93549,627.698,1500.0,-2453.552490234375
711.532,0.353445,3.6362,4.92472,1.22232,31.5742,1500.0,-3425.77001953125
858.634,0.35094,5.87919,6.14481,1.29324,49.3366,1500.0,-3155.2275390625
770.433,0.308184,5.21805,6.05933,1.30192,54.0783,1500.0,-3010.08740234375
317.947,0.18884,4.49186,4.86337,1.61335,12.6556,1500.0,-3358.975341796875
2762.94,0.713889,7.88241,8.43612,0.791488,480.086,1500.0,-3326.7392578125
1544.43,0.614136,5.07766,6.10897,1.06302,109.346,1500.0,-3848.35693359375
1337.09,0.465168,5.31495,5.81467,0.990022,106.44,1500.0,-3505.5341796875
3366.96,0.80193,7.88658,16.20498,0.624415,5010.98,1500.0,-1988.7962646484375
1657.59,0.562887,5.80272,6.76041,0.933931,138.335,1500.0,-3591.061279296875
4533.75,0.827148,12.06692,18.53947,0.446727,5470.43,1500.0,-1641.401123046875
3055.04,0.862896,27.54555,27.96058,0.346112,4439.62,1500.0,-1702.5909423828125
3623.97,0.777959,10.83336,13.34799,0.53743,1951.68,1500.0,-1938.0048828125
3547.48,0.806157,8.31744,16.17723,0.592774,5071.28,1500.0,-1988.7017822265625
4416.81,0.805046,9.05662,14.31008,0.449048,2855.28,1500.0,-1903.3455810546875
416.809,0.229904,3.61518,4.2633,1.3109,13.1464,1500.0,-3599.021484375
4299.88,0.800871,10.73193,12.1493,0.458531,1725.84,1500.0,-1857.668212890625
480.082,0.316249,3.41565,4.56273,1.21345,5.74121,1500.0,-4019.460205078125
3215.82,0.765603,8.7466,15.0627,0.615261,2999.92,1500.0,-1953.743896484375
379.526,0.254958,4.80014,6.00629,1.62453,51.6085,1500.0,-2670.6962890625
114.429,0.103596,3.48048,4.0475,1.65563,4.51168,1500.0,-3668.544189453125
703.684,0.337862,7.2417,8.23028,1.4705,279.727,1500.0,-2500.60791015625
3994.95,0.752687,7.40411,10.18959,0.582961,846.476,1500.0,-2407.874267578125
2950.4,0.720254,6.58792,10.18099,0.751449,1397.04,1500.0,-2469.4453125
2223.48,0.770567,8.28475,14.01366,0.883647,3254.16,1500.0,-1991.7298583984375
3696.99,0.683444,9.72985,11.41734,0.529161,1268.05,1500.0,-2003.365478515625
870.094,0.329481,5.02373,5.8025,1.28719,122.767,1500.0,-3294.00439453125
5692.15,0.856627,14.57725,17.29823,0.307706,5674.77,1500.0,-1539.1007080078125
613.95,0.286509,3.98704,5.29143,1.50075,38.1755,1500.0,-3239.98779296875
793.206,0.434868,3.95804,5.19996,1.29434,58.1823,1500.0,-3655.2021484375
1994.09,0.808384,16.9174,16.98679,0.680117,1359.99,1500.0,-2149.21630859375
1136.03,0.457752,4.65628,6.49282,1.27097,454.74,1500.0,-3175.404296875
565.102,0.289607,3.43575,4.82041,1.08083,40.9568,1500.0,-3622.59228515625
2201.62,0.633124,7.36997,7.90152,0.808394,259.504,1500.0,-3209.51953125
191.43,0.13274,3.77962,4.09655,1.34637,6.10495,1500.0,-3787.123291015625
929.325,0.57213,6.53432,6.94732,1.63491,208.338,1500.0,-3625.699462890625
3589.25,0.832875,10.46004,14.64195,0.533434,2916.53,1500.0,-1640.450439453125
5154.68,0.859318,14.35644,17.89084,0.322474,5753.12,1500.0,-1545.806640625
5851.74,0.866192,10.92072,13.50709,0.341349,3228.36,1500.0,-1554.2855224609375
390.905,0.209151,3.65672,4.69904,1.34563,28.703,1500.0,-3752.96337890625
2246.68,0.654581,6.19015,9.15355,0.857736,374.424,1500.0,-3020.63916015625
403.741,0.214405,4.9289,5.23922,1.29648,64.112,1500.0,-3591.776611328125
4060.62,0.788574,9.46455,11.30006,0.517477,2704.48,1500.0,-1849.6610107421875
931.935,0.535775,19.31243,19.62367,1.01515,983.456,1500.0,-1581.2547607421875
1907.06,0.62544,7.85459,8.72764,0.932024,330.835,1500.0,-3221.046875
312.166,0.152252,4.1959,5.1077,1.46699,43.14,1500.0,-3627.500732421875
1573.43,0.450023,4.01282,5.72171,0.994984,114.44,1500.0,-3177.78515625
3025.99,0.667544,8.47307,10.87851,0.708864,681.534,1500.0,-2840.2177734375
1363.64,0.577408,4.99966,5.46233,1.09584,38.203,1500.0,-3673.65869140625
624.674,0.480436,3.35936,7.58217,1.39633,118.24,1500.0,-3049.69384765625
1275.46,0.549846,20.52522,20.8319,0.742342,1030.44,1500.0,-1490.48291015625
4157.62,0.741683,6.71587,8.75703,0.609746,1198.42,1500.0,-2375.02001953125
1460.1,0.505048,3.67359,10.26968,1.00177,520.094,1500.0,-2825.5166015625
917.931,0.455252,5.67283,6.82957,1.42809,151.191,1500.0,-3365.3271484375
5637.76,0.943183,19.78433,22.43899,0.168004,21259.4,1500.0,-962.56298828125
529.636,0.49699,3.37701,7.50629,1.46678,104.481,1500.0,-3450.0908203125
251.334,0.226063,4.14616,5.41421,1.70494,34.1808,1500.0,-3263.83984375
810.031,0.448984,3.75085,5.1996,1.32608,19.6413,1500.0,-3699.081787109375
331.353,0.173929,7.33503,8.61849,1.57923,172.394,1500.0,-2758.55419921875
770.064,0.374362,5.16375,5.47927,1.31725,48.6942,1500.0,-3428.0390625
3642.93,0.806441,14.14513,14.65332,0.529463,2410.9,1500.0,-2017.9300537109375
630.81,0.300013,3.3756,5.71198,1.27379,64.4584,1500.0,-3367.8544921875
668.922,0.301065,3.571,5.19133,1.25849,23.965,1500.0,-3610.81494140625
3917.11,0.724727,6.61227,8.36089,0.737,638.069,1500.0,-2269.55517578125
2693.43,0.821904,15.92356,17.26997,0.644047,3096.12,1500.0,-1555.9822998046875
1193.46,0.45232,11.6232,12.17708,0.977187,315.027,1500.0,-2218.894287109375
2146.34,0.684276,10.699,12.01296,0.779182,489.155,1500.0,-2601.232421875
502.506,0.270464,3.5336,4.56582,1.22759,18.1173,1500.0,-3488.832275390625
110.514,0.115375,3.41384,3.96339,1.48398,1.8732,1500.0,-3429.7275390625
739.732,0.286398,5.28878,7.56137,1.34439,177.909,1500.0,-2875.298095703125
3457.98,0.80146,8.54555,16.21346,0.611355,4972.3,1500.0,-2106.9697265625
501.318,0.203977,4.39277,4.9613,1.48737,84.1493,1500.0,-2991.208740234375
1316.51,0.451419,4.47,6.03885,1.07417,442.743,1500.0,-3286.103759765625
4862.95,0.798534,9.85781,12.24822,0.403275,1955.45,1500.0,-1799.608154296875
3580.7,0.803905,7.95216,15.73113,0.592074,5147.84,1500.0,-2015.921875
1575.2,0.595818,14.70735,15.03083,0.803945,676.51,1500.0,-1914.2581787109375
3155.55,0.601138,5.2593,6.97646,0.689254,334.874,1500.0,-2581.701171875
1367.6,0.464222,4.46992,6.45884,1.04199,570.382,1500.0,-3648.333984375
5208.7,0.812743,10.49506,13.40584,0.399541,2393.02,1500.0,-1644.3741455078125
2601.36,0.700419,8.37962,12.9149,0.81509,1740.67,1500.0,-2234.034423828125
967.553,0.394775,3.57517,4.88751,1.34317,47.0813,1500.0,-3360.880615234375
126.887,0.116814,3.41865,5.28956,1.75558,16.683,1500.0,-2338.1298828125
1295.51,0.470337,7.52297,7.96889,1.05836,183.682,1500.0,-3046.538330078125
973.144,0.438638,4.41304,4.7364,1.17759,37.7263,1500.0,-3713.015625
2504.36,0.654936,7.00392,9.72842,0.798118,988.071,1500.0,-2627.43310546875
685.612,0.329233,4.22688,5.85085,1.58423,78.8141,1500.0,-3322.50634765625
600.764,0.293096,4.3925,5.34341,1.28487,36.6963,1500.0,-3413.37890625
2260.68,0.716785,8.04774,12.0228,0.978385,1455.7,1500.0,-2316.21826171875
4439.79,0.736521,7.76909,11.09413,0.568847,1195.41,1500.0,-2082.365966796875
1402.6,0.45242,3.93356,6.16537,1.00027,321.606,1500.0,-3111.0009765625
3837.59,0.75319,9.3202,11.46274,0.573453,2623.94,1500.0,-1900.427734375
358.683,0.199435,3.61419,4.70488,1.45238,13.8659,1500.0,-3183.88134765625
3905.45,0.715165,11.98843,14.04724,0.468867,1538.28,1500.0,-1806.845703125
676.585,0.241966,4.72033,6.61567,1.26179,169.709,1500.0,-2795.76220703125
4743.68,0.82429,11.51165,14.30173,0.418931,2850.76,1500.0,-1646.4681396484375
3613.54,0.727556,6.92869,11.24202,0.614888,1392.42,1500.0,-2421.226806640625
4025.18,0.789436,11.58942,17.98832,0.489575,4929.28,1500.0,-1703.14013671875
1366.86,0.550428,4.79243,9.76501,1.29235,1464.29,1500.0,-2735.016357421875
3822.46,0.87608,18.7176,19.22023,0.382997,8916.33,1500.0,-1530.6297607421875
630.765,0.317505,3.38549,4.61099,1.0978,17.8117,1500.0,-3434.1083984375
380.458,0.235124,3.93377,5.55153,1.51299,41.1347,1500.0,-3491.4873046875
214.448,0.128861,3.30831,4.36734,1.33975,8.88674,1500.0,-3116.85205078125
1685.69,0.617794,19.42335,19.82624,0.712759,1233.83,1500.0,-1846.7802734375
1154.39,0.451039,6.25301,7.44264,1.09134,111.581,1500.0,-3465.478271484375
4526.77,0.757721,11.10836,13.69995,0.425867,2323.02,1500.0,-1608.9534912109375
3221.97,0.761021,9.92139,11.19188,0.656322,3219.51,1500.0,-1800.7984619140625
4514.5,0.876039,14.14873,20.77379,0.336287,10458.2,1500.0,-1302.4324951171875
1762.78,0.55887,8.95749,11.59019,0.941634,1146.06,1500.0,-2156.139404296875
3664.51,0.7462,9.19669,14.55482,0.552488,2108.42,1500.0,-1855.249755859375
2753.98,0.779796,7.40238,16.20354,0.759583,4619.22,1500.0,-2140.314697265625
1970.98,0.672728,6.695,8.63738,1.03165,1312.16,1500.0,-2996.64599609375
894.2,0.36761,6.02072,6.79939,1.1671,231.697,1500.0,-3385.402099609375
3829.61,0.80383,8.03159,14.48583,0.578221,1999.05,1500.0,-1982.6275634765625
3003.63,0.791779,9.44084,13.04738,0.674628,3512.0,1500.0,-1812.72119140625
389.53,0.425429,3.31912,4.60777,1.22342,9.9534,1500.0,-3756.199951171875
3558.75,0.734937,6.97145,12.92957,0.640183,1763.22,1500.0,-2109.734619140625
3032.31,0.735149,7.6847,9.08976,0.670172,493.505,1500.0,-2673.6201171875
1574.49,0.570547,6.46637,6.93944,1.03769,111.173,1500.0,-3533.97265625
507.176,0.275017,3.65861,4.78706,1.37048,24.9062,1500.0,-3974.561767578125
4849.22,0.809001,10.59089,12.73972,0.451805,3512.15,1500.0,-1537.798095703125
3230.04,0.643201,6.11009,7.7044,0.726609,1044.94,1500.0,-2726.095947265625
2196.96,0.689683,12.97785,13.36565,0.699764,786.156,1500.0,-2347.680908203125
2641.6,0.679573,7.9732,8.50078,0.853271,456.272,1500.0,-3008.496826171875
1675.64,0.626783,20.008,20.35421,0.664009,1163.86,1500.0,-1330.9727783203125
630.02,0.276826,3.57953,5.68387,1.20182,34.9096,1500.0,-3143.86474609375
2710.38,0.748731,7.29919,13.62756,0.732878,3715.03,1500.0,-2213.715576171875
355.133,0.179634,3.71033,4.19551,1.29359,12.1296,1500.0,-3776.613037109375
1069.47,0.516388,3.65254,4.23292,1.29445,47.9391,1500.0,-3935.90283203125
4664.25,0.801874,11.01623,12.67575,0.42809,1844.68,1500.0,-1755.47509765625
325.948,0.238668,3.34026,3.97657,1.20175,6.6139,1500.0,-3136.56298828125
513.356,0.232446,4.67414,4.96255,1.3922,54.4722,1500.0,-3610.684326171875
1159.51,0.412831,8.60619,8.80218,1.08576,536.493,2000.0,-2643.818359375
1059.27,0.3293,7.2375,7.6109,1.06551,84.3891,2000.0,-2979.18408203125
2181.63,0.618318,4.97692,7.78903,0.998405,796.414,2000.0,-3091.657470703125
3059.91,0.718266,7.74543,8.99236,0.742029,975.395,2000.0,-3084.010009765625
2367.99,0.697585,10.44982,11.29164,0.724033,466.844,2000.0,-2758.731201171875
333.364,0.226655,3.54059,4.07425,1.54706,5.30463,2000.0,-3710.318359375
2499.49,0.69201,9.87708,10.25996,0.695348,430.813,2000.0,-2836.869873046875
2624.35,0.818814,15.55152,17.13657,0.675371,2961.21,2000.0,-1628.8970947265625
768.68,0.400575,3.95797,4.57978,1.15689,12.1759,2000.0,-3597.125732421875
3196.03,0.718786,9.84058,13.15285,0.6273,1839.18,2000.0,-2266.340087890625
738.158,0.334764,4.15654,5.26025,1.21753,42.3189,2000.0,-3512.930908203125
585.869,0.449581,4.29562,4.57337,1.33347,11.424,2000.0,-4184.26513671875
652.745,0.318454,3.66631,4.32341,1.28965,36.2822,2000.0,-3548.0693359375
1199.54,0.463706,13.64902,14.54279,0.895267,1292.15,2000.0,-2105.97705078125
684.878,0.470156,3.38816,7.36094,1.38705,132.374,2000.0,-3094.986572265625
2249.27,0.586318,8.43976,8.84605,0.738886,497.573,2000.0,-2496.22412109375
789.679,0.32303,4.49036,5.02611,1.13366,21.9306,2000.0,-3446.39892578125
2760.41,0.66809,7.28933,9.34478,0.764484,2287.19,2000.0,-2643.337158203125
310.725,0.15549,4.88842,5.65624,1.66872,49.8768,2000.0,-3354.201416015625
2828.36,0.853268,18.98412,20.67664,0.49838,5534.4,2000.0,-1570.630615234375
844.592,0.412952,4.27323,5.54712,1.3501,51.7723,2000.0,-3795.99755859375
2175.4,0.555023,4.61194,5.81684,0.824383,348.298,2000.0,-3422.046142578125
1593.46,0.571585,6.8883,7.10666,1.01894,110.659,2000.0,-3446.69140625
1304.5,0.51195,5.03921,6.64847,0.937387,342.639,2000.0,-3528.638671875
3345.25,0.638258,6.38072,11.29151,0.607676,1167.67,2000.0,-2311.556640625
4686.25,0.828106,10.56834,16.78159,0.43534,9057.41,2000.0,-1905.1533203125
509.803,0.28084,3.84744,4.86337,1.38845,56.5123,2000.0,-3701.54150390625
2648.08,0.779345,13.64704,13.84369,0.60936,761.589,2000.0,-2555.8837890625
656.938,0.302096,4.84293,6.18702,1.34513,95.8884,2000.0,-3590.341796875
1034.2,0.316298,5.65556,6.21677,1.15778,74.4458,2000.0,-2875.37109375
3181.49,0.727489,8.91604,10.0097,0.655135,605.178,2000.0,-2800.849609375
2288.56,0.565001,5.09058,8.52463,0.865556,333.606,2000.0,-2992.385498046875
504.781,0.281434,5.11449,6.81451,1.74587,241.073,2000.0,-2789.337890625
3384.32,0.764416,7.80195,13.22033,0.592616,1990.29,2000.0,-2357.516845703125
684.72,0.320821,4.14866,5.86358,1.54485,75.0277,2000.0,-3242.40234375
3055.64,0.706739,7.98734,8.54597,0.735999,507.127,2000.0,-3274.244873046875
811.39,0.326791,4.02577,5.9605,1.20963,50.3607,2000.0,-3046.411376953125
1100.77,0.402275,8.93896,10.05032,1.17551,396.519,2000.0,-2141.876220703125
5504.69,0.792088,7.77738,11.02492,0.42585,2571.92,2000.0,-2039.326416015625
2249.3,0.705944,7.71777,7.98158,0.791442,310.918,2000.0,-3435.5546875
1766.5,0.522483,4.8264,6.41015,1.04828,133.046,2000.0,-3156.527099609375
5485.24,0.899451,9.53743,16.62467,0.286881,8729.6,2000.0,-1492.2000732421875
1430.39,0.553552,6.19458,7.12897,1.09503,218.979,2000.0,-3388.480712890625
795.521,0.421962,4.12373,5.3587,1.24554,14.6784,2000.0,-3757.26708984375
4085.21,0.829019,14.05617,19.85575,0.420122,5735.94,2000.0,-1560.407470703125
1263.05,0.388729,4.58384,5.18579,1.07364,70.4019,2000.0,-3302.31201171875
1016.79,0.41285,7.54065,7.97816,1.2061,183.202,2000.0,-3314.45361328125
269.726,0.201388,3.60189,3.9946,1.39587,3.95693,2000.0,-3191.58056640625
2277.72,0.826697,12.81658,20.09464,0.738244,5624.05,2000.0,-1844.2994384765625
659.493,0.302825,7.06356,8.2895,1.53659,289.885,2000.0,-2712.634521484375
366.851,0.21454,4.27879,4.43538,1.30702,0.678938,2000.0,-3056.548095703125
3468.46,0.740024,9.0912,12.62335,0.571731,1200.53,2000.0,-2174.09033203125
1172.1,0.504433,5.51627,6.06516,1.25548,234.267,2000.0,-3381.694091796875
1453.98,0.507912,6.41234,8.04773,0.97344,223.399,2000.0,-3434.623046875
2170.45,0.606515,7.77193,8.51295,0.845119,1166.02,2000.0,-3130.590087890625
4234.64,0.856536,14.19197,20.49178,0.401734,6185.06,2000.0,-1501.4522705078125
105.093,0.101582,3.43979,4.25823,1.87721,3.65254,2000.0,-3478.26318359375
3794.44,0.825273,8.71165,16.26947,0.553458,5419.45,2000.0,-2143.57080078125
2656.86,0.598405,4.7875,6.71358,0.938518,736.12,2000.0,-2785.161865234375
5852.99,0.931658,18.90643,23.49077,0.194037,15141.3,2000.0,-1207.1995849609375
970.298,0.334791,5.59583,5.75077,1.14194,44.4105,2000.0,-3168.242431640625
4678.35,0.86306,14.45453,18.76661,0.320539,3663.6,2000.0,-1460.1463623046875
399.589,0.258531,5.21368,6.98088,1.80262,108.86,2000.0,-3208.2578125
1137.94,0.458952,4.44446,6.92325,1.06204,309.406,2000.0,-3554.563232421875
4862.76,0.830522,10.71027,14.99859,0.371226,2025.2,2000.0,-1764.7322998046875
216.702,0.14189,3.61746,4.27626,1.51339,6.01851,2000.0,-3591.71630859375
1153.93,0.495585,4.09745,8.5636,1.27169,195.277,2000.0,-3215.448486328125
2510.08,0.67395,8.73683,10.45254,0.741843,976.467,2000.0,-2680.112548828125
1342.48,0.702478,10.90331,11.59526,1.14284,408.94,2000.0,-3277.204833984375
823.705,0.327819,5.83256,7.96297,1.44325,114.25,2000.0,-2699.575927734375
770.396,0.346027,7.65756,8.0902,1.28546,100.539,2000.0,-3062.532958984375
2352.07,0.60295,6.81691,8.71267,0.962006,712.38,2000.0,-2678.328369140625
1783.81,0.592447,7.2857,8.60956,0.953722,207.631,2000.0,-3304.662109375
2957.21,0.717378,5.86051,7.77048,0.788055,697.762,2000.0,-3200.78125
5323.34,0.821048,7.34149,10.78885,0.453672,941.131,2000.0,-2166.46044921875
570.165,0.287892,8.321,8.475,1.35093,104.34,2000.0,-3273.378662109375
4856.34,0.817091,9.68971,10.70795,0.455147,3308.05,2000.0,-2304.068603515625
3359.79,0.730307,7.44326,14.98593,0.586937,2045.37,2000.0,-1915.46142578125
638.726,0.349405,3.83433,6.32172,1.93178,95.2963,2000.0,-3043.46728515625
3619.21,0.663244,5.72182,7.59982,0.718822,557.885,2000.0,-2683.54052734375
3232.47,0.799625,8.54235,16.29391,0.65191,5024.82,2000.0,-2227.31787109375
2514.24,0.654928,5.60232,8.7867,0.814573,603.068,2000.0,-3015.29296875
4713.86,0.837215,9.78493,11.36631,0.423394,2401.43,2000.0,-1804.8033447265625
89.075,0.102716,3.40653,3.86071,1.60741,2.21383,2000.0,-3399.853271484375
671.88,0.287224,3.87592,5.86065,1.34013,54.0978,2000.0,-3407.397705078125
6094.68,0.891502,12.74906,24.79642,0.260743,10320.0,2000.0,-1441.1268310546875
3285.63,0.885717,35.18723,35.59351,0.274002,7071.72,2000.0,-1584.1236572265625
3795.86,0.718487,6.83385,9.32792,0.664357,690.507,2000.0,-2554.331787109375
920.422,0.389733,3.81236,5.23715,1.15722,27.5287,2000.0,-4089.414306640625
506.72,0.293982,3.51626,5.01624,1.35855,78.2644,2000.0,-3374.525634765625
355.697,0.186828,3.90764,4.90449,1.18269,20.6429,2000.0,-3552.23876953125
1502.14,0.537366,9.75228,11.21934,1.00215,841.258,2000.0,-2997.7197265625
1632.95,0.47238,5.19631,6.57008,1.04013,140.297,2000.0,-2895.77099609375
1523.85,0.514727,4.6576,6.14231,0.99681,280.281,2000.0,-3423.460205078125
683.07,0.305433,4.8488,5.62811,1.19831,97.6722,2000.0,-3411.852294921875
2058.28,0.695745,11.14244,12.81167,0.923167,1427.8,2000.0,-2019.78466796875
2319.94,0.648886,5.95985,12.70952,0.835037,1407.71,2000.0,-2604.221435546875
872.562,0.438713,3.41317,4.61057,1.15174,33.5282,2000.0,-3521.98828125
1724.3,0.600002,21.06171,21.39421,0.603094,1161.18,2000.0,-1602.4677734375
2745.66,0.753212,13.39413,13.72489,0.581751,727.249,2000.0,-2523.064453125
1823.81,0.441331,3.98378,5.55691,0.907726,101.741,2000.0,-3213.491455078125
2227.01,0.686703,9.24835,10.72219,0.766088,508.707,2000.0,-2772.37890625
2677.63,0.642306,7.12597,10.19107,0.727457,2448.27,2000.0,-2833.27294921875
256.887,0.187563,3.31872,4.55826,1.63756,14.521,2000.0,-3426.021728515625
2379.68,0.578311,4.27312,10.24904,0.832618,798.347,2000.0,-2825.7763671875
5610.6,0.853637,9.61299,15.79901,0.32816,3085.96,2000.0,-1674.47802734375
1002.06,0.563187,20.07976,20.40953,0.95741,1099.34,2000.0,-1631.2425537109375
1214.21,0.475957,5.56724,6.4213,1.18737,156.311,2000.0,-3193.357177734375
1105.78,0.51971,3.91049,7.77395,1.31922,327.477,2000.0,-3013.615478515625
1457.27,0.509037,10.45207,10.9187,0.900328,273.858,2000.0,-2665.346923828125
623.27,0.228691,4.01228,5.13923,1.24432,29.9249,2000.0,-3093.163330078125
3662.74,0.71561,6.10487,10.15836,0.661659,1480.45,2000.0,-2376.42724609375
4588.11,0.819852,10.10777,14.72853,0.437926,2728.86,2000.0,-1694.2777099609375
2126.22,0.63338,9.15583,10.33095,0.818193,343.999,2000.0,-2635.513916015625
2841.31,0.712582,9.47724,10.30799,0.682216,947.894,2000.0,-2786.26904296875
3389.91,0.699048,6.94794,7.44963,0.661915,703.086,2000.0,-2918.7666015625
1006.22,0.447186,9.06251,9.30108,1.14268,298.757,2000.0,-3241.588134765625
1286.75,0.502888,5.50232,6.03879,1.14805,96.4361,2000.0,-3898.548583984375
804.802,0.304068,7.00284,7.30428,1.34585,138.799,2000.0,-2752.588134765625
1458.25,0.460259,4.50451,6.30462,1.07473,477.323,2000.0,-3252.011962890625
5017.17,0.857199,13.84638,17.32885,0.322854,3673.13,2000.0,-1569.2677001953125
1084.78,0.441201,4.71983,7.22533,1.2728,391.098,2000.0,-3050.80419921875
3215.82,0.765603,8.7466,15.0627,0.615261,2999.92,2000.0,-2075.855224609375
1413.14,0.485464,8.81195,9.5856,0.967941,657.615,2000.0,-2419.52490234375
1948.24,0.597113,6.41806,7.56456,0.846721,218.564,2000.0,-3340.447265625
2526.75,0.72331,13.87129,14.14103,0.615802,780.416,2000.0,-2377.07373046875
4990.68,0.806589,9.97232,12.71792,0.43774,1685.94,2000.0,-2035.1014404296875
5214.39,0.930601,18.24101,20.55785,0.211574,14600.4,2000.0,-1095.4539794921875
3723.75,0.791217,11.91988,13.04258,0.500417,1830.47,2000.0,-2020.36328125
943.592,0.410684,3.73711,6.208,1.18822,203.809,2000.0,-3446.7138671875
246.257,0.294688,3.53741,4.67456,1.77365,11.3641,2000.0,-3284.21240234375
2120.03,0.56249,6.13604,7.22689,0.829062,263.951,2000.0,-3035.02490234375
2716.78,0.675375,5.87922,8.1961,0.787627,1118.77,2000.0,-3159.745849609375
2950.4,0.720254,6.58792,10.18099,0.751449,1397.04,2000.0,-2606.373779296875
617.801,0.366625,3.69917,4.53149,1.23613,28.0653,2000.0,-3461.015380859375
2244.76,0.693431,9.1522,9.63104,0.7579,376.459,2000.0,-3163.77099609375
568.155,0.260659,4.5908,5.31429,1.25127,14.1996,2000.0,-3448.554931640625
1517.52,0.563823,15.17672,15.47094,0.784045,635.726,2000.0,-1963.431396484375
663.432,0.36581,3.91855,4.25399,1.33959,7.53117,2000.0,-3464.5537109375
1497.43,0.523983,4.0124,7.20106,1.07606,130.76,2000.0,-3355.805419921875
1828.56,0.480532,4.65968,7.79878,0.999816,419.99,2000.0,-2818.108642578125
3720.28,0.70731,8.65671,10.95734,0.576674,1068.74,2000.0,-2264.843017578125
750.233,0.315575,6.39249,6.91985,1.2385,48.2938,2000.0,-3012.1474609375
3432.64,0.740819,8.09575,11.37809,0.653102,2528.79,2000.0,-2610.162353515625
384.19,0.217751,5.31658,6.24429,1.61602,24.7632,2000.0,-2896.989013671875
1415.52,0.453346,5.20145,6.35686,1.00315,91.1252,2000.0,-3353.009033203125
3575.48,0.758931,8.25495,10.26356,0.619144,816.69,2000.0,-2436.549072265625
2201.62,0.633124,7.36997,7.90152,0.808394,259.504,2000.0,-3363.602783203125
5851.74,0.866192,10.92072,13.50709,0.341349,3228.36,2000.0,-1672.0311279296875
578.573,0.415171,3.82114,4.4126,1.3331,5.97359,2000.0,-4359.32763671875
5424.24,0.890077,12.89471,19.45037,0.273651,4596.55,2000.0,-1400.3956298828125
1774.98,0.612073,6.40284,7.25825,0.967787,193.262,2000.0,-3296.649169921875
608.159,0.261122,5.05303,5.53017,1.43739,33.6452,2000.0,-3169.3466796875
300.242,0.185707,3.40718,4.87348,1.64536,15.5721,2000.0,-3335.24658203125
2573.76,0.724723,13.94706,14.21429,0.615713,775.484,2000.0,-2434.013671875
780.053,0.504003,4.76031,5.89055,1.80446,120.723,2000.0,-3335.462646484375
2216.57,0.762427,9.83629,10.68722,0.937603,1362.6,2000.0,-2352.13427734375
245.691,0.122818,4.14684,5.73788,1.57122,19.8504,2000.0,-2885.184814453125
2123.09,0.590581,6.63319,8.70358,0.948041,407.094,2000.0,-2697.6396484375
1018.33,0.339494,4.20701,5.02118,1.25172,139.072,2000.0,-3086.387451171875
2785.15,0.749419,6.72902,16.05016,0.730877,4297.33,2000.0,-2402.2587890625
1155.68,0.569859,5.85167,7.65813,1.39648,248.294,2000.0,-3298.26708984375
1747.58,0.620049,4.75702,9.29926,1.12435,541.32,2000.0,-3117.10546875
432.688,0.290225,4.89389,7.09778,1.893,115.119,2000.0,-3880.778076171875
3572.78,0.736228,7.62125,15.25695,0.589931,2879.53,2000.0,-1954.2113037109375
3311.68,0.737479,10.40192,10.94533,0.588886,1215.34,2000.0,-2805.982666015625
871.929,0.374354,4.13805,5.09764,1.22847,243.909,2000.0,-3355.184326171875
1111.67,0.384318,4.22682,5.91289,1.16667,333.576,2000.0,-3218.128662109375
4003.5,0.744037,7.11698,9.21058,0.583153,864.502,2000.0,-2751.748779296875
3233.06,0.745803,8.56837,8.98965,0.638163,485.861,2000.0,-2910.17724609375
1877.15,0.703965,12.82517,13.23202,0.836084,883.808,2000.0,-2296.89990234375
3309.16,0.69618,8.38024,12.53613,0.629355,1450.51,2000.0,-1960.3077392578125
1020.07,0.404948,3.39011,4.59411,1.04108,36.6507,2000.0,-3397.240478515625
2069.79,0.691127,12.00386,12.89256,0.813885,1165.18,2000.0,-2402.605224609375
429.836,0.209559,4.81002,4.97387,1.49918,30.2905,2000.0,-3181.6982421875
2162.24,0.688919,8.84826,9.35714,0.787947,387.087,2000.0,-2981.397705078125
1203.19,0.477893,12.19093,12.70775,1.00108,330.486,2000.0,-2257.6279296875
1840.76,0.541301,4.70265,6.16919,1.02069,271.654,2000.0,-3314.30126953125
2807.26,0.711151,10.0958,11.43325,0.64367,470.232,2000.0,-2712.347412109375
1113.38,0.436191,5.44567,6.09891,1.20328,74.1063,2000.0,-3199.908447265625
739.732,0.286398,5.28878,7.56137,1.34439,177.909,2000.0,-2959.1357421875
3457.98,0.80146,8.54555,16.21346,0.611355,4972.3,2000.0,-2301.602783203125
1234.83,0.426696,4.42942,5.41221,1.09119,109.794,2000.0,-3292.027099609375
1575.2,0.595818,14.70735,15.03083,0.803945,676.51,2000.0,-1999.1339111328125
2601.36,0.700419,8.37962,12.9149,0.81509,1740.67,2000.0,-2372.974853515625
4338.88,0.868199,15.23848,20.48241,0.37136,6289.83,2000.0,-1591.9052734375
2343.55,0.607795,5.02811,6.40192,0.979489,786.755,2000.0,-3116.36181640625
1081.17,0.480065,4.43433,6.7659,1.40398,102.083,2000.0,-3178.817626953125
2585.24,0.630993,6.63907,7.99277,0.795414,644.314,2000.0,-3106.038330078125
3019.59,0.762186,9.09565,16.19671,0.657643,4659.27,2000.0,-2151.942138671875
206.848,0.201781,3.54304,5.46282,3.2346,79.1488,2000.0,-3506.70361328125
1071.73,0.531008,7.17553,7.23663,1.30222,206.019,2000.0,-3541.084228515625
682.755,0.343771,3.82707,5.02799,1.43984,52.6153,2000.0,-3406.4072265625
1482.03,0.522326,3.76975,5.56326,1.05495,146.377,2000.0,-3644.65673828125
4951.31,0.877522,15.2363,20.46288,0.333782,6487.13,2000.0,-1481.0738525390625
903.783,0.425346,6.35193,6.64978,1.52896,105.201,2000.0,-2667.118408203125
3177.38,0.834498,24.37253,25.24097,0.375162,3451.47,2000.0,-1677.819580078125
4508.16,0.838406,11.7971,14.53446,0.455809,2067.63,2000.0,-1907.0657958984375
2354.15,0.627292,5.57263,7.56849,0.813355,718.571,2000.0,-3254.524658203125
2543.04,0.73835,9.24666,10.74854,0.712321,559.181,2000.0,-2762.42041015625
3696.83,0.767047,7.13375,13.23141,0.615646,1710.75,2000.0,-2348.99365234375
3383.28,0.720211,7.36693,15.29874,0.615216,1873.14,2000.0,-2131.80810546875
3062.6,0.846196,14.89873,20.58026,0.528244,6108.91,2000.0,-1562.539794921875
2201.63,0.608498,6.06628,8.52309,0.834245,319.815,2000.0,-3128.635986328125
2428.76,0.58499,5.16959,7.39085,0.891041,367.865,2000.0,-2920.4501953125
2496.4,0.695024,11.39426,11.91951,0.653035,530.837,2000.0,-2876.6982421875
1879.37,0.590536,4.34545,7.29853,1.01363,418.317,2000.0,-3560.1044921875
544.534,0.299539,3.67508,4.53045,1.25474,22.0051,2000.0,-3207.755859375
609.512,0.290389,8.59802,9.22942,1.33118,110.328,2000.0,-2898.4990234375
4543.55,0.817272,13.05535,17.81966,0.34892,3974.5,2000.0,-1535.386474609375
763.715,0.356961,4.31676,5.7617,1.42422,135.712,2000.0,-3504.11328125
1671.22,0.448023,4.88177,6.83261,0.911703,161.891,2000.0,-3026.982421875
3558.75,0.734937,6.97145,12.92957,0.640183,1763.22,2000.0,-2329.001220703125
5445.84,0.873624,12.06541,14.74244,0.314856,3108.63,2000.0,-1423.304931640625
387.939,0.180092,4.35357,5.98205,1.37948,47.5539,2000.0,-3427.019775390625
2061.9,0.626998,7.06154,7.73493,0.832994,252.428,2000.0,-3399.396240234375
385.595,0.249287,4.73913,6.78434,1.67726,83.1177,2000.0,-3530.412109375
1018.54,0.347923,4.98731,5.98389,1.13194,316.531,2000.0,-3132.330810546875
2582.74,0.608031,4.97621,6.38041,0.877217,176.061,2000.0,-3044.53564453125
822.848,0.474241,3.57877,7.33615,1.52144,149.663,2000.0,-3284.62890625
2552.6,0.65417,5.36429,6.89312,0.885693,833.467,2000.0,-3256.046630859375
974.815,0.566854,4.41611,8.84068,2.0041,203.198,2000.0,-3463.298583984375
34.8268,0.0639875,3.33459,3.63294,2.32299,0.68386,2000.0,-3189.696044921875
598.624,0.285966,4.33304,4.97583,1.24699,31.9927,2000.0,-3665.291015625
4664.25,0.801874,11.01623,12.67575,0.42809,1844.68,2000.0,-1934.3936767578125
460.682,0.267865,5.37127,5.95497,1.59015,48.7912,2500.0,-3294.172607421875
4487.68,0.782606,7.68602,9.42926,0.564412,1553.01,2500.0,-2608.972412109375
3276.43,0.765398,5.14858,9.98441,0.745628,1478.44,2500.0,-2875.73974609375
1059.27,0.3293,7.2375,7.6109,1.06551,84.3891,2500.0,-3059.78662109375
2395.41,0.65804,8.09366,9.51153,0.730207,1423.46,2500.0,-3152.347900390625
5097.98,0.824427,9.83236,13.21542,0.359306,3515.45,2500.0,-1780.833740234375
4241.76,0.835701,9.05534,16.19555,0.4334,3468.51,2500.0,-1716.5875244140625
4202.81,0.728724,7.77732,9.16905,0.568074,552.528,2500.0,-2484.137451171875
2180.49,0.681437,10.44088,11.84137,0.777818,478.619,2500.0,-2776.2060546875
316.883,0.18142,3.52111,4.18919,1.35803,12.487,2500.0,-3894.994384765625
116.565,0.115039,3.53045,3.93033,1.5557,1.57814,2500.0,-3828.91943359375
341.97,0.25238,3.70725,4.30748,1.50797,5.57415,2500.0,-3719.556640625
1737.08,0.676129,10.41874,10.75057,0.965782,441.989,2500.0,-2864.20166015625
4672.62,0.818789,10.47578,14.5492,0.421448,3051.49,2500.0,-2169.66943359375
3327.88,0.717951,5.58933,8.45106,0.700831,501.565,2500.0,-3065.962158203125
3687.08,0.693719,7.67445,11.26188,0.543492,1843.93,2500.0,-2272.027587890625
2197.18,0.752802,10.58314,11.64559,0.904924,1351.67,2500.0,-2492.925537109375
1093.79,0.393129,4.98135,6.03909,1.12289,190.597,2500.0,-3384.082275390625
3601.36,0.768025,9.67229,10.76037,0.565402,3327.62,2500.0,-2234.084228515625
156.467,0.1268,3.80446,4.05646,1.70187,5.32432,2500.0,-3325.389892578125
3503.17,0.760407,7.41763,9.94522,0.635874,785.835,2500.0,-2900.70849609375
1467.02,0.573246,13.41138,13.79527,0.886346,456.53,2500.0,-2334.238525390625
5747.19,0.904832,15.32987,19.94357,0.257754,10903.6,2500.0,-1472.12939453125
2716.84,0.779287,14.43105,14.88088,0.588216,2329.67,2500.0,-1971.3226318359375
1802.94,0.604757,15.33673,15.6021,0.691203,694.043,2500.0,-2128.2529296875
3401.36,0.636964,5.57432,7.17859,0.747814,459.803,2500.0,-2780.181884765625
461.909,0.251632,3.58682,4.6865,1.57317,21.6312,2500.0,-3422.080810546875
5032.26,0.875387,15.18981,20.47722,0.329021,6446.17,2500.0,-1589.44287109375
897.636,0.440695,3.44357,6.12761,1.34631,65.1281,2500.0,-3804.040283203125
2723.69,0.66725,8.61866,9.18089,0.690354,366.9,2500.0,-2945.5732421875
4785.79,0.756806,11.79109,13.94802,0.411838,2000.67,2500.0,-1989.010009765625
4892.13,0.79176,8.59277,13.05853,0.444467,1192.24,2500.0,-2228.26806640625
1577.26,0.51422,5.19593,6.87888,1.07505,284.42,2500.0,-3288.376953125
3163.29,0.68597,6.29952,11.91303,0.731845,1353.03,2500.0,-2570.16796875
3202.52,0.757704,4.979,10.36306,0.762533,1390.1,2500.0,-2956.052490234375
219.282,0.129457,4.36113,4.57268,1.52264,13.3365,2500.0,-3416.818359375
5025.9,0.814343,8.80574,10.73588,0.459631,2510.24,2500.0,-2413.56494140625
1828.83,0.542798,5.35253,7.29785,0.940449,285.243,2500.0,-3116.64013671875
3056.52,0.881128,30.77326,30.95304,0.329958,4803.06,2500.0,-1701.0494384765625
1034.2,0.316298,5.65556,6.21677,1.15778,74.4458,2500.0,-3043.258544921875
3789.76,0.78844,8.94702,10.49274,0.611911,1022.42,2500.0,-2505.460205078125
922.017,0.487442,4.10688,5.57457,1.26835,31.9638,2500.0,-3914.3681640625
4652.18,0.72119,6.27049,8.4008,0.602638,501.815,2500.0,-2621.9404296875
1395.99,0.474788,4.3691,6.64425,1.11259,618.72,2500.0,-3213.633544921875
2763.0,0.723722,8.89347,10.01436,0.743624,1541.14,2500.0,-2849.56396484375
2635.7,0.679664,6.70256,8.23267,0.819144,632.501,2500.0,-2928.513427734375
2161.71,0.578193,7.6102,8.51164,0.83005,510.182,2500.0,-2665.62255859375
3241.23,0.638504,6.85417,7.89715,0.678494,399.688,2500.0,-2955.463623046875
3944.35,0.849863,12.92549,16.02659,0.43299,2914.68,2500.0,-1687.71875
5085.31,0.847688,10.16827,13.89185,0.358594,2181.12,2500.0,-1867.299560546875
2013.08,0.589731,6.08879,8.84753,0.928483,903.676,2500.0,-3157.09765625
170.039,0.102995,3.86903,4.69229,1.50773,11.7382,2500.0,-3528.7607421875
266.564,0.182685,3.54222,4.41986,2.23775,8.09169,2500.0,-3197.0283203125
272.399,0.181177,3.45919,4.59792,2.08076,13.1665,2500.0,-3427.019287109375
802.448,0.422367,3.66693,5.25057,1.96109,175.629,2500.0,-3082.84814453125
3333.2,0.791543,7.86745,16.18998,0.632308,4856.27,2500.0,-2369.770263671875
1638.88,0.585929,7.08598,7.29025,0.948221,151.304,2500.0,-3683.6103515625
3394.83,0.700566,5.9957,8.57087,0.754374,551.171,2500.0,-2865.201171875
561.144,0.272078,3.92759,5.14759,1.35109,45.539,2500.0,-3256.196533203125
4990.14,0.82237,9.60056,12.42628,0.400331,1770.96,2500.0,-2036.2763671875
2862.47,0.728803,6.52184,13.30637,0.74404,1525.94,2500.0,-2604.64892578125
2242.51,0.570637,4.73434,6.42533,0.894441,517.402,2500.0,-3178.408203125
514.869,0.499213,3.385,7.5389,1.48862,104.034,2500.0,-3417.600341796875
4652.82,0.82567,11.56288,18.03241,0.444334,5316.83,2500.0,-2019.056884765625
2474.96,0.617248,5.10514,10.34455,0.832061,915.456,2500.0,-2963.630615234375
1303.49,0.532967,6.44348,8.92958,1.31326,1421.6,2500.0,-2899.402587890625
728.675,0.325382,3.43664,4.7143,1.2459,18.5774,2500.0,-3174.228759765625
825.624,0.412583,3.71777,5.44349,1.44759,82.4465,2500.0,-3653.0234375
728.946,0.451467,5.1553,6.34985,1.63687,63.7631,2500.0,-3375.940673828125
1904.26,0.548241,4.73536,6.65322,1.02552,445.775,2500.0,-3334.1806640625
407.499,0.177117,4.3574,5.09729,1.38013,31.7995,2500.0,-3278.5576171875
1766.1,0.531874,4.23431,6.33047,1.15469,114.998,2500.0,-3117.48583984375
1213.89,0.517033,3.89522,5.74705,1.47019,216.745,2500.0,-3220.48974609375
2318.62,0.542516,5.74357,7.18852,0.841893,233.995,2500.0,-2784.44677734375
967.477,0.512258,4.30007,7.80705,1.10005,429.252,2500.0,-3462.64892578125
3387.52,0.795102,10.15851,13.83164,0.620428,2113.07,2500.0,-2309.546630859375
713.711,0.465322,3.50727,4.99124,0.989693,27.7349,2500.0,-3712.939208984375
1088.69,0.362121,4.16339,5.46662,1.28676,78.8293,2500.0,-3087.778076171875
1469.2,0.47359,3.908,5.72994,1.10736,80.9689,2500.0,-3314.18505859375
800.879,0.292361,3.85376,4.77427,1.2469,63.0217,2500.0,-3231.307861328125
1233.85,0.452422,6.1328,6.91666,1.03317,110.45,2500.0,-3500.94677734375
2331.31,0.66103,11.82551,12.49784,0.71503,674.952,2500.0,-2509.670166015625
423.433,0.303309,4.0294,5.47363,1.4212,64.1475,2500.0,-3569.900390625
1517.06,0.599736,4.5044,7.23245,1.14654,107.548,2500.0,-3737.166748046875
4312.44,0.886534,14.20116,24.85992,0.312714,10858.4,2500.0,-1335.5677490234375
1896.5,0.51438,5.26799,7.40549,0.980776,357.573,2500.0,-2984.30419921875
949.316,0.463024,4.01067,7.34023,1.13764,270.192,2500.0,-3390.049072265625
1176.74,0.464293,4.98557,6.38893,1.04777,290.128,2500.0,-3373.9306640625
3623.24,0.793443,9.41629,12.75036,0.573533,2095.63,2500.0,-2513.41845703125
2990.8,0.658786,6.22685,7.21056,0.75617,393.066,2500.0,-3297.787353515625
3447.13,0.730567,6.91479,11.17224,0.678046,1972.2,2500.0,-2574.79638671875
454.035,0.324778,3.44851,5.91978,1.36246,53.592,2500.0,-3227.670654296875
2949.51,0.755126,12.2893,14.34362,0.611585,3311.27,2500.0,-1930.4620361328125
3011.48,0.709141,7.8063,10.73274,0.688428,674.682,2500.0,-2800.47802734375
1913.97,0.672638,7.33159,7.92173,0.864348,221.889,2500.0,-3679.568603515625
1089.11,0.35703,4.83425,5.26126,1.17599,107.426,2500.0,-3350.9716796875
2487.23,0.738773,8.82257,9.07893,0.697053,431.452,2500.0,-3150.010986328125
881.16,0.405313,6.70188,7.1726,1.25647,60.1629,2500.0,-3640.79345703125
3858.39,0.734323,9.24117,13.36762,0.55466,1978.23,2500.0,-2220.271484375
2009.07,0.691161,21.00636,21.31576,0.600885,1335.52,2500.0,-1670.280029296875
1642.92,0.566347,13.74276,13.8878,0.771944,448.954,2500.0,-2463.992919921875
4174.12,0.68135,6.78201,9.68505,0.551144,887.256,2500.0,-2473.76513671875
397.581,0.210002,3.7264,5.07751,1.5036,55.2024,2500.0,-3106.74658203125
435.379,0.173037,3.92612,4.76508,1.41072,25.7543,2500.0,-3174.024169921875
2550.52,0.715819,7.5873,9.02249,0.745726,374.187,2500.0,-3264.636474609375
2759.69,0.688254,4.56573,10.22201,0.855708,1058.43,2500.0,-2794.541748046875
2329.06,0.616176,4.89187,6.94294,0.841995,495.549,2500.0,-3589.1416015625
2980.09,0.763458,7.38936,15.12652,0.700504,3957.19,2500.0,-2425.003662109375
3847.46,0.755374,8.4046,11.12033,0.563117,1351.92,2500.0,-2392.99365234375
961.143,0.386534,3.44385,4.44397,1.19026,17.5447,2500.0,-3428.3154296875
1270.95,0.55479,6.61249,6.85759,1.13796,90.7373,2500.0,-3847.1279296875
3136.94,0.629287,4.81421,7.15552,0.718399,587.405,2500.0,-3410.436767578125
4544.0,0.822375,9.45183,13.39023,0.442615,1535.56,2500.0,-2218.009033203125
166.498,0.133061,3.41571,4.11952,2.16044,1.78173,2500.0,-3304.885498046875
202.777,0.128539,4.19529,4.4416,1.82662,12.9437,2500.0,-3126.963623046875
4252.53,0.793353,8.45045,14.49699,0.485853,3087.21,2500.0,-2080.748779296875
3634.14,0.678785,6.34239,8.3483,0.683431,423.94,2500.0,-2853.8251953125
2470.4,0.654347,6.31663,6.54145,0.970399,296.131,2500.0,-3356.942626953125
3521.37,0.826364,11.54992,15.63525,0.556739,4147.99,2500.0,-2074.482177734375
1919.09,0.654222,21.15175,21.48467,0.599454,1212.01,2500.0,-1556.00439453125
3564.4,0.649691,5.0655,6.99717,0.717069,498.006,2500.0,-2897.9091796875
1154.38,0.530632,3.89319,6.27199,1.08675,89.1975,2500.0,-3686.828857421875
712.885,0.432243,3.84481,5.24665,1.49517,21.2363,2500.0,-3175.34619140625
3572.57,0.697955,5.45579,7.95645,0.711918,408.83,2500.0,-2881.9267578125
990.162,0.348465,4.9034,5.88243,1.15351,122.878,2500.0,-3281.972900390625
2949.73,0.807408,12.24453,14.81867,0.637018,3322.88,2500.0,-2131.511474609375
933.981,0.397848,4.71932,5.82043,1.25744,74.997,2500.0,-3300.65869140625
523.565,0.231956,3.97581,4.78782,1.68883,35.1227,2500.0,-3303.6953125
2638.8,0.697152,5.45463,6.27391,0.840598,351.92,2500.0,-3367.99072265625
3055.04,0.862896,27.54555,27.96058,0.346112,4439.62,2500.0,-1658.1527099609375
1006.22,0.447186,9.06251,9.30108,1.14268,298.757,2500.0,-3148.5361328125
1660.15,0.588067,15.63431,15.89187,0.696885,686.265,2500.0,-2035.9129638671875
1721.3,0.586298,18.44161,18.80298,0.696591,1050.99,2500.0,-1638.531005859375
3111.46,0.717539,7.46791,8.20583,0.714594,580.349,2500.0,-3338.96826171875
327.549,0.181763,5.9567,7.2025,1.76656,86.6344,2500.0,-3025.209228515625
4047.41,0.857742,13.96857,20.46019,0.415302,6019.68,2500.0,-1852.813720703125
1650.78,0.486274,4.92555,6.0591,0.958997,126.147,2500.0,-3421.033447265625
4231.57,0.847949,10.52518,13.68756,0.443721,4288.36,2500.0,-1869.9605712890625
179.685,0.134415,3.43279,4.17837,1.6251,1.87012,2500.0,-4060.806884765625
1092.29,0.491217,5.56829,6.27579,1.17395,74.6418,2500.0,-3836.2412109375
4675.38,0.834914,10.08699,16.60496,0.385751,4267.6,2500.0,-1824.334228515625
480.082,0.316249,3.41565,4.56273,1.21345,5.74121,2500.0,-3651.633056640625
3215.82,0.765603,8.7466,15.0627,0.615261,2999.92,2500.0,-2257.727783203125
1261.57,0.417392,5.93272,6.46305,0.915886,170.179,2500.0,-3289.964599609375
3723.75,0.791217,11.91988,13.04258,0.500417,1830.47,2500.0,-2202.677490234375
2805.9,0.604171,6.49722,8.28323,0.781485,437.058,2500.0,-3079.563232421875
1764.81,0.627111,7.77795,9.81294,1.00644,618.97,2500.0,-2841.753173828125
4641.45,0.819579,10.95727,12.99916,0.420824,2205.87,2500.0,-2009.3861083984375
52.8563,0.26865,3.30856,3.49339,2.0126,0.0731814,2500.0,-2718.54052734375
1429.38,0.442938,4.25642,6.91434,1.01094,391.538,2500.0,-3156.572021484375
852.127,0.296631,5.16051,5.87396,1.29088,47.9205,2500.0,-3388.327880859375
1696.7,0.536318,3.49332,4.81729,1.0161,151.041,2500.0,-3455.64501953125
5128.3,0.885982,11.39279,20.44884,0.319634,6531.8,2500.0,-1632.0909423828125
3071.58,0.712837,7.72419,10.59626,0.708095,1459.46,2500.0,-2625.1357421875
5378.2,0.820102,9.53287,11.8689,0.398722,2570.75,2500.0,-2004.3743896484375
1201.28,0.524619,4.4273,5.23257,1.36812,108.517,2500.0,-3310.8427734375
2051.1,0.579463,6.21637,7.42525,0.947745,403.532,2500.0,-2954.30615234375
5154.68,0.859318,14.35644,17.89084,0.322474,5753.12,2500.0,-1728.2325439453125
649.706,0.256466,3.74003,4.19624,1.29946,16.6585,2500.0,-3333.822998046875
5424.24,0.890077,12.89471,19.45037,0.273651,4596.55,2500.0,-1477.8468017578125
837.316,0.441762,3.49283,5.74125,1.35159,120.988,2500.0,-3528.369384765625
2930.05,0.66799,7.64589,9.33097,0.683014,521.553,2500.0,-2798.998046875
1609.85,0.511523,4.70183,6.70631,1.1491,543.626,2500.0,-2851.35693359375
60.3546,0.130936,3.89586,4.81718,2.02712,10.1786,2500.0,-3272.121337890625
4766.3,0.893425,13.13066,14.28469,0.338064,5957.47,2500.0,-1627.99169921875
650.362,0.368702,4.59617,5.4851,1.42593,39.6667,2500.0,-4542.833984375
589.285,0.316252,4.99107,5.76916,1.71323,55.454,2500.0,-3022.880126953125
3842.59,0.839914,14.90476,20.29451,0.416714,5823.75,2500.0,-1761.9111328125
312.166,0.152252,4.1959,5.1077,1.46699,43.14,2500.0,-3738.533447265625
5451.4,0.843866,11.75715,12.97532,0.369682,1917.79,2500.0,-2054.048583984375
1091.28,0.405986,3.52955,6.86967,1.07657,169.156,2500.0,-3513.0234375
4275.71,0.816619,9.44115,12.40119,0.466854,2077.61,2500.0,-2128.794677734375
3571.24,0.753334,8.98268,9.68461,0.605683,1608.36,2500.0,-2766.83740234375
1018.33,0.339494,4.20701,5.02118,1.25172,139.072,2500.0,-3028.52685546875
1820.41,0.428259,3.6603,4.94822,0.831817,143.111,2500.0,-3202.42333984375
1898.71,0.555832,4.83616,6.02546,1.00055,186.427,2500.0,-3017.484619140625
3465.02,0.712052,6.05581,7.8849,0.677875,889.124,2500.0,-3340.323974609375
202.828,0.291728,3.34967,4.09201,1.75648,1.74795,2500.0,-3501.80517578125
1203.2,0.54582,14.37111,14.65004,1.01116,603.466,2500.0,-2086.904296875
1689.9,0.632828,21.90568,22.23157,0.626267,1261.19,2500.0,-1515.891845703125
3410.82,0.715542,10.4086,13.04704,0.561746,2768.12,2500.0,-2024.8470458984375
2060.02,0.593118,5.54505,5.86846,0.98001,197.105,2500.0,-3703.98779296875
1000.28,0.299369,4.60699,6.19682,0.982129,110.891,2500.0,-3008.593505859375
449.522,0.215956,3.86789,6.84096,1.48349,112.334,2500.0,-2877.70947265625
1622.94,0.653263,13.71386,13.99681,0.868235,10.9239,2500.0,-2709.971923828125
2361.35,0.62565,6.25833,7.39578,0.812932,278.728,2500.0,-3410.550048828125
1427.23,0.5908,22.02729,22.12516,0.697686,1179.35,2500.0,-1576.6510009765625
239.158,0.145751,3.90737,4.12303,1.61004,6.52314,2500.0,-3218.273193359375
2193.53,0.712909,7.69632,8.1937,0.816648,312.889,2500.0,-3489.510986328125
1758.14,0.598118,19.25829,19.62001,0.656675,1152.29,2500.0,-1644.4444580078125
2787.68,0.791763,9.99373,13.30826,0.775238,2231.02,2500.0,-2289.77734375
1462.92,0.515606,9.51549,10.09738,0.940414,732.543,2500.0,-2667.18212890625
650.11,0.2996,3.53808,5.09231,1.35906,20.8378,2500.0,-3817.450927734375
506.817,0.244029,3.72225,4.95389,1.27147,21.7538,2500.0,-3664.73828125
502.506,0.270464,3.5336,4.56582,1.22759,18.1173,2500.0,-3503.626953125
2808.54,0.729444,6.95706,7.79076,0.877474,1834.22,2500.0,-2825.79833984375
1382.27,0.588364,6.80052,7.80808,1.11498,153.249,2500.0,-3667.5322265625
3693.96,0.726988,7.03117,10.08382,0.596694,925.277,2500.0,-2502.569091796875
3626.11,0.744641,7.16459,13.01797,0.619328,1840.81,2500.0,-2442.20849609375
632.609,0.371855,5.01673,5.98792,1.82993,57.92,2500.0,-3366.56591796875
1974.9,0.68155,21.97595,22.22491,0.559841,1301.75,2500.0,-1715.8114013671875
724.455,0.363761,3.39416,4.95312,1.09124,20.9723,2500.0,-3374.78662109375
2686.87,0.785293,10.19165,14.03386,0.785855,2068.03,2500.0,-2338.360107421875
724.291,0.317538,8.0277,8.95219,1.43654,317.189,2500.0,-2741.9208984375
5388.27,0.787207,8.23077,11.46781,0.451491,1285.06,2500.0,-2217.90185546875
639.032,0.323875,3.89265,4.99384,1.2834,57.8959,2500.0,-3624.0
1470.86,0.531075,5.12942,5.75402,1.09667,82.8944,2500.0,-3554.158203125
3278.19,0.686234,7.48202,11.12946,0.657184,1445.53,2500.0,-2448.612548828125
198.611,0.155407,5.29237,6.10098,1.69093,49.9801,2500.0,-3126.460205078125
1247.55,0.522639,10.933,11.30772,0.975801,25.8003,2500.0,-2959.4296875
571.038,0.232372,5.5774,7.50482,1.27543,111.628,2500.0,-3052.640380859375
3527.8,0.763744,8.74656,12.19602,0.582316,1277.74,2500.0,-2250.0517578125
647.507,0.248235,5.39424,6.64344,1.22047,193.02,2500.0,-3495.798095703125
126.887,0.116814,3.41865,5.28956,1.75558,16.683,2500.0,-2499.471435546875
2895.16,0.761305,13.76401,14.36989,0.557212,833.841,2500.0,-2642.85546875
1036.96,0.414532,4.84938,5.68398,1.17384,62.414,2500.0,-3340.8720703125
1081.17,0.480065,4.43433,6.7659,1.40398,102.083,2500.0,-3208.827392578125
806.877,0.356089,4.81573,6.07261,1.4745,392.052,2500.0,-3063.875732421875
3953.19,0.768411,8.42281,12.43552,0.520128,1273.0,2500.0,-2246.4658203125
2066.84,0.583232,7.65496,7.86287,0.783547,238.353,2500.0,-3137.6484375
991.189,0.562941,3.5861,9.40533,1.01026,577.297,2500.0,-3425.275146484375
1897.66,0.55457,4.53561,5.96439,0.996703,387.809,2500.0,-3368.875732421875
3335.37,0.764716,8.01464,14.63739,0.604012,2150.74,2500.0,-2254.493408203125
556.188,0.339343,4.4752,4.71483,1.3251,15.4578,2500.0,-3646.49462890625
1212.93,0.465757,4.80285,5.98729,1.23836,149.893,2500.0,-3207.54345703125
1141.29,0.429352,3.56768,5.08088,1.02576,48.6357,2500.0,-3130.591796875
832.25,0.472546,4.87369,5.54363,1.53124,39.316,2500.0,-3417.4619140625
1271.82,0.479488,5.83776,6.70648,1.06347,90.2654,2500.0,-3298.18310546875
2541.45,0.708536,7.23087,10.31929,0.839784,2224.75,2500.0,-2786.801513671875
1425.58,0.549176,3.88377,11.91049,1.10607,676.881,2500.0,-2710.13671875
879.847,0.321803,7.00265,7.35115,1.27163,88.2146,2500.0,-3020.200439453125
418.134,0.210408,3.77357,4.26796,1.16182,15.4639,2500.0,-3540.854248046875
4311.51,0.780011,7.43038,13.1663,0.522971,2803.18,2500.0,-2273.984130859375
870.194,0.430649,4.17496,5.6703,1.00517,72.9639,2500.0,-3388.6630859375
1710.84,0.553702,7.60526,8.03483,0.883905,204.091,2500.0,-3393.005859375
686.098,0.296159,3.77491,4.86489,1.30337,26.4021,2500.0,-3115.795166015625
5512.76,0.847416,9.92934,12.45532,0.362386,5917.5,2500.0,-1958.18994140625
1004.91,0.350681,3.77123,5.45964,1.15454,39.2528,2500.0,-3112.352294921875
1529.12,0.467984,5.50907,6.02782,0.941246,68.286,2500.0,-3415.3447265625
2415.45,0.605746,5.5286,7.65576,0.876424,340.481,2500.0,-2944.506103515625
584.911,0.26944,4.15297,6.18217,1.34744,105.281,2500.0,-3320.0703125
1219.3,0.622008,10.08887,10.76028,1.2749,328.899,2500.0,-3124.852294921875
2828.95,0.682553,12.49812,13.10066,0.572879,790.475,2500.0,-2463.004638671875
1772.95,0.577276,5.81209,7.9142,1.03556,744.581,2500.0,-3090.392333984375
219.94,0.114487,4.70133,5.33191,1.77897,23.4499,2500.0,-2824.885009765625
1853.32,0.537532,6.45823,8.39764,0.948012,1225.27,2500.0,-3001.6171875
2913.58,0.670764,5.8563,11.18827,0.727996,1246.9,2500.0,-2674.541015625
545.77,0.317641,5.57329,5.98338,1.8413,80.3083,2500.0,-3356.553955078125
2228.98,0.59032,5.22303,7.35729,0.811819,550.82,2500.0,-3550.386962890625
880.099,0.473892,3.43586,7.4336,1.49781,177.935,2500.0,-2953.681884765625
4763.43,0.822718,10.19974,12.54732,0.415763,1474.92,2500.0,-2196.45263671875
652.883,0.293552,3.36131,4.52992,1.14581,33.3554,2500.0,-3420.28662109375
1020.35,0.403233,9.44121,9.53639,1.05261,431.628,2500.0,-2814.42724609375
493.517,0.238887,3.66766,4.80253,1.44522,20.1821,2500.0,-3344.095458984375
3865.2,0.757494,9.08318,11.58331,0.57513,933.461,2500.0,-2440.5625
394.949,0.221616,3.57988,5.30577,1.46095,41.6182,2500.0,-3367.356689453125
93.642,0.117045,3.30824,3.75333,1.46113,0.856259,2500.0,-3212.787353515625
2046.94,0.658919,7.78441,8.10712,0.845555,301.572,2500.0,-3172.43603515625
2961.85,0.659661,7.0048,7.46387,0.743614,493.914,2500.0,-3114.656494140625
449.404,0.254281,3.41534,4.20033,1.21548,5.68568,2500.0,-3664.439453125
373.052,0.129269,4.12273,4.64053,1.08697,20.412,2500.0,-3281.841064453125
5476.26,0.836508,10.79011,14.58941,0.353384,2972.69,2500.0,-1855.054443359375
553.739,0.222932,4.5038,5.60415,1.29741,56.5996,2500.0,-2991.966552734375
5391.01,0.847631,11.24398,16.7896,0.328481,4123.08,2500.0,-1565.65869140625
5430.44,0.867195,13.14236,16.67952,0.301156,3669.15,2500.0,-1658.3863525390625
5537.93,0.88137,13.01166,19.36234,0.275434,3870.86,2500.0,-1604.1292724609375
1315.05,0.446568,3.7784,5.02029,1.14495,86.4435,2500.0,-3759.126220703125
3326.77,0.773509,7.51181,15.25728,0.626371,4172.29,2500.0,-2355.8173828125
3146.8,0.71811,7.85361,10.11987,0.688107,654.389,2500.0,-2670.756591796875
1438.03,0.554116,5.52255,6.84376,1.02018,81.68,2500.0,-3850.640625
459.744,0.24719,3.96923,4.80527,1.29763,24.0043,2500.0,-3515.97412109375
7109.4,0.969208,28.01314,28.73069,0.0870713,40918.5,2500.0,-889.1492919921875
4543.55,0.817272,13.05535,17.81966,0.34892,3974.5,2500.0,-1652.3319091796875
4064.93,0.816457,8.9722,12.09905,0.513824,1369.89,2500.0,-2493.8310546875
3003.63,0.791779,9.44084,13.04738,0.674628,3512.0,2500.0,-2165.527099609375
451.689,0.234953,3.87338,4.31645,1.54433,13.6487,2500.0,-3644.17333984375
1514.38,0.541034,5.18197,6.05207,1.1317,109.203,2500.0,-3223.4150390625
1017.29,0.393807,5.9614,6.63284,1.17037,372.639,2500.0,-3515.076416015625
3091.36,0.719629,7.6442,10.29439,0.761804,1500.33,2500.0,-2516.616943359375
1550.77,0.515974,6.03584,7.12489,0.962831,180.887,2500.0,-3137.3740234375
651.8,0.287729,3.7962,5.83148,1.30187,57.3394,2500.0,-3118.8759765625
2806.07,0.75423,6.42068,15.30996,0.727601,3922.88,2500.0,-2443.898681640625
411.037,0.259237,4.09054,4.42525,1.45333,8.41101,2500.0,-3780.12158203125
1568.45,0.489441,4.38562,5.7847,1.02688,183.069,2500.0,-3567.527587890625
246.168,0.223662,3.68138,4.37722,1.70555,14.2571,2500.0,-3915.4091796875
1018.19,0.437534,4.19809,6.29781,1.17214,114.035,2500.0,-3590.39111328125
2196.96,0.689683,12.97785,13.36565,0.699764,786.156,2500.0,-2579.137939453125
396.384,0.186658,4.97409,5.57071,1.49019,151.934,2500.0,-3356.580322265625
1470.37,0.55732,8.91429,11.53447,1.13079,1129.73,2500.0,-2409.126708984375
1465.92,0.499371,4.9373,6.11275,1.05964,148.334,2500.0,-3576.494873046875
1599.87,0.629088,8.06082,8.81092,1.01433,213.351,2500.0,-3501.73583984375
216.547,0.0985684,4.53975,5.13812,1.5345,16.9111,2500.0,-2801.92529296875
4728.43,0.78935,6.84161,11.21041,0.547827,2028.72,2500.0,-2518.098388671875
2583.85,0.663529,5.61278,14.16801,0.719258,1294.88,2500.0,-2626.093505859375
994.903,0.496688,6.05089,7.15376,1.26741,85.7602,2500.0,-3831.981201171875
1655.63,0.594549,7.19421,7.30289,0.99926,236.169,2500.0,-3607.84228515625
4958.99,0.803676,9.72691,12.73225,0.398361,3286.84,2500.0,-1981.1256103515625
5253.6,0.835703,10.18807,15.28634,0.379341,3118.63,3000.0,-2173.878173828125
279.071,0.28578,3.38677,4.03941,1.4788,4.87885,3000.0,-3759.342041015625
1427.6,0.427086,3.88694,5.73732,1.10551,73.346,3000.0,-3042.314453125
798.929,0.391614,10.34029,10.58098,1.33531,228.265,3000.0,-3223.072998046875
316.883,0.18142,3.52111,4.18919,1.35803,12.487,3000.0,-3908.7880859375
450.303,0.276434,5.26466,5.4862,1.5775,40.766,3000.0,-3175.70458984375
369.537,0.172195,3.59174,4.32452,1.35617,8.05492,3000.0,-3914.45703125
604.138,0.318318,3.39833,5.08104,1.24934,39.8451,3000.0,-3415.39501953125
4018.22,0.736959,9.8978,11.74237,0.52794,860.25,3000.0,-2185.092041015625
3257.69,0.61532,7.65489,8.17116,0.646299,513.761,3000.0,-2577.779296875
3446.47,0.752674,10.13124,10.58972,0.589423,1007.54,3000.0,-3068.496337890625
2858.37,0.796082,9.21859,13.38562,0.692885,1752.5,3000.0,-2283.71240234375
302.574,0.202239,3.33009,4.165,1.42755,6.83391,3000.0,-3157.24609375
2721.32,0.748017,14.02508,14.36802,0.6033,921.137,3000.0,-2561.148193359375
678.947,0.342753,9.59364,10.04299,1.22632,190.304,3000.0,-3353.198486328125
208.415,0.0924258,5.14504,5.19727,1.36014,34.3222,3000.0,-3328.868896484375
3172.99,0.771536,9.19916,10.52053,0.709755,1224.9,3000.0,-2696.401123046875
58.3253,0.148775,3.3184,3.98941,1.84827,0.944163,3000.0,-3818.274169921875
5422.33,0.874159,13.79905,17.30413,0.296383,3324.69,3000.0,-1811.382080078125
1650.63,0.556745,5.76877,7.52287,0.98164,859.465,3000.0,-3374.10400390625
5071.09,0.807612,9.35018,11.37498,0.456679,1157.17,3000.0,-2254.469482421875
1593.46,0.571585,6.8883,7.10666,1.01894,110.659,3000.0,-3243.91162109375
2374.66,0.612453,5.13475,7.42083,0.851227,634.241,3000.0,-3440.88818359375
624.038,0.296902,3.68297,4.55438,1.37923,18.7463,3000.0,-3020.080078125
438.449,0.248193,3.34365,5.32955,1.32526,37.2649,3000.0,-3603.355224609375
3149.45,0.733167,9.36758,11.85452,0.677218,1762.23,3000.0,-2613.4541015625
422.951,0.196027,4.02375,4.83317,1.42366,23.5623,3000.0,-3877.43017578125
3615.52,0.903338,37.35636,37.9206,0.243264,7667.03,3000.0,-1579.931396484375
2057.15,0.709917,10.11349,11.88416,0.927027,1058.31,3000.0,-2637.197021484375
3451.63,0.807047,8.94351,16.34775,0.596572,5161.64,3000.0,-2400.16064453125
412.554,0.287392,4.89851,7.0483,1.9575,110.785,3000.0,-3761.647705078125
240.802,0.166396,3.88959,4.2325,1.69289,7.37759,3000.0,-3571.309326171875
3486.54,0.814237,9.73442,13.33544,0.55776,1517.32,3000.0,-2337.1982421875
3789.76,0.78844,8.94702,10.49274,0.611911,1022.42,3000.0,-2592.05615234375
1775.77,0.66604,5.0597,6.14109,0.992421,118.06,3000.0,-3718.2548828125
3285.79,0.838285,9.41079,18.83652,0.539454,3916.42,3000.0,-2307.474609375
3271.69,0.735557,9.93587,11.00418,0.660653,1672.36,3000.0,-2787.966064453125
4077.96,0.767905,10.73682,12.26623,0.486159,1411.62,3000.0,-2226.307373046875
1588.72,0.521553,7.32443,8.01764,0.983673,211.901,3000.0,-3315.404541015625
1785.77,0.57532,15.82404,16.21114,0.739565,657.136,3000.0,-2466.09033203125
1677.31,0.758242,9.91689,15.36464,0.790535,1956.05,3000.0,-2884.918212890625
2708.54,0.694046,6.05923,7.48124,0.825345,227.207,3000.0,-3086.6875
2907.96,0.812004,10.10471,15.33131,0.643284,2482.54,3000.0,-2015.6500244140625
3078.44,0.748387,8.71069,11.72304,0.666591,1211.56,3000.0,-2422.857666015625
1825.67,0.658483,8.3661,8.63194,1.07495,363.378,3000.0,-3020.224365234375
2033.58,0.635753,8.39312,9.70549,0.92742,2445.31,3000.0,-2882.986328125
6141.15,0.849242,9.89003,13.06592,0.341482,1698.11,3000.0,-2027.61474609375
1632.15,0.466404,6.49563,7.39376,0.805202,127.173,3000.0,-2986.41015625
1253.14,0.597463,5.70434,10.59258,1.46364,1502.76,3000.0,-2922.98291015625
3685.25,0.825692,10.61075,12.55865,0.549487,1686.17,3000.0,-2195.014892578125
1293.33,0.467376,3.64836,11.03882,1.11241,400.881,3000.0,-2835.2001953125
136.751,0.313866,3.30341,4.21992,1.51445,3.82509,3000.0,-4143.19677734375
3394.83,0.700566,5.9957,8.57087,0.754374,551.171,3000.0,-2973.3486328125
3877.64,0.78701,10.54213,12.56773,0.561713,2316.2,3000.0,-2243.792236328125
4445.28,0.810785,10.64044,15.1883,0.426923,3589.19,3000.0,-2124.8681640625
4213.68,0.736524,6.71291,8.8463,0.621908,763.012,3000.0,-2919.194091796875
1997.56,0.639496,11.3491,12.09911,0.776118,923.714,3000.0,-2632.649658203125
826.955,0.430532,4.51535,5.63695,1.29919,39.4135,3000.0,-4067.11865234375
2784.19,0.610591,4.91004,8.2179,0.842284,241.06,3000.0,-2806.882568359375
553.064,0.236488,3.82381,4.88356,1.26647,13.7634,3000.0,-3397.605712890625
4873.39,0.838152,12.17548,16.96652,0.341071,3261.38,3000.0,-1919.9195556640625
972.302,0.363301,3.783,4.54958,1.09811,19.1451,3000.0,-3870.99658203125
2269.58,0.624589,6.78363,8.35606,0.818216,729.042,3000.0,-3168.84375
5367.64,0.792249,9.53409,13.42908,0.38675,2049.08,3000.0,-2103.856201171875
2318.62,0.542516,5.74357,7.18852,0.841893,233.995,3000.0,-2825.411865234375
2832.03,0.800751,10.40624,12.2639,0.745598,2318.02,3000.0,-2520.743896484375
4250.14,0.743702,7.31379,9.74935,0.578999,1917.03,3000.0,-2621.989501953125
1194.52,0.46432,4.23895,6.9502,1.06293,110.336,3000.0,-3462.969970703125
1657.48,0.579579,12.90884,13.34066,0.773574,646.578,3000.0,-2556.37255859375
800.879,0.292361,3.85376,4.77427,1.2469,63.0217,3000.0,-3266.7529296875
1758.6,0.590473,7.57982,9.34225,0.894338,354.121,3000.0,-2942.48388671875
819.034,0.3976,3.57746,4.47011,1.34919,13.1686,3000.0,-3587.8359375
3168.57,0.80097,8.04733,16.20133,0.667226,4932.38,3000.0,-2552.61376953125
308.207,0.320278,3.58229,4.23645,2.02807,9.23176,3000.0,-3481.16845703125
290.611,0.210961,4.16633,4.36317,1.30994,14.1027,3000.0,-2942.467529296875
1016.77,0.430875,4.17164,5.22795,1.16641,25.8903,3000.0,-4023.864013671875
1695.58,0.456192,3.8912,5.8832,0.904707,162.5,3000.0,-3036.718505859375
1804.82,0.66105,8.7905,9.15337,0.879785,303.046,3000.0,-3490.44775390625
2514.24,0.654928,5.60232,8.7867,0.814573,603.068,3000.0,-2979.509765625
3447.13,0.730567,6.91479,11.17224,0.678046,1972.2,3000.0,-2703.580810546875
852.329,0.459618,3.75568,7.84458,1.44276,137.206,3000.0,-3473.539306640625
89.075,0.102716,3.40653,3.86071,1.60741,2.21383,3000.0,-3034.61083984375
1264.96,0.483909,5.766,6.37902,1.05133,80.5443,3000.0,-3649.7265625
953.137,0.527894,6.91289,7.10727,1.65749,187.264,3000.0,-3151.29443359375
182.55,0.111071,4.68203,5.04,2.06002,21.5066,3000.0,-2833.83203125
5675.68,0.879741,11.24113,20.09942,0.296792,8956.22,3000.0,-1756.899169921875
4107.58,0.813875,11.11847,14.17854,0.487729,2150.3,3000.0,-2240.18310546875
2009.07,0.691161,21.00636,21.31576,0.600885,1335.52,3000.0,-1750.5506591796875
1271.68,0.49051,4.4771,6.5216,1.29845,293.766,3000.0,-3174.590087890625
190.234,0.151858,3.83842,4.73826,2.02697,9.26035,3000.0,-3270.447265625
340.977,0.20748,3.37842,4.85822,1.67044,30.9265,3000.0,-3803.302978515625
2550.52,0.715819,7.5873,9.02249,0.745726,374.187,3000.0,-3153.5546875
2795.01,0.631537,4.89408,10.85266,0.773849,1048.22,3000.0,-2847.77685546875
2579.63,0.794469,10.14254,13.77693,0.81653,2088.01,3000.0,-2411.67822265625
2669.44,0.766262,11.84175,12.09803,0.627698,639.496,3000.0,-2962.706787109375
403.113,0.231443,3.36605,4.35237,1.28134,12.4958,3000.0,-3442.304931640625
3505.71,0.770594,8.22259,8.70645,0.620776,723.921,3000.0,-3317.38330078125
2846.0,0.712086,6.82929,7.43782,0.745247,521.432,3000.0,-3439.227783203125
2831.23,0.859725,26.9752,27.69963,0.375193,4438.51,3000.0,-1694.4014892578125
1146.65,0.474955,6.45391,7.38751,1.087,125.606,3000.0,-3668.628662109375
2753.67,0.622479,5.55059,7.46649,0.749762,860.19,3000.0,-3244.8154296875
2081.02,0.554202,5.79264,9.28873,0.943386,464.851,3000.0,-2656.369384765625
5001.88,0.830007,9.58861,13.36754,0.392007,3001.68,3000.0,-2127.78125
5186.12,0.913577,15.74483,20.93499,0.252275,12581.4,3000.0,-1475.34423828125
4018.35,0.777862,8.97764,9.63349,0.613619,1037.18,3000.0,-2943.579833984375
885.918,0.384034,8.7374,9.28168,1.2454,213.111,3000.0,-3046.059326171875
5610.6,0.853637,9.61299,15.79901,0.32816,3085.96,3000.0,-1944.56982421875
3667.92,0.699596,5.06427,9.09558,0.688986,1442.2,3000.0,-2895.7783203125
1645.49,0.480756,5.3043,6.81911,0.955657,554.204,3000.0,-3432.961181640625
1404.91,0.507852,5.1469,6.74829,1.09155,394.046,3000.0,-3444.033203125
3538.44,0.758127,7.99213,9.80864,0.583998,4278.16,3000.0,-3019.03173828125
551.448,0.405176,3.35059,3.99692,1.1531,5.51081,3000.0,-3928.74951171875
1214.21,0.475957,5.56724,6.4213,1.18737,156.311,3000.0,-3146.32958984375
330.966,0.228569,3.77922,4.65985,1.94442,22.7219,3000.0,-3151.0400390625
2052.0,0.64476,4.40084,7.06946,0.885879,419.604,3000.0,-3393.3681640625
311.601,0.215568,3.49675,4.18332,1.62589,10.9518,3000.0,-3386.635498046875
1618.18,0.706163,20.3665,20.70132,0.757113,1327.89,3000.0,-1892.1165771484375
4857.47,0.786148,7.8346,10.60725,0.502141,1565.6,3000.0,-2516.760009765625
990.162,0.348465,4.9034,5.88243,1.15351,122.878,3000.0,-3276.04736328125
2118.22,0.584796,6.15281,7.1672,0.902641,908.549,3000.0,-3126.224365234375
1026.17,0.409063,5.63927,6.36354,1.14587,107.845,3000.0,-3764.4150390625
2638.8,0.697152,5.45463,6.27391,0.840598,351.92,3000.0,-3340.067626953125
965.9,0.312302,3.76385,5.67074,1.08909,113.919,3000.0,-3345.3681640625
3612.15,0.753192,7.69895,14.46845,0.624212,2741.81,3000.0,-2235.702392578125
531.863,0.254877,3.5495,4.73064,1.38131,15.4386,3000.0,-3150.8310546875
4416.81,0.805046,9.05662,14.31008,0.449048,2855.28,3000.0,-2419.894775390625
4339.07,0.805728,12.02694,15.27235,0.416897,2463.06,3000.0,-2076.546142578125
3309.22,0.811943,10.43932,14.10387,0.588489,1979.95,3000.0,-2163.246826171875
2477.12,0.674738,7.63127,8.10898,0.794846,407.811,3000.0,-3313.349609375
2368.16,0.563206,5.69302,8.25648,0.811477,246.33,3000.0,-3127.963623046875
1998.72,0.603089,5.47594,10.22092,0.97944,942.934,3000.0,-3008.551025390625
1688.49,0.589691,3.6901,10.75847,1.03208,635.377,3000.0,-3282.202880859375
426.437,0.289186,4.90806,7.07698,1.92372,113.528,3000.0,-3813.393310546875
3303.91,0.756149,7.69926,13.15445,0.634096,1950.74,3000.0,-2602.956298828125
382.052,0.295661,3.66959,4.23448,1.24231,5.34254,3000.0,-3056.582763671875
1387.78,0.467797,4.98924,6.05047,1.1177,120.921,3000.0,-3208.167724609375
5306.01,0.881511,11.20612,12.2124,0.364265,10276.9,3000.0,-2104.341552734375
3872.88,0.745771,6.37454,13.1891,0.626919,1801.15,3000.0,-2654.651611328125
2647.13,0.696725,7.09005,7.67733,0.889025,522.564,3000.0,-2839.2333984375
3121.29,0.730105,8.14355,11.36861,0.748896,997.449,3000.0,-2290.73046875
3428.96,0.731137,6.22351,12.98917,0.669231,1698.52,3000.0,-2645.269287109375
496.497,0.311599,3.3553,4.2324,1.00593,22.5977,3000.0,-3562.099853515625
597.555,0.373613,4.03728,5.53246,1.42939,22.3528,3000.0,-3694.1416015625
4026.55,0.773894,8.79848,12.5749,0.507008,1274.93,3000.0,-2438.62548828125
567.463,0.302571,4.58239,5.05763,1.50361,34.8469,3000.0,-3246.150634765625
929.325,0.57213,6.53432,6.94732,1.63491,208.338,3000.0,-3506.366943359375
280.851,0.145227,3.73518,4.19981,1.24278,12.4229,3000.0,-3659.744873046875
502.64,0.26501,3.53469,5.57478,1.44538,98.8383,3000.0,-3364.7587890625
788.743,0.452531,4.2155,4.60726,1.51776,20.2078,3000.0,-3447.12255859375
4326.42,0.776471,9.58021,10.72202,0.522724,1730.26,3000.0,-2355.6796875
464.692,0.246351,4.34533,5.08846,1.43975,53.0117,3000.0,-3894.552001953125
800.267,0.40507,3.85059,5.48546,1.35113,70.2273,3000.0,-3504.518310546875
3587.88,0.81752,9.00478,16.2767,0.584063,5299.4,3000.0,-2457.20849609375
1515.87,0.478319,5.67384,6.77716,0.893362,159.632,3000.0,-3287.004150390625
3467.85,0.733695,7.51209,9.05075,0.717836,1191.2,3000.0,-2598.392578125
2477.97,0.660766,8.53393,9.31018,0.761129,2061.17,3000.0,-2998.341064453125
60.3546,0.130936,3.89586,4.81718,2.02712,10.1786,3000.0,-3344.398681640625
3586.51,0.686655,9.09053,10.16578,0.557252,846.707,3000.0,-2568.99560546875
1150.27,0.388049,5.17036,6.86297,1.08522,557.149,3000.0,-3062.18505859375
4994.55,0.797822,8.52356,11.88109,0.44611,6336.32,3000.0,-2447.96728515625
2461.75,0.739093,7.73251,13.93473,0.846749,2070.75,3000.0,-2341.857421875
4526.11,0.803294,10.14962,14.14205,0.479951,2500.6,3000.0,-2214.1123046875
5451.4,0.843866,11.75715,12.97532,0.369682,1917.79,3000.0,-2244.35107421875
886.527,0.468105,7.8095,9.5927,1.27629,5.11393,3000.0,-3644.511962890625
1679.4,0.564838,16.52928,16.9431,0.689298,734.588,3000.0,-2024.414306640625
2123.09,0.590581,6.63319,8.70358,0.948041,407.094,3000.0,-2873.55810546875
2197.7,0.604545,4.50138,6.53494,0.872955,414.453,3000.0,-3602.676025390625
5637.76,0.943183,19.78433,22.43899,0.168004,21259.4,3000.0,-1146.7034912109375
920.652,0.423008,5.31611,5.92419,1.21831,14.5857,3000.0,-3570.357421875
3572.78,0.736228,7.62125,15.25695,0.589931,2879.53,3000.0,-2192.58447265625
93.0964,0.0812732,3.41064,3.97871,1.52219,2.734,3000.0,-3649.79150390625
3465.02,0.712052,6.05581,7.8849,0.677875,889.124,3000.0,-3551.764892578125
2374.38,0.710287,10.4853,11.22548,0.713141,466.691,3000.0,-3034.92822265625
862.767,0.361693,3.60161,5.49268,1.23908,121.858,3000.0,-3319.48876953125
2207.8,0.710641,22.25624,22.53329,0.537128,1397.04,3000.0,-1757.908447265625
475.663,0.237515,5.0248,5.55089,1.53062,52.6376,3000.0,-2910.834716796875
2014.39,0.681804,7.19989,9.03374,1.06253,382.04,3000.0,-2794.336181640625
2408.52,0.739623,6.67551,16.03878,0.839258,4199.71,3000.0,-2674.30615234375
239.158,0.145751,3.90737,4.12303,1.61004,6.52314,3000.0,-3076.32275390625
444.731,0.212922,4.48969,5.11255,1.32162,36.7153,3000.0,-3004.24560546875
757.28,0.306539,5.21566,6.9261,1.17673,209.77,3000.0,-3227.816162109375
103.908,0.161508,3.42433,3.93292,1.90269,1.60542,3000.0,-3743.24169921875
2812.82,0.644834,5.71049,7.49577,0.892829,294.811,3000.0,-2754.389404296875
426.37,0.22888,3.70714,4.43647,1.22209,9.27227,3000.0,-4628.9189453125
3917.11,0.724727,6.61227,8.36089,0.737,638.069,3000.0,-2597.5126953125
1462.92,0.515606,9.51549,10.09738,0.940414,732.543,3000.0,-2662.590576171875
937.599,0.321929,4.25485,5.28728,1.21127,83.368,3000.0,-3157.179443359375
926.537,0.45931,4.65216,5.13287,1.15119,48.205,3000.0,-3923.02294921875
882.744,0.443209,6.01514,7.17433,1.32712,82.2846,3000.0,-3476.34375
2649.96,0.538643,5.02544,7.09891,0.785898,355.99,3000.0,-2735.36669921875
891.426,0.367346,7.93695,8.15015,1.23257,110.923,3000.0,-2922.57373046875
1974.27,0.593302,6.37739,7.16526,0.905685,242.632,3000.0,-3459.791259765625
1083.68,0.356849,4.72631,5.65859,1.10323,73.0723,3000.0,-3111.716796875
1214.28,0.497746,4.20603,6.87343,1.21605,312.748,3000.0,-3377.8994140625
967.553,0.394775,3.57517,4.88751,1.34317,47.0813,3000.0,-3248.981201171875
1024.34,0.451618,5.22347,5.67478,1.2756,49.4409,3000.0,-3572.27099609375
1778.03,0.701966,10.13009,10.43814,0.962746,448.801,3000.0,-3059.6572265625
2271.29,0.555741,4.57799,6.18885,0.802746,394.547,3000.0,-3447.441650390625
950.434,0.436326,10.1627,10.27835,1.15374,506.357,3000.0,-2824.582275390625
1123.76,0.394675,4.03384,6.01111,1.17815,78.5091,3000.0,-3154.406494140625
4828.52,0.838179,11.1818,14.60444,0.389591,2439.99,3000.0,-2032.600830078125
737.24,0.380351,5.56684,5.82161,1.04764,70.9239,3000.0,-3693.326904296875
4985.0,0.808445,8.6233,11.89436,0.469971,1196.0,3000.0,-2321.806884765625
4797.45,0.797738,9.62763,11.12887,0.464984,1156.09,3000.0,-2415.42578125
289.446,0.300231,3.34815,4.33781,1.52232,37.8892,3000.0,-3243.747314453125
5212.67,0.868594,14.55817,18.40466,0.32786,5790.52,3000.0,-1883.6378173828125
1789.43,0.512712,4.17332,6.78154,1.05917,122.831,3000.0,-3110.99951171875
2057.33,0.612049,8.6622,8.96636,0.789488,539.379,3000.0,-2828.32373046875
1538.35,0.555357,3.57052,4.58556,1.08588,66.8083,3000.0,-3531.463623046875
2406.82,0.701883,7.75194,8.084,0.758889,316.848,3000.0,-3308.74072265625
2585.24,0.630993,6.63907,7.99277,0.795414,644.314,3000.0,-3288.01171875
3019.59,0.762186,9.09565,16.19671,0.657643,4659.27,3000.0,-2383.702392578125
2040.04,0.632297,7.68785,8.18686,0.809755,274.623,3000.0,-3299.9404296875
458.272,0.226384,5.37152,6.11015,1.47299,99.6402,3000.0,-3293.971435546875
1271.82,0.479488,5.83776,6.70648,1.06347,90.2654,3000.0,-3540.810791015625
5409.61,0.84865,10.78389,14.83024,0.343559,3491.36,3000.0,-2012.7550048828125
2192.07,0.709628,6.27497,12.62898,0.958175,2124.16,3000.0,-2427.916748046875
4223.86,0.737461,6.38265,9.26481,0.638987,555.063,3000.0,-2826.516357421875
232.886,0.161037,3.7548,4.52265,1.82617,8.41092,3000.0,-3518.718505859375
3835.6,0.657503,5.48932,7.591,0.651257,475.512,3000.0,-2589.023681640625
870.194,0.430649,4.17496,5.6703,1.00517,72.9639,3000.0,-3566.5283203125
2174.88,0.557343,5.98462,7.37131,0.843305,188.415,3000.0,-3040.38720703125
452.193,0.26129,3.62398,4.07893,1.18859,3.6007,3000.0,-4208.4609375
2415.45,0.605746,5.5286,7.65576,0.876424,340.481,3000.0,-2933.211181640625
374.131,0.220289,4.01494,4.94053,1.43043,68.7277,3000.0,-3170.754638671875
1855.76,0.590665,4.42103,5.09393,0.986135,80.4091,3000.0,-4024.578369140625
4753.7,0.889219,13.47309,18.11275,0.334391,6419.11,3000.0,-1690.177490234375
2085.46,0.610323,5.45896,7.75717,0.954451,1308.09,3000.0,-3064.6640625
1142.82,0.43612,6.12201,6.79837,1.08392,141.059,3000.0,-3578.00537109375
2269.39,0.755943,7.87687,11.45716,0.917364,1771.8,3000.0,-2587.50341796875
268.489,0.174304,4.05297,4.96949,1.40516,28.1521,3000.0,-2956.056396484375
1542.37,0.5563,6.65704,7.39819,0.96894,158.342,3000.0,-3659.452392578125
821.514,0.393097,9.89543,10.01009,1.23019,466.608,3000.0,-2938.797607421875
5476.26,0.836508,10.79011,14.58941,0.353384,2972.69,3000.0,-1993.93115234375
5142.9,0.826176,10.77,13.33239,0.376373,3171.46,3000.0,-2146.118896484375
3664.65,0.828208,9.34189,16.24889,0.570512,5453.99,3000.0,-2445.781494140625
2700.51,0.627172,5.62663,6.75407,0.832164,335.437,3000.0,-3184.5859375
3763.62,0.704358,5.87733,8.05655,0.650793,1172.83,3000.0,-3169.96923828125
1489.3,0.509322,5.10149,6.25716,1.05911,173.208,3000.0,-3658.9619140625
1200.66,0.412143,5.12609,6.38223,1.1133,250.572,3000.0,-3077.914306640625
3967.25,0.76715,11.24262,12.92345,0.54514,3603.55,3000.0,-2734.780517578125
1026.46,0.382419,3.50175,5.57532,1.15165,203.621,3000.0,-3251.0810546875
672.114,0.285873,3.67352,5.09475,1.24571,22.0154,3000.0,-3677.39599609375
1772.3,0.57666,4.98089,6.109,1.12812,78.7671,3000.0,-3028.4931640625
238.664,0.205345,3.34538,5.63608,1.99213,28.5514,3000.0,-3605.4208984375
4269.11,0.823338,7.33376,18.74957,0.460638,5119.26,3000.0,-2473.769287109375
1008.31,0.484611,5.0405,6.724,1.20976,66.886,3000.0,-3667.85400390625
2196.96,0.689683,12.97785,13.36565,0.699764,786.156,3000.0,-2731.275634765625
2710.7,0.69818,6.56601,9.86178,0.812017,740.47,3000.0,-2836.968017578125
1128.21,0.546059,5.92475,7.62557,1.5056,573.641,3000.0,-3268.731201171875
1854.45,0.646346,17.60025,17.76075,0.642189,756.189,3000.0,-2250.9365234375
4286.51,0.792663,7.8103,10.14813,0.490102,1816.27,3000.0,-2652.017578125
3226.08,0.68098,9.00638,10.76822,0.672384,1669.14,3000.0,-2415.61572265625
4136.04,0.788442,8.71904,13.97546,0.50573,2476.22,3000.0,-2183.838134765625
1667.54,0.506057,7.18082,7.88825,0.90817,252.006,3000.0,-3079.742919921875
1851.94,0.636304,5.67313,7.35697,0.92614,132.903,3000.0,-3795.54296875
1923.32,0.691167,21.61833,21.94921,0.591491,1263.69,3000.0,-1859.0697021484375
4044.78,0.819932,7.83023,15.03783,0.521331,2952.72,3000.0,-2461.06689453125
1353.19,0.48123,9.10484,9.55225,0.94268,167.544,3500.0,-3148.233642578125
719.319,0.292887,3.81609,5.23818,1.32525,47.0815,3500.0,-3642.10302734375
2050.89,0.586607,6.47866,7.0501,0.807828,254.129,3500.0,-3425.452392578125
116.565,0.115039,3.53045,3.93033,1.5557,1.57814,3500.0,-3602.74609375
319.532,0.197535,4.94412,5.40904,1.5909,31.0201,3500.0,-3820.63427734375
6044.03,0.88209,11.90508,18.41802,0.274788,4727.74,3500.0,-1781.4759521484375
637.523,0.270163,4.82155,5.44654,1.40228,88.5499,3500.0,-3265.34326171875
4166.03,0.727303,5.63393,8.23505,0.67988,328.395,3500.0,-2750.87255859375
4767.49,0.872905,12.33041,18.35662,0.3563,6795.64,3500.0,-1906.4344482421875
1557.53,0.445844,5.26843,5.78183,0.992244,109.522,3500.0,-3273.285888671875
1077.8,0.448229,6.85494,7.67884,1.14958,74.5068,3500.0,-3430.047607421875
2695.48,0.653141,4.97766,9.18803,0.83294,1010.26,3500.0,-2815.98388671875
292.596,0.227562,3.90257,4.90626,1.65753,43.8119,3500.0,-4061.28076171875
2320.37,0.691295,7.50828,8.90988,0.758424,356.414,3500.0,-3311.10400390625
6895.55,0.96124,26.44333,27.28585,0.10338,34302.6,3500.0,-1103.980224609375
609.859,0.238532,5.5019,6.80242,1.23498,106.84,3500.0,-3416.822509765625
310.725,0.15549,4.88842,5.65624,1.66872,49.8768,3500.0,-3135.697265625
3313.76,0.885596,30.12775,30.35455,0.304447,4843.19,3500.0,-1646.159423828125
321.72,0.197721,4.07396,4.56585,1.45448,16.082,3500.0,-3518.48974609375
2877.75,0.648059,6.73231,7.28113,0.727592,405.33,3500.0,-3244.439208984375
256.734,0.222981,3.80694,4.83162,1.7127,22.5643,3500.0,-3529.15576171875
418.036,0.288081,3.5552,4.6944,1.30512,23.7035,3500.0,-3120.04443359375
624.038,0.296902,3.68297,4.55438,1.37923,18.7463,3500.0,-3275.555419921875
5130.53,0.846762,11.98041,15.08647,0.387944,1867.32,3500.0,-2319.456298828125
1405.89,0.579978,4.04503,8.33873,1.25652,381.428,3500.0,-3279.53076171875
1161.96,0.459147,3.91309,5.70856,1.05709,140.247,3500.0,-3243.068603515625
543.081,0.304241,3.96928,4.49299,1.48392,8.57872,3500.0,-3839.48828125
2950.55,0.694685,6.18071,7.93044,0.807934,697.222,3500.0,-2993.85791015625
2426.47,0.573716,4.582,6.55257,0.842545,296.466,3500.0,-3125.7412109375
883.267,0.453008,4.49928,5.03772,1.3129,40.2254,3500.0,-3746.60791015625
2989.81,0.807676,6.60039,13.65341,0.690586,3218.71,3500.0,-2310.86181640625
2028.42,0.630908,9.57665,10.01686,0.838723,564.085,3500.0,-2925.966552734375
1648.56,0.500699,4.92994,6.33858,1.00261,178.476,3500.0,-3224.3232421875
4652.18,0.72119,6.27049,8.4008,0.602638,501.815,3500.0,-2777.230712890625
905.956,0.418664,4.46025,6.05818,1.25274,58.6774,3500.0,-4044.347412109375
3163.48,0.787583,8.96769,16.21376,0.664114,4726.14,3500.0,-2658.461181640625
1353.7,0.599721,8.13323,8.85997,1.11962,251.703,3500.0,-3348.544677734375
1218.12,0.586084,6.75933,7.04005,1.24715,65.0265,3500.0,-3877.725830078125
709.833,0.28062,7.59887,7.72087,1.20392,243.969,3500.0,-2899.6767578125
1044.83,0.46513,4.59995,6.25349,1.125,50.789,3500.0,-3644.2861328125
4659.54,0.827732,10.47913,13.67182,0.400998,3848.84,3500.0,-2345.266845703125
3903.81,0.688005,10.33005,12.61277,0.48581,1945.37,3500.0,-2269.796630859375
684.72,0.320821,4.14866,5.86358,1.54485,75.0277,3500.0,-3169.866943359375
1912.47,0.520035,4.83213,6.08102,0.862002,374.283,3500.0,-3129.0986328125
923.743,0.386791,3.48226,5.94587,1.2201,48.2279,3500.0,-3319.375
1438.24,0.592658,21.01368,21.21007,0.749008,1221.89,3500.0,-1873.93359375
1271.95,0.678182,12.96761,13.33199,1.19854,837.321,3500.0,-2758.503662109375
6104.51,0.892137,13.06889,18.17956,0.26224,3755.37,3500.0,-1904.20263671875
1589.56,0.508979,7.16467,7.83196,0.972846,225.018,3500.0,-3012.762939453125
4065.94,0.808717,10.62303,16.45523,0.426286,3356.28,3500.0,-1940.69482421875
632.022,0.374927,5.84257,6.31105,1.20324,75.3737,3500.0,-3472.22509765625
607.323,0.314051,3.38672,4.96985,1.46405,19.8199,3500.0,-3015.922607421875
1929.01,0.800538,16.2706,16.35588,0.719965,1323.58,3500.0,-2538.560546875
633.882,0.301016,6.25134,9.32403,1.2383,332.175,3500.0,-3158.368896484375
4914.97,0.84806,10.86331,14.70462,0.381553,2494.93,3500.0,-2156.788330078125
1224.08,0.456443,6.25902,7.42041,1.08832,225.12,3500.0,-3586.2373046875
4467.71,0.786847,7.58532,16.57381,0.443177,3375.0,3500.0,-2157.229736328125
366.851,0.21454,4.27879,4.43538,1.30702,0.678938,3500.0,-3037.7626953125
2905.74,0.727709,11.81476,12.02329,0.612591,607.269,3500.0,-2972.69970703125
1818.89,0.621575,7.67058,8.05657,0.97937,320.263,3500.0,-3138.325439453125
901.943,0.440851,6.28705,6.5693,1.34242,105.94,3500.0,-3639.374267578125
5745.15,0.886976,12.40421,17.21859,0.27118,4498.67,3500.0,-1866.175537109375
448.758,0.288906,4.27272,4.61456,1.69401,26.6593,3500.0,-3363.068359375
2901.42,0.71699,11.09332,11.36151,0.640402,617.532,3500.0,-2899.52099609375
592.912,0.342874,3.85093,4.53193,1.98883,30.4414,3500.0,-3384.6865234375
1039.95,0.434488,9.54543,9.88221,1.04916,453.257,3500.0,-2798.0703125
4059.64,0.79671,8.44198,12.86755,0.539812,2098.24,3500.0,-2460.766845703125
861.11,0.428056,6.46527,7.20057,1.36989,106.203,3500.0,-3409.612548828125
2244.37,0.533119,4.81447,6.23895,0.812374,418.374,3500.0,-3380.269287109375
439.634,0.29232,3.82976,5.11423,2.054,72.7213,3500.0,-3061.77001953125
624.185,0.333833,4.31513,5.8543,1.5663,69.6057,3500.0,-3287.667724609375
493.433,0.191445,4.289,4.67015,1.41629,18.0912,3500.0,-3694.340576171875
1153.93,0.495585,4.09745,8.5636,1.27169,195.277,3500.0,-3122.91650390625
713.711,0.465322,3.50727,4.99124,0.989693,27.7349,3500.0,-3420.927001953125
2510.08,0.67395,8.73683,10.45254,0.741843,976.467,3500.0,-2998.4638671875
823.705,0.327819,5.83256,7.96297,1.44325,114.25,3500.0,-2858.232421875
4367.26,0.866445,15.07921,20.51629,0.368143,6259.36,3500.0,-1996.885498046875
1427.04,0.453131,4.56473,5.72858,0.957227,135.37,3500.0,-3494.125244140625
2002.53,0.71368,11.11872,12.09189,0.948346,1506.34,3500.0,-2408.270263671875
2257.11,0.716028,21.58651,21.9185,0.531455,1305.91,3500.0,-1892.50390625
2733.2,0.531798,6.02374,8.62664,0.740346,541.79,3500.0,-2691.246337890625
1727.49,0.635937,5.0844,11.42466,1.20516,1483.44,3500.0,-2884.856201171875
290.611,0.210961,4.16633,4.36317,1.30994,14.1027,3500.0,-2902.45703125
2982.28,0.847388,25.19529,25.85042,0.371645,3742.69,3500.0,-1687.9906005859375
2697.45,0.664159,5.9591,9.04346,0.799337,1155.44,3500.0,-3081.34130859375
449.792,0.220984,3.96039,5.3955,1.51911,25.3787,3500.0,-3218.594482421875
3896.45,0.796851,7.89815,15.05513,0.573726,1865.19,3500.0,-2556.525390625
249.976,0.316086,3.58438,4.40333,1.1992,8.16831,3500.0,-3327.160888671875
3374.33,0.726264,6.24978,9.73165,0.720586,810.327,3500.0,-2775.595458984375
5075.63,0.82845,11.51248,15.76742,0.369786,3600.38,3500.0,-2209.625
920.422,0.389733,3.81236,5.23715,1.15722,27.5287,3500.0,-3842.61376953125
3341.14,0.763286,8.35281,13.23447,0.602211,2391.27,3500.0,-2236.57470703125
3747.77,0.821358,9.30885,16.34717,0.556327,5331.45,3500.0,-2550.872802734375
1271.68,0.49051,4.4771,6.5216,1.29845,293.766,3500.0,-3204.639404296875
1644.62,0.64505,10.22661,13.96564,0.982859,1288.12,3500.0,-2815.231201171875
1186.09,0.411128,4.64716,5.73734,1.1609,67.7637,3500.0,-2783.5908203125
5777.86,0.843008,12.17362,15.8178,0.35257,2518.71,3500.0,-2101.2197265625
435.379,0.173037,3.92612,4.76508,1.41072,25.7543,3500.0,-3198.2724609375
1008.93,0.384888,8.20993,8.41793,1.24739,148.342,3500.0,-3234.989501953125
2981.31,0.700176,4.54822,10.31258,0.834187,1159.76,3500.0,-2923.03955078125
3843.22,0.774829,8.34195,12.17681,0.532454,1353.89,3500.0,-2477.176025390625
820.913,0.384914,3.85387,5.87841,1.38187,201.13,3500.0,-3219.1884765625
2429.87,0.696959,10.17792,11.10796,0.720485,459.425,3500.0,-2969.24462890625
859.261,0.305891,5.52439,5.73034,1.29446,48.7475,3500.0,-3558.027099609375
1281.05,0.515659,4.98538,6.65014,1.02257,354.554,3500.0,-3665.728759765625
1146.65,0.474955,6.45391,7.38751,1.087,125.606,3500.0,-3581.714111328125
202.777,0.128539,4.19529,4.4416,1.82662,12.9437,3500.0,-3321.013671875
997.859,0.409614,4.98653,6.78962,1.3198,633.873,3500.0,-3134.275634765625
3806.42,0.806056,10.55218,14.76051,0.526934,2648.7,3500.0,-2224.905517578125
2859.63,0.679311,4.63072,7.16389,0.817178,412.1,3500.0,-3341.29541015625
5132.4,0.712572,6.37274,8.20555,0.556334,826.783,3500.0,-2746.36328125
3298.91,0.663802,8.99977,11.22584,0.641974,905.302,3500.0,-2468.1630859375
728.022,0.366942,3.47586,5.29273,1.28029,24.8506,3500.0,-3483.896240234375
597.663,0.361543,5.58287,6.33925,1.47856,64.1989,3500.0,-3676.014892578125
2641.23,0.751702,9.64348,10.06896,0.647967,541.034,3500.0,-3136.051025390625
3577.95,0.816677,8.34151,16.2706,0.584375,5235.23,3500.0,-2520.56689453125
4863.88,0.817606,8.88333,10.77063,0.449054,2660.65,3500.0,-2529.67236328125
4629.22,0.759417,6.37198,9.18694,0.526618,1352.32,3500.0,-2559.178955078125
2320.29,0.527636,5.676,7.7664,0.93549,627.698,3500.0,-2758.02783203125
3521.37,0.826364,11.54992,15.63525,0.556739,4147.99,3500.0,-2277.922119140625
3509.74,0.801882,7.94324,15.91682,0.602882,5072.13,3500.0,-2598.5458984375
1645.49,0.480756,5.3043,6.81911,0.955657,554.204,3500.0,-3403.92236328125
1335.89,0.486319,9.5068,9.80967,0.956082,176.388,3500.0,-3099.67578125
2820.44,0.624966,5.32502,6.88215,0.941318,877.742,3500.0,-2811.31103515625
158.547,0.199935,3.36704,4.04066,1.66653,4.89511,3500.0,-3754.455322265625
1378.03,0.667868,10.71879,11.94012,1.21012,917.24,3500.0,-2908.953125
3090.7,0.792501,23.24048,23.86,0.413515,3251.16,3500.0,-1718.9744873046875
5062.44,0.844336,10.92203,16.08454,0.328825,2910.82,3500.0,-2105.3623046875
944.612,0.496732,5.54401,6.97765,1.36969,87.1025,3500.0,-3604.4248046875
1754.82,0.573381,13.09386,13.399,0.746514,455.461,3500.0,-2629.364990234375
3214.05,0.650211,5.3579,8.72376,0.805222,753.716,3500.0,-2795.96923828125
252.271,0.132857,4.65875,5.41967,1.72364,81.1591,3500.0,-2899.254150390625
5217.59,0.826077,8.88207,10.10618,0.441567,2556.27,3500.0,-2570.437744140625
1650.78,0.486274,4.92555,6.0591,0.958997,126.147,3500.0,-3411.01025390625
1148.89,0.426508,3.75673,5.6401,1.10771,118.738,3500.0,-3713.929443359375
2691.9,0.722635,6.86565,14.16049,0.744689,1789.96,3500.0,-2649.24462890625
2563.76,0.682232,13.37698,15.05316,0.705493,1453.64,3500.0,-2626.92529296875
399.592,0.17697,4.11059,4.71396,1.5068,35.8328,3500.0,-3050.44140625
163.157,0.129628,3.40174,4.55101,1.78509,5.35958,3500.0,-3367.452392578125
3456.79,0.815918,12.12403,18.60629,0.495893,5234.3,3500.0,-2173.644775390625
2647.13,0.696725,7.09005,7.67733,0.889025,522.564,3500.0,-2916.246337890625
1689.41,0.633976,6.16605,7.44812,1.01932,133.069,3500.0,-3714.193115234375
1512.24,0.521988,3.84762,7.86001,1.15925,326.968,3500.0,-3155.013671875
4407.6,0.85799,13.01007,20.1178,0.420298,5862.04,3500.0,-2116.5224609375
2391.16,0.602249,5.58735,7.71664,0.805529,881.945,3500.0,-3141.009033203125
1410.81,0.433619,3.7919,5.09329,1.12696,32.7381,3500.0,-3062.02197265625
3453.31,0.759924,7.67728,10.94306,0.640348,600.314,3500.0,-2739.704833984375
3973.57,0.762276,11.13913,13.25308,0.568778,1059.84,3500.0,-2603.6083984375
844.037,0.342577,4.26215,5.65089,1.14794,52.526,3500.0,-3285.904052734375
1765.79,0.645761,4.94555,11.61949,1.11512,1867.88,3500.0,-2881.138916015625
803.979,0.382224,4.88666,6.62847,1.49679,705.844,3500.0,-3017.10107421875
607.094,0.267308,5.45854,7.04806,1.37397,66.9424,3500.0,-3104.474853515625
556.355,0.297712,4.43745,4.93244,1.38782,69.5067,3500.0,-3432.201171875
3536.05,0.684984,6.52624,11.98523,0.618171,2029.09,3500.0,-2193.634765625
1879.65,0.521043,4.82576,6.59978,0.852697,370.0,3500.0,-3449.640625
464.692,0.246351,4.34533,5.08846,1.43975,53.0117,3500.0,-3854.21826171875
2434.89,0.664563,3.87044,11.2976,0.775887,1061.82,3500.0,-3133.53125
378.317,0.179972,3.88146,5.07946,1.50427,50.5977,3500.0,-3014.83544921875
765.828,0.297588,5.67944,6.35371,1.33702,60.2583,3500.0,-2879.14208984375
2241.8,0.706771,12.6792,13.36887,0.687468,2154.82,3500.0,-2589.653076171875
3842.59,0.839914,14.90476,20.29451,0.416714,5823.75,3500.0,-2092.026611328125
848.194,0.321719,3.72919,6.06362,1.18641,99.8516,3500.0,-3171.1640625
3546.95,0.746791,8.00818,15.11949,0.57641,2069.83,3500.0,-2471.115478515625
612.116,0.345097,3.82926,4.52257,1.95919,34.0148,3500.0,-3389.788330078125
1275.46,0.549846,20.52522,20.8319,0.742342,1030.44,3500.0,-1767.2188720703125
2670.78,0.668234,8.83464,9.60292,0.721649,594.009,3500.0,-2993.3876953125
2941.17,0.736906,7.75169,14.54935,0.714143,2763.68,3500.0,-2338.78173828125
618.781,0.496761,3.48414,7.96655,1.37352,176.126,3500.0,-3523.935546875
1747.58,0.620049,4.75702,9.29926,1.12435,541.32,3500.0,-3167.3134765625
377.605,0.245867,3.39609,4.69814,1.48143,13.1754,3500.0,-3362.788330078125
2633.12,0.68814,7.85361,8.21013,0.821369,333.399,3500.0,-3430.0986328125
3311.68,0.737479,10.40192,10.94533,0.588886,1215.34,3500.0,-2973.824951171875
2100.94,0.688963,9.30959,10.44917,0.820762,436.741,3500.0,-3199.129638671875
374.411,0.214047,4.12754,5.10874,1.66351,16.0076,3500.0,-3828.85546875
3791.72,0.663511,4.8531,6.53556,0.741812,1218.07,3500.0,-2969.75927734375
2969.4,0.606352,5.61143,7.56948,0.769799,466.398,3500.0,-3020.82568359375
673.397,0.330539,7.11623,8.13974,1.5058,269.437,3500.0,-2735.980224609375
1973.28,0.595576,4.9928,7.88653,1.01221,483.626,3500.0,-3336.656982421875
1138.2,0.331154,3.90095,5.33216,0.984165,73.392,3500.0,-3379.94873046875
2819.23,0.769925,11.94129,12.28756,0.599347,650.179,3500.0,-3021.34814453125
1435.14,0.520147,5.14223,6.58554,1.21072,106.325,3500.0,-3294.77294921875
4916.31,0.832547,11.60519,18.05348,0.425486,5345.35,3500.0,-2271.550048828125
3288.84,0.712675,7.39824,10.0749,0.743027,2089.18,3500.0,-2675.47216796875
777.86,0.372061,4.12586,5.50595,1.31783,38.2762,3500.0,-3579.39208984375
3518.3,0.759882,7.9879,10.48142,0.69264,2528.5,3500.0,-2686.90966796875
2808.54,0.729444,6.95706,7.79076,0.877474,1834.22,3500.0,-2903.3759765625
2379.69,0.588389,4.77322,5.78948,0.937798,349.493,3500.0,-3073.72509765625
701.054,0.277344,5.31605,5.82365,1.31931,76.5683,3500.0,-3394.143798828125
1159.61,0.431897,5.02369,5.94786,1.11539,54.8859,3500.0,-3219.70751953125
586.219,0.273748,5.90651,8.22014,1.37617,259.583,3500.0,-3058.14404296875
3084.3,0.735711,6.58848,12.73856,0.711359,1553.4,3500.0,-2771.783447265625
634.768,0.220133,5.35442,6.7853,1.13821,90.848,3500.0,-3171.554443359375
2449.31,0.602249,6.23699,8.54393,0.766838,1647.78,3500.0,-3036.010986328125
1316.51,0.451419,4.47,6.03885,1.07417,442.743,3500.0,-3367.9775390625
4862.95,0.798534,9.85781,12.24822,0.403275,1955.45,3500.0,-2362.0625
354.146,0.194762,3.69957,4.64648,1.21623,46.891,3500.0,-3661.554443359375
1247.55,0.522639,10.933,11.30772,0.975801,25.8003,3500.0,-3096.055419921875
4163.76,0.770488,7.77682,10.82481,0.556562,706.183,3500.0,-2777.728271484375
571.038,0.232372,5.5774,7.50482,1.27543,111.628,3500.0,-3129.255615234375
455.313,0.265254,4.3804,5.02358,1.40476,29.3174,3500.0,-3427.29052734375
1014.56,0.317211,3.76525,5.12246,1.10107,88.2176,3500.0,-3234.031494140625
2193.65,0.713666,9.11903,9.666,0.780199,396.096,3500.0,-3247.883056640625
1123.76,0.394675,4.03384,6.01111,1.17815,78.5091,3500.0,-3107.306884765625
3716.94,0.743628,8.07735,11.48912,0.636447,2018.28,3500.0,-2748.99072265625
3039.75,0.711684,6.16173,11.85111,0.77386,1025.3,3500.0,-2767.9873046875
156.226,0.134583,3.44083,3.7996,1.45801,3.08143,3500.0,-3404.76416015625
1249.8,0.447626,7.91667,8.94548,1.05135,223.313,3500.0,-3223.977294921875
1929.36,0.634257,9.76554,10.80083,0.870161,715.733,3500.0,-3061.931640625
806.192,0.299373,4.24377,5.65014,1.12811,68.6749,3500.0,-3492.647705078125
296.541,0.24371,3.56799,4.23739,1.56632,4.03604,3500.0,-4052.531494140625
289.446,0.300231,3.34815,4.33781,1.52232,37.8892,3500.0,-3377.0107421875
1010.78,0.579667,6.71263,7.13882,1.50771,222.71,3500.0,-3392.96240234375
1695.66,0.494182,5.39198,6.55789,0.968364,374.535,3500.0,-3143.87939453125
546.422,0.274452,4.22757,5.64407,1.43282,90.2421,3500.0,-3404.31298828125
893.673,0.450422,3.52899,7.23126,1.38519,156.19,3500.0,-3058.667724609375
556.188,0.339343,4.4752,4.71483,1.3251,15.4578,3500.0,-3679.037841796875
2618.67,0.629141,5.81023,7.87369,0.833239,326.878,3500.0,-2985.5849609375
866.713,0.513977,8.00947,12.97186,1.24705,858.267,3500.0,-3206.7158203125
1221.37,0.529055,9.14634,11.05848,1.01162,537.591,3500.0,-3522.25146484375
685.612,0.329233,4.22688,5.85085,1.58423,78.8141,3500.0,-3317.146484375
2153.51,0.547664,4.16602,9.85111,0.881791,604.058,3500.0,-2801.373046875
4907.68,0.756398,7.22946,13.00515,0.44228,2502.1,3500.0,-2356.916259765625
1628.1,0.489766,4.21422,7.50267,1.08912,237.262,3500.0,-2866.35302734375
199.882,0.222685,3.77498,4.1155,2.27643,6.82499,3500.0,-4364.537109375
4311.51,0.780011,7.43038,13.1663,0.522971,2803.18,3500.0,-2534.17529296875
2390.94,0.565185,5.09845,5.54977,0.822084,161.439,3500.0,-3110.165771484375
4130.98,0.72498,7.199,8.39059,0.625527,720.95,3500.0,-2570.287353515625
1048.12,0.319421,4.01031,5.06911,1.17999,85.2125,3500.0,-3313.9599609375
650.727,0.3302,3.75928,4.61439,1.13579,30.4199,3500.0,-3615.408447265625
662.686,0.330027,4.22247,5.43302,1.21302,164.907,3500.0,-3591.98291015625
1772.95,0.577276,5.81209,7.9142,1.03556,744.581,3500.0,-3095.6015625
1853.32,0.537532,6.45823,8.39764,0.948012,1225.27,3500.0,-3097.543701171875
2085.46,0.610323,5.45896,7.75717,0.954451,1308.09,3500.0,-3071.404541015625
53.027,0.0631686,3.31258,3.6759,1.4093,0.742818,3500.0,-2820.6015625
2269.39,0.755943,7.87687,11.45716,0.917364,1771.8,3500.0,-2716.63037109375
2832.87,0.594039,4.44869,5.41103,0.974223,278.814,3500.0,-3060.824462890625
3382.72,0.747656,7.34465,11.49981,0.629183,2617.52,3500.0,-2847.212158203125
2042.81,0.606994,5.09247,5.84718,0.897809,126.852,3500.0,-3327.29150390625
3819.48,0.803576,9.44249,12.87462,0.523877,1460.63,3500.0,-2478.8759765625
5476.48,0.840812,9.88138,13.74735,0.356242,3683.93,3500.0,-2264.27587890625
2046.94,0.658919,7.78441,8.10712,0.845555,301.572,3500.0,-3333.19921875
587.526,0.283697,6.06768,7.92837,1.40745,272.126,3500.0,-3110.676025390625
1634.17,0.587913,6.4338,7.24478,1.03014,293.147,3500.0,-3575.7529296875
821.485,0.332276,3.33243,6.04593,1.11713,50.0814,3500.0,-3009.906494140625
332.018,0.426281,3.63671,4.06011,1.77026,6.60665,3500.0,-3978.830078125
3763.62,0.704358,5.87733,8.05655,0.650793,1172.83,3500.0,-3109.85888671875
1951.46,0.576616,6.67811,7.39759,1.00639,323.177,3500.0,-3336.512939453125
2313.39,0.617394,5.51537,7.30137,0.939193,137.969,3500.0,-2923.34326171875
4543.55,0.817272,13.05535,17.81966,0.34892,3974.5,3500.0,-1901.62890625
2243.64,0.737607,7.79447,8.16346,0.80406,315.463,3500.0,-3371.936279296875
1404.3,0.600831,21.74744,22.01347,0.729541,1216.39,3500.0,-1558.8082275390625
3909.09,0.783783,7.91913,14.08186,0.601797,1842.08,3500.0,-2583.952392578125
2460.18,0.597299,4.63015,6.88816,0.861106,357.314,3500.0,-3012.759521484375
3107.75,0.788202,12.28213,12.59406,0.545278,809.802,3500.0,-2842.374755859375
505.709,0.277043,4.59211,4.73085,1.35571,44.7299,3500.0,-3980.80908203125
1017.29,0.393807,5.9614,6.63284,1.17037,372.639,3500.0,-3323.7421875
672.114,0.285873,3.67352,5.09475,1.24571,22.0154,3500.0,-3395.798583984375
948.916,0.41045,4.08147,5.36002,1.19228,37.5948,3500.0,-3509.39306640625
2196.96,0.689683,12.97785,13.36565,0.699764,786.156,3500.0,-2829.75537109375
396.384,0.186658,4.97409,5.57071,1.49019,151.934,3500.0,-3163.8447265625
1470.37,0.55732,8.91429,11.53447,1.13079,1129.73,3500.0,-2642.25830078125
2833.83,0.629158,5.20837,7.27997,0.741817,764.074,3500.0,-3424.103515625
1904.52,0.545863,11.1315,11.8011,0.728723,624.84,3500.0,-2638.32666015625
1393.78,0.48771,3.87196,6.11636,1.1964,133.666,3500.0,-3092.24658203125
2923.6,0.694645,7.77266,8.35305,0.75076,445.947,3500.0,-3386.2998046875
1851.94,0.636304,5.67313,7.35697,0.92614,132.903,3500.0,-3734.768798828125
2101.5,0.628915,4.63776,6.16462,0.899204,130.045,3500.0,-3318.286865234375
1216.27,0.455216,6.42473,8.69704,1.24311,279.924,4000.0,-2952.4482421875
3438.09,0.784474,8.5345,16.23244,0.615628,4842.76,4000.0,-2612.93212890625
662.048,0.249821,5.67629,7.40167,1.22102,270.296,4000.0,-3424.33203125
4574.15,0.847695,10.95663,15.44361,0.353837,5227.52,4000.0,-2111.671142578125
2350.41,0.568904,4.81318,9.8787,0.861126,1640.44,4000.0,-3010.787353515625
3950.84,0.780574,7.19935,14.50041,0.534302,2869.22,4000.0,-2579.529052734375
4059.59,0.723615,5.93588,7.7495,0.615626,934.151,4000.0,-3223.220703125
5191.91,0.85628,14.23238,17.69651,0.325148,5341.89,4000.0,-2163.646728515625
279.559,0.171054,3.44292,4.65433,1.41079,9.89499,4000.0,-3861.26513671875
6214.91,0.876889,11.16171,15.33368,0.300723,2105.79,4000.0,-2238.06201171875
4051.56,0.821037,9.72716,11.1681,0.484625,1386.38,4000.0,-2751.34716796875
5592.45,0.809915,9.12041,11.15601,0.394036,2845.04,4000.0,-2433.47216796875
845.297,0.219273,4.42518,5.18017,0.977715,77.7676,4000.0,-3011.94873046875
604.138,0.318318,3.39833,5.08104,1.24934,39.8451,4000.0,-3190.2265625
2574.03,0.588649,6.36142,7.94995,0.789252,249.753,4000.0,-2869.452392578125
2530.61,0.656639,5.61256,9.11963,0.811111,968.229,4000.0,-3281.65771484375
4341.28,0.85847,15.33451,20.6228,0.367077,6383.74,4000.0,-2001.8626708984375
422.025,0.252069,4.7696,4.8832,1.67327,17.0669,4000.0,-3700.751708984375
280.483,0.197637,3.37052,4.17113,1.46199,4.30249,4000.0,-3515.4765625
2249.27,0.586318,8.43976,8.84605,0.738886,497.573,4000.0,-2771.56201171875
2623.42,0.65326,6.23896,8.71408,0.781367,710.006,4000.0,-3200.58447265625
3072.39,0.76804,11.39839,11.75782,0.598624,669.979,4000.0,-3023.40625
1707.79,0.588226,4.44698,13.00223,1.02436,897.213,4000.0,-3246.645751953125
705.828,0.275827,5.07974,6.82918,1.20739,81.5553,4000.0,-3433.577392578125
1229.42,0.517362,3.8415,7.54446,1.28511,421.024,4000.0,-3097.76513671875
104.674,0.0937719,3.49545,6.64278,2.33813,33.885,4000.0,-2772.14892578125
631.457,0.477955,3.41399,7.35454,1.36598,108.099,4000.0,-3228.552001953125
3397.88,0.687808,6.82833,11.62168,0.678197,1303.62,4000.0,-2607.078369140625
347.08,0.18868,4.89338,5.40127,1.53119,44.7851,4000.0,-3736.935546875
438.449,0.248193,3.34365,5.32955,1.32526,37.2649,4000.0,-3463.773193359375
897.59,0.340356,5.59602,6.3216,1.19786,276.83,4000.0,-3274.382080078125
2633.52,0.696088,6.57332,10.2073,0.815768,1309.87,4000.0,-2851.60888671875
1161.96,0.459147,3.91309,5.70856,1.05709,140.247,4000.0,-3321.929443359375
1749.59,0.578274,7.77916,8.74387,0.918425,303.556,4000.0,-3277.848388671875
57.922,0.148474,3.55744,3.74056,3.01243,1.33525,4000.0,-3850.181640625
2631.5,0.749882,13.34163,13.57947,0.604972,715.527,4000.0,-2911.93115234375
883.267,0.453008,4.49928,5.03772,1.3129,40.2254,4000.0,-3729.9970703125
2648.08,0.779345,13.64704,13.84369,0.60936,761.589,4000.0,-2914.9853515625
720.688,0.426065,8.0177,8.60121,1.65341,235.621,4000.0,-2961.79931640625
723.07,0.291292,7.15392,7.90068,1.22627,91.3713,4000.0,-2757.4765625
973.886,0.436366,3.90286,5.20667,1.22621,47.1726,4000.0,-3449.8759765625
1395.99,0.474788,4.3691,6.64425,1.11259,618.72,4000.0,-3159.064453125
769.98,0.257183,4.36329,4.86728,1.19477,45.0156,4000.0,-3400.124755859375
3328.87,0.725197,6.85771,9.73557,0.673475,1450.6,4000.0,-2803.400634765625
1212.87,0.38175,3.90266,6.43917,0.961067,116.065,4000.0,-3283.201904296875
1273.21,0.474652,10.71047,11.10927,0.969481,246.855,4000.0,-2912.272705078125
2173.14,0.53012,3.95853,10.96942,0.828375,693.139,4000.0,-2827.0986328125
910.438,0.379921,7.02676,7.96427,1.3613,148.218,4000.0,-3045.97314453125
4948.11,0.783612,10.34118,11.89513,0.424933,1633.16,4000.0,-2466.589599609375
5678.0,0.886449,12.10366,15.24621,0.27971,4195.74,4000.0,-2095.700439453125
255.471,0.193821,3.45625,4.38837,1.43752,5.23775,4000.0,-3240.248046875
1430.13,0.467338,9.33521,9.65836,0.915483,228.831,4000.0,-3080.215576171875
3726.94,0.790337,9.44741,13.23024,0.536278,1398.66,4000.0,-2593.1083984375
964.964,0.427575,4.76281,5.19873,1.32821,36.8868,4000.0,-3569.105712890625
1632.15,0.466404,6.49563,7.39376,0.805202,127.173,4000.0,-3081.770263671875
2843.16,0.701279,5.56738,10.10542,0.803439,1252.21,4000.0,-2862.574462890625
3018.03,0.765348,7.19804,15.23505,0.693679,3987.41,4000.0,-2710.927978515625
1666.76,0.704942,7.88437,14.33636,1.10392,2965.44,4000.0,-2445.544921875
219.213,0.145734,3.70094,4.15476,1.73271,8.27648,4000.0,-4036.31494140625
2242.51,0.570637,4.73434,6.42533,0.894441,517.402,4000.0,-3149.946533203125
1796.43,0.592762,6.16317,8.1793,1.06142,892.255,4000.0,-3231.4091796875
5250.8,0.918676,17.16845,18.61303,0.234669,12670.1,4000.0,-1626.22998046875
901.943,0.440851,6.28705,6.5693,1.34242,105.94,4000.0,-3521.535888671875
820.464,0.469629,3.47769,7.54839,1.51106,170.857,4000.0,-3312.22509765625
5546.96,0.841394,12.56842,16.59127,0.334837,2515.5,4000.0,-2192.861328125
1303.49,0.532967,6.44348,8.92958,1.31326,1421.6,4000.0,-2936.85205078125
2361.43,0.598562,7.01676,8.85741,0.791394,1717.62,4000.0,-3195.093994140625
1344.78,0.428677,3.73328,7.46151,1.14766,234.271,4000.0,-2879.32568359375
272.949,0.207383,3.73285,4.44778,1.81287,10.2769,4000.0,-4227.134765625
2946.55,0.709362,5.58697,10.19414,0.792895,1287.62,4000.0,-2845.482421875
3100.77,0.702086,8.05973,11.19486,0.64985,2327.86,4000.0,-2791.6865234375
3433.15,0.662538,7.81311,8.7931,0.646236,431.959,4000.0,-2735.468017578125
3027.36,0.792538,13.68532,13.90311,0.520271,953.813,4000.0,-2695.385498046875
4187.88,0.818738,9.27939,16.51191,0.422742,4156.15,4000.0,-2197.165283203125
4862.76,0.830522,10.71027,14.99859,0.371226,2025.2,4000.0,-2330.214599609375
1160.3,0.423945,4.60805,5.69744,1.11717,166.205,4000.0,-3363.998046875
1342.48,0.702478,10.90331,11.59526,1.14284,408.94,4000.0,-3294.43310546875
923.293,0.362657,4.18627,4.85142,1.10587,24.5226,4000.0,-3492.963134765625
2101.83,0.62562,5.90068,6.74913,0.879864,149.342,4000.0,-3583.7900390625
3639.52,0.814094,11.51022,17.42762,0.512252,5258.35,4000.0,-2286.513671875
2244.42,0.590676,7.34963,8.5914,0.778277,1579.31,4000.0,-3045.228271484375
5937.75,0.824896,10.66197,11.93213,0.359315,1653.17,4000.0,-2377.4462890625
5727.75,0.913469,15.34369,22.07579,0.234732,11516.8,4000.0,-1777.079345703125
2037.25,0.573749,3.86389,11.17442,0.873067,635.974,4000.0,-2824.065673828125
949.978,0.394501,6.79542,7.46745,1.45536,146.289,4000.0,-3647.68359375
409.625,0.286468,4.89184,7.036,1.96918,109.725,4000.0,-3762.3203125
2014.35,0.495097,7.34321,7.85095,0.764776,212.995,4000.0,-2982.5947265625
5614.43,0.813774,8.75026,12.27296,0.398317,3036.37,4000.0,-2457.380126953125
1246.39,0.416702,5.43126,6.87973,1.06414,421.68,4000.0,-3224.260009765625
5589.3,0.828619,10.758,14.85992,0.358395,2457.94,4000.0,-2272.8212890625
4287.81,0.7907,7.22291,14.47479,0.502911,2956.81,4000.0,-2535.7470703125
3359.79,0.730307,7.44326,14.98593,0.586937,2045.37,4000.0,-2489.306396484375
3240.56,0.673931,7.29389,10.45413,0.639609,885.89,4000.0,-2714.191162109375
2891.29,0.646262,6.24388,8.11006,0.755566,335.518,4000.0,-3047.655029296875
1705.38,0.600577,8.43163,9.02587,0.993154,304.553,4000.0,-3159.61083984375
4985.15,0.843254,14.49379,17.94718,0.365667,4680.16,4000.0,-2216.99462890625
690.301,0.414856,3.30233,5.26953,1.6002,100.934,4000.0,-3363.20458984375
2677.63,0.606689,6.77102,8.51864,0.773849,422.133,4000.0,-2905.43212890625
6094.68,0.891502,12.74906,24.79642,0.260743,10320.0,4000.0,-1909.9488525390625
1642.92,0.566347,13.74276,13.8878,0.771944,448.954,4000.0,-2697.34130859375
2029.33,0.678733,8.16776,9.07182,0.849356,287.022,4000.0,-3526.22998046875
2222.33,0.719474,14.1729,14.41216,0.674456,917.022,4000.0,-2854.56494140625
190.234,0.151858,3.83842,4.73826,2.02697,9.26035,4000.0,-3463.036376953125
3257.46,0.750547,8.73896,9.90281,0.681786,803.002,4000.0,-2815.1435546875
3613.22,0.835592,13.59759,16.04961,0.532638,2597.78,4000.0,-2259.066650390625
814.718,0.343906,4.74628,5.85851,1.50944,98.7877,4000.0,-2909.3330078125
85.3371,0.119262,3.34472,4.36363,1.33145,4.29448,4000.0,-2303.5205078125
3890.77,0.777578,9.82647,11.52648,0.517619,2528.54,4000.0,-2717.459228515625
519.123,0.352174,3.74884,5.41805,1.619,22.3372,4000.0,-3339.70263671875
3761.75,0.736731,7.11807,9.98229,0.639117,641.918,4000.0,-3068.068115234375
2378.81,0.583847,7.49901,8.22785,0.802657,325.918,4000.0,-2877.0302734375
3586.78,0.745323,7.1213,13.01516,0.630267,1835.96,4000.0,-2666.494384765625
513.411,0.258316,4.25222,5.4944,1.44265,75.6731,4000.0,-3588.43408203125
878.772,0.365641,3.51565,5.64269,1.238,60.0403,4000.0,-2944.920654296875
307.68,0.218472,4.64903,5.42071,1.98766,50.6308,4000.0,-3029.449462890625
3563.66,0.72619,6.46471,14.49365,0.596186,1911.71,4000.0,-2538.740966796875
2178.77,0.631844,3.63474,9.40377,0.88427,769.0,4000.0,-3092.645263671875
1603.78,0.504194,4.93504,5.87921,0.969192,107.92,4000.0,-3280.426513671875
947.636,0.572474,6.57804,6.99375,1.60121,212.301,4000.0,-3759.444091796875
886.611,0.380638,4.19865,5.27667,1.22502,69.2316,4000.0,-3400.022705078125
624.247,0.296391,4.22858,5.80304,1.29481,73.1121,4000.0,-3468.72216796875
1242.22,0.380288,6.2318,6.49091,1.01196,198.144,4000.0,-3098.259765625
1653.31,0.53945,6.96724,7.84289,0.963477,201.416,4000.0,-3281.228759765625
1479.4,0.458869,3.92092,5.75711,1.15089,77.6536,4000.0,-3231.466064453125
1803.61,0.547736,9.23932,9.29161,0.833377,208.453,4000.0,-3051.89111328125
167.15,0.0967277,3.91091,5.34636,1.87115,13.239,4000.0,-3081.810302734375
3940.6,0.735014,9.17565,12.25719,0.535604,1137.06,4000.0,-2591.150634765625
534.792,0.225674,5.55363,7.06947,1.27767,96.2705,4000.0,-3089.54833984375
1688.49,0.589691,3.6901,10.75847,1.03208,635.377,4000.0,-3143.111328125
2452.57,0.652654,7.12658,8.05936,1.0056,327.649,4000.0,-2942.625244140625
528.813,0.31332,5.0794,5.74173,1.53621,70.3304,4000.0,-3666.69287109375
114.429,0.103596,3.48048,4.0475,1.65563,4.51168,4000.0,-3785.9482421875
943.592,0.410684,3.73711,6.208,1.18822,203.809,4000.0,-3232.82275390625
1929.06,0.607605,6.61794,6.95847,0.88669,111.987,4000.0,-3828.378662109375
828.958,0.351244,3.59798,5.10961,1.3083,41.6814,4000.0,-3429.70458984375
1451.37,0.693729,11.10285,11.791,1.07539,436.295,4000.0,-3171.181884765625
984.903,0.554738,8.8905,11.57421,1.54969,1129.93,4000.0,-2666.704833984375
2223.48,0.770567,8.28475,14.01366,0.883647,3254.16,4000.0,-2498.930419921875
1716.27,0.601059,4.83275,8.47968,1.11727,477.97,4000.0,-3130.26708984375
1410.81,0.433619,3.7919,5.09329,1.12696,32.7381,4000.0,-3051.642822265625
137.315,0.0717578,3.81185,4.83001,1.63677,12.5639,4000.0,-3243.40673828125
3193.04,0.805039,8.0507,16.29166,0.655394,5050.93,4000.0,-2625.21533203125
1136.03,0.457752,4.65628,6.49282,1.27097,454.74,4000.0,-3023.994140625
3432.64,0.740819,8.09575,11.37809,0.653102,2528.79,4000.0,-2901.405029296875
733.525,0.360088,4.05981,4.76483,1.22045,16.5212,4000.0,-3590.975830078125
1102.67,0.508116,5.13789,5.7368,1.18064,49.0533,4000.0,-3405.516845703125
1547.73,0.546767,8.75335,10.23813,0.972183,330.888,4000.0,-3070.045654296875
837.316,0.441762,3.49283,5.74125,1.35159,120.988,4000.0,-3160.41552734375
814.28,0.460533,5.537,5.92043,1.63684,127.047,4000.0,-3191.701904296875
3339.5,0.674775,9.23245,10.46043,0.55002,1067.58,4000.0,-2605.06201171875
4246.85,0.810941,12.49845,15.91164,0.456559,7630.82,4000.0,-2366.3603515625
1907.06,0.62544,7.85459,8.72764,0.932024,330.835,4000.0,-3325.653076171875
360.886,0.258631,3.5682,5.13571,1.54184,24.1975,4000.0,-3581.708251953125
334.709,0.139588,3.79024,4.41617,1.30275,15.2294,4000.0,-3132.07666015625
1355.88,0.553686,3.95854,8.46115,1.21451,386.816,4000.0,-3159.736083984375
2837.36,0.707029,5.70297,15.38728,0.677087,1486.81,4000.0,-2754.876953125
3183.51,0.784596,7.60715,15.6687,0.662458,4671.2,4000.0,-2778.497314453125
4838.43,0.900371,15.32844,24.51072,0.266676,11293.7,4000.0,-1676.390869140625
1131.55,0.441338,5.89668,7.1337,1.11809,189.699,4000.0,-3541.91845703125
926.587,0.362124,4.30975,5.11022,1.29304,82.3984,4000.0,-3294.302001953125
1572.52,0.468098,4.16248,5.1856,1.05249,138.094,4000.0,-3314.084228515625
461.922,0.212795,3.78367,4.90561,1.26804,20.0053,4000.0,-3148.243896484375
3465.02,0.712052,6.05581,7.8849,0.677875,889.124,4000.0,-3421.447265625
2833.83,0.704502,7.14235,9.13676,0.7872,748.17,4000.0,-2859.0361328125
4605.67,0.79421,9.21336,13.13245,0.426613,1741.4,4000.0,-2424.334716796875
4673.19,0.811573,11.93175,14.87237,0.410515,1900.36,4000.0,-2463.202880859375
1372.03,0.60597,21.54893,21.85263,0.733591,1206.91,4000.0,-1974.5350341796875
3051.13,0.843591,14.92764,20.64756,0.518314,6110.88,4000.0,-2153.14794921875
777.994,0.294901,3.63288,5.38427,1.19278,23.8714,4000.0,-3081.744873046875
3233.06,0.745803,8.56837,8.98965,0.638163,485.861,4000.0,-3121.175537109375
970.929,0.337016,4.36718,5.82051,1.21084,240.743,4000.0,-3249.519287109375
4845.69,0.809612,7.78408,12.08229,0.483628,1345.24,4000.0,-2456.25634765625
502.506,0.270464,3.5336,4.56582,1.22759,18.1173,4000.0,-3394.392822265625
1974.27,0.593302,6.37739,7.16526,0.905685,242.632,4000.0,-3235.802001953125
1355.74,0.551362,20.19678,20.49604,0.693698,1057.62,4000.0,-2119.6005859375
4879.76,0.786213,7.49214,8.8883,0.525603,1542.67,4000.0,-2914.8681640625
651.779,0.321329,3.77328,5.559,1.12138,41.245,4000.0,-4371.27685546875
5066.97,0.826735,9.51978,11.5897,0.412829,1437.93,4000.0,-2487.764404296875
126.887,0.116814,3.41865,5.28956,1.75558,16.683,4000.0,-2618.698486328125
787.383,0.361954,3.52023,4.70271,1.3504,79.0321,4000.0,-3477.985107421875
1539.53,0.509093,4.32837,6.03067,1.17106,223.223,4000.0,-3225.80810546875
1538.35,0.555357,3.57052,4.58556,1.08588,66.8083,4000.0,-3739.290771484375
1529.96,0.51324,7.78162,8.02034,0.922157,206.69,4000.0,-3318.493896484375
301.22,0.260641,3.39297,4.60788,1.44099,7.57343,4000.0,-3848.5224609375
1843.27,0.5669,4.55466,6.31442,0.990223,314.927,4000.0,-3658.29052734375
1071.73,0.531008,7.17553,7.23663,1.30222,206.019,4000.0,-3674.8193359375
2147.83,0.635434,5.64505,7.80513,0.886754,813.75,4000.0,-3334.327880859375
3603.11,0.767626,9.26697,12.33004,0.565545,1259.32,4000.0,-2643.770751953125
2192.07,0.709628,6.27497,12.62898,0.958175,2124.16,4000.0,-2638.024658203125
418.134,0.210408,3.77357,4.26796,1.16182,15.4639,4000.0,-3310.19970703125
3835.6,0.657503,5.48932,7.591,0.651257,475.512,4000.0,-2701.96044921875
2045.4,0.692123,7.15088,7.80058,0.848179,226.365,4000.0,-3775.082275390625
3459.78,0.74439,6.82523,12.48808,0.644485,1595.15,4000.0,-2759.494873046875
5512.76,0.847416,9.92934,12.45532,0.362386,5917.5,4000.0,-2369.998291015625
2466.92,0.704392,9.34081,9.78735,0.70663,406.165,4000.0,-3118.316650390625
2167.9,0.699535,9.26813,9.63601,0.785483,382.446,4000.0,-3120.17724609375
1219.3,0.622008,10.08887,10.76028,1.2749,328.899,4000.0,-3261.462890625
751.52,0.350028,3.39914,4.87042,1.11582,12.1623,4000.0,-2816.72412109375
1748.31,0.603952,6.41282,7.56807,0.930022,115.68,4000.0,-3797.00830078125
3097.87,0.64891,6.42131,7.56125,0.692925,832.802,4000.0,-3281.8203125
3383.28,0.720211,7.36693,15.29874,0.615216,1873.14,4000.0,-2595.997314453125
2085.46,0.610323,5.45896,7.75717,0.954451,1308.09,4000.0,-3068.737060546875
3822.46,0.87608,18.7176,19.22023,0.382997,8916.33,4000.0,-1860.0767822265625
913.781,0.505948,4.61396,5.61698,1.28221,45.2483,4000.0,-3526.711669921875
1142.82,0.43612,6.12201,6.79837,1.08392,141.059,4000.0,-3422.251708984375
5292.14,0.884256,13.86029,18.87098,0.282859,4716.29,4000.0,-1895.695556640625
3898.29,0.776235,12.01422,14.44217,0.491097,1737.79,4000.0,-2487.345947265625
3991.39,0.790377,7.76232,10.78409,0.570516,1283.64,4000.0,-2600.22705078125
1621.82,0.519337,3.57571,7.01044,0.976744,471.453,4000.0,-3382.95703125
5036.09,0.849697,9.94955,14.93622,0.381092,2047.62,4000.0,-2421.3818359375
957.055,0.384405,4.22748,5.53356,1.30848,66.9052,4000.0,-3167.899658203125
3405.23,0.670082,6.15805,7.87531,0.655103,663.678,4000.0,-2996.637939453125
3667.24,0.812837,9.07515,16.20843,0.573212,5260.93,4000.0,-2616.969970703125
1148.12,0.401816,3.5663,5.74252,1.0541,108.504,4000.0,-3461.66748046875
4066.04,0.791669,10.02077,13.91871,0.478627,2865.48,4000.0,-2496.27197265625
4161.76,0.833738,13.90423,20.34858,0.415088,5661.45,4000.0,-2237.4765625
5028.86,0.795943,9.56001,11.98321,0.437163,1345.55,4000.0,-2455.627197265625
5142.9,0.826176,10.77,13.33239,0.376373,3171.46,4000.0,-2324.874755859375
1879.37,0.590536,4.34545,7.29853,1.01363,418.317,4000.0,-3528.8515625
5430.44,0.867195,13.14236,16.67952,0.301156,3669.15,4000.0,-2118.682861328125
1938.31,0.66763,21.86014,22.18079,0.57039,1292.02,4000.0,-1889.159912109375
468.523,0.241415,3.94466,5.65493,1.29614,43.6783,4000.0,-3840.55615234375
1392.14,0.587705,18.50482,18.82425,0.782883,1063.53,4000.0,-2022.051025390625
3823.6,0.697215,5.64552,7.0509,0.667006,667.179,4000.0,-3266.688720703125
3130.01,0.650968,5.28486,7.35017,0.728958,731.351,4000.0,-3326.879150390625
1412.83,0.68013,12.31825,13.14573,1.20452,3047.79,4000.0,-2229.490234375
1006.05,0.372157,8.33006,8.81103,1.1114,120.929,4000.0,-2753.968017578125
1050.88,0.482239,5.6342,6.41321,1.19266,79.2134,4000.0,-3668.087158203125
2563.63,0.643195,6.45124,7.67105,0.825307,622.403,4000.0,-3315.080078125
3091.36,0.719629,7.6442,10.29439,0.761804,1500.33,4000.0,-2687.4404296875
3084.33,0.70026,8.22138,12.31343,0.657692,1231.01,4000.0,-2595.494873046875
2806.07,0.75423,6.42068,15.30996,0.727601,3922.88,4000.0,-2673.261474609375
1018.54,0.347923,4.98731,5.98389,1.13194,316.531,4000.0,-3237.734619140625
2608.87,0.585012,6.58326,7.76349,0.745185,415.177,4000.0,-2991.086181640625
6087.12,0.921056,16.40202,24.82719,0.206272,13230.1,4000.0,-1577.134033203125
3072.38,0.659679,5.96793,8.35921,0.740651,1090.53,4000.0,-2774.376953125
407.115,0.350562,3.4184,4.70372,1.34058,31.956,4000.0,-3320.2197265625
2583.85,0.663529,5.61278,14.16801,0.719258,1294.88,4000.0,-2750.19677734375
2710.38,0.748731,7.29919,13.62756,0.732878,3715.03,4000.0,-2646.03271484375
2798.01,0.745308,7.69906,12.8739,0.727903,2052.44,4000.0,-2561.576904296875
1499.75,0.664631,4.99863,6.54373,1.41656,491.835,4000.0,-3478.109130859375
296.954,0.196004,3.69344,4.40645,2.14875,9.20605,4500.0,-3499.30615234375
563.082,0.270221,3.96623,5.43833,1.74541,82.3953,4500.0,-3187.15234375
1065.03,0.522049,4.29624,5.02664,1.22735,30.4158,4500.0,-4071.940185546875
1805.61,0.65481,7.12762,7.85627,0.932587,216.832,4500.0,-3523.5908203125
2808.39,0.674207,5.88637,8.02115,0.903407,637.968,4500.0,-2897.611328125
1902.83,0.551202,4.75454,7.8725,0.941513,216.99,4500.0,-3298.308349609375
640.764,0.306198,3.59539,5.10411,1.27516,11.8074,4500.0,-3246.300537109375
5807.05,0.850196,9.74038,12.81295,0.333604,3595.13,4500.0,-2409.76806640625
3314.06,0.727988,8.97366,10.66248,0.651925,1338.98,4500.0,-2763.768310546875
845.86,0.396906,3.6655,4.48127,1.21909,36.4497,4500.0,-3768.856201171875
213.609,0.227109,3.85757,4.24837,2.29446,8.39492,4500.0,-3885.285888671875
1518.09,0.530539,14.17546,14.43442,0.811532,580.211,4500.0,-2729.775634765625
1831.58,0.584877,7.17673,7.97435,0.851816,238.129,4500.0,-3282.8408203125
3601.36,0.768025,9.67229,10.76037,0.565402,3327.62,4500.0,-2555.89111328125
2887.17,0.792649,35.3453,35.68187,0.320098,4978.03,4500.0,-1478.3486328125
1947.12,0.587539,14.40656,14.5701,0.667241,470.935,4500.0,-2734.322265625
1930.41,0.581039,6.38638,7.82162,0.864685,208.748,4500.0,-3512.466796875
2256.13,0.636999,9.64885,9.89918,0.76458,1120.46,4500.0,-3111.7294921875
1322.23,0.681084,12.47118,12.98719,1.12538,1223.14,4500.0,-2703.744873046875
2760.41,0.66809,7.28933,9.34478,0.764484,2287.19,4500.0,-2861.57421875
897.636,0.440695,3.44357,6.12761,1.34631,65.1281,4500.0,-3908.94970703125
3700.6,0.807239,12.24766,14.88237,0.506962,3362.52,4500.0,-2503.827880859375
2174.47,0.667447,6.27241,10.23036,0.893685,1223.76,4500.0,-2982.8740234375
801.539,0.371933,4.48494,6.11708,1.85384,211.383,4500.0,-2861.598388671875
3188.0,0.660068,6.02924,7.49876,0.706253,1522.6,4500.0,-3075.044189453125
1099.01,0.501738,4.00417,7.27308,1.33186,178.731,4500.0,-3369.212158203125
5945.16,0.941324,19.4866,22.32661,0.171179,16623.8,4500.0,-1643.645263671875
1497.66,0.53826,4.42173,7.2421,0.991171,285.359,4500.0,-3677.933837890625
996.457,0.374674,7.95105,8.11962,1.14792,413.739,4500.0,-2946.765380859375
2028.42,0.630908,9.57665,10.01686,0.838723,564.085,4500.0,-3026.134765625
509.803,0.28084,3.84744,4.86337,1.38845,56.5123,4500.0,-3573.738037109375
675.459,0.271196,4.63334,5.68369,1.36253,24.3139,4500.0,-3469.600341796875
1285.71,0.528525,5.65601,6.128,1.14779,135.761,4500.0,-3499.488525390625
1986.61,0.592604,6.51897,7.30945,0.92952,260.999,4500.0,-3201.54150390625
1264.47,0.469422,8.79573,9.27836,0.998914,154.546,4500.0,-3080.563720703125
2854.72,0.777645,5.63098,6.31202,0.884684,1020.11,4500.0,-3409.1162109375
686.446,0.284153,3.80952,5.13735,1.22811,24.2681,4500.0,-3444.912109375
3384.32,0.764416,7.80195,13.22033,0.592616,1990.29,4500.0,-2726.629150390625
2856.91,0.569431,5.63025,6.91667,0.801383,363.912,4500.0,-2892.260009765625
3932.47,0.833807,9.31451,16.27189,0.533523,5580.53,4500.0,-2682.264892578125
1501.68,0.718654,5.91191,15.46798,1.23563,1498.99,4500.0,-2956.673095703125
4659.54,0.827732,10.47913,13.67182,0.400998,3848.84,4500.0,-2540.6513671875
68.522,0.0927351,3.31062,3.65196,1.31837,1.17775,4500.0,-3214.72412109375
1053.67,0.449499,5.19631,6.52985,1.17685,69.4181,4500.0,-3158.54150390625
3110.59,0.699887,8.95589,9.77714,0.679807,905.166,4500.0,-2850.1767578125
913.152,0.498695,14.91846,15.01205,0.979107,1085.91,4500.0,-2943.41015625
1807.4,0.631966,7.07495,7.57421,0.931765,200.145,4500.0,-3711.20263671875
6104.51,0.892137,13.06889,18.17956,0.26224,3755.37,4500.0,-2139.269775390625
5141.13,0.887481,11.17613,16.68396,0.304902,5962.93,4500.0,-2191.326904296875
2461.72,0.811682,17.74601,18.50644,0.554929,1400.29,4500.0,-2681.31201171875
470.095,0.325048,3.39847,5.057,1.18043,35.8172,4500.0,-3515.441162109375
1729.77,0.624616,16.70146,16.96223,0.683913,729.948,4500.0,-2600.76171875
2906.08,0.62882,4.76206,6.79852,0.786283,431.131,4500.0,-3654.85400390625
1564.88,0.503295,3.34434,11.25209,0.912786,428.86,4500.0,-2992.1689453125
1034.04,0.348625,5.16881,8.81997,1.01856,292.96,4500.0,-2875.531982421875
1527.35,0.685589,6.90109,7.02891,1.04198,192.584,4500.0,-3861.2734375
730.443,0.307526,7.82255,8.4068,1.53047,191.778,4500.0,-2860.927978515625
2828.29,0.632986,7.60201,8.56598,0.760732,349.464,4500.0,-3072.870361328125
2015.83,0.603891,7.15179,7.80389,0.871736,359.386,4500.0,-3435.681396484375
2781.82,0.611937,5.90821,7.0299,0.792954,338.218,4500.0,-3012.59033203125
5547.51,0.790619,8.51453,9.82911,0.408861,2693.82,4500.0,-2514.263671875
1573.56,0.560345,4.75241,6.24081,1.08728,127.359,4500.0,-3471.099609375
444.527,0.238712,4.04551,4.6547,1.37845,15.4412,4500.0,-3317.200927734375
3468.46,0.740024,9.0912,12.62335,0.571731,1200.53,4500.0,-2714.388427734375
1529.94,0.619542,6.95688,7.15871,0.985662,110.67,4500.0,-4014.133056640625
2393.33,0.690213,7.8397,9.90424,0.835666,646.642,4500.0,-3024.08984375
1393.4,0.535185,5.63804,6.46999,1.1426,74.1422,4500.0,-3534.692138671875
1634.94,0.681008,20.49738,20.79491,0.748628,1316.32,4500.0,-2071.6943359375
674.883,0.294855,4.05342,5.87232,1.21559,71.2109,4500.0,-3212.029541015625
2298.5,0.625669,7.19477,9.36838,0.849505,361.164,4500.0,-2956.13330078125
3433.15,0.662538,7.81311,8.7931,0.646236,431.959,4500.0,-2782.8388671875
299.814,0.13293,3.97588,6.02115,1.45626,26.4696,4500.0,-2660.685302734375
878.663,0.501554,4.84562,5.29606,1.35898,27.0934,4500.0,-3319.031005859375
444.971,0.277966,8.17089,8.80222,1.74629,102.448,4500.0,-3009.04150390625
1580.3,0.601993,6.10155,7.77488,1.0041,142.036,4500.0,-3857.270263671875
2784.61,0.768537,5.41116,14.78382,0.776843,2398.49,4500.0,-2966.180419921875
923.293,0.362657,4.18627,4.85142,1.10587,24.5226,4500.0,-3472.13916015625
4367.26,0.866445,15.07921,20.51629,0.368143,6259.36,4500.0,-2222.92822265625
249.416,0.105859,3.56324,5.42511,1.22449,27.691,4500.0,-2692.599853515625
3477.89,0.676166,7.70847,9.86857,0.59873,664.162,4500.0,-2841.435546875
651.908,0.355544,4.06858,5.06075,1.30785,22.3053,4500.0,-3586.114990234375
5937.75,0.824896,10.66197,11.93213,0.359315,1653.17,4500.0,-2422.53173828125
1469.2,0.47359,3.908,5.72994,1.10736,80.9689,4500.0,-3170.205810546875
2064.98,0.741566,9.52567,15.44652,0.935609,3584.51,4500.0,-2444.424072265625
4659.65,0.809329,9.23751,16.04657,0.432215,3666.45,4500.0,-2502.7998046875
4069.46,0.732161,6.02552,7.92006,0.669737,865.229,4500.0,-3086.805419921875
817.411,0.491636,3.43466,8.95613,1.01398,486.005,4500.0,-3214.742919921875
308.207,0.320278,3.58229,4.23645,2.02807,9.23176,4500.0,-3115.51171875
1275.1,0.465242,5.14768,5.74047,1.04239,61.979,4500.0,-3587.522705078125
169.61,0.149016,3.4521,4.88579,1.59882,10.6311,4500.0,-4036.419189453125
1176.74,0.464293,4.98557,6.38893,1.04777,290.128,4500.0,-3471.712158203125
2789.07,0.70199,6.21925,10.72646,0.740849,1623.24,4500.0,-3093.68212890625
1695.58,0.456192,3.8912,5.8832,0.904707,162.5,4500.0,-2915.64599609375
525.528,0.342296,6.85231,7.47798,1.66342,105.814,4500.0,-3566.23583984375
1929.76,0.650321,7.103,7.8424,0.871514,215.44,4500.0,-3635.482421875
872.468,0.401625,5.83226,6.89099,1.28953,124.23,4500.0,-3249.8017578125
3723.5,0.795453,8.27122,12.38937,0.548153,1542.48,4500.0,-2787.99267578125
3803.78,0.631632,5.96077,7.47779,0.662919,322.437,4500.0,-2985.896240234375
2949.51,0.755126,12.2893,14.34362,0.611585,3311.27,4500.0,-2392.11376953125
4046.39,0.777932,8.63817,12.06243,0.512106,1307.82,4500.0,-2638.121826171875
591.005,0.333052,4.15258,4.6599,1.3343,17.1993,4500.0,-3320.000244140625
1913.97,0.672638,7.33159,7.92173,0.864348,221.889,4500.0,-3688.3095703125
3904.1,0.794702,7.90672,16.54296,0.495461,2791.07,4500.0,-2423.449951171875
506.72,0.293982,3.51626,5.01624,1.35855,78.2644,4500.0,-3144.07666015625
3122.83,0.749255,6.68113,10.34422,0.744711,2034.55,4500.0,-2716.828857421875
2361.16,0.635034,8.06474,8.99711,0.902356,701.985,4500.0,-3196.21484375
5624.83,0.854391,9.88104,12.79287,0.36482,2925.23,4500.0,-2482.842529296875
1876.4,0.657487,5.99732,8.26616,0.959358,649.626,4500.0,-3392.626953125
1108.23,0.45753,5.41527,6.60125,1.10519,33.0035,4500.0,-3767.420166015625
2795.01,0.631537,4.89408,10.85266,0.773849,1048.22,4500.0,-2897.308349609375
2191.05,0.608914,7.65802,8.1163,0.715756,354.83,4500.0,-2953.889892578125
814.718,0.343906,4.74628,5.85851,1.50944,98.7877,4500.0,-2933.790283203125
2627.53,0.755693,13.80077,14.38824,0.612202,1932.46,4500.0,-2815.132080078125
85.3371,0.119262,3.34472,4.36363,1.33145,4.29448,4500.0,-2351.735595703125
1175.17,0.47425,9.31835,9.52909,1.03488,161.526,4500.0,-3310.01806640625
3014.77,0.717209,8.62941,11.02302,0.676413,939.422,4500.0,-3101.4296875
1571.62,0.499198,3.35002,11.20251,0.912347,429.331,4500.0,-2995.6259765625
563.112,0.26479,3.56683,4.48975,1.32309,38.0464,4500.0,-3296.885498046875
5441.98,0.898199,12.57295,19.02867,0.307282,6853.11,4500.0,-2169.765869140625
2080.61,0.57034,5.57585,7.06688,0.91036,490.838,4500.0,-3347.999755859375
1390.45,0.435041,3.81335,7.03162,1.05178,102.773,4500.0,-3171.216064453125
3873.11,0.835615,12.98672,20.23811,0.435457,9197.01,4500.0,-2100.251953125
5535.54,0.866211,11.82862,13.66728,0.328969,2542.78,4500.0,-2176.46435546875
551.448,0.405176,3.35059,3.99692,1.1531,5.51081,4500.0,-3325.52392578125
1214.21,0.475957,5.56724,6.4213,1.18737,156.311,4500.0,-3232.8828125
3563.06,0.680107,8.08604,11.74203,0.651046,1240.37,4500.0,-2764.323974609375
177.616,0.242952,3.30961,5.60293,1.41594,28.2241,4500.0,-3294.131591796875
1480.08,0.550403,5.20901,6.50886,1.13195,292.094,4500.0,-3539.9912109375
6497.7,0.941784,17.44379,25.46016,0.1673,17411.5,4500.0,-1619.65283203125
160.161,0.147465,3.34102,3.67907,1.8695,2.36519,4500.0,-3577.44970703125
685.455,0.328554,6.21795,7.22039,1.15171,103.683,4500.0,-3248.22119140625
1812.2,0.580529,7.39748,7.74717,0.849293,233.157,4500.0,-3549.626220703125
153.175,0.0904317,3.85034,4.16512,1.59593,4.9595,4500.0,-3124.215576171875
886.611,0.380638,4.19865,5.27667,1.22502,69.2316,4500.0,-3488.224853515625
913.456,0.417914,5.12312,5.54279,1.57133,164.087,4500.0,-3216.576171875
1679.85,0.544469,6.04448,7.84799,0.991465,654.423,4500.0,-3336.457275390625
1803.61,0.547736,9.23932,9.29161,0.833377,208.453,4500.0,-3090.153564453125
1388.09,0.57265,4.45457,8.93568,1.41964,213.525,4500.0,-3309.0908203125
531.863,0.254877,3.5495,4.73064,1.38131,15.4386,4500.0,-3104.400634765625
1437.72,0.548284,7.66548,8.19901,1.02898,219.633,4500.0,-3265.58203125
434.965,0.217384,4.80316,5.5222,1.67627,41.5486,4500.0,-3414.904541015625
2049.2,0.778717,14.38186,14.86862,0.777337,2306.01,4500.0,-2464.478271484375
3000.84,0.799872,13.35468,16.30896,0.648172,3951.35,4500.0,-2391.25244140625
1386.36,0.550178,5.56259,6.39131,1.08914,76.2972,4500.0,-3756.02294921875
1539.87,0.468977,8.75936,9.51854,0.888881,320.228,4500.0,-2564.927734375
3177.7,0.744069,8.65857,9.81093,0.665015,1662.32,4500.0,-3079.888671875
3863.0,0.828882,9.23775,13.92506,0.531096,2855.85,4500.0,-2586.217041015625
284.63,0.205319,3.49256,4.45052,1.63221,18.1818,4500.0,-3035.608154296875
2563.76,0.682232,13.37698,15.05316,0.705493,1453.64,4500.0,-2910.30078125
2618.84,0.781016,7.46965,16.28583,0.798676,4681.53,4500.0,-2646.40625
1764.81,0.627111,7.77795,9.81294,1.00644,618.97,4500.0,-2926.3466796875
5747.25,0.941237,21.55465,21.98742,0.165441,20280.1,4500.0,-1617.119873046875
1617.36,0.565359,5.72184,6.98342,1.37925,994.642,4500.0,-2927.514404296875
4583.56,0.808688,9.46121,11.1779,0.481443,6500.89,4500.0,-2573.13623046875
3696.99,0.683444,9.72985,11.41734,0.529161,1268.05,4500.0,-2633.177734375
4829.13,0.751236,7.5368,9.19361,0.518833,624.498,4500.0,-2646.5751953125
452.583,0.219534,7.42379,7.60374,1.36601,119.111,4500.0,-3450.698974609375
268.658,0.107678,3.71986,5.50169,1.20976,30.5021,4500.0,-2598.66748046875
663.432,0.36581,3.91855,4.25399,1.33959,7.53117,4500.0,-3565.89306640625
702.023,0.317198,4.24273,4.85584,1.21588,47.3801,4500.0,-3425.19091796875
5289.33,0.896555,15.28779,20.27847,0.268136,4797.94,4500.0,-1966.5069580078125
2051.1,0.579463,6.21637,7.42525,0.947745,403.532,4500.0,-3171.986328125
220.505,0.127431,3.40772,4.21813,1.75609,21.0594,4500.0,-3383.924072265625
230.635,0.199321,3.59543,4.35298,1.66215,10.9965,4500.0,-4190.775390625
892.422,0.407548,5.05351,5.83426,1.20847,46.7674,4500.0,-3602.048583984375
765.828,0.297588,5.67944,6.35371,1.33702,60.2583,4500.0,-2928.179931640625
2241.8,0.706771,12.6792,13.36887,0.687468,2154.82,4500.0,-2696.60791015625
393.538,0.221832,3.45766,4.91107,1.22612,27.185,4500.0,-3406.92236328125
540.375,0.287676,4.99342,5.53289,1.53149,30.4726,4500.0,-3191.279052734375
968.588,0.433456,3.81423,5.63057,1.28847,39.7605,4500.0,-3518.442626953125
1099.42,0.369283,4.98686,6.08637,1.0925,243.189,4500.0,-3251.601806640625
2857.54,0.592692,9.93045,12.62312,0.628506,1097.13,4500.0,-2543.018798828125
2358.51,0.534896,4.4991,6.78927,0.82698,301.81,4500.0,-2895.543212890625
245.691,0.122818,4.14684,5.73788,1.57122,19.8504,4500.0,-2636.20751953125
1018.33,0.339494,4.20701,5.02118,1.25172,139.072,4500.0,-3239.627197265625
1836.37,0.573715,7.27368,8.10689,0.940438,352.231,4500.0,-3178.9443359375
2260.63,0.694908,9.57452,10.00584,0.780513,723.087,4500.0,-3172.716796875
2197.7,0.604545,4.50138,6.53494,0.872955,414.453,4500.0,-3502.62109375
3514.18,0.762318,4.72396,12.86191,0.70574,1496.12,4500.0,-3077.93798828125
2542.53,0.587014,5.41886,6.8372,0.777416,702.618,4500.0,-3368.504638671875
526.908,0.258302,3.7634,4.06605,1.37813,34.6414,4500.0,-3604.38232421875
375.893,0.265953,3.69301,5.21807,1.69291,17.2627,4500.0,-3303.934814453125
1203.2,0.54582,14.37111,14.65004,1.01116,603.466,4500.0,-2554.67041015625
2969.4,0.606352,5.61143,7.56948,0.769799,466.398,4500.0,-3020.722412109375
766.097,0.322996,5.93716,6.32932,1.28796,113.092,4500.0,-3191.17041015625
3690.35,0.720657,7.72617,10.59061,0.586173,2103.75,4500.0,-2686.051025390625
1165.78,0.682175,10.73569,11.47713,1.29923,354.212,4500.0,-3471.13525390625
1758.14,0.598118,19.25829,19.62001,0.656675,1152.29,4500.0,-2079.753662109375
829.559,0.35909,4.69084,4.85178,1.25654,26.8459,4500.0,-3138.061279296875
718.847,0.374257,10.24283,10.47951,1.3576,194.492,4500.0,-2884.109130859375
858.826,0.335349,4.36384,5.01068,1.31291,112.003,4500.0,-3234.131103515625
1946.27,0.732058,18.49929,18.66854,0.700604,2309.95,4500.0,-2314.503662109375
1087.74,0.490567,8.67372,9.86794,1.32565,255.162,4500.0,-2930.195068359375
2877.78,0.637742,5.43245,8.74074,0.825034,388.388,4500.0,-3110.1845703125
650.11,0.2996,3.53808,5.09231,1.35906,20.8378,4500.0,-3418.142333984375
2130.63,0.533574,4.79939,6.57831,0.941789,450.953,4500.0,-3131.646240234375
4660.15,0.824049,11.65474,13.14478,0.415931,2252.98,4500.0,-2474.133544921875
5311.09,0.806115,8.2424,9.52204,0.46358,2318.79,4500.0,-2760.818603515625
2826.32,0.649412,5.489,10.76163,0.765324,1068.68,4500.0,-2855.543212890625
332.994,0.171721,5.13671,5.54294,1.55637,38.9578,4500.0,-3215.2939453125
306.533,0.186929,3.42871,5.04059,1.38109,40.0741,4500.0,-3026.444580078125
731.027,0.461154,3.9036,5.57266,1.82988,104.428,4500.0,-3359.44921875
1889.16,0.615853,20.11218,20.44943,0.633476,1236.52,4500.0,-2083.5146484375
3623.97,0.77804,8.83555,14.95587,0.556293,2237.04,4500.0,-2574.730712890625
1537.27,0.553578,6.29825,7.88438,1.27893,674.917,4500.0,-2838.1240234375
2582.45,0.647139,8.71783,9.70127,0.684133,1093.57,4500.0,-3045.62939453125
354.146,0.194762,3.69957,4.64648,1.21623,46.891,4500.0,-3760.951171875
1014.56,0.317211,3.76525,5.12246,1.10107,88.2176,4500.0,-3444.69287109375
2779.87,0.745323,10.34382,11.97001,0.684168,1253.74,4500.0,-2638.79150390625
216.465,0.202822,3.41493,4.21511,1.3811,6.71877,4500.0,-3715.75439453125
2066.84,0.583232,7.65496,7.86287,0.783547,238.353,4500.0,-3315.677490234375
1082.9,0.531351,4.16071,7.6584,1.31323,313.066,4500.0,-3116.09814453125
3335.37,0.764716,8.01464,14.63739,0.604012,2150.74,4500.0,-2649.63720703125
1221.37,0.529055,9.14634,11.05848,1.01162,537.591,4500.0,-3409.28515625
601.156,0.331666,3.559,4.97762,1.21542,37.1549,4500.0,-3870.931884765625
1650.67,0.531595,5.48414,8.04197,1.09049,758.304,4500.0,-3022.5654296875
649.027,0.283153,4.58702,5.54204,1.63322,23.91,4500.0,-3286.36962890625
1357.67,0.511716,4.47163,7.04949,1.37697,254.726,4500.0,-2896.025390625
682.755,0.343771,3.82707,5.02799,1.43984,52.6153,4500.0,-3466.8271484375
953.112,0.418513,5.10066,5.86198,1.21865,121.045,4500.0,-3132.429443359375
1149.57,0.402795,4.01338,5.75566,1.12454,154.655,4500.0,-3320.009765625
1922.88,0.647295,6.35354,10.30542,0.98968,1082.41,4500.0,-3043.7275390625
2260.68,0.716785,8.04774,12.0228,0.978385,1455.7,4500.0,-2829.234375
3314.81,0.778298,6.8275,16.17931,0.647005,4696.29,4500.0,-2704.23095703125
3947.71,0.714924,6.36965,8.24529,0.622801,708.323,4500.0,-2929.629150390625
2249.87,0.601123,4.60036,6.84498,0.948835,624.701,4500.0,-3332.447998046875
450.907,0.221655,4.50557,4.68736,1.39622,18.7886,4500.0,-3571.8974609375
963.433,0.393285,3.40989,5.39113,1.05792,45.8186,4500.0,-3314.341796875
3923.38,0.725255,6.33999,13.40011,0.639762,1630.35,4500.0,-2845.585205078125
3177.38,0.834498,24.37253,25.24097,0.375162,3451.47,4500.0,-1883.7242431640625
2743.18,0.593585,3.812,5.57821,0.786129,286.642,4500.0,-3124.42724609375
1275.47,0.511865,7.3852,9.29032,1.14111,414.774,4500.0,-3148.0302734375
935.385,0.418039,3.75735,4.5709,1.2571,73.8328,4500.0,-3419.87353515625
3097.87,0.64891,6.42131,7.56125,0.692925,832.802,4500.0,-3531.80517578125
3045.31,0.758815,6.74838,15.28553,0.669534,3990.36,4500.0,-2645.3837890625
2934.81,0.706281,6.27542,8.28331,0.831397,670.793,4500.0,-2774.082275390625
2586.32,0.611449,5.65476,7.80864,0.779923,582.261,4500.0,-3092.600830078125
1142.82,0.43612,6.12201,6.79837,1.08392,141.059,4500.0,-3395.444580078125
3305.66,0.620852,5.67686,7.40978,0.739265,337.707,4500.0,-3156.037353515625
1100.53,0.443549,4.4096,6.36627,1.34511,290.651,4500.0,-3366.329833984375
1499.37,0.474145,4.34632,7.66559,1.01352,375.233,4500.0,-3418.617431640625
6241.12,0.948536,21.47075,21.94138,0.151249,19133.5,4500.0,-1569.067138671875
1344.0,0.529055,3.85337,6.27603,0.998565,201.7,4500.0,-3050.778564453125
5036.09,0.849697,9.94955,14.93622,0.381092,2047.62,4500.0,-2521.849609375
4514.5,0.876039,14.14873,20.77379,0.336287,10458.2,4500.0,-2000.5145263671875
977.329,0.491257,4.40863,6.32537,1.98266,308.68,4500.0,-2965.871826171875
2039.22,0.55599,5.16131,5.57605,0.939329,342.008,4500.0,-2980.23828125
5391.01,0.847631,11.24398,16.7896,0.328481,4123.08,4500.0,-2080.56787109375
5537.93,0.88137,13.01166,19.36234,0.275434,3870.86,4500.0,-2158.865966796875
1938.31,0.66763,21.86014,22.18079,0.57039,1292.02,4500.0,-2012.4833984375
2968.29,0.789882,8.85208,12.19559,0.677611,1646.4,4500.0,-2570.35009765625
1874.08,0.596034,7.62245,8.21509,0.818566,458.86,4500.0,-3506.50048828125
2733.84,0.673617,5.78272,9.52664,0.76172,1115.24,4500.0,-3311.928955078125
2313.39,0.617394,5.51537,7.30137,0.939193,137.969,4500.0,-2944.271728515625
2730.61,0.655231,7.8533,8.39601,0.791276,392.231,4500.0,-3566.15234375
738.202,0.310148,5.17238,5.94628,1.34625,37.904,4500.0,-3508.462158203125
1262.71,0.47549,4.98674,6.56896,1.00897,341.557,4500.0,-3351.549072265625
221.851,0.16672,3.60272,4.36997,1.54673,15.4937,4500.0,-3608.248046875
505.709,0.277043,4.59211,4.73085,1.35571,44.7299,4500.0,-3781.455810546875
3076.95,0.769543,6.88268,15.22682,0.685009,4020.25,4500.0,-2698.947021484375
4254.05,0.854897,9.63223,13.5978,0.472417,4922.34,4500.0,-2327.0537109375
4478.17,0.773935,9.73791,12.18168,0.445544,3058.59,4500.0,-2487.971435546875
4112.1,0.833006,10.05108,16.54109,0.453576,2768.19,4500.0,-2447.791015625
2699.43,0.725885,14.34452,17.44533,0.667688,2560.17,4500.0,-2524.185302734375
1231.9,0.458828,4.66528,7.22078,1.02005,146.55,4500.0,-3506.89990234375
1470.37,0.55732,8.91429,11.53447,1.13079,1129.73,4500.0,-2731.642822265625
4476.05,0.799609,10.11361,13.89211,0.430416,1733.79,4500.0,-2619.8486328125
250.227,0.184379,3.42044,3.82646,1.23879,1.76616,4500.0,-3331.73681640625
3775.72,0.827729,9.10165,16.2674,0.554844,5452.64,4500.0,-2611.225830078125
5204.53,0.808142,10.65833,15.36959,0.388594,2241.39,4500.0,-2419.260498046875
1215.65,0.425413,4.84864,7.06527,1.10484,274.171,4500.0,-3314.795654296875
1745.1,0.630464,21.04467,21.35039,0.628125,1214.75,4500.0,-2049.66650390625
1306.07,0.477549,3.92963,7.1286,1.10491,182.71,4500.0,-3607.416259765625
731.172,0.369008,5.18935,6.70833,1.34719,238.202,5000.0,-2783.423583984375
517.752,0.298623,3.6625,4.06681,1.46423,14.578,5000.0,-3470.306640625
279.559,0.171054,3.44292,4.65433,1.41079,9.89499,5000.0,-3866.91552734375
1150.04,0.413377,8.71411,9.28808,1.02858,138.552,5000.0,-3042.31298828125
3718.89,0.786418,12.57395,15.59001,0.538275,3812.62,5000.0,-2520.806396484375
710.721,0.319341,3.54793,5.89574,1.34286,75.0005,5000.0,-3140.25927734375
1923.44,0.58603,5.40264,7.32565,0.994311,258.612,5000.0,-3215.68505859375
4672.62,0.818789,10.47578,14.5492,0.421448,3051.49,5000.0,-2591.7099609375
1902.83,0.551202,4.75454,7.8725,0.941513,216.99,5000.0,-3218.5234375
1325.34,0.510493,3.56362,11.49673,1.10616,490.73,5000.0,-3010.387939453125
2859.62,0.689018,7.18074,10.08037,0.725803,711.609,5000.0,-3167.38525390625
1153.31,0.55097,16.46281,16.82435,0.98992,730.228,5000.0,-2381.7890625
2023.92,0.637301,9.1875,10.21483,0.798928,568.155,5000.0,-3052.100830078125
324.008,0.207834,3.55725,3.90061,1.31947,2.53054,5000.0,-3306.262939453125
3059.43,0.65981,6.72225,8.08784,0.690584,1012.39,5000.0,-3174.630859375
1547.17,0.561204,19.85248,20.00488,0.794872,1018.45,5000.0,-2321.36279296875
4413.18,0.819598,9.85243,14.7477,0.430891,3847.38,5000.0,-2475.912109375
384.863,0.296168,3.70463,4.48424,1.77239,14.1484,5000.0,-3562.8642578125
5256.23,0.939204,20.84148,21.52472,0.185596,18394.7,5000.0,-1782.3553466796875
1976.56,0.599984,6.06291,7.94843,0.90963,712.937,5000.0,-3307.800048828125
684.68,0.243147,4.40746,5.55174,1.25239,82.3578,5000.0,-3231.064453125
563.905,0.36566,3.54146,5.32543,1.60564,50.4811,5000.0,-3518.177734375
2828.36,0.853268,18.98412,20.67664,0.49838,5534.4,5000.0,-2193.896484375
897.636,0.440695,3.44357,6.12761,1.34631,65.1281,5000.0,-3801.040283203125
1650.63,0.556745,5.76877,7.52287,0.98164,859.465,5000.0,-3051.90673828125
234.604,0.211634,3.31619,4.91028,1.37037,8.86468,5000.0,-3207.47119140625
558.885,0.293386,8.51354,9.20336,1.41766,134.652,5000.0,-3265.84521484375
591.261,0.356917,3.41156,4.25807,1.32721,15.5419,5000.0,-3202.676025390625
2093.68,0.709921,9.23196,10.66889,0.8378,531.689,5000.0,-3018.88671875
2403.67,0.726216,9.41241,9.57457,0.726119,429.88,5000.0,-3094.09521484375
824.599,0.375788,8.34216,8.4461,1.22258,162.507,5000.0,-3285.543701171875
3641.31,0.809642,8.10202,16.25654,0.580334,5175.9,5000.0,-2693.780517578125
4426.49,0.784199,9.72682,12.7021,0.500712,1513.52,5000.0,-2834.101318359375
3051.69,0.615333,5.15308,6.26051,0.829027,367.019,5000.0,-3021.267578125
4950.57,0.865841,14.20373,17.02439,0.330315,6130.83,5000.0,-2395.9306640625
4067.12,0.789644,8.60059,10.69406,0.509529,2789.28,5000.0,-2567.753173828125
3689.4,0.755012,6.96832,10.79788,0.644432,1548.35,5000.0,-2717.334228515625
219.282,0.129457,4.36113,4.57268,1.52264,13.3365,5000.0,-3470.325439453125
3641.35,0.624689,5.62305,8.53875,0.653207,461.266,5000.0,-2918.140380859375
200.426,0.0845065,4.07281,5.52767,1.28304,26.3554,5000.0,-2778.215576171875
1054.13,0.415373,3.44611,5.00755,1.13105,51.4786,5000.0,-3473.596435546875
1366.84,0.528891,6.9085,7.72596,1.03021,159.759,5000.0,-3441.245849609375
3056.52,0.881128,30.77326,30.95304,0.329958,4803.06,5000.0,-1941.1728515625
306.383,0.195831,4.30501,5.01885,1.73018,16.4907,5000.0,-3503.618896484375
3486.54,0.814237,9.73442,13.33544,0.55776,1517.32,5000.0,-2628.413330078125
3961.06,0.745326,6.30925,12.16307,0.654136,1498.38,5000.0,-2813.571044921875
1832.45,0.623527,4.83461,8.81757,1.09511,540.744,5000.0,-3280.269775390625
190.097,0.152526,3.50355,4.29391,1.58073,13.0918,5000.0,-3835.194580078125
4350.83,0.79391,7.82769,14.46558,0.487162,3024.11,5000.0,-2584.06640625
1212.87,0.38175,3.90266,6.43917,0.961067,116.065,5000.0,-3310.82177734375
2894.0,0.744785,13.06569,13.74839,0.553043,757.283,5000.0,-2807.970458984375
1044.47,0.413069,5.14102,6.13678,1.16232,70.1231,5000.0,-3225.684814453125
68.522,0.0927351,3.31062,3.65196,1.31837,1.17775,5000.0,-3344.40771484375
1516.7,0.50911,4.2482,5.89966,1.09995,206.051,5000.0,-3572.334228515625
2499.66,0.608451,5.37987,6.91472,0.782297,668.974,5000.0,-3267.60009765625
2098.42,0.527313,5.75037,6.76146,0.851698,317.425,5000.0,-2982.93896484375
1333.5,0.546107,20.89205,21.02808,0.679686,1067.63,5000.0,-2249.312744140625
1589.56,0.508979,7.16467,7.83196,0.972846,225.018,5000.0,-3070.919921875
2807.49,0.781561,13.52157,14.17669,0.573917,797.667,5000.0,-2986.825439453125
644.151,0.471456,7.6312,9.29315,2.17443,549.804,5000.0,-2827.837646484375
903.428,0.367909,5.89863,6.94287,1.46213,179.166,5000.0,-3133.136962890625
1394.31,0.45806,5.9077,8.80371,0.960442,568.775,5000.0,-3157.884765625
4664.87,0.832784,14.1154,16.73265,0.399539,4691.65,5000.0,-2550.991943359375
4708.84,0.800227,11.67651,13.47249,0.410436,2014.42,5000.0,-2500.04150390625
4990.14,0.82237,9.60056,12.42628,0.400331,1770.96,5000.0,-2467.422119140625
1393.4,0.535185,5.63804,6.46999,1.1426,74.1422,5000.0,-3397.036865234375
2266.43,0.657866,5.64742,11.53447,0.893424,1109.15,5000.0,-2884.998046875
660.172,0.314342,5.03188,6.12838,1.06388,74.5527,5000.0,-3292.37109375
328.078,0.17582,3.5155,4.79699,1.41075,27.6758,5000.0,-3211.9140625
4688.22,0.841228,12.99712,16.93268,0.341662,3091.55,5000.0,-2344.9853515625
2957.61,0.763081,7.20029,15.2358,0.70593,3943.18,5000.0,-2751.3212890625
856.803,0.34551,3.60645,4.29186,1.15356,86.1542,5000.0,-3963.434326171875
642.742,0.305465,4.07072,7.45897,1.46736,146.864,5000.0,-3402.67724609375
407.499,0.177117,4.3574,5.09729,1.38013,31.7995,5000.0,-2821.783935546875
937.659,0.483548,3.41819,7.51088,1.3705,162.593,5000.0,-2948.10498046875
818.72,0.385614,4.78991,5.54071,1.30739,90.422,5000.0,-3084.20751953125
1520.17,0.565754,5.81268,10.11095,1.05186,1265.8,5000.0,-3158.09375
605.951,0.460218,3.39184,4.66132,1.01232,19.3079,5000.0,-3500.266357421875
2349.55,0.599287,5.50647,7.23016,0.879586,780.519,5000.0,-3003.1171875
4303.8,0.833723,10.14929,13.18032,0.449642,2481.32,5000.0,-2636.958251953125
394.145,0.283483,3.64682,4.0302,1.35475,16.9945,5000.0,-4071.420166015625
823.705,0.327819,5.83256,7.96297,1.44325,114.25,5000.0,-2968.910888671875
1354.82,0.493816,5.78471,7.32224,1.08867,103.094,5000.0,-3315.57373046875
2999.41,0.737608,6.44633,14.8363,0.666268,2586.33,5000.0,-2708.91943359375
1189.29,0.475047,5.51095,6.80196,1.10257,15.4683,5000.0,-3151.266845703125
1908.98,0.690704,20.22581,20.57871,0.632187,1323.55,5000.0,-2355.640380859375
970.41,0.392968,3.85661,4.55686,1.17082,30.1633,5000.0,-3560.22607421875
409.625,0.286468,4.89184,7.036,1.96918,109.725,5000.0,-3963.093017578125
4069.46,0.732161,6.02552,7.92006,0.669737,865.229,5000.0,-3087.890380859375
226.661,0.147042,3.62089,4.27492,1.51345,6.20508,5000.0,-3484.171875
4818.35,0.836982,12.187,13.84359,0.36694,2774.13,5000.0,-2536.2841796875
1878.94,0.658126,17.4355,17.7351,0.686941,837.631,5000.0,-2547.614990234375
1837.82,0.659719,8.98174,9.53302,0.989374,363.357,5000.0,-3108.117431640625
74.0758,0.164676,3.58227,3.87409,1.567,1.40423,5000.0,-4080.50927734375
3692.94,0.810193,8.66473,16.23013,0.57004,5259.06,5000.0,-2692.32666015625
2588.39,0.62356,6.26097,7.63691,0.785669,318.91,5000.0,-3119.61376953125
2235.26,0.547372,4.89304,6.29808,0.90496,306.448,5000.0,-3326.029296875
671.88,0.287224,3.87592,5.86065,1.34013,54.0978,5000.0,-3558.541748046875
4225.61,0.790998,8.46758,14.46514,0.488147,3076.78,5000.0,-2550.80078125
2653.13,0.609481,5.24807,7.35373,0.802787,298.606,5000.0,-3103.225341796875
6094.68,0.891502,12.74906,24.79642,0.260743,10320.0,5000.0,-2163.451904296875
301.441,0.203099,3.58711,4.29301,1.88972,7.06831,5000.0,-3349.78173828125
208.531,0.161874,3.47143,4.33554,1.58235,16.5655,5000.0,-3963.89794921875
2224.82,0.624844,6.81842,8.73508,0.885135,535.149,5000.0,-3117.69140625
3341.14,0.763286,8.35281,13.23447,0.602211,2391.27,5000.0,-2474.76708984375
3304.87,0.701193,7.28588,8.65221,0.675989,1107.31,5000.0,-2982.049560546875
3367.04,0.644499,4.91155,7.16058,0.704851,601.097,5000.0,-3425.365478515625
3904.1,0.794702,7.90672,16.54296,0.495461,2791.07,5000.0,-2569.45263671875
872.271,0.35793,4.40233,5.49509,1.2055,72.285,5000.0,-3495.603759765625
1449.11,0.559467,16.99738,17.36837,0.775764,742.968,5000.0,-2395.25439453125
5957.97,0.905418,12.66637,17.46366,0.24095,5622.7,5000.0,-2232.6015625
3858.39,0.734323,9.24117,13.36762,0.55466,1978.23,5000.0,-2553.3740234375
805.85,0.470191,3.48945,7.1831,1.53405,144.369,5000.0,-3183.1669921875
2361.16,0.635034,8.06474,8.99711,0.902356,701.985,5000.0,-3143.5107421875
2518.34,0.749143,12.31221,13.94357,0.721497,3275.68,5000.0,-2478.787353515625
4721.53,0.909395,15.95328,23.77777,0.278832,10839.0,5000.0,-2043.738525390625
3999.69,0.794559,12.87672,14.23739,0.509871,1827.26,5000.0,-2548.535400390625
1876.4,0.657487,5.99732,8.26616,0.959358,649.626,5000.0,-3385.655517578125
1008.93,0.384888,8.20993,8.41793,1.24739,148.342,5000.0,-3383.620849609375
3879.82,0.719225,5.92752,7.6197,0.658193,810.539,5000.0,-3424.543212890625
2966.6,0.688116,7.88839,8.45987,0.776409,712.514,5000.0,-3250.5390625
562.281,0.386434,4.21637,5.02332,1.45103,18.558,5000.0,-3508.490234375
700.883,0.286322,6.54468,7.02256,1.28781,125.224,5000.0,-3189.215576171875
961.143,0.386534,3.44385,4.44397,1.19026,17.5447,5000.0,-3382.604736328125
2773.63,0.721943,7.80637,8.33309,0.782064,365.934,5000.0,-3678.53271484375
3136.94,0.629287,4.81421,7.15552,0.718399,587.405,5000.0,-3478.913330078125
4544.0,0.822375,9.45183,13.39023,0.442615,1535.56,5000.0,-2674.08740234375
785.649,0.354591,3.47904,4.98018,1.20369,61.657,5000.0,-3474.422607421875
1026.09,0.440621,5.49707,7.74172,1.29428,214.209,5000.0,-3307.5810546875
2896.57,0.849192,27.80264,28.54564,0.373813,4342.2,5000.0,-1943.4315185546875
3124.21,0.769317,8.04747,13.16885,0.692024,1828.76,5000.0,-2919.042236328125
1605.6,0.581549,7.61226,8.86874,1.08146,193.899,5000.0,-3187.0791015625
2160.04,0.547042,4.83236,7.21328,0.917143,217.88,5000.0,-3104.612548828125
3806.42,0.806056,10.55218,14.76051,0.526934,2648.7,5000.0,-2468.681884765625
2378.81,0.583847,7.49901,8.22785,0.802657,325.918,5000.0,-2986.369140625
3298.91,0.663802,8.99977,11.22584,0.641974,905.302,5000.0,-2646.8359375
728.022,0.366942,3.47586,5.29273,1.28029,24.8506,5000.0,-3618.779052734375
801.649,0.421565,4.80447,6.69369,1.43016,132.276,5000.0,-3444.041015625
484.051,0.191739,4.50842,6.32144,1.32062,59.4822,5000.0,-3650.9140625
3539.74,0.785626,10.2149,14.11089,0.595743,2098.25,5000.0,-2728.449951171875
281.984,0.223607,4.0593,4.83659,2.06925,12.3589,5000.0,-3568.965087890625
3636.64,0.790477,10.51131,10.95493,0.532876,1383.69,5000.0,-3102.053466796875
718.856,0.404912,5.02618,5.80956,1.54221,65.2239,5000.0,-3589.93896484375
3745.88,0.803089,8.04384,14.95161,0.589047,1948.32,5000.0,-2746.38427734375
2047.0,0.532252,4.78643,6.76793,0.844356,234.513,5000.0,-3601.57958984375
1214.21,0.475957,5.56724,6.4213,1.18737,156.311,5000.0,-3344.9091796875
2886.61,0.660983,5.98941,7.72884,0.798201,1095.49,5000.0,-3169.217041015625
336.345,0.253547,3.78282,4.28118,1.52105,5.89556,5000.0,-3590.4384765625
623.996,0.417064,3.33928,7.35311,1.5473,132.465,5000.0,-3088.10791015625
4799.79,0.932277,18.96086,24.00417,0.223238,17237.2,5000.0,-1735.5107421875
990.162,0.348465,4.9034,5.88243,1.15351,122.878,5000.0,-3312.85498046875
5696.79,0.911796,14.19728,23.33902,0.237281,10542.8,5000.0,-2089.87353515625
523.565,0.231956,3.97581,4.78782,1.68883,35.1227,5000.0,-3251.136474609375
215.191,0.170286,3.45969,4.24253,2.06132,7.86393,5000.0,-3310.07763671875
2198.98,0.646928,9.52045,10.40131,0.784753,362.492,5000.0,-2969.44384765625
341.286,0.18664,3.61426,4.1353,1.29315,3.20768,5000.0,-3516.09423828125
2625.91,0.727386,9.7205,10.09276,0.688309,527.678,5000.0,-3049.614501953125
569.344,0.337623,3.61383,7.06814,1.4635,58.9356,5000.0,-3296.328369140625
2702.07,0.685062,13.2384,13.56869,0.561554,895.1,5000.0,-2861.4677734375
534.792,0.225674,5.55363,7.06947,1.27767,96.2705,5000.0,-3065.3779296875
3594.51,0.706729,6.78732,9.25813,0.663346,1036.68,5000.0,-3148.989013671875
2566.83,0.725038,9.79307,10.29368,0.703499,473.472,5000.0,-3286.8974609375
1728.94,0.680326,10.67369,10.97869,0.960456,457.039,5000.0,-3044.095703125
528.813,0.31332,5.0794,5.74173,1.53621,70.3304,5000.0,-3468.4453125
4162.83,0.810834,9.84533,15.19178,0.484402,2437.97,5000.0,-2566.154052734375
2478.96,0.597828,5.48132,9.0027,0.809363,801.614,5000.0,-3088.986572265625
2041.82,0.548743,5.00296,7.307,0.974412,400.42,5000.0,-3244.124267578125
616.492,0.293432,6.86636,8.13238,1.58944,266.26,5000.0,-2898.93701171875
1917.07,0.630454,7.87224,9.5745,0.971064,580.539,5000.0,-3177.362060546875
2810.19,0.669153,6.09315,8.6173,0.786569,673.643,5000.0,-3180.440673828125
2528.35,0.6695,5.66439,10.38415,0.828462,1126.78,5000.0,-2938.442138671875
1808.33,0.601817,14.14401,14.4887,0.703873,674.153,5000.0,-2701.07421875
806.782,0.396035,4.11159,5.11388,1.27298,28.5701,5000.0,-3636.078369140625
5367.19,0.83373,12.8274,16.25294,0.359024,2474.3,5000.0,-2433.279541015625
1062.89,0.462052,4.06568,5.60671,1.17154,46.5399,5000.0,-3566.850830078125
4914.73,0.86702,10.02967,17.0513,0.369289,4473.85,5000.0,-2448.925537109375
1440.9,0.55902,5.03399,5.88765,1.11764,83.8176,5000.0,-3786.195556640625
608.159,0.261122,5.05303,5.53017,1.43739,33.6452,5000.0,-3272.849853515625
4990.42,0.818167,11.93545,13.35974,0.447844,1401.7,5000.0,-2546.516357421875
3690.03,0.808583,8.7199,16.13348,0.571062,5171.91,5000.0,-2770.02392578125
4526.11,0.803294,10.14962,14.14205,0.479951,2500.6,5000.0,-2541.13427734375
823.469,0.322397,3.8413,4.58788,1.12425,88.6989,5000.0,-3279.437255859375
2530.98,0.696001,6.18068,11.59223,0.860577,1223.54,5000.0,-3106.773681640625
624.674,0.480436,3.35936,7.58217,1.39633,118.24,5000.0,-3059.15625
2358.51,0.534896,4.4991,6.78927,0.82698,301.81,5000.0,-2846.1806640625
2260.63,0.694908,9.57452,10.00584,0.780513,723.087,5000.0,-3160.67626953125
926.587,0.362124,4.30975,5.11022,1.29304,82.3984,5000.0,-3258.90185546875
1749.4,0.615174,11.74039,12.16511,0.864853,718.684,5000.0,-2814.774169921875
190.447,0.110028,3.51021,4.15034,1.46585,5.93323,5000.0,-2987.15966796875
1670.49,0.489027,5.86779,6.68698,0.939722,119.005,5000.0,-3316.0849609375
594.145,0.333326,3.7853,4.87984,1.48782,57.5103,5000.0,-3667.76904296875
1680.2,0.554826,4.56454,6.87928,1.09787,342.928,5000.0,-3161.72021484375
4963.24,0.81602,10.19708,14.79509,0.412087,2268.91,5000.0,-2509.913330078125
4543.31,0.849915,8.89724,16.39676,0.442165,3627.44,5000.0,-2604.24462890625
1550.87,0.591511,4.60461,7.60824,1.15965,437.344,5000.0,-3258.583740234375
1946.27,0.732058,18.49929,18.66854,0.700604,2309.95,5000.0,-2473.3212890625
3172.07,0.686613,6.50052,8.52851,0.708744,1221.24,5000.0,-3139.679931640625
4579.48,0.862896,9.51786,21.05198,0.438041,5611.94,5000.0,-2515.566650390625
847.495,0.354169,3.97968,6.45658,1.04904,59.751,5000.0,-2611.436279296875
1113.38,0.436191,5.44567,6.09891,1.20328,74.1063,5000.0,-3136.063232421875
2142.61,0.650634,12.27469,12.88827,0.772807,1989.31,5000.0,-2843.75244140625
3084.3,0.735711,6.58848,12.73856,0.711359,1553.4,5000.0,-2963.02392578125
882.744,0.443209,6.01514,7.17433,1.32712,82.2846,5000.0,-3486.00244140625
1138.6,0.349536,7.557,7.76342,1.02035,98.6076,5000.0,-2988.87158203125
3702.86,0.802051,7.83553,15.23681,0.578969,5108.54,5000.0,-2677.779052734375
1512.29,0.552227,5.27034,6.7804,1.09344,95.6542,5000.0,-3582.645263671875
2144.57,0.59831,8.92295,9.29743,0.776477,303.991,5000.0,-3042.7314453125
4168.12,0.797767,11.92604,14.67199,0.487667,6672.51,5000.0,-2634.775634765625
2343.55,0.607795,5.02811,6.40192,0.979489,786.755,5000.0,-3348.88720703125
937.563,0.452924,4.42061,5.21445,1.1932,24.676,5000.0,-3385.07958984375
1419.7,0.471495,5.31227,6.20939,1.10599,183.673,5000.0,-3304.180908203125
1929.36,0.634257,9.76554,10.80083,0.870161,715.733,5000.0,-3305.51025390625
3110.65,0.61279,6.75061,8.90117,0.674447,545.762,5000.0,-2829.059814453125
973.144,0.438638,4.41304,4.7364,1.17759,37.7263,5000.0,-3952.267333984375
1152.07,0.47773,5.17502,5.90682,1.14496,53.3036,5000.0,-3081.06787109375
2618.67,0.629141,5.81023,7.87369,0.833239,326.878,5000.0,-3008.9638671875
2040.04,0.632297,7.68785,8.18686,0.809755,274.623,5000.0,-3519.87109375
2170.87,0.50606,6.18349,9.74465,0.830011,704.169,5000.0,-2684.06005859375
1957.86,0.622148,7.5613,8.6674,0.956411,392.389,5000.0,-2855.0068359375
2559.68,0.59427,7.55991,8.8451,0.750621,433.981,5000.0,-2981.470947265625
5090.95,0.893449,13.29068,19.41722,0.294321,4936.45,5000.0,-2158.591064453125
3186.23,0.613159,4.70537,8.00633,0.759887,236.977,5000.0,-2902.62353515625
1149.57,0.402795,4.01338,5.75566,1.12454,154.655,5000.0,-3463.29541015625
4291.9,0.799176,9.28582,15.09278,0.483983,2588.24,5000.0,-2474.6416015625
4311.51,0.780011,7.43038,13.1663,0.522971,2803.18,5000.0,-2646.01904296875
1050.71,0.451179,3.59308,6.11165,1.29206,146.916,5000.0,-3039.114013671875
2111.29,0.708673,4.62045,10.228,0.904863,779.207,5000.0,-3330.162841796875
4677.7,0.815127,10.56006,13.33996,0.419249,3589.05,5000.0,-2449.877197265625
635.617,0.308234,4.74553,5.53588,1.49112,79.902,5000.0,-2638.290771484375
1162.8,0.42745,3.8579,5.05346,1.02508,47.243,5000.0,-3023.0849609375
2856.37,0.768493,4.84199,10.81878,0.854613,1636.85,5000.0,-3116.293701171875
2340.21,0.718719,11.45823,12.19857,0.696163,556.464,5000.0,-3166.743408203125
3287.81,0.695805,5.65337,14.02262,0.660839,1393.15,5000.0,-2665.059326171875
493.517,0.238887,3.66766,4.80253,1.44522,20.1821,5000.0,-3171.982421875
5479.25,0.92169,15.27242,18.15816,0.23236,11616.5,5000.0,-2006.37646484375
3935.68,0.814216,9.16474,14.53924,0.474959,3469.34,5000.0,-2566.755859375
700.429,0.455779,3.77464,5.31297,1.86559,78.7391,5000.0,-3386.44970703125
1154.39,0.451039,6.25301,7.44264,1.09134,111.581,5000.0,-3241.490966796875
367.747,0.173529,4.11708,5.49712,1.47759,59.4708,5000.0,-3514.5771484375
3819.48,0.803576,9.44249,12.87462,0.523877,1460.63,5000.0,-2681.87548828125
5476.48,0.840812,9.88138,13.74735,0.356242,3683.93,5000.0,-2474.591796875
1904.74,0.601099,7.52383,7.95746,1.0209,418.649,5000.0,-3284.248779296875
645.226,0.301905,4.0834,5.46212,1.33485,196.301,5000.0,-3441.12744140625
3400.26,0.735657,8.07572,10.249,0.660393,810.52,5000.0,-2723.2255859375
1053.27,0.422617,6.85333,7.1069,1.16596,73.4901,5000.0,-3314.271728515625
609.512,0.290389,8.59802,9.22942,1.33118,110.328,5000.0,-3032.23583984375
2173.78,0.686629,8.35581,8.83853,0.936138,708.322,5000.0,-3407.65576171875
5014.54,0.85018,10.0493,13.67157,0.383701,2787.82,5000.0,-2491.702392578125
2913.46,0.652867,6.26657,6.69496,0.813141,572.038,5000.0,-3002.424560546875
3839.94,0.730765,7.21932,9.38639,0.645269,761.261,5000.0,-2823.319091796875
1997.72,0.575582,11.18946,11.72914,0.828591,1036.85,5000.0,-2782.3125
1243.35,0.430484,4.72354,6.99609,1.08071,281.661,5000.0,-3221.620361328125
2460.18,0.597299,4.63015,6.88816,0.861106,357.314,5000.0,-3151.76416015625
1767.86,0.631276,7.68907,7.89527,0.913948,201.765,5000.0,-3711.177734375
3869.13,0.819617,9.10285,16.15601,0.542615,5286.21,5000.0,-2700.84326171875
2437.58,0.639339,4.474,8.91468,0.866253,574.217,5000.0,-3626.5361328125
1486.12,0.696981,14.51438,14.78319,0.967724,16.7578,5000.0,-3052.494384765625
1008.31,0.484611,5.0405,6.724,1.20976,66.886,5000.0,-4083.009765625
3144.16,0.755629,9.95508,10.69417,0.675034,1808.2,5000.0,-3058.822265625
1013.88,0.418125,4.23981,6.97659,1.31846,293.878,5000.0,-2936.70263671875
4593.17,0.795258,9.36669,13.00483,0.444466,1628.6,5000.0,-2631.938232421875
2196.96,0.689683,12.97785,13.36565,0.699764,786.156,5000.0,-2948.830322265625
1057.08,0.45246,4.25586,5.8535,1.17327,47.581,5000.0,-3536.932861328125
4899.41,0.853709,11.19822,14.70493,0.37943,2497.91,5000.0,-2418.92578125
555.611,0.294593,3.71317,4.52112,1.21708,11.442,5000.0,-3300.525390625
1634.99,0.52652,3.94028,4.94707,1.11037,65.1252,5000.0,-3646.741943359375
2188.18,0.567419,4.66987,6.91203,0.957454,554.422,5000.0,-3181.046142578125
3488.69,0.695469,6.4043,7.57276,0.684358,650.724,5000.0,-3059.162109375
3206.24,0.70093,5.46381,9.11663,0.723302,980.943,5000.0,-3115.239501953125
4401.46,0.813575,10.14468,13.94695,0.424151,2265.1,5000.0,-2410.814453125
2101.5,0.628915,4.63776,6.16462,0.899204,130.045,5000.0,-3236.2158203125
4664.25,0.801874,11.01623,12.67575,0.42809,1844.68,5000.0,-2555.101318359375
409.132,0.290495,3.38354,4.72437,1.25777,15.7619,5000.0,-3529.3994140625
