Acc. Surface Area [m^2/g],Void Fraction,PLD,LCD,Density,Channel Volume,Pressure [kPa],CO2_uptake [g/g]
361.852,0.198524,3.34085,4.38027,1.21763,13.9873,1.0,0.5559704303741455
955.021,0.325109,3.69596,4.96763,1.03944,88.4628,1.0,1.0038777589797974
3254.9,0.645102,8.30154,9.96929,0.639911,1104.85,1.0,0.39739790558815
1923.44,0.58603,5.40264,7.32565,0.994311,258.612,1.0,1.3291429281234741
2332.16,0.681904,7.16148,8.13779,0.783917,291.611,1.0,1.655403733253479
2149.05,0.589953,4.77059,5.91231,0.954609,344.474,1.0,1.3565105199813843
1611.11,0.520447,4.00055,6.02697,1.09325,325.384,1.0,2.427708148956299
4672.62,0.818789,10.47578,14.5492,0.421448,3051.49,1.0,0.4833245873451233
1293.96,0.481308,3.7662,5.77442,1.22248,117.266,1.0,2.4926695823669434
156.467,0.1268,3.80446,4.05646,1.70187,5.32432,1.0,0.32326388359069824
2600.61,0.697995,4.86843,10.27299,0.822247,1014.42,1.0,1.5038295984268188
2412.99,0.652106,7.66575,9.52473,0.883366,722.543,1.0,0.23857088387012482
825.246,0.465636,4.02707,5.18692,1.39716,38.8761,1.0,11.849530220031738
1202.72,0.51161,6.81647,7.68128,1.16031,152.02,1.0,1.19456946849823
1871.33,0.589845,5.08548,9.35332,0.966721,908.675,1.0,1.7624075412750244
354.922,0.252588,3.55812,5.42182,1.4874,40.0899,1.0,1.379913330078125
1572.8,0.532163,5.10903,6.67722,1.06722,99.7195,1.0,1.0683488845825195
3544.57,0.736308,6.61396,11.28335,0.631896,1105.93,1.0,0.8523771166801453
558.885,0.293386,8.51354,9.20336,1.41766,134.652,1.0,0.27105969190597534
1324.09,0.658104,7.04166,7.16356,1.20858,206.427,1.0,4.9438395500183105
3445.41,0.893987,32.8289,33.35607,0.277868,5755.66,1.0,0.6190250515937805
4103.84,0.840916,12.26313,14.15358,0.431496,2427.35,1.0,0.4279071092605591
4376.85,0.791352,9.70522,12.60417,0.476007,1426.1,1.0,0.30507099628448486
3813.98,0.746846,7.23129,12.3655,0.623353,1645.61,1.0,0.19913159310817719
1328.19,0.51935,8.83402,9.5831,1.04684,252.26,1.0,0.5430693030357361
1107.6,0.439984,5.31433,6.17989,1.18099,102.399,1.0,2.152841329574585
1806.18,0.610497,7.4054,7.89653,0.979921,140.19,1.0,1.022777795791626
1678.22,0.584262,19.01787,19.24015,0.637238,1046.74,1.0,0.10404936224222183
4892.13,0.79176,8.59277,13.05853,0.444467,1192.24,1.0,0.22632940113544464
4950.57,0.865841,14.20373,17.02439,0.330315,6130.83,1.0,0.41644716262817383
621.192,0.350984,8.26076,8.58276,1.49873,112.591,1.0,0.26586711406707764
238.068,0.116917,4.6332,5.05891,1.66327,23.3504,1.0,0.15035392343997955
2025.26,0.549177,4.7168,6.52933,0.959943,179.801,1.0,1.1197264194488525
1285.71,0.528525,5.65601,6.128,1.14779,135.761,1.0,3.2555336952209473
134.089,0.133557,3.69808,4.19634,2.03437,5.72751,1.0,0.26813051104545593
1760.43,0.646083,12.58356,13.80131,0.888268,1401.63,1.0,0.1174982339143753
1986.61,0.592604,6.51897,7.30945,0.92952,260.999,1.0,0.673376202583313
1290.5,0.447834,4.50627,5.40568,1.12063,53.1511,1.0,1.058743953704834
3998.93,0.839886,9.27347,11.7187,0.527815,2463.97,1.0,0.2752241790294647
3394.47,0.683023,6.19962,13.05206,0.652878,2128.06,1.0,0.2390754371881485
479.876,0.206532,3.57909,4.8199,1.34692,23.3847,1.0,0.4894872009754181
4195.07,0.841225,11.10622,13.94462,0.435915,2260.92,1.0,0.43389102816581726
3384.32,0.764416,7.80195,13.22033,0.592616,1990.29,1.0,0.5396182537078857
3366.25,0.77621,7.48366,15.22863,0.625384,4112.82,1.0,0.3327791690826416
2856.91,0.569431,5.63025,6.91667,0.801383,363.912,1.0,0.41629403829574585
1178.81,0.442726,4.15494,6.36601,1.27572,166.179,1.0,1.0082772970199585
255.471,0.193821,3.45625,4.38837,1.43752,5.23775,1.0,1.0730503797531128
1912.47,0.520035,4.83213,6.08102,0.862002,374.283,1.0,2.9542617797851562
1323.56,0.440974,5.02498,5.99218,1.06846,123.091,1.0,1.3174699544906616
2206.04,0.641181,9.90721,10.38818,0.759035,408.992,1.0,0.509430468082428
1573.4,0.509343,4.19007,4.70305,1.05024,45.6949,1.0,8.521597862243652
1993.28,0.704894,8.19329,9.08626,0.838364,285.037,1.0,1.8658473491668701
1263.05,0.388729,4.58384,5.18579,1.07364,70.4019,1.0,0.9249857068061829
1028.57,0.452038,10.04156,10.46848,1.06964,856.728,1.0,0.34802842140197754
1056.46,0.434674,4.37242,5.87053,1.18413,33.583,1.0,2.7012486457824707
917.933,0.396626,9.99933,10.49844,1.17325,194.51,1.0,0.07078354060649872
303.873,0.193572,4.16906,4.77624,1.66434,19.8794,1.0,1.3055120706558228
1453.98,0.507912,6.41234,8.04773,0.97344,223.399,1.0,1.138015627861023
2479.83,0.626904,7.37077,9.4629,0.797708,390.061,1.0,0.36116111278533936
1797.95,0.543787,5.75538,7.20604,0.945119,159.448,1.0,1.2404597997665405
2957.61,0.763081,7.20029,15.2358,0.70593,3943.18,1.0,0.3376503586769104
1904.26,0.548241,4.73536,6.65322,1.02552,445.775,1.0,1.2555320262908936
407.499,0.177117,4.3574,5.09729,1.38013,31.7995,1.0,0.6152588725090027
5150.23,0.785568,8.54242,11.05766,0.430906,2815.69,1.0,0.376037061214447
1658.09,0.67425,8.07242,8.90646,1.00308,202.965,1.0,2.3252205848693848
2736.3,0.530548,4.21575,5.82586,0.857921,111.711,1.0,0.5748317241668701
2136.89,0.658275,4.23205,10.13679,0.888353,863.34,1.0,1.8668434619903564
1358.41,0.425795,4.00139,5.33438,1.13701,91.08,1.0,2.803256034851074
2101.83,0.62562,5.90068,6.74913,0.879864,149.342,1.0,2.352551221847534
3809.86,0.721849,6.76427,8.14064,0.628703,1030.03,1.0,0.8622140884399414
2795.95,0.760936,11.88155,12.37897,0.650993,877.991,1.0,2.3334968090057373
2331.31,0.66103,11.82551,12.49784,0.71503,674.952,1.0,0.7672573328018188
281.684,0.176675,4.76761,5.44627,1.74896,36.5645,1.0,0.7378082871437073
4704.81,0.839383,12.81022,15.88474,0.363793,2895.73,1.0,0.2864610254764557
1173.73,0.527125,4.98167,5.60407,1.26025,43.7971,1.0,4.649643421173096
790.933,0.361813,3.86195,5.21869,1.44228,37.9113,1.0,1.9250963926315308
1176.74,0.464293,4.98557,6.38893,1.04777,290.128,1.0,3.761791229248047
1705.38,0.600577,8.43163,9.02587,0.993154,304.553,1.0,0.9411684274673462
773.185,0.297071,3.49185,4.57591,0.97327,37.8577,1.0,0.4340161681175232
2789.07,0.70199,6.21925,10.72646,0.740849,1623.24,1.0,0.9449366927146912
2672.67,0.622353,4.32036,6.22551,0.861242,334.425,1.0,2.0287044048309326
5191.03,0.926327,16.33153,18.10494,0.237803,11353.7,1.0,0.26450711488723755
1961.5,0.667701,20.59344,20.91518,0.633673,1280.68,1.0,0.2714400887489319
1089.11,0.35703,4.83425,5.26126,1.17599,107.426,1.0,2.7471296787261963
2811.53,0.718005,8.79842,9.25129,0.705349,785.042,1.0,1.115444540977478
1271.68,0.49051,4.4771,6.5216,1.29845,293.766,1.0,0.6733978390693665
3700.4,0.76234,7.52453,10.89927,0.626825,776.538,1.0,0.19621407985687256
564.576,0.29661,4.41034,6.38159,1.65048,93.6391,1.0,1.2521798610687256
2414.98,0.676155,8.15186,9.64256,0.739171,624.364,1.0,0.8680827021598816
2091.53,0.675863,9.63869,10.11776,0.943533,522.456,1.0,1.2601358890533447
344.693,0.214785,3.50428,4.11103,1.45117,12.5271,1.0,2.4944190979003906
1963.72,0.61648,6.2864,7.41723,0.923189,261.405,1.0,1.5534549951553345
4237.69,0.759633,9.60697,11.27735,0.502395,2061.26,1.0,0.546480655670166
2627.53,0.755693,13.80077,14.38824,0.612202,1932.46,1.0,1.0919679403305054
1270.95,0.55479,6.61249,6.85759,1.13796,90.7373,1.0,5.5030717849731445
1571.62,0.499198,3.35002,11.20251,0.912347,429.331,1.0,0.2823127210140228
845.435,0.416006,5.99978,6.41558,1.3408,122.252,1.0,2.4787654876708984
3497.26,0.731697,8.18615,11.04273,0.591706,1650.58,1.0,0.5606169700622559
1156.15,0.407242,4.76489,6.13505,1.15668,194.101,1.0,1.3827680349349976
3761.75,0.736731,7.11807,9.98229,0.639117,641.918,1.0,0.8792126178741455
830.006,0.329152,8.50695,9.15518,1.17412,120.362,1.0,0.1305728703737259
644.968,0.353436,4.14854,4.75041,1.77217,23.1855,1.0,1.3480985164642334
3298.91,0.663802,8.99977,11.22584,0.641974,905.302,1.0,1.0569379329681396
2080.61,0.57034,5.57585,7.06688,0.91036,490.838,1.0,1.480879783630371
3508.81,0.80088,7.95544,16.2068,0.601869,5042.17,1.0,0.28886985778808594
454.441,0.361265,3.36487,4.72789,1.88831,38.2631,1.0,1.5169745683670044
4998.89,0.875434,13.94045,20.40316,0.354321,6215.08,1.0,0.2971419394016266
281.984,0.223607,4.0593,4.83659,2.06925,12.3589,1.0,2.7599544525146484
5818.76,0.89264,11.55354,16.14609,0.253015,5472.85,1.0,0.35649827122688293
551.448,0.405176,3.35059,3.99692,1.1531,5.51081,1.0,4.532362937927246
2047.0,0.532252,4.78643,6.76793,0.844356,234.513,1.0,1.8636902570724487
3723.09,0.66337,5.34507,7.40277,0.732104,1052.92,1.0,0.6183099150657654
3599.45,0.790365,15.05917,16.39408,0.423142,3076.99,1.0,0.7499708533287048
3214.55,0.760576,9.90739,12.51924,0.68555,1922.57,1.0,0.49746468663215637
3749.61,0.814955,9.16997,15.21488,0.527592,2465.1,1.0,0.25504133105278015
3294.45,0.804889,14.40674,14.59212,0.500633,875.781,1.0,1.151668906211853
425.854,0.327509,3.71449,5.07688,1.98234,65.4459,1.0,1.2913652658462524
990.162,0.348465,4.9034,5.88243,1.15351,122.878,1.0,0.808581531047821
4096.78,0.825036,9.74391,13.41209,0.470346,1792.2,1.0,0.35902827978134155
4377.77,0.759125,10.25896,11.61651,0.496368,1224.62,1.0,0.2960805296897888
4126.13,0.800135,7.99949,12.23515,0.536418,1997.1,1.0,0.20029331743717194
4713.21,0.797852,10.61739,13.01391,0.422209,2133.89,1.0,0.3667657673358917
1261.57,0.417392,5.93272,6.46305,0.915886,170.179,1.0,6.1888933181762695
1948.24,0.597113,6.41806,7.56456,0.846721,218.564,1.0,1.7818292379379272
3692.56,0.735977,6.38499,7.97707,0.634975,793.827,1.0,0.9496081471443176
4078.24,0.806832,8.49393,15.29946,0.492916,2463.87,1.0,0.2202838808298111
3126.29,0.681359,4.30179,10.39751,0.791466,840.686,1.0,2.198590040206909
3994.95,0.752687,7.40411,10.18959,0.582961,846.476,1.0,0.42687755823135376
1563.91,0.460969,3.8681,5.77666,0.992452,382.59,1.0,1.5895769596099854
2357.78,0.693981,7.7203,8.32341,0.851304,528.312,1.0,1.256943941116333
984.903,0.554738,8.8905,11.57421,1.54969,1129.93,1.0,0.18608149886131287
1608.89,0.623108,6.25129,6.51399,0.97911,86.8513,1.0,4.932191371917725
4407.6,0.85799,13.01007,20.1178,0.420298,5862.04,1.0,0.32123011350631714
4661.57,0.846661,10.46127,12.69389,0.410441,4271.67,1.0,0.28278881311416626
1497.43,0.523983,4.0124,7.20106,1.07606,130.76,1.0,3.104915142059326
3568.57,0.747939,7.50258,13.10108,0.632253,1861.65,1.0,0.21779273450374603
702.023,0.317198,4.24273,4.85584,1.21588,47.3801,1.0,4.159833908081055
2521.9,0.560779,4.37771,6.13496,0.841019,283.74,1.0,1.3821172714233398
597.555,0.373613,4.03728,5.53246,1.42939,22.3528,1.0,10.518309593200684
384.19,0.217751,5.31658,6.24429,1.61602,24.7632,1.0,1.3175472021102905
285.692,0.155003,4.52085,4.82319,1.5993,19.4721,1.0,0.9901394844055176
295.776,0.177715,3.81425,5.99013,1.77721,45.1047,1.0,0.1458156704902649
280.851,0.145227,3.73518,4.19981,1.24278,12.4229,1.0,0.9489879608154297
4920.04,0.815331,10.51985,14.08166,0.413823,2170.0,1.0,0.40807536244392395
1609.85,0.511523,4.70183,6.70631,1.1491,543.626,1.0,0.4304942190647125
6769.56,0.960381,24.03089,25.06728,0.114055,27251.2,1.0,0.30836376547813416
334.709,0.139588,3.79024,4.41617,1.30275,15.2294,1.0,0.3467828333377838
245.691,0.122818,4.14684,5.73788,1.57122,19.8504,1.0,0.5150349736213684
637.571,0.300053,7.01866,8.25531,1.57523,284.45,1.0,0.1260334551334381
1271.43,0.466858,4.33557,7.045,1.02667,122.848,1.0,7.504993915557861
4239.97,0.746514,7.14527,10.9847,0.571372,2316.45,1.0,0.2569851875305176
2792.22,0.655249,4.99354,9.18517,0.806587,1037.59,1.0,0.7956940531730652
917.931,0.455252,5.67283,6.82957,1.42809,151.191,1.0,1.0954456329345703
1022.92,0.522574,3.36179,4.28327,0.825751,14.3437,1.0,1.3764866590499878
886.511,0.35866,9.05954,9.41113,1.15186,163.647,1.0,0.09267434477806091
778.634,0.396809,3.62499,7.17007,1.45709,228.292,1.0,1.0811750888824463
1661.3,0.548408,4.25498,5.84228,1.05726,389.764,1.0,3.3562958240509033
3311.68,0.737479,10.40192,10.94533,0.588886,1215.34,1.0,0.7609890699386597
470.191,0.169878,4.93367,5.33961,1.24252,17.1542,1.0,0.3068629205226898
3465.02,0.712052,6.05581,7.8849,0.677875,889.124,1.0,1.269132375717163
202.828,0.291728,3.34967,4.09201,1.75648,1.74795,1.0,4.799372673034668
1764.17,0.490712,5.20376,6.0209,1.01002,245.21,1.0,1.496529459953308
651.615,0.496847,3.31669,7.50782,1.35238,114.091,1.0,3.6757280826568604
1670.49,0.489027,5.86779,6.68698,0.939722,119.005,1.0,0.8927299380302429
3642.93,0.806441,14.14513,14.65332,0.529463,2410.9,1.0,0.40480470657348633
3690.35,0.720657,7.72617,10.59061,0.586173,2103.75,1.0,0.4186730682849884
6421.92,0.938525,18.6299,26.03778,0.162011,20066.8,1.0,0.25719505548477173
1471.7,0.674459,7.0537,7.46848,1.05776,119.351,1.0,5.965159893035889
1758.14,0.598118,19.25829,19.62001,0.656675,1152.29,1.0,0.10559620708227158
429.836,0.209559,4.81002,4.97387,1.49918,30.2905,1.0,0.5342609286308289
500.412,0.264619,5.24128,6.46734,1.7562,208.255,1.0,0.2644750773906708
865.784,0.592226,5.12843,5.97043,1.036,306.006,1.0,2.4320995807647705
2273.01,0.666595,8.61784,9.46963,0.752282,358.818,1.0,1.337112545967102
4687.57,0.868049,13.94298,20.39524,0.37395,6117.46,1.0,0.3434818387031555
2569.92,0.681012,10.80237,11.51264,0.658836,584.985,1.0,1.4986274242401123
2537.65,0.669009,9.54981,10.84988,0.673606,1947.01,1.0,0.39499685168266296
481.842,0.24546,4.27678,4.73178,1.49467,12.4007,1.0,1.1725050210952759
724.455,0.363761,3.39416,4.95312,1.09124,20.9723,1.0,2.041904926300049
2456.19,0.587285,5.48087,6.20741,0.762846,337.038,1.0,1.6872926950454712
250.314,0.150844,4.13302,4.59747,1.41108,19.2458,1.0,1.1363080739974976
3309.91,0.65725,5.53736,6.59033,0.744957,456.72,1.0,0.9199532270431519
3260.41,0.697679,7.44191,9.43108,0.727311,377.13,1.0,0.30918818712234497
4329.46,0.720521,8.4097,12.82088,0.501197,1744.7,1.0,0.35276103019714355
4168.12,0.797767,11.92604,14.67199,0.487667,6672.51,1.0,0.4147273302078247
413.127,0.239052,3.542,4.89887,1.46977,21.8533,1.0,1.2286381721496582
967.553,0.394775,3.57517,4.88751,1.34317,47.0813,1.0,0.7321332693099976
2779.87,0.745323,10.34382,11.97001,0.684168,1253.74,1.0,0.37199944257736206
1347.19,0.61191,4.71496,5.7847,1.18304,73.1103,1.0,10.076245307922363
2694.59,0.656706,6.32301,11.23999,0.766374,1156.17,1.0,0.47368934750556946
3844.83,0.765396,8.90751,11.35134,0.580216,1074.65,1.0,0.5388748645782471
312.707,0.245296,3.33772,4.56315,1.49512,15.1718,1.0,4.819865703582764
3671.45,0.666292,5.13032,7.30399,0.667266,784.38,1.0,1.3396027088165283
301.22,0.260641,3.39297,4.60788,1.44099,7.57343,1.0,12.91415786743164
986.812,0.484152,3.70618,7.25448,1.39693,169.329,1.0,2.6180613040924072
865.937,0.347208,4.43894,5.70697,1.27746,77.5931,1.0,2.18183970451355
1562.19,0.494739,4.45585,5.8758,0.950796,371.858,1.0,4.066131114959717
3019.59,0.762186,9.09565,16.19671,0.657643,4659.27,1.0,0.28361776471138
48.4283,0.104273,3.42455,4.38792,2.93242,1.95881,1.0,0.06240975856781006
649.027,0.283153,4.58702,5.54204,1.63322,23.91,1.0,0.28032785654067993
5409.61,0.84865,10.78389,14.83024,0.343559,3491.36,1.0,0.26197245717048645
531.31,0.310236,5.2054,7.29017,1.68765,162.522,1.0,1.0681877136230469
5291.11,0.860082,10.23672,13.38242,0.361322,3294.72,1.0,0.5161384344100952
189.421,0.235998,3.71608,4.27749,3.21024,11.5181,1.0,0.41339704394340515
2378.14,0.703077,6.84994,10.98195,0.911669,1373.73,1.0,0.28939923644065857
741.962,0.365533,3.43007,4.67603,1.12552,18.5698,1.0,4.990865707397461
6100.69,0.884318,10.87416,15.07499,0.283661,3544.81,1.0,0.31196466088294983
3947.71,0.714924,6.36965,8.24529,0.622801,708.323,1.0,0.6221392750740051
2728.48,0.723254,7.96294,8.47215,0.759196,476.988,1.0,0.5853859186172485
160.368,0.115365,3.93054,5.00175,2.03099,22.4679,1.0,0.3546006679534912
2701.34,0.769652,30.58143,30.91872,0.374851,3672.3,1.0,0.19158096611499786
1515.76,0.539596,6.19086,8.96299,1.12783,1408.55,1.0,0.35282430052757263
584.911,0.26944,4.15297,6.18217,1.34744,105.281,1.0,0.630171000957489
1356.36,0.561402,3.90305,8.42074,1.24828,395.071,1.0,1.8458733558654785
685.579,0.389679,4.11643,4.71674,1.51245,18.637,1.0,5.85531759262085
2340.21,0.718719,11.45823,12.19857,0.696163,556.464,1.0,1.3585906028747559
290.309,0.189549,3.33376,4.10283,1.58223,5.42462,1.0,0.3749939203262329
2108.26,0.6874,6.57139,9.95725,0.989445,1262.9,1.0,0.9876202940940857
3781.23,0.81819,8.50523,15.93029,0.554634,5274.7,1.0,0.2949100136756897
977.329,0.491257,4.40863,6.32537,1.98266,308.68,1.0,0.28743302822113037
3035.93,0.819334,20.69441,21.18161,0.434965,2164.33,1.0,0.6470215916633606
1719.66,0.618223,4.82071,5.87351,1.01364,92.6559,1.0,10.392054557800293
1580.94,0.464702,4.19387,6.55669,1.03683,216.912,1.0,0.8727940917015076
941.769,0.479499,5.58868,6.78974,1.32037,82.8716,1.0,3.305628538131714
4170.47,0.807724,11.75285,15.39921,0.415481,2526.65,1.0,0.22847405076026917
827.4,0.451898,3.46764,7.06623,1.43717,125.88,1.0,4.666236877441406
438.165,0.244843,3.47359,4.27931,1.31179,6.57566,1.0,2.4094150066375732
332.018,0.426281,3.63671,4.06011,1.77026,6.60665,1.0,32.17007827758789
1960.65,0.63522,5.18147,6.12988,0.941318,129.438,1.0,7.046422958374023
535.91,0.304746,3.33865,5.3195,1.37332,34.687,1.0,6.467421531677246
462.26,0.251751,3.7803,4.52383,1.48798,9.00926,1.0,1.4991239309310913
410.107,0.246603,3.62621,4.39335,1.38542,16.9703,1.0,3.1653943061828613
5014.54,0.85018,10.0493,13.67157,0.383701,2787.82,1.0,0.33607709407806396
1404.3,0.600831,21.74744,22.01347,0.729541,1216.39,1.0,0.06309635937213898
1997.72,0.575582,11.18946,11.72914,0.828591,1036.85,1.0,0.446089506149292
3449.54,0.818158,15.59844,17.21141,0.513717,2987.22,1.0,0.3546486496925354
1866.38,0.459968,6.20048,6.67034,0.86163,111.576,1.0,0.42037442326545715
389.53,0.425429,3.31912,4.60777,1.22342,9.9534,1.0,2.329482316970825
623.968,0.269203,4.30625,4.62098,1.31673,38.0103,1.0,2.0830137729644775
1767.86,0.631276,7.68907,7.89527,0.913948,201.765,1.0,2.138178586959839
387.939,0.180092,4.35357,5.98205,1.37948,47.5539,1.0,0.8963083624839783
905.126,0.415711,6.37671,6.97014,1.23311,193.377,1.0,1.058570384979248
2552.6,0.65417,5.36429,6.89312,0.885693,833.467,1.0,1.8692878484725952
282.5,0.149617,3.42591,4.49987,1.22858,16.6313,1.0,0.6970371603965759
1313.75,0.374753,4.00061,5.29993,0.910439,56.0288,1.0,0.5202621817588806
4728.43,0.78935,6.84161,11.21041,0.547827,2028.72,1.0,1.2650688886642456
5013.14,0.813509,8.85681,9.93941,0.463264,2513.85,1.0,0.5338497161865234
296.954,0.196004,3.69344,4.40645,2.14875,9.20605,5.0,2.689657688140869
2395.41,0.65804,8.09366,9.51153,0.730207,1423.46,5.0,5.075805187225342
846.674,0.474204,3.4159,6.71853,1.33856,53.3373,5.0,27.73133659362793
2925.03,0.713108,7.50441,11.90696,0.768092,1442.54,5.0,1.3794844150543213
2336.45,0.53932,4.47069,5.98075,0.904617,206.774,5.0,3.3122622966766357
2906.33,0.774967,14.317,14.60431,0.558988,838.778,5.0,4.589829921722412
4051.56,0.821037,9.72716,11.1681,0.484625,1386.38,5.0,2.4933650493621826
3627.32,0.784157,6.91898,12.68724,0.600983,2860.87,5.0,2.03063702583313
732.637,0.388915,4.07472,4.3677,1.33418,14.7449,5.0,33.27153778076172
827.514,0.446166,3.93992,4.67093,1.1825,23.5519,5.0,70.59504699707031
2352.15,0.626506,13.28878,15.13677,0.77125,3382.71,5.0,2.295081615447998
1031.56,0.485418,3.54481,7.47854,1.29936,166.101,5.0,15.171152114868164
3059.43,0.65981,6.72225,8.08784,0.690584,1012.39,5.0,3.710402727127075
1059.34,0.482609,5.29587,6.9552,1.18052,75.1948,5.0,14.962420463562012
1547.17,0.561204,19.85248,20.00488,0.794872,1018.45,5.0,0.877882182598114
4625.87,0.846244,11.99207,14.38768,0.388694,4182.86,5.0,1.9204161167144775
886.813,0.590898,5.18451,6.08683,1.01775,330.968,5.0,9.394474983215332
2421.89,0.694431,9.34269,10.07397,0.723678,684.461,5.0,3.591212749481201
789.679,0.32303,4.49036,5.02611,1.13366,21.9306,5.0,15.583099365234375
1701.63,0.525239,6.28264,9.03288,1.10042,423.561,5.0,1.5155991315841675
1551.01,0.532636,6.03698,6.95293,0.970295,86.6602,5.0,8.923234939575195
769.018,0.378397,4.26263,5.42423,1.34889,41.2652,5.0,11.624116897583008
58.3253,0.148775,3.3184,3.98941,1.84827,0.944163,5.0,2.5652530193328857
2699.01,0.658718,7.60746,8.62431,0.770384,330.928,5.0,2.177229166030884
558.885,0.293386,8.51354,9.20336,1.41766,134.652,5.0,1.4656363725662231
418.036,0.288081,3.5552,4.6944,1.30512,23.7035,5.0,18.965105056762695
288.824,0.182714,3.72605,4.93968,1.41687,49.5714,5.0,8.46642780303955
540.755,0.293348,3.82882,5.18334,1.34958,11.2178,5.0,16.95621109008789
1678.22,0.584262,19.01787,19.24015,0.637238,1046.74,5.0,0.5457491278648376
3019.75,0.75895,10.28938,11.28682,0.694793,1253.73,5.0,1.5149275064468384
3623.57,0.814063,8.53343,16.2797,0.581029,5241.74,5.0,1.4097412824630737
6780.62,0.960807,25.37036,27.02578,0.105567,33496.0,5.0,1.699852466583252
1161.96,0.459147,3.91309,5.70856,1.05709,140.247,5.0,18.459331512451172
476.128,0.286443,4.67076,6.73583,1.63813,117.55,5.0,6.889342784881592
219.282,0.129457,4.36113,4.57268,1.52264,13.3365,5.0,4.736184120178223
703.544,0.253996,5.57539,7.08651,1.19194,129.622,5.0,1.6343783140182495
4960.5,0.783107,8.17707,10.92357,0.452345,2415.18,5.0,3.3107094764709473
790.573,0.344098,3.62574,5.11906,1.43074,37.193,5.0,5.509350299835205
1112.07,0.557916,6.10702,6.93729,1.41107,347.776,5.0,7.541250228881836
400.863,0.25372,4.1954,4.79215,1.30798,17.4743,5.0,37.48843765258789
3273.99,0.736081,7.97884,8.52954,0.698784,540.252,5.0,5.287540912628174
899.665,0.417294,4.0384,5.52232,1.34416,51.4093,5.0,19.001970291137695
2874.66,0.674687,6.58668,9.0172,0.826254,916.224,5.0,1.1735135316848755
769.98,0.257183,4.36329,4.86728,1.19477,45.0156,5.0,3.5575711727142334
3384.32,0.764416,7.80195,13.22033,0.592616,1990.29,5.0,2.5993309020996094
1044.83,0.46513,4.59995,6.25349,1.125,50.789,5.0,22.704044342041016
2870.05,0.641438,5.46231,13.46057,0.723161,1467.45,5.0,1.8292920589447021
2572.83,0.609388,4.71356,8.05755,0.855732,711.219,5.0,14.149152755737305
3645.1,0.770843,5.61242,15.07673,0.613799,2490.67,5.0,3.086068868637085
3774.44,0.726056,6.45934,9.95521,0.622259,1381.64,5.0,2.705118417739868
1929.01,0.800538,16.2706,16.35588,0.719965,1323.58,5.0,2.923947334289551
2843.16,0.701279,5.56738,10.10542,0.803439,1252.21,5.0,4.368106842041016
2326.97,0.759884,9.18488,9.90326,0.858589,862.702,5.0,1.5851408243179321
730.443,0.307526,7.82255,8.4068,1.53047,191.778,5.0,0.32725027203559875
269.726,0.201388,3.60189,3.9946,1.39587,3.95693,5.0,0.6135513186454773
5706.58,0.872611,14.00915,15.86829,0.296337,2987.01,5.0,1.7725048065185547
609.963,0.521996,3.90139,4.45262,1.54768,13.4124,5.0,130.0499267578125
3018.03,0.765348,7.19804,15.23505,0.693679,3987.41,5.0,1.6470729112625122
4213.68,0.736524,6.71291,8.8463,0.621908,763.012,5.0,2.6603071689605713
303.873,0.193572,4.16906,4.77624,1.66434,19.8794,5.0,6.330983638763428
407.173,0.243021,3.92283,4.52785,1.52157,28.5272,5.0,18.705944061279297
1529.94,0.619542,6.95688,7.15871,0.985662,110.67,5.0,24.02924919128418
841.39,0.359861,6.61719,6.9388,1.29465,55.5198,5.0,1.7071905136108398
1796.43,0.592762,6.16317,8.1793,1.06142,892.255,5.0,2.422396421432495
2782.02,0.698723,10.03042,10.65287,0.702528,464.348,5.0,1.619220495223999
3375.33,0.727117,9.14271,9.8592,0.664051,845.045,5.0,3.234424352645874
1797.95,0.543787,5.75538,7.20604,0.945119,159.448,5.0,6.499605655670166
2186.06,0.540257,7.07627,7.37295,0.890532,252.657,5.0,3.533442735671997
3365.93,0.693913,8.19119,13.26425,0.58609,1634.06,5.0,1.7926511764526367
2256.27,0.549604,6.48205,7.79318,0.812362,710.635,5.0,2.926980972290039
2361.43,0.598562,7.01676,8.85741,0.791394,1717.62,5.0,3.1545095443725586
5109.58,0.878178,12.64974,15.85616,0.33301,3390.59,5.0,1.6659971475601196
407.499,0.177117,4.3574,5.09729,1.38013,31.7995,5.0,3.031109571456909
2829.47,0.78597,13.15606,13.60274,0.567252,796.257,5.0,7.036245346069336
1726.37,0.572795,6.54375,7.1012,0.936766,106.421,5.0,8.010624885559082
2736.3,0.530548,4.21575,5.82586,0.857921,111.711,5.0,2.87916898727417
1239.83,0.420398,9.22586,9.4234,0.995264,182.809,5.0,1.3111827373504639
818.72,0.385614,4.78991,5.54071,1.30739,90.422,5.0,14.417645454406738
2407.42,0.505751,4.01664,5.58846,0.851523,186.777,5.0,3.884859800338745
3376.15,0.688303,6.47562,9.17897,0.719375,1343.45,5.0,1.6996817588806152
860.724,0.380447,3.48902,4.88632,1.22631,36.9041,5.0,6.599026203155518
1427.04,0.453131,4.56473,5.72858,0.957227,135.37,5.0,13.624985694885254
5937.75,0.824896,10.66197,11.93213,0.359315,1653.17,5.0,1.5129014253616333
396.309,0.238107,3.53127,4.19283,1.35684,6.42325,5.0,1.046851634979248
1189.29,0.475047,5.51095,6.80196,1.10257,15.4683,5.0,20.636396408081055
1314.64,0.449595,4.88835,7.29186,1.081,450.483,5.0,3.835928440093994
4172.24,0.83425,11.31671,15.0264,0.471682,4067.31,5.0,1.6585291624069214
5614.43,0.813774,8.75026,12.27296,0.398317,3036.37,5.0,1.841448187828064
1246.39,0.416702,5.43126,6.87973,1.06414,421.68,5.0,4.817996978759766
1316.78,0.476728,9.21555,9.4422,0.960502,170.899,5.0,1.1919230222702026
2814.74,0.660606,6.23739,9.31582,0.771116,1154.02,5.0,2.2929608821868896
2453.66,0.626449,8.88056,9.73501,0.698602,775.766,5.0,3.6880013942718506
1705.38,0.600577,8.43163,9.02587,0.993154,304.553,5.0,4.996983528137207
3289.77,0.812321,8.08638,16.28,0.636205,5174.7,5.0,1.328840732574463
3440.58,0.717302,7.45738,11.76172,0.644377,1383.64,5.0,1.1970254182815552
3720.15,0.658481,4.82631,6.52251,0.755668,1192.13,5.0,3.269714117050171
3590.37,0.762665,9.4408,10.56366,0.609002,1735.63,5.0,3.005387783050537
953.137,0.527894,6.91289,7.10727,1.65749,187.264,5.0,2.4593074321746826
2933.25,0.673112,9.48471,10.09307,0.674771,1019.64,5.0,3.9966495037078857
450.292,0.201061,4.23402,6.37374,1.48584,44.4281,5.0,1.652972936630249
4721.83,0.873359,11.36325,20.39867,0.351075,6415.16,5.0,1.3369969129562378
2514.97,0.642371,5.82472,7.6208,0.860792,687.227,5.0,3.4910714626312256
506.72,0.293982,3.51626,5.01624,1.35855,78.2644,5.0,12.436158180236816
2947.18,0.806463,14.40372,14.58619,0.54585,885.793,5.0,7.046154975891113
375.809,0.238909,3.88882,4.41168,1.83306,8.06114,5.0,7.946111679077148
2846.0,0.712086,6.82929,7.43782,0.745247,521.432,5.0,7.629522323608398
3639.38,0.819585,8.35788,16.26823,0.57435,5287.2,5.0,1.4984062910079956
897.824,0.365133,7.86759,8.0232,1.23293,110.35,5.0,1.3663969039916992
1592.02,0.468351,3.8167,11.16805,0.922797,384.846,5.0,1.1216334104537964
202.13,0.199783,3.35181,4.69106,1.78922,10.9349,5.0,20.94814682006836
3269.03,0.838757,9.23474,18.8574,0.549538,3917.0,5.0,2.0662426948547363
2378.81,0.583847,7.49901,8.22785,0.802657,325.918,5.0,2.77557110786438
881.454,0.495342,20.12041,20.2678,0.994005,1097.44,5.0,0.3742811679840088
3673.83,0.82724,9.34551,16.29671,0.561479,5453.48,5.0,1.505725622177124
3361.53,0.898791,36.68526,37.28139,0.262768,7524.72,5.0,3.13639760017395
1252.42,0.505526,4.50179,6.79532,1.09169,110.229,5.0,14.45998764038086
718.856,0.404912,5.02618,5.80956,1.54221,65.2239,5.0,11.584864616394043
2328.97,0.568959,6.81592,8.16051,0.841212,344.488,5.0,1.5414983034133911
3214.55,0.760576,9.90739,12.51924,0.68555,1922.57,5.0,2.5206544399261475
2492.41,0.695841,10.40959,11.67245,0.695204,480.147,5.0,2.486449718475342
676.819,0.471036,3.45023,6.9031,1.38619,116.247,5.0,12.131776809692383
1721.54,0.605384,4.58327,14.1532,1.00347,1082.31,5.0,2.2199652194976807
1082.95,0.406976,8.78103,9.45998,1.07345,163.642,5.0,0.8724478483200073
3216.79,0.730078,8.31601,11.87529,0.642528,1809.49,5.0,2.4091720581054688
2126.22,0.63338,9.15583,10.33095,0.818193,343.999,5.0,1.7686445713043213
610.102,0.455579,3.4084,6.97562,1.41543,102.61,5.0,16.390283584594727
568.795,0.321489,3.3103,5.03063,1.42033,26.6369,5.0,30.130197525024414
416.809,0.229904,3.61518,4.2633,1.3109,13.1464,5.0,11.426126480102539
741.888,0.366753,4.1145,5.5836,1.27183,43.2136,5.0,21.335451126098633
2046.61,0.639269,9.91346,10.67846,0.819486,409.741,5.0,2.622875690460205
4538.95,0.811454,10.48154,12.83808,0.441157,1876.26,5.0,1.9639110565185547
426.437,0.289186,4.90806,7.07698,1.92372,113.528,5.0,4.3490376472473145
658.613,0.299271,3.95514,5.24359,1.25852,57.3465,5.0,20.13374137878418
1366.94,0.509142,6.28732,7.63471,1.02297,140.595,5.0,6.805524826049805
1575.62,0.517195,6.73139,7.93081,0.933825,190.67,5.0,5.1872334480285645
3956.45,0.776787,9.44914,12.01826,0.494706,1672.05,5.0,1.4488366842269897
844.037,0.342577,4.26215,5.65089,1.14794,52.526,5.0,13.129919052124023
1557.52,0.548512,8.64336,9.31858,0.928447,614.172,5.0,8.641695976257324
2053.23,0.597751,9.50896,10.06636,0.785237,447.167,5.0,4.7187180519104
1113.29,0.398503,4.39184,6.12145,1.04854,76.7535,5.0,10.08765697479248
1808.33,0.601817,14.14401,14.4887,0.703873,674.153,5.0,1.2683098316192627
1650.76,0.48708,4.71301,5.71046,0.991289,98.3347,5.0,13.72418212890625
2997.63,0.749009,12.37688,13.99075,0.605096,3311.64,5.0,3.613266944885254
2638.03,0.708277,12.5689,14.07647,0.663464,1534.61,5.0,1.5355987548828125
2854.18,0.778267,5.13478,15.72927,0.722792,2901.72,5.0,2.246600866317749
4832.91,0.875405,13.95914,17.20886,0.340485,3132.78,5.0,1.6877542734146118
788.743,0.452531,4.2155,4.60726,1.51776,20.2078,5.0,40.288856506347656
4404.98,0.838887,11.90907,14.26164,0.445962,3717.85,5.0,2.699892997741699
800.267,0.40507,3.85059,5.48546,1.35113,70.2273,5.0,11.417425155639648
3467.85,0.733695,7.51209,9.05075,0.717836,1191.2,5.0,1.3333704471588135
765.828,0.297588,5.67944,6.35371,1.33702,60.2583,5.0,1.1218914985656738
1658.72,0.563378,13.96321,14.24878,0.722309,642.646,5.0,0.806943416595459
3432.28,0.729597,7.11591,8.42306,0.639658,1341.26,5.0,4.738201141357422
5217.2,0.859383,14.5475,17.84896,0.337152,5307.59,5.0,1.9779249429702759
325.599,0.260056,3.36797,4.91816,1.65096,50.5364,5.0,6.332888126373291
454.524,0.367739,3.53686,8.16643,2.23255,306.083,5.0,2.3225133419036865
670.381,0.302358,5.2865,5.96139,1.30238,99.4123,5.0,2.751267194747925
4430.12,0.815234,10.79362,13.40053,0.458013,2790.23,5.0,1.4405312538146973
1140.71,0.493486,5.04667,5.86943,1.13798,50.402,5.0,24.44004249572754
2456.99,0.673835,10.65777,11.19309,0.684553,457.39,5.0,2.5104711055755615
3184.41,0.718253,10.01341,10.57869,0.595893,687.829,5.0,7.554117679595947
1472.02,0.494352,3.93625,5.31323,1.18214,174.213,5.0,9.805256843566895
518.495,0.240268,3.72171,4.92965,1.19512,94.2493,5.0,6.909489154815674
3529.03,0.717479,7.01661,10.2925,0.640002,1512.02,5.0,2.8603689670562744
2593.86,0.623415,6.813,7.45882,0.782165,261.415,5.0,9.648533821105957
1059.83,0.484459,3.88278,6.10753,1.32093,151.304,5.0,14.991486549377441
5770.34,0.966674,29.82931,30.56542,0.10409,24023.1,5.0,1.3074698448181152
3626.67,0.738395,8.43229,14.40653,0.564598,2671.09,5.0,1.130729079246521
673.397,0.330539,7.11623,8.13974,1.5058,269.437,5.0,0.5172972679138184
1196.4,0.410359,4.40984,6.18944,1.07409,102.96,5.0,6.299612522125244
3645.66,0.810252,10.02003,12.01667,0.565914,2654.25,5.0,4.047673225402832
1622.94,0.653263,13.71386,13.99681,0.868235,10.9239,5.0,14.021342277526855
602.402,0.331357,3.61546,4.81962,1.47133,56.0811,5.0,18.40258026123047
1973.28,0.595576,4.9928,7.88653,1.01221,483.626,5.0,6.829089164733887
239.158,0.145751,3.90737,4.12303,1.61004,6.52314,5.0,1.9962738752365112
154.869,0.147726,4.56447,4.91574,2.24694,27.565,5.0,11.571611404418945
2193.53,0.712909,7.69632,8.1937,0.816648,312.889,5.0,10.954285621643066
1031.01,0.454776,3.97242,5.30282,1.26458,43.3405,5.0,24.873510360717773
6421.92,0.938525,18.6299,26.03778,0.162011,20066.8,5.0,1.4190071821212769
500.412,0.264619,5.24128,6.46734,1.7562,208.255,5.0,1.30478036403656
1746.37,0.553569,6.69464,7.43821,0.891919,161.228,5.0,8.901374816894531
4950.45,0.829331,10.48272,12.35885,0.401378,3027.9,5.0,1.2599279880523682
966.217,0.46094,4.33234,5.28163,1.1719,57.383,5.0,47.30971145629883
2059.94,0.605133,8.27768,8.81231,0.791609,500.971,5.0,4.787153720855713
777.86,0.372061,4.12586,5.50595,1.31783,38.2762,5.0,10.981637001037598
1309.23,0.483115,4.84994,5.60431,1.05788,46.7084,5.0,15.558998107910156
516.189,0.267388,3.56598,5.60655,1.2946,59.5126,5.0,16.471426010131836
1498.04,0.533785,7.05083,7.77505,0.994076,202.196,5.0,5.563843727111816
5195.67,0.898152,14.74978,20.18941,0.271998,5043.58,5.0,1.464620590209961
1974.9,0.68155,21.97595,22.22491,0.559841,1301.75,5.0,0.8600310683250427
501.318,0.203977,4.39277,4.9613,1.48737,84.1493,5.0,1.2213207483291626
1234.83,0.426696,4.42942,5.41221,1.09119,109.794,5.0,8.714301109313965
231.264,0.188113,3.43119,4.20216,1.52744,4.08122,5.0,0.9400910139083862
3623.97,0.77804,8.83555,14.95587,0.556293,2237.04,5.0,1.534664511680603
5388.27,0.787207,8.23077,11.46781,0.451491,1285.06,5.0,1.4934046268463135
979.982,0.362799,4.53181,7.1407,1.05508,76.9784,5.0,9.961527824401855
1349.16,0.514688,6.78496,7.80191,1.08998,190.075,5.0,5.7401885986328125
4329.46,0.720521,8.4097,12.82088,0.501197,1744.7,5.0,1.8634551763534546
4168.12,0.797767,11.92604,14.67199,0.487667,6672.51,5.0,2.160499334335327
455.313,0.265254,4.3804,5.02358,1.40476,29.3174,5.0,5.580076217651367
2236.91,0.777278,14.4085,15.54614,0.658531,945.462,5.0,4.133908748626709
4663.29,0.850342,13.34615,16.11244,0.353368,2837.51,5.0,1.5746814012527466
2149.55,0.504149,4.87148,6.97765,0.892589,203.367,5.0,2.0193448066711426
737.24,0.380351,5.56684,5.82161,1.04764,70.9239,5.0,8.556254386901855
2855.84,0.767021,6.93382,15.29913,0.713822,1704.08,5.0,2.2330665588378906
997.05,0.407846,3.37908,5.65111,1.20763,50.5514,5.0,7.784822940826416
3039.75,0.711684,6.16173,11.85111,0.77386,1025.3,5.0,1.5167778730392456
5786.79,0.936802,18.68104,19.99963,0.186071,15226.4,5.0,1.1067240238189697
4985.0,0.808445,8.6233,11.89436,0.469971,1196.0,5.0,1.1822415590286255
865.755,0.43843,4.18099,5.22817,1.20658,18.2251,5.0,54.11996841430664
2093.29,0.591209,5.50928,7.62578,0.881508,654.552,5.0,18.387218475341797
296.541,0.24371,3.56799,4.23739,1.56632,4.03604,5.0,18.512399673461914
4809.0,0.796954,9.18784,11.59022,0.43262,2479.47,5.0,1.228200912475586
601.797,0.28571,4.45781,5.4746,1.48252,65.8419,5.0,2.565568685531616
361.523,0.18383,3.4239,4.57458,1.41414,25.7284,5.0,0.6496070623397827
5090.95,0.893449,13.29068,19.41722,0.294321,4936.45,5.0,1.4200165271759033
682.755,0.343771,3.82707,5.02799,1.43984,52.6153,5.0,4.746502876281738
1225.25,0.463339,4.43351,5.29732,1.09902,191.651,5.0,14.68835735321045
3084.08,0.859028,27.08405,27.72226,0.351212,4065.6,5.0,2.715763807296753
1243.19,0.503952,11.2444,12.31539,0.846979,1299.43,5.0,21.760269165039062
1096.08,0.50901,3.6143,7.46883,1.30869,188.718,5.0,13.844056129455566
4427.37,0.737213,5.53531,17.83928,0.536183,3181.76,5.0,4.485604286193848
527.533,0.263426,3.66428,4.23452,1.62087,10.9063,5.0,2.3959975242614746
3835.6,0.657503,5.48932,7.591,0.651257,475.512,5.0,3.218918800354004
477.385,0.269207,5.62353,6.11723,1.66147,133.247,5.0,3.3296163082122803
2550.6,0.58694,7.42677,8.31192,0.759209,372.614,5.0,3.1615803241729736
4034.96,0.851205,9.36212,17.44721,0.497277,3362.42,5.0,1.3706666231155396
612.716,0.328153,3.47867,4.44015,1.23977,22.2858,5.0,28.44769859313965
219.94,0.114487,4.70133,5.33191,1.77897,23.4499,5.0,1.0799462795257568
1320.26,0.492166,4.81102,5.48835,1.17326,151.028,5.0,12.695895195007324
4110.5,0.767625,9.78849,12.11764,0.545295,3552.96,5.0,3.0041823387145996
1090.77,0.416479,3.75492,5.38442,1.154,163.778,5.0,11.563233375549316
1298.26,0.607473,9.9446,10.53761,1.2117,343.057,5.0,1.6635842323303223
679.976,0.299925,3.54925,4.22985,1.09333,9.1253,5.0,18.352161407470703
784.011,0.395753,3.67965,4.41575,1.27621,12.6284,5.0,33.99346160888672
3015.51,0.730713,9.11889,11.54794,0.736462,1058.15,5.0,2.837118148803711
3898.29,0.776235,12.01422,14.44217,0.491097,1737.79,5.0,2.837543487548828
1685.69,0.617794,19.42335,19.82624,0.712759,1233.83,5.0,0.667716920375824
3879.23,0.828548,8.71268,16.25018,0.543792,5457.74,5.0,1.3870271444320679
2961.85,0.659661,7.0048,7.46387,0.743614,493.914,5.0,4.962005615234375
4449.96,0.769401,7.34192,10.11967,0.57773,786.185,5.0,1.0860731601715088
1031.81,0.414396,3.71735,6.29694,1.13819,109.771,5.0,14.94787883758545
1581.22,0.524513,3.94622,5.89132,1.14161,244.126,5.0,7.949001789093018
2953.15,0.724363,6.21781,10.28996,0.808712,842.849,5.0,1.098017930984497
2297.39,0.724736,9.13989,9.67931,0.761552,418.905,5.0,6.9313273429870605
438.165,0.244843,3.47359,4.27931,1.31179,6.57566,5.0,11.325030326843262
2655.66,0.650943,6.12241,7.15497,0.819415,393.576,5.0,2.5899293422698975
656.718,0.302409,4.07548,5.51388,1.32107,192.202,5.0,10.380446434020996
1922.58,0.673839,21.28639,21.6178,0.590276,1222.22,5.0,0.8005509376525879
459.744,0.24719,3.96923,4.80527,1.29763,24.0043,5.0,25.04174041748047
470.452,0.260468,3.63073,4.94555,1.70123,22.7442,5.0,2.9511303901672363
2636.94,0.707105,11.79901,12.19849,0.598387,704.898,5.0,3.4601194858551025
4226.27,0.815227,9.19698,11.81298,0.507773,1245.57,5.0,1.0965079069137573
1950.11,0.619166,5.83142,6.98153,0.897373,184.089,5.0,18.00279426574707
587.325,0.324542,4.36179,4.87435,1.29933,29.8172,5.0,33.776580810546875
654.688,0.347703,3.72527,4.85073,1.30801,20.5473,5.0,26.087318420410156
932.942,0.475381,5.21468,5.67203,1.20896,41.5528,5.0,53.85171127319336
1772.3,0.57666,4.98089,6.109,1.12812,78.7671,5.0,6.193922519683838
3084.33,0.70026,8.22138,12.31343,0.657692,1231.01,5.0,1.4743045568466187
1591.87,0.589916,3.49297,8.77543,1.12657,476.386,5.0,6.508190155029297
1231.9,0.458828,4.66528,7.22078,1.02005,146.55,5.0,22.361244201660156
3490.6,0.807989,8.10567,16.25566,0.606465,5142.31,5.0,1.4741159677505493
1090.34,0.424872,6.81409,9.53893,1.04809,850.79,5.0,2.562519073486328
3778.18,0.769737,9.09056,11.43656,0.574926,4196.27,5.0,2.966418981552124
881.025,0.376896,6.13832,6.66556,1.1884,222.601,5.0,6.548535346984863
1393.78,0.48771,3.87196,6.11636,1.1964,133.666,5.0,5.901805877685547
1090.72,0.455369,3.58611,5.12698,1.36518,40.7306,5.0,22.2216796875
1176.38,0.444414,6.7577,7.98055,1.18829,323.781,5.0,1.6744636297225952
4136.04,0.788442,8.71904,13.97546,0.50573,2476.22,5.0,0.9496637582778931
3276.43,0.765398,5.14858,9.98441,0.745628,1478.44,10.0,5.106511116027832
4954.62,0.820375,9.13864,10.25326,0.462919,2553.73,10.0,5.1048173904418945
3438.09,0.784474,8.5345,16.23244,0.615628,4842.76,10.0,3.072524070739746
4727.15,0.787416,8.70608,13.69434,0.426753,2703.36,10.0,3.1012794971466064
4574.15,0.847695,10.95663,15.44361,0.353837,5227.52,10.0,1.9321227073669434
2181.63,0.618318,4.97692,7.78903,0.998405,796.414,10.0,13.408934593200684
518.121,0.264625,3.99641,4.68884,1.28491,20.0045,10.0,35.83319091796875
4486.51,0.793665,9.32835,14.73782,0.46575,2500.49,10.0,1.9290467500686646
3327.88,0.717951,5.58933,8.45106,0.700831,501.565,10.0,8.426557540893555
2946.22,0.65517,5.33267,7.21008,0.858867,238.791,10.0,5.952190399169922
358.496,0.226024,4.53526,4.84094,1.41273,25.4803,10.0,31.84522247314453
1476.45,0.528434,6.61362,7.68688,1.05204,261.208,10.0,14.145806312561035
2097.4,0.681026,7.62501,12.01807,0.912328,1609.55,10.0,2.6935465335845947
3775.07,0.74101,6.29143,13.48192,0.617967,1825.43,10.0,2.7947709560394287
201.795,0.234141,3.42525,3.95936,1.72081,2.93235,10.0,26.010700225830078
2608.84,0.590911,5.97507,7.23475,0.806006,684.295,10.0,4.03892183303833
2575.15,0.788815,15.71163,16.57915,0.552321,1520.92,10.0,7.559985160827637
4044.17,0.763085,7.84428,10.76735,0.533344,1291.91,10.0,4.024289608001709
549.223,0.327208,5.2511,7.79604,2.10901,477.483,10.0,1.3941365480422974
1322.23,0.681084,12.47118,12.98719,1.12538,1223.14,10.0,1.9848541021347046
2020.15,0.591455,4.25422,7.93607,0.989013,653.223,10.0,15.646203994750977
2030.95,0.632308,3.97074,10.01636,0.873654,2041.85,10.0,10.90196704864502
2699.01,0.658718,7.60746,8.62431,0.770384,330.928,10.0,4.24949836730957
1131.23,0.476688,4.03202,5.37225,1.04529,96.9108,10.0,68.22293853759766
2926.83,0.724801,5.94624,12.9256,0.74184,1563.5,10.0,1.5903947353363037
4658.04,0.867781,14.17601,17.34983,0.348444,3103.68,10.0,2.9135355949401855
120.351,0.151183,3.41904,3.81829,1.68198,0.876406,10.0,5.756748199462891
3657.65,0.820909,9.01246,16.2721,0.574995,5357.5,10.0,2.800783157348633
866.817,0.424846,7.44693,7.59812,1.47038,232.526,10.0,3.57503342628479
2768.22,0.633269,7.62919,8.21377,0.785929,363.754,10.0,7.096480369567871
3298.53,0.742559,7.74875,14.1076,0.650632,2099.74,10.0,2.354033946990967
756.031,0.395133,4.13803,5.35963,1.51635,34.2095,10.0,19.745223999023438
3858.46,0.819299,8.45311,16.23638,0.54238,5386.08,10.0,2.8907792568206787
3370.97,0.890294,34.30503,34.9422,0.272702,7142.52,10.0,5.688993453979492
2842.69,0.64479,5.08066,6.45534,0.814751,474.693,10.0,17.104726791381836
454.607,0.283735,3.35398,4.85999,1.4079,24.3967,10.0,19.45232582092285
3578.91,0.806673,7.96317,16.18794,0.591158,5141.07,10.0,2.9070000648498535
1336.47,0.479933,3.73,6.00316,1.04713,120.937,10.0,19.358734130859375
1832.45,0.623527,4.83461,8.81757,1.09511,540.744,10.0,12.125570297241211
337.259,0.226573,3.49838,5.02862,1.89006,40.146,10.0,1.3844019174575806
609.248,0.26797,5.4417,5.80695,1.45895,66.8076,10.0,3.589104413986206
865.141,0.383853,4.19731,5.83832,1.34814,73.1069,10.0,18.953834533691406
5833.81,0.908257,13.56626,22.34941,0.243811,9251.19,10.0,2.5231316089630127
2743.16,0.669929,6.59841,7.80644,0.750826,379.86,10.0,7.666337490081787
5678.0,0.886449,12.10366,15.24621,0.27971,4195.74,10.0,3.469952344894409
1053.67,0.449499,5.19631,6.52985,1.17685,69.4181,10.0,28.235620498657227
947.262,0.307725,6.52922,8.91414,1.0875,389.47,10.0,1.973127007484436
1562.86,0.469464,5.16398,5.83696,0.995266,56.105,10.0,8.966938972473145
4806.99,0.783048,7.90357,10.02085,0.483692,2266.17,10.0,6.766385555267334
3110.59,0.699887,8.95589,9.77714,0.679807,905.166,10.0,6.546056270599365
1573.4,0.509343,4.19007,4.70305,1.05024,45.6949,10.0,67.65230560302734
2249.3,0.705944,7.71777,7.98158,0.791442,310.918,10.0,19.156620025634766
5485.24,0.899451,9.53743,16.62467,0.286881,8729.6,10.0,2.99876070022583
1430.39,0.553552,6.19458,7.12897,1.09503,218.979,10.0,17.379112243652344
116.424,0.189978,3.34137,3.79393,1.60478,1.56843,10.0,11.956448554992676
3525.69,0.798741,6.64494,14.47586,0.654772,4184.4,10.0,15.87260913848877
656.905,0.251964,5.30231,5.7778,1.27536,69.7469,10.0,4.553114891052246
1309.77,0.552552,5.06429,9.22096,1.40832,719.391,10.0,3.620602607727051
2576.61,0.60272,4.86795,7.64999,0.781419,623.838,10.0,12.739310264587402
2413.24,0.68928,9.91082,10.37956,0.734454,357.549,10.0,15.59595775604248
5706.82,0.946082,20.80401,23.38346,0.162442,22026.4,10.0,2.6132290363311768
4758.53,0.824753,9.14182,12.32021,0.430171,2602.9,10.0,2.263252019882202
291.644,0.197681,4.12694,4.44588,1.68865,9.07454,10.0,7.281472206115723
223.862,0.170694,4.81448,5.18604,2.1918,13.333,10.0,2.9568421840667725
3585.75,0.81635,9.00308,16.28511,0.585121,5334.59,10.0,2.5199291706085205
2897.96,0.834097,19.9329,20.7973,0.439487,2162.05,10.0,6.558101654052734
1997.56,0.639496,11.3491,12.09911,0.776118,923.714,10.0,7.064435005187988
2706.61,0.733349,8.48917,11.62637,0.905711,2202.23,10.0,2.3621184825897217
1669.45,0.563984,4.79282,5.82422,1.01105,199.536,10.0,33.413848876953125
372.47,0.237295,4.68955,5.2437,1.61152,29.8732,10.0,21.83002471923828
4588.52,0.766496,9.24353,13.40682,0.427944,2294.76,10.0,4.117260932922363
5046.9,0.842734,8.06458,13.31211,0.423392,5953.72,10.0,2.1082093715667725
592.912,0.342874,3.85093,4.53193,1.98883,30.4414,10.0,7.10187292098999
3380.97,0.81375,10.22132,13.48327,0.54755,3783.03,10.0,2.630352735519409
5109.58,0.878178,12.64974,15.85616,0.33301,3390.59,10.0,3.1800897121429443
2530.23,0.62274,5.3108,6.1103,0.920338,149.803,10.0,7.458235740661621
438.231,0.307149,4.03021,4.95758,1.77517,26.9883,10.0,20.69623374938965
2349.52,0.727891,8.70234,9.68422,0.898844,1486.06,10.0,5.732913970947266
992.149,0.436659,5.06218,5.42132,1.08628,105.384,10.0,65.13592529296875
624.185,0.333833,4.31513,5.8543,1.5663,69.6057,10.0,17.222946166992188
1212.77,0.490217,7.75608,8.40604,1.10121,226.405,10.0,4.326511859893799
1354.82,0.493816,5.78471,7.32224,1.08867,103.094,10.0,16.284473419189453
2528.48,0.579026,7.52507,7.85946,0.822546,245.771,10.0,21.93738555908203
1908.98,0.690704,20.22581,20.57871,0.632187,1323.55,10.0,3.425889253616333
1031.37,0.416008,4.79665,6.87977,1.10661,247.924,10.0,19.340312957763672
745.962,0.320812,8.55679,9.14787,1.18966,119.965,10.0,1.744608998298645
4333.46,0.774353,8.7629,9.3242,0.566197,915.188,10.0,8.555038452148438
3183.22,0.732732,9.71828,11.08855,0.63523,1575.0,10.0,3.0466887950897217
4287.81,0.7907,7.22291,14.47479,0.502911,2956.81,10.0,2.4163339138031006
1678.36,0.504389,4.69708,6.60353,1.129,234.016,10.0,4.159024238586426
2798.47,0.648174,9.91797,12.17882,0.661055,1285.51,10.0,4.062679290771484
1530.07,0.50496,4.24225,5.74457,1.08327,106.16,10.0,15.007452964782715
4374.81,0.818512,12.18621,14.29643,0.427271,2412.68,10.0,3.410830020904541
3232.47,0.799625,8.54235,16.29391,0.65191,5024.82,10.0,2.903940200805664
525.528,0.342296,6.85231,7.47798,1.66342,105.814,10.0,7.694336414337158
2588.39,0.62356,6.26097,7.63691,0.785669,318.91,10.0,8.360597610473633
2949.51,0.755126,12.2893,14.34362,0.611585,3311.27,10.0,8.080737113952637
3720.15,0.658481,4.82631,6.52251,0.755668,1192.13,10.0,6.330069065093994
4092.2,0.774287,9.03751,13.15146,0.487397,3073.7,10.0,2.8223752975463867
4046.39,0.777932,8.63817,12.06243,0.512106,1307.82,10.0,5.070953845977783
953.137,0.527894,6.91289,7.10727,1.65749,187.264,10.0,4.727631092071533
3494.24,0.808759,7.94061,16.25146,0.604839,5094.74,10.0,2.978677272796631
591.005,0.333052,4.15258,4.6599,1.3343,17.1993,10.0,52.03032302856445
1326.86,0.499122,7.83894,8.1632,1.02604,95.2007,10.0,8.861824035644531
4822.34,0.852033,13.26877,18.51531,0.378401,4960.23,10.0,2.0003139972686768
3747.77,0.821358,9.30885,16.34717,0.556327,5331.45,10.0,3.1151363849639893
3634.52,0.691621,5.9905,7.49661,0.671539,758.071,10.0,12.409225463867188
734.468,0.361185,3.41816,5.29217,1.31378,66.6695,10.0,9.191987037658691
1977.9,0.580129,7.5977,7.94152,0.810793,233.012,10.0,11.270246505737305
1186.09,0.411128,4.64716,5.73734,1.1609,67.7637,10.0,5.944605827331543
564.576,0.29661,4.41034,6.38159,1.65048,93.6391,10.0,10.625056266784668
3999.69,0.794559,12.87672,14.23739,0.509871,1827.26,10.0,2.7195167541503906
3847.46,0.755374,8.4046,11.12033,0.563117,1351.92,10.0,3.5364012718200684
396.263,0.171008,4.72661,5.50162,1.26605,48.4834,10.0,3.4111216068267822
2627.53,0.755693,13.80077,14.38824,0.612202,1932.46,10.0,10.410502433776855
2411.33,0.679049,13.12729,13.48845,0.674813,1614.91,10.0,4.097568511962891
3416.62,0.778083,7.37802,15.25734,0.613785,4186.08,10.0,3.166121244430542
2429.87,0.696959,10.17792,11.10796,0.720485,459.425,10.0,4.658208847045898
859.261,0.305891,5.52439,5.73034,1.29446,48.7475,10.0,5.170838832855225
2319.94,0.648886,5.95985,12.70952,0.835037,1407.71,10.0,6.772858619689941
1571.62,0.499198,3.35002,11.20251,0.912347,429.331,10.0,2.7462446689605713
1754.53,0.53642,6.23807,6.84307,0.886129,155.582,10.0,12.007972717285156
1560.26,0.527097,6.69082,7.66321,0.911665,152.025,10.0,17.27437973022461
276.028,0.233975,3.69587,4.94646,1.65994,11.6357,10.0,46.225074768066406
1249.28,0.646554,10.94299,11.92753,1.22101,911.53,10.0,2.8229148387908936
4252.53,0.793353,8.45045,14.49699,0.485853,3087.21,10.0,2.331289291381836
3598.91,0.892327,32.93329,33.54062,0.266966,5765.59,10.0,5.963625907897949
2378.81,0.583847,7.49901,8.22785,0.802657,325.918,10.0,5.374770164489746
582.371,0.28692,4.14409,5.46226,1.59135,85.141,10.0,4.270717144012451
2900.43,0.630648,5.11868,6.59145,0.912745,423.139,10.0,4.55770206451416
1812.89,0.563774,3.83233,4.8512,1.05849,100.565,10.0,26.326181411743164
2897.04,0.673897,7.71589,9.04651,0.725944,349.462,10.0,4.073305130004883
777.165,0.309372,4.14365,4.92282,1.32372,89.9151,10.0,5.042634010314941
1799.2,0.609993,4.54766,5.79095,1.0605,165.224,10.0,35.96208572387695
1214.21,0.475957,5.56724,6.4213,1.18737,156.311,10.0,8.488075256347656
3316.57,0.614924,5.9219,7.8452,0.73009,318.519,10.0,5.988877296447754
518.848,0.233421,4.42522,4.74797,1.33289,23.7761,10.0,9.021291732788086
992.801,0.34571,4.06454,5.26255,0.978256,100.464,10.0,29.457971572875977
1869.38,0.696914,9.16178,9.49563,0.968506,299.561,10.0,6.523101806640625
202.419,0.200903,3.36532,4.41971,2.19017,8.41981,10.0,1.4705274105072021
5062.44,0.844336,10.92203,16.08454,0.328825,2910.82,10.0,2.7452280521392822
4034.3,0.78369,11.72717,13.20932,0.527901,912.907,10.0,4.124853134155273
2314.91,0.700342,8.43249,8.89985,0.882029,987.656,10.0,5.421086311340332
944.612,0.496732,5.54401,6.97765,1.36969,87.1025,10.0,30.5257568359375
1754.82,0.573381,13.09386,13.399,0.746514,455.461,10.0,1.9956293106079102
3245.86,0.695816,7.72655,9.8039,0.657606,488.667,10.0,3.9121925830841064
4533.75,0.827148,12.06692,18.53947,0.446727,5470.43,10.0,2.856501340866089
1076.11,0.379403,3.41885,4.52004,1.0004,75.0371,10.0,12.683550834655762
667.39,0.429175,9.21248,9.95646,1.53083,313.086,10.0,4.989683628082275
3259.92,0.70675,7.01387,9.94515,0.703392,864.252,10.0,2.68268084526062
2325.76,0.639996,7.82211,8.76059,0.815276,341.477,10.0,7.567602157592773
1104.78,0.356854,5.09379,6.47601,1.12089,129.202,10.0,4.6609296798706055
5017.17,0.857199,13.84638,17.32885,0.322854,3673.13,10.0,3.178898811340332
1261.57,0.417392,5.93272,6.46305,0.915886,170.179,10.0,42.220882415771484
1948.24,0.597113,6.41806,7.56456,0.846721,218.564,10.0,17.807199478149414
2664.48,0.641946,5.42285,9.37722,0.754124,1545.38,10.0,11.475764274597168
3804.56,0.774542,8.2327,11.71987,0.589623,1903.71,10.0,2.5230610370635986
1254.17,0.522386,6.72138,7.7387,1.07957,148.841,10.0,21.4611759185791
721.331,0.323998,3.37275,5.47353,1.2328,157.964,10.0,10.180838584899902
602.236,0.407789,4.76094,4.88932,1.42757,21.4465,10.0,87.73841857910156
1618.49,0.595082,4.44243,8.48149,1.15478,460.683,10.0,16.390077590942383
3534.5,0.899112,36.48522,36.98517,0.251919,7455.79,10.0,5.6364264488220215
1028.14,0.461363,11.7051,12.20098,1.11762,313.211,10.0,0.9702804088592529
542.628,0.401869,3.38645,6.34828,1.34118,81.4896,10.0,31.596084594726562
1429.38,0.442938,4.25642,6.91434,1.01094,391.538,10.0,9.226251602172852
1517.52,0.563823,15.17672,15.47094,0.784045,635.726,10.0,1.7085378170013428
1688.06,0.580053,6.87369,7.50313,0.993441,286.893,10.0,10.023689270019531
3126.2,0.680733,6.56579,8.74722,0.794777,428.99,10.0,2.405825138092041
793.206,0.434868,3.95804,5.19996,1.29434,58.1823,10.0,95.8783187866211
1427.79,0.48938,3.35162,7.85855,1.00675,438.368,10.0,7.160240173339844
1994.09,0.808384,16.9174,16.98679,0.680117,1359.99,10.0,6.121991157531738
4207.5,0.741167,9.49198,12.53218,0.485003,1544.98,10.0,4.74428653717041
3720.28,0.70731,8.65671,10.95734,0.576674,1068.74,10.0,3.2822773456573486
892.422,0.407548,5.05351,5.83426,1.20847,46.7674,10.0,34.26188659667969
1100.1,0.529673,3.80639,4.35313,1.3636,84.1229,10.0,54.36111068725586
3546.95,0.746791,8.00818,15.11949,0.57641,2069.83,10.0,2.897275686264038
886.527,0.468105,7.8095,9.5927,1.27629,5.11393,10.0,10.677498817443848
4892.03,0.762852,7.90118,11.93922,0.431534,1929.7,10.0,4.583054542541504
2846.26,0.755909,7.1175,15.32583,0.725702,1747.05,10.0,2.5787546634674072
4157.62,0.741683,6.71587,8.75703,0.609746,1198.42,10.0,3.5998694896698
2594.72,0.731913,9.81306,10.70693,0.730515,770.643,10.0,8.694157600402832
340.507,0.173426,4.53628,5.39075,1.46751,93.0077,10.0,10.479247093200684
4430.12,0.815234,10.79362,13.40053,0.458013,2790.23,10.0,2.873889684677124
1243.7,0.400143,3.58892,6.35817,0.997104,177.315,10.0,14.539410591125488
1820.41,0.428259,3.6603,4.94822,0.831817,143.111,10.0,6.6208014488220215
2197.7,0.604545,4.50138,6.53494,0.872955,414.453,10.0,49.75166320800781
867.345,0.321024,5.73521,7.76803,1.36835,109.96,10.0,0.752979576587677
3163.1,0.730736,6.81768,13.09197,0.715213,1744.77,10.0,2.276266098022461
2884.02,0.734981,9.66601,9.96626,0.744656,886.365,10.0,8.808838844299316
1059.83,0.484459,3.88278,6.10753,1.32093,151.304,10.0,25.5368709564209
871.929,0.374354,4.13805,5.09764,1.22847,243.909,10.0,20.629396438598633
587.56,0.283567,5.04805,6.0349,1.53389,73.8394,10.0,5.260368824005127
1081.31,0.341689,5.09421,5.95155,1.12115,183.425,10.0,4.412752628326416
6421.92,0.938525,18.6299,26.03778,0.162011,20066.8,10.0,2.849839448928833
990.963,0.451291,3.93341,5.9943,1.21019,52.5445,10.0,13.955350875854492
5592.17,0.869713,12.00805,15.22974,0.32265,2568.08,10.0,2.045922040939331
2716.88,0.655249,5.13403,7.897,0.79724,638.661,10.0,29.576066970825195
208.242,0.132104,3.79696,4.88899,1.61843,6.06215,10.0,9.213362693786621
668.922,0.301065,3.571,5.19133,1.25849,23.965,10.0,8.597654342651367
413.565,0.232152,3.60521,4.28454,1.38938,24.5679,10.0,12.787092208862305
2273.01,0.666595,8.61784,9.46963,0.752282,358.818,10.0,13.04998779296875
1052.93,0.514321,5.05191,8.69492,1.40473,244.074,10.0,11.2434663772583
2674.54,0.565304,7.98841,10.56771,0.658428,787.84,10.0,2.8775720596313477
3039.45,0.678116,6.49158,9.46583,0.778769,1197.35,10.0,3.026172161102295
2807.26,0.711151,10.0958,11.43325,0.64367,470.232,10.0,4.490494251251221
5195.67,0.898152,14.74978,20.18941,0.271998,5043.58,10.0,2.8960230350494385
2808.54,0.729444,6.95706,7.79076,0.877474,1834.22,10.0,3.523545026779175
3693.96,0.726988,7.03117,10.08382,0.596694,925.277,10.0,4.015285968780518
739.732,0.286398,5.28878,7.56137,1.34439,177.909,10.0,2.3449151515960693
3457.98,0.80146,8.54555,16.21346,0.611355,4972.3,10.0,3.2060930728912354
1135.2,0.368495,5.64948,7.58659,1.04742,176.764,10.0,3.3311820030212402
4305.78,0.845744,10.93053,14.58909,0.438094,2880.85,10.0,1.8074045181274414
3369.4,0.668408,10.15713,11.40798,0.567663,1229.68,10.0,5.499475002288818
2449.69,0.703422,9.61145,10.03298,0.713584,710.263,10.0,7.755272388458252
1367.6,0.464222,4.46992,6.45884,1.04199,570.382,10.0,18.824491500854492
2229.2,0.625112,4.74509,6.86482,0.864283,500.333,10.0,59.40133285522461
967.553,0.394775,3.57517,4.88751,1.34317,47.0813,10.0,7.442391395568848
2779.87,0.745323,10.34382,11.97001,0.684168,1253.74,10.0,3.966461420059204
4303.13,0.780521,8.89013,12.50489,0.527344,1196.7,10.0,2.0549709796905518
2000.54,0.578972,5.7353,6.28014,0.828897,278.943,10.0,16.1919002532959
737.24,0.380351,5.56684,5.82161,1.04764,70.9239,10.0,16.507638931274414
5122.67,0.784723,7.12386,12.98925,0.457229,2839.72,10.0,2.832993745803833
4797.45,0.797738,9.62763,11.12887,0.464984,1156.09,10.0,4.09786319732666
1249.8,0.447626,7.91667,8.94548,1.05135,223.313,10.0,2.8120334148406982
2819.29,0.75097,7.25673,15.05815,0.6992,3856.31,10.0,3.457563877105713
1009.1,0.529752,5.40929,7.4406,1.58604,504.64,10.0,15.121923446655273
999.226,0.379348,4.33385,4.80504,1.07428,44.2087,10.0,30.047204971313477
2839.75,0.83344,21.88193,22.4269,0.443529,2192.95,10.0,5.638852596282959
685.612,0.329233,4.22688,5.85085,1.58423,78.8141,10.0,5.8496623039245605
3876.67,0.675854,5.18528,6.88642,0.712264,1394.18,10.0,6.613457202911377
1894.66,0.57864,5.5663,6.94499,1.02275,565.842,10.0,19.185562133789062
4820.62,0.872527,11.24579,18.09066,0.368254,5173.45,10.0,2.367473602294922
1271.82,0.479488,5.83776,6.70648,1.06347,90.2654,10.0,16.347572326660156
2192.07,0.709628,6.27497,12.62898,0.958175,2124.16,10.0,5.599364280700684
189.421,0.235998,3.71608,4.27749,3.21024,11.5181,10.0,3.8845303058624268
2412.58,0.658144,9.61425,12.01905,0.727719,1382.96,10.0,5.052478313446045
3017.27,0.755197,7.54856,14.24532,0.697895,2652.58,10.0,10.709282875061035
3947.71,0.714924,6.36965,8.24529,0.622801,708.323,10.0,6.349518299102783
1050.71,0.451179,3.59308,6.11165,1.29206,146.916,10.0,18.4578800201416
3380.66,0.779628,6.84324,16.17208,0.637929,4744.43,10.0,2.9179506301879883
3459.78,0.74439,6.82523,12.48808,0.644485,1595.15,10.0,3.55769944190979
358.683,0.199435,3.61419,4.70488,1.45238,13.8659,10.0,13.164864540100098
450.907,0.221655,4.50557,4.68736,1.39622,18.7886,10.0,12.620619773864746
662.686,0.330027,4.22247,5.43302,1.21302,164.907,10.0,13.657085418701172
1537.35,0.646066,6.26978,7.74203,1.03888,142.89,10.0,35.6003303527832
4508.16,0.838406,11.7971,14.53446,0.455809,2067.63,10.0,2.8113608360290527
1380.97,0.573522,17.09348,17.45185,0.79076,775.865,10.0,1.6359124183654785
4753.7,0.889219,13.47309,18.11275,0.334391,6419.11,10.0,2.5454399585723877
1131.05,0.406419,6.91657,7.63365,1.06174,136.0,10.0,4.530719757080078
2934.81,0.706281,6.27542,8.28331,0.831397,670.793,10.0,4.488569259643555
96.0236,0.0757589,3.80309,4.07414,1.9685,2.17447,10.0,2.6759657859802246
784.011,0.395753,3.67965,4.41575,1.27621,12.6284,10.0,57.38930892944336
893.875,0.459439,4.27511,4.94222,1.18782,46.5548,10.0,90.28331756591797
2749.91,0.604638,5.54431,9.29441,0.79678,964.049,10.0,2.1794228553771973
5239.8,0.814379,9.55832,11.7041,0.408322,2566.35,10.0,2.4956536293029785
3935.68,0.814216,9.16474,14.53924,0.474959,3469.34,10.0,4.080259323120117
3221.97,0.761021,9.92139,11.19188,0.656322,3219.51,10.0,1.5944569110870361
4624.05,0.851251,10.19741,13.81285,0.399379,2737.15,10.0,5.153476238250732
931.169,0.388944,3.83622,5.5769,1.20856,78.6051,10.0,20.6597957611084
3926.2,0.802944,8.87551,11.60987,0.529155,2800.42,10.0,3.047079563140869
449.404,0.254281,3.41534,4.20033,1.21548,5.68568,10.0,4.92921257019043
3456.01,0.736994,7.90209,8.47251,0.672792,543.338,10.0,9.219832420349121
1904.74,0.601099,7.52383,7.95746,1.0209,418.649,10.0,13.105622291564941
2504.45,0.636975,6.55864,11.3442,0.716716,1551.11,10.0,3.272770404815674
984.88,0.528181,5.00341,7.44476,1.76141,533.459,10.0,6.144844055175781
3146.8,0.71811,7.85361,10.11987,0.688107,654.389,10.0,4.934683799743652
1874.08,0.596034,7.62245,8.21509,0.818566,458.86,10.0,16.042552947998047
3644.01,0.692375,8.23837,10.2062,0.577918,964.314,10.0,5.291965007781982
2935.29,0.686618,6.75036,10.24234,0.676462,2133.64,10.0,8.771344184875488
1412.83,0.68013,12.31825,13.14573,1.20452,3047.79,10.0,4.101583480834961
2563.63,0.643195,6.45124,7.67105,0.825307,622.403,10.0,9.353853225708008
1574.49,0.570547,6.46637,6.93944,1.03769,111.173,10.0,15.451290130615234
1798.37,0.563119,4.54173,7.05721,1.1502,339.63,10.0,7.612077713012695
246.168,0.223662,3.68138,4.37722,1.70555,14.2571,10.0,30.512020111083984
3585.26,0.832343,11.99712,14.81667,0.50134,2804.5,10.0,3.043896198272705
5581.29,0.784934,8.1372,9.88314,0.43534,1676.56,10.0,3.831589460372925
3760.97,0.800186,7.76575,13.44581,0.556609,2089.42,10.0,2.6395740509033203
2612.79,0.740587,10.4623,12.05438,0.788223,1432.33,10.0,5.823403358459473
1074.19,0.486854,10.64267,11.14114,1.09642,604.872,10.0,3.747373104095459
1904.52,0.545863,11.1315,11.8011,0.728723,624.84,10.0,4.93912935256958
1090.72,0.455369,3.58611,5.12698,1.36518,40.7306,10.0,42.74857711791992
4136.04,0.788442,8.71904,13.97546,0.50573,2476.22,10.0,1.9465774297714233
355.133,0.179634,3.71033,4.19551,1.29359,12.1296,10.0,16.294864654541016
635.061,0.335272,3.32469,4.58434,1.27043,40.8781,10.0,42.24213409423828
2350.41,0.568904,4.81318,9.8787,0.861126,1640.44,50.0,34.46439743041992
3059.91,0.718266,7.74543,8.99236,0.742029,975.395,50.0,65.71571350097656
2180.49,0.681437,10.44088,11.84137,0.777818,478.619,50.0,18.73676872253418
3718.89,0.786418,12.57395,15.59001,0.538275,3812.62,50.0,24.606891632080078
3172.82,0.711352,6.42244,14.0095,0.679504,1447.43,50.0,12.560728073120117
333.364,0.226655,3.54059,4.07425,1.54706,5.30463,50.0,56.03085708618164
319.532,0.197535,4.94412,5.40904,1.5909,31.0201,50.0,40.16640853881836
712.517,0.281592,4.08357,6.86415,1.1794,86.5373,50.0,38.17805862426758
540.963,0.499162,3.40163,7.51498,1.46727,110.638,50.0,91.38206481933594
5842.47,0.903184,14.34732,20.24627,0.239504,4718.19,50.0,17.94743537902832
3059.43,0.65981,6.72225,8.08784,0.690584,1012.39,50.0,39.53688430786133
4341.28,0.85847,15.33451,20.6228,0.367077,6383.74,50.0,15.428854942321777
201.795,0.234141,3.42525,3.95936,1.72081,2.93235,50.0,56.80656051635742
3601.36,0.768025,9.67229,10.76037,0.565402,3327.62,50.0,19.555233001708984
2116.13,0.544564,5.9516,7.04354,0.885089,261.256,50.0,54.85776901245117
3626.78,0.856869,44.41555,44.88935,0.245098,11993.6,50.0,28.7427921295166
2859.74,0.764871,11.3675,11.52676,0.611593,540.726,50.0,60.25034713745117
113.125,0.125547,3.88364,5.94481,2.87192,74.2589,50.0,7.500457763671875
2699.01,0.658718,7.60746,8.62431,0.770384,330.928,50.0,22.138280868530273
2828.36,0.853268,18.98412,20.67664,0.49838,5534.4,50.0,16.241291046142578
647.909,0.294025,3.52035,5.39598,1.3731,82.5897,50.0,43.01590347290039
3469.13,0.728144,7.86884,10.41231,0.62141,562.008,50.0,14.734870910644531
418.036,0.288081,3.5552,4.6944,1.30512,23.7035,50.0,75.35505676269531
4488.74,0.824101,13.26607,15.9292,0.385377,2745.89,50.0,24.04030990600586
2677.7,0.734322,5.04002,14.65871,0.748837,1199.9,50.0,36.651954650878906
624.038,0.296902,3.68297,4.55438,1.37923,18.7463,50.0,43.39968490600586
1678.22,0.584262,19.01787,19.24015,0.637238,1046.74,50.0,5.142282962799072
2633.52,0.696088,6.57332,10.2073,0.815768,1309.87,50.0,41.05487060546875
4686.25,0.828106,10.56834,16.78159,0.43534,9057.41,50.0,19.147380828857422
755.371,0.372498,4.57801,6.7937,1.63344,115.966,50.0,17.393157958984375
895.808,0.295688,4.48145,5.26707,1.13741,44.2493,50.0,27.08622932434082
1799.97,0.482195,5.9702,7.60422,0.891194,306.003,50.0,34.928890228271484
560.515,0.244098,5.22969,5.67787,1.39221,108.993,50.0,20.33041763305664
3292.03,0.811509,8.07844,16.29029,0.636267,5196.73,50.0,13.265435218811035
57.922,0.148474,3.55744,3.74056,3.01243,1.33525,50.0,25.613279342651367
4750.2,0.759273,9.28654,11.284,0.450623,1505.67,50.0,18.406572341918945
492.333,0.253743,3.69133,5.38819,1.26262,30.5143,50.0,51.11371994018555
2706.77,0.721088,9.50749,9.83936,0.660984,444.929,50.0,72.23602294921875
1656.56,0.524429,5.24163,6.0194,0.996085,243.049,50.0,95.0298080444336
723.07,0.291292,7.15392,7.90068,1.22627,91.3713,50.0,6.259995460510254
4544.61,0.808092,7.97908,9.99892,0.515379,1536.98,50.0,28.032175064086914
2763.0,0.723722,8.89347,10.01436,0.743624,1541.14,50.0,34.15918731689453
2393.8,0.610117,6.71373,7.48973,0.856179,275.634,50.0,109.31082153320312
2822.52,0.748286,9.03108,9.58534,0.624027,531.838,50.0,72.05816650390625
1501.68,0.718654,5.91191,15.46798,1.23563,1498.99,50.0,18.719654083251953
4659.54,0.827732,10.47913,13.67182,0.400998,3848.84,50.0,18.55499267578125
355.774,0.182742,3.53103,4.41956,1.61281,20.1337,50.0,10.477449417114258
2703.18,0.733831,11.56742,11.86055,0.65794,660.572,50.0,54.58770751953125
712.274,0.329455,3.43232,5.73126,1.27079,82.2344,50.0,45.51173400878906
2178.82,0.628632,9.95293,10.55032,0.76217,402.859,50.0,24.269216537475586
2085.6,0.535209,4.5615,6.01553,0.954831,223.357,50.0,61.75239944458008
466.113,0.23021,5.45887,6.74791,1.58299,201.099,50.0,13.98173999786377
964.964,0.427575,4.76281,5.19873,1.32821,36.8868,50.0,81.72970581054688
1632.15,0.466404,6.49563,7.39376,0.805202,127.173,50.0,54.21366500854492
591.096,0.400614,4.45214,5.45492,2.01446,65.5756,50.0,43.674373626708984
510.735,0.288657,3.35422,4.41293,1.25673,8.22583,50.0,62.457210540771484
607.323,0.314051,3.38672,4.96985,1.46405,19.8199,50.0,51.6105842590332
1034.04,0.348625,5.16881,8.81997,1.01856,292.96,50.0,15.855293273925781
4664.87,0.832784,14.1154,16.73265,0.399539,4691.65,50.0,21.39165687561035
3996.2,0.748785,6.39267,8.68652,0.597157,761.901,50.0,37.789005279541016
2013.65,0.69359,22.14275,22.26225,0.590946,1362.69,50.0,12.776649475097656
218.149,0.253826,4.09863,4.37001,1.46215,12.3243,50.0,69.51882934570312
382.526,0.341096,3.84832,4.3814,1.64861,4.85413,50.0,91.1014175415039
1529.94,0.619542,6.95688,7.15871,0.985662,110.67,50.0,177.1094207763672
1389.16,0.473782,4.31887,5.35824,1.09933,108.128,50.0,119.88473510742188
794.939,0.325202,6.26585,6.99516,1.26755,142.749,50.0,18.84035301208496
1024.33,0.408804,4.39281,5.52553,1.06252,29.5285,50.0,103.09666442871094
1549.34,0.522098,10.40235,10.52048,0.86429,193.33,50.0,17.857572555541992
728.675,0.325382,3.43664,4.7143,1.2459,18.5774,50.0,52.482521057128906
2256.27,0.549604,6.48205,7.79318,0.812362,710.635,50.0,28.60717010498047
1688.94,0.550806,7.19564,7.87585,0.989095,198.966,50.0,60.788021087646484
4996.37,0.755156,9.07037,10.84434,0.442279,2599.76,50.0,14.761555671691895
889.282,0.465411,4.96181,5.55311,1.41009,109.336,50.0,59.88567352294922
1486.96,0.512279,4.21963,5.62486,0.941354,41.8258,50.0,168.36355590820312
399.589,0.258531,5.21368,6.98088,1.80262,108.86,50.0,20.403648376464844
2170.59,0.519452,4.50916,6.17197,0.861904,252.483,50.0,46.63287353515625
2244.37,0.533119,4.81447,6.23895,0.812374,418.374,50.0,66.79996490478516
1608.48,0.609034,4.51927,8.44381,1.17693,955.533,50.0,71.58500671386719
2314.27,0.677413,6.72464,7.43138,0.776702,274.273,50.0,85.8436279296875
2815.41,0.785464,7.45498,16.28499,0.746687,4741.78,50.0,14.348782539367676
923.293,0.362657,4.18627,4.85142,1.10587,24.5226,50.0,87.51204681396484
786.312,0.36079,4.70653,5.59715,1.22207,79.5153,50.0,86.49420928955078
1936.15,0.57349,8.245,8.8982,0.886081,284.641,50.0,24.188383102416992
2846.92,0.754241,6.60044,15.23901,0.728452,3832.15,50.0,17.323654174804688
2037.25,0.573749,3.86389,11.17442,0.873067,635.974,50.0,20.135597229003906
1441.61,0.43497,4.76603,6.3585,1.11109,223.631,50.0,25.89960479736328
2754.32,0.5432,4.94806,8.49357,0.770035,256.459,50.0,16.372411727905273
1178.43,0.444596,4.04823,5.4952,1.1513,99.0048,50.0,109.11424255371094
2145.26,0.612791,5.11384,7.22366,1.01398,173.157,50.0,43.36164474487305
1069.27,0.62453,22.11595,22.2155,0.993231,1299.6,50.0,3.489224910736084
4921.31,0.869286,13.9897,17.64932,0.330352,3015.26,50.0,15.60867977142334
587.323,0.355798,5.48966,6.45131,1.48486,60.5185,50.0,68.32566833496094
4097.8,0.760421,8.13066,9.89283,0.523332,1092.97,50.0,28.065738677978516
2189.92,0.685639,6.46016,7.06053,0.838717,211.06,50.0,138.67669677734375
642.678,0.348261,5.97494,7.57594,1.76868,194.544,50.0,8.36823844909668
2957.82,0.636765,5.50836,7.69038,0.7216,752.906,50.0,79.57441711425781
3447.13,0.730567,6.91479,11.17224,0.678046,1972.2,50.0,69.8276138305664
2542.48,0.718173,5.67297,11.76932,0.839646,1000.21,50.0,19.887128829956055
89.075,0.102716,3.40653,3.86071,1.60741,2.21383,50.0,23.16357421875
304.665,0.14495,3.8846,4.69383,1.49048,32.3876,50.0,22.894775390625
403.981,0.24254,3.58287,4.8308,1.26025,11.9173,50.0,61.144412994384766
4284.5,0.817214,9.87274,13.20053,0.474348,3414.22,50.0,13.390913009643555
3693.29,0.711507,6.26543,7.23114,0.640645,783.693,50.0,34.699432373046875
2493.95,0.635411,5.27939,8.85984,0.884009,1064.52,50.0,68.51460266113281
5149.08,0.80653,9.06127,14.87165,0.39797,2952.47,50.0,15.479865074157715
2009.07,0.691161,21.00636,21.31576,0.600885,1335.52,50.0,11.741649627685547
435.379,0.173037,3.92612,4.76508,1.41072,25.7543,50.0,17.528249740600586
344.693,0.214785,3.50428,4.11103,1.45117,12.5271,50.0,50.35413360595703
2759.69,0.688254,4.56573,10.22201,0.855708,1058.43,50.0,47.138153076171875
1076.25,0.533068,4.8859,6.403,1.57729,132.85,50.0,52.03290557861328
1224.47,0.423286,7.45344,8.10042,1.1084,179.597,50.0,14.428849220275879
6539.25,0.948567,21.97364,24.21099,0.136416,22389.7,50.0,13.333483695983887
1183.63,0.456757,4.83625,6.15678,1.16533,141.494,50.0,85.95584106445312
1599.92,0.507695,5.17841,6.38977,0.928004,173.918,50.0,50.800846099853516
2893.44,0.827273,25.68703,26.47999,0.406568,4026.96,50.0,29.11519432067871
6786.51,0.960946,25.00225,26.76389,0.105497,33502.7,50.0,16.327451705932617
562.018,0.259541,4.28995,5.74037,1.46069,49.3454,50.0,31.455930709838867
802.457,0.443287,4.03107,4.77748,1.21003,36.5468,50.0,142.93783569335938
2277.45,0.60399,5.8826,9.40303,0.812001,592.849,50.0,41.85708999633789
897.824,0.365133,7.86759,8.0232,1.23293,110.35,50.0,14.303934097290039
1466.8,0.502309,4.38679,6.24033,1.17661,175.253,50.0,83.20386505126953
5186.12,0.913577,15.74483,20.93499,0.252275,12581.4,50.0,12.228147506713867
3761.75,0.736731,7.11807,9.98229,0.639117,641.918,50.0,43.586002349853516
163.722,0.11792,3.80149,4.22599,1.58683,3.82531,50.0,33.019466400146484
4804.6,0.874983,12.79308,15.98513,0.353816,3368.52,50.0,15.9041166305542
2080.61,0.57034,5.57585,7.06688,0.91036,490.838,50.0,63.83082962036133
2878.27,0.622965,7.65176,8.79218,0.688146,544.162,50.0,37.51446533203125
871.324,0.359737,4.24883,4.47076,1.31597,17.3938,50.0,52.250213623046875
3235.32,0.771312,7.65608,15.29768,0.636631,4148.96,50.0,15.228102684020996
460.767,0.234759,3.83834,5.19136,1.45819,47.7436,50.0,42.97340774536133
2320.29,0.527636,5.676,7.7664,0.93549,627.698,50.0,32.25481033325195
483.388,0.31918,5.91729,6.09115,1.9136,74.1907,50.0,25.506261825561523
3361.53,0.898791,36.68526,37.28139,0.262768,7524.72,50.0,30.41175651550293
3538.44,0.758127,7.99213,9.80864,0.583998,4278.16,50.0,50.241065979003906
2054.2,0.630693,6.55117,7.00999,0.878159,149.591,50.0,92.57182312011719
273.196,0.193446,3.65066,4.90341,1.59342,16.2447,50.0,51.06002426147461
1799.2,0.609993,4.54766,5.79095,1.0605,165.224,50.0,134.1141357421875
3563.66,0.72619,6.46471,14.49365,0.596186,1911.71,50.0,12.978082656860352
2886.61,0.660983,5.98941,7.72884,0.798201,1095.49,50.0,36.2891845703125
2820.44,0.624966,5.32502,6.88215,0.941318,877.742,50.0,22.436044692993164
177.616,0.242952,3.30961,5.60293,1.41594,28.2241,50.0,49.4609260559082
1869.38,0.696914,9.16178,9.49563,0.968506,299.561,50.0,34.429264068603516
4995.82,0.84696,12.03691,14.26773,0.368707,3508.95,50.0,18.536731719970703
1012.52,0.385757,10.25712,10.82598,1.17362,235.087,50.0,5.921141624450684
2874.75,0.776988,11.85236,12.10943,0.572825,732.213,50.0,55.76263427734375
2663.16,0.528972,5.45694,7.02493,0.786859,360.083,50.0,26.84645652770996
2369.24,0.59324,5.64844,6.95538,0.951134,252.395,50.0,28.602807998657227
153.175,0.0904317,3.85034,4.16512,1.59593,4.9595,50.0,13.878255844116211
4533.75,0.827148,12.06692,18.53947,0.446727,5470.43,50.0,14.224651336669922
5173.31,0.866699,12.07913,20.05782,0.310276,8219.09,50.0,11.95598030090332
153.173,0.124335,3.76689,4.49686,2.28789,8.95521,50.0,18.388826370239258
4391.21,0.744098,7.57996,13.67056,0.47623,2498.21,50.0,18.018136978149414
1436.03,0.5393,5.07983,6.99592,1.20518,95.7537,50.0,59.26408386230469
2049.2,0.778717,14.38186,14.86862,0.777337,2306.01,50.0,8.05182933807373
936.327,0.486391,3.36867,7.1359,1.38679,151.5,50.0,71.88275146484375
490.209,0.206377,4.88683,6.67316,1.33416,76.1973,50.0,18.936038970947266
3692.56,0.735977,6.38499,7.97707,0.634975,793.827,50.0,48.867347717285156
998.049,0.323615,4.98365,6.08362,1.13603,40.1435,50.0,21.265127182006836
602.236,0.407789,4.76094,4.88932,1.42757,21.4465,50.0,113.10057830810547
1575.62,0.517195,6.73139,7.93081,0.933825,190.67,50.0,47.19562911987305
3763.49,0.887703,37.63051,38.19351,0.236224,8901.09,50.0,30.847681045532227
4911.26,0.803867,8.60282,10.98776,0.489413,779.111,50.0,11.588671684265137
1716.27,0.601059,4.83275,8.47968,1.11727,477.97,50.0,70.20655822753906
139.284,0.243258,4.91599,5.18176,1.51557,28.7544,50.0,47.9223518371582
1140.01,0.493044,6.06087,8.75631,1.33566,207.971,50.0,32.37545394897461
2238.26,0.731088,6.25759,15.44025,0.855405,1581.59,50.0,23.11744499206543
5692.15,0.856627,14.57725,17.29823,0.307706,5674.77,50.0,19.21287727355957
1688.06,0.580053,6.87369,7.50313,0.993441,286.893,50.0,51.20058822631836
2197.88,0.691582,7.54369,8.08319,0.823642,294.177,50.0,70.53723907470703
3568.57,0.747939,7.50258,13.10108,0.632253,1861.65,50.0,11.130043983459473
3720.28,0.70731,8.65671,10.95734,0.576674,1068.74,50.0,15.9639892578125
607.094,0.267308,5.45854,7.04806,1.37397,66.9424,50.0,21.785852432250977
2203.27,0.690471,5.85596,13.96608,0.936945,1426.61,50.0,9.331161499023438
4733.36,0.813911,9.51837,13.13164,0.44115,1771.76,50.0,26.77436065673828
2179.28,0.720604,21.22525,21.47979,0.538517,1366.69,50.0,21.995948791503906
191.43,0.13274,3.77962,4.09655,1.34637,6.10495,50.0,33.30423355102539
608.159,0.261122,5.05303,5.53017,1.43739,33.6452,50.0,17.796228408813477
450.804,0.220118,3.56466,4.96138,1.3433,45.598,50.0,19.154451370239258
3492.09,0.8178,13.9177,20.26541,0.470674,5655.38,50.0,11.60611629486084
4246.85,0.810941,12.49845,15.91164,0.456559,7630.82,50.0,24.67568016052246
2946.83,0.606105,10.32828,11.14864,0.602907,1065.95,50.0,22.719038009643555
4592.76,0.829761,11.35621,14.81712,0.380391,4521.22,50.0,22.734769821166992
1363.64,0.577408,4.99966,5.46233,1.09584,38.203,50.0,171.1709442138672
1768.23,0.603643,4.73712,8.50032,1.10599,477.814,50.0,66.28271484375
1275.46,0.549846,20.52522,20.8319,0.742342,1030.44,50.0,3.815352201461792
865.457,0.477921,18.57831,19.02144,1.03129,1022.83,50.0,3.6516008377075195
3898.46,0.686767,5.10687,7.3257,0.713598,990.983,50.0,29.416425704956055
465.443,0.330114,3.62152,5.00707,1.76557,55.5404,50.0,55.02505111694336
2197.7,0.604545,4.50138,6.53494,0.872955,414.453,50.0,150.42613220214844
2794.13,0.766198,8.87587,11.86338,0.763398,1239.38,50.0,14.93471622467041
1282.2,0.468474,4.57376,6.96986,1.05497,149.378,50.0,99.88612365722656
1572.52,0.468098,4.16248,5.1856,1.05249,138.094,50.0,103.2454605102539
2570.91,0.605846,7.80105,8.65711,0.726884,647.651,50.0,20.22569465637207
375.893,0.265953,3.69301,5.21807,1.69291,17.2627,50.0,25.483835220336914
974.04,0.468157,3.88362,5.37793,1.39932,99.1938,50.0,62.02253723144531
2270.38,0.634953,3.7186,7.44657,0.859552,788.339,50.0,65.7941665649414
5279.94,0.900537,14.00623,20.04209,0.285131,8453.3,50.0,12.870914459228516
3080.93,0.707036,6.66861,11.13401,0.747351,1363.96,50.0,16.299894332885742
4730.38,0.8345,14.53486,16.71555,0.392687,4826.24,50.0,18.778844833374023
1670.49,0.489027,5.86779,6.68698,0.939722,119.005,50.0,41.388118743896484
1862.27,0.653258,6.09225,9.91526,1.05361,1093.06,50.0,47.66110610961914
1542.72,0.455139,4.08781,7.17059,1.02663,114.4,50.0,21.257654190063477
831.229,0.376297,4.15819,6.1434,1.25806,45.2054,50.0,70.15866088867188
2069.79,0.691127,12.00386,12.89256,0.813885,1165.18,50.0,16.756977081298828
5529.93,0.815722,9.96287,12.14574,0.396956,3018.08,50.0,16.166879653930664
436.189,0.29492,3.68158,4.61814,1.34244,21.57,50.0,62.33083724975586
2685.89,0.585846,4.63677,6.37099,0.94174,609.861,50.0,35.680179595947266
413.565,0.232152,3.60521,4.28454,1.38938,24.5679,50.0,34.70128631591797
2273.01,0.666595,8.61784,9.46963,0.752282,358.818,50.0,62.558433532714844
2545.7,0.656717,5.73598,14.42541,0.715466,1304.27,50.0,19.28924560546875
475.447,0.245343,3.73053,4.7636,1.67659,20.4004,50.0,23.312557220458984
2807.26,0.711151,10.0958,11.43325,0.64367,470.232,50.0,23.095653533935547
701.054,0.277344,5.31605,5.82365,1.31931,76.5683,50.0,26.297359466552734
1316.51,0.451419,4.47,6.03885,1.07417,442.743,50.0,91.581787109375
3281.35,0.717623,9.04711,10.84578,0.616331,1727.59,50.0,36.693084716796875
3309.91,0.65725,5.53736,6.59033,0.744957,456.72,50.0,43.70048904418945
598.813,0.220076,3.5349,5.19176,1.23991,56.4432,50.0,20.572269439697266
4329.46,0.720521,8.4097,12.82088,0.501197,1744.7,50.0,17.857946395874023
2465.01,0.560885,8.77157,10.15632,0.694124,805.046,50.0,9.273153305053711
4303.13,0.780521,8.89013,12.50489,0.527344,1196.7,50.0,10.181889533996582
2066.73,0.570096,4.68216,11.28766,0.823347,904.173,50.0,25.110431671142578
3008.36,0.625246,5.58562,6.84113,0.767211,357.826,50.0,74.60022735595703
971.234,0.462253,3.45562,7.63031,1.2987,183.873,50.0,30.843992233276367
4797.45,0.797738,9.62763,11.12887,0.464984,1156.09,50.0,19.973270416259766
2093.29,0.591209,5.50928,7.62578,0.881508,654.552,50.0,90.4166259765625
1010.78,0.579667,6.71263,7.13882,1.50771,222.71,50.0,82.04150390625
1897.66,0.55457,4.53561,5.96439,0.996703,387.809,50.0,114.54212188720703
1787.08,0.549301,6.58342,7.73356,0.88275,208.757,50.0,41.1015625
2014.27,0.695666,8.83266,12.8818,0.990119,1429.45,50.0,7.568813323974609
539.995,0.243941,4.01335,5.01102,1.34658,35.3364,50.0,39.37725067138672
2302.95,0.618171,5.22363,6.98633,0.891642,764.017,50.0,49.750221252441406
1447.99,0.367628,3.31595,8.10042,0.997161,213.837,50.0,7.258107662200928
959.271,0.442334,3.93319,7.75931,1.32013,130.593,50.0,56.47771453857422
688.827,0.290773,4.12499,6.87246,1.38266,227.389,50.0,29.10661506652832
858.757,0.325912,7.78816,7.99413,1.09584,99.0518,50.0,14.899333953857422
1271.82,0.479488,5.83776,6.70648,1.06347,90.2654,50.0,73.6170654296875
1425.58,0.549176,3.88377,11.91049,1.10607,676.881,50.0,11.897024154663086
2412.58,0.658144,9.61425,12.01905,0.727719,1382.96,50.0,22.263113021850586
4223.86,0.737461,6.38265,9.26481,0.638987,555.063,50.0,17.87323570251465
887.85,0.441301,5.35673,6.32117,1.47932,107.613,50.0,52.218040466308594
1629.81,0.582767,4.13696,5.59892,1.04396,65.1795,50.0,216.36953735351562
2249.87,0.601123,4.60036,6.84498,0.948835,624.701,50.0,48.35731506347656
3446.36,0.670514,4.90488,6.89962,0.713412,643.784,50.0,68.3929214477539
3429.23,0.702216,7.28391,9.60845,0.634694,739.106,50.0,32.580238342285156
2543.04,0.73835,9.24666,10.74854,0.712321,559.181,50.0,28.827816009521484
1298.26,0.607473,9.9446,10.53761,1.2117,343.057,50.0,16.914161682128906
2586.32,0.611449,5.65476,7.80864,0.779923,582.261,50.0,35.567203521728516
5292.14,0.884256,13.86029,18.87098,0.282859,4716.29,50.0,14.03744888305664
5239.8,0.814379,9.55832,11.7041,0.408322,2566.35,50.0,12.464677810668945
3935.68,0.814216,9.16474,14.53924,0.474959,3469.34,50.0,20.372905731201172
359.866,0.254334,4.88219,6.85572,1.87988,92.4078,50.0,24.153263092041016
1344.0,0.529055,3.85337,6.27603,0.998565,201.7,50.0,77.2383804321289
3733.05,0.763207,7.7793,10.15565,0.625914,1111.94,50.0,38.54912567138672
3664.65,0.828208,9.34189,16.24889,0.570512,5453.99,50.0,13.634659767150879
468.523,0.241415,3.94466,5.65493,1.29614,43.6783,50.0,56.50337600708008
3146.8,0.71811,7.85361,10.11987,0.688107,654.389,50.0,24.26473617553711
88.0753,0.154864,3.52053,4.1909,2.27602,2.00016,50.0,28.858089447021484
1389.67,0.58272,5.83995,9.15639,1.36222,621.853,50.0,16.085124969482422
1960.65,0.63522,5.18147,6.12988,0.941318,129.438,50.0,174.8889923095703
1380.62,0.59614,20.84767,21.1525,0.75075,1179.55,50.0,3.0836896896362305
2173.78,0.686629,8.35581,8.83853,0.936138,708.322,50.0,33.80405807495117
1671.22,0.448023,4.88177,6.83261,0.911703,161.891,50.0,45.77672576904297
4822.51,0.818572,9.97922,12.89847,0.411641,3444.05,50.0,16.00300407409668
1486.12,0.696981,14.51438,14.78319,0.967724,16.7578,50.0,69.60568237304688
1591.87,0.589916,3.49297,8.77543,1.12657,476.386,50.0,60.1528434753418
1013.88,0.418125,4.23981,6.97659,1.31846,293.878,50.0,45.492427825927734
1711.09,0.557643,6.1511,6.90457,1.01913,404.563,50.0,50.1263427734375
1090.34,0.424872,6.81409,9.53893,1.04809,850.79,50.0,27.477737426757812
1470.37,0.55732,8.91429,11.53447,1.13079,1129.73,50.0,23.59261703491211
2674.95,0.726619,13.51302,13.94589,0.559452,1164.72,50.0,33.75748062133789
2738.35,0.630214,7.62658,8.79139,0.733742,354.858,50.0,24.25265121459961
130.901,0.196894,3.74533,4.65473,1.85567,10.1008,50.0,44.793968200683594
1176.38,0.444414,6.7577,7.98055,1.18829,323.781,50.0,17.454376220703125
701.256,0.325441,4.1971,6.00996,1.51886,76.6259,100.0,40.999874114990234
955.021,0.325109,3.69596,4.96763,1.03944,88.4628,100.0,55.705101013183594
4241.76,0.835701,9.05534,16.19555,0.4334,3468.51,100.0,15.560681343078613
4494.53,0.84056,9.91218,14.58177,0.416311,1961.79,100.0,35.635581970214844
1153.31,0.55097,16.46281,16.82435,0.98992,730.228,100.0,8.55720043182373
3257.69,0.61532,7.65489,8.17116,0.646299,513.761,100.0,113.90805053710938
324.008,0.207834,3.55725,3.90061,1.31947,2.53054,100.0,23.503522872924805
1093.79,0.393129,4.98135,6.03909,1.12289,190.597,100.0,97.06761932373047
4349.59,0.823357,10.66541,11.74806,0.477893,1912.08,100.0,36.85569763183594
446.005,0.250795,4.64877,5.92653,1.44819,32.7499,100.0,58.3022346496582
582.003,0.330813,3.49762,4.70548,1.39863,28.2324,100.0,90.75800323486328
769.018,0.378397,4.26263,5.42423,1.34889,41.2652,100.0,111.7846450805664
1488.07,0.521976,4.049,6.39382,1.06274,143.607,100.0,167.81483459472656
426.593,0.292377,4.04226,4.42015,1.41427,17.3461,100.0,104.7382583618164
705.828,0.275827,5.07974,6.82918,1.20739,81.5553,100.0,49.583229064941406
1030.92,0.363183,4.88189,7.37238,1.18167,347.901,100.0,40.375152587890625
4376.85,0.791352,9.70522,12.60417,0.476007,1426.1,100.0,29.666950225830078
1312.73,0.535581,5.98251,8.8936,1.31135,1404.76,100.0,31.662826538085938
824.599,0.375788,8.34216,8.4461,1.22258,162.507,100.0,42.64585494995117
631.457,0.477955,3.41399,7.35454,1.36598,108.099,100.0,93.45266723632812
2107.35,0.585652,8.34761,8.84177,0.718915,396.342,100.0,85.79231262207031
409.031,0.22997,4.02513,4.85353,1.35859,34.6448,100.0,66.89720153808594
4592.51,0.848028,11.3858,16.59115,0.381056,2651.65,100.0,26.09902572631836
492.998,0.265855,6.5119,6.60071,1.61635,68.2794,100.0,33.83710479736328
4950.57,0.865841,14.20373,17.02439,0.330315,6130.83,100.0,39.32387161254883
2218.98,0.62709,6.06403,9.86403,0.8997,1066.87,100.0,76.18658447265625
4625.97,0.871004,15.24649,19.13781,0.352474,6421.09,100.0,30.413105010986328
654.028,0.353311,4.39156,4.65289,1.27772,4.02555,100.0,121.2081298828125
703.544,0.253996,5.57539,7.08651,1.19194,129.622,100.0,31.776248931884766
2096.06,0.608348,4.83806,9.37962,0.930708,832.471,100.0,71.28131103515625
2314.01,0.7568,7.88436,12.64231,0.874422,3590.34,100.0,16.36600685119629
306.383,0.195831,4.30501,5.01885,1.73018,16.4907,100.0,47.60877227783203
3608.12,0.849038,12.61184,20.0094,0.528879,5671.34,100.0,25.6707763671875
1027.83,0.436627,4.04152,6.59943,1.19316,102.163,100.0,98.34430694580078
3406.19,0.745989,9.25105,13.84424,0.641516,2040.3,100.0,26.329195022583008
1691.71,0.392689,3.79363,5.47461,0.940095,83.9964,100.0,28.412275314331055
3521.87,0.714704,9.84641,11.44887,0.54601,1933.42,100.0,27.640525817871094
673.885,0.2558,3.77332,5.1366,1.36837,45.3193,100.0,22.375688552856445
2822.52,0.748286,9.03108,9.58534,0.624027,531.838,100.0,139.86630249023438
1064.12,0.37607,8.66094,9.27493,1.01104,152.276,100.0,14.614437103271484
1940.67,0.631492,7.25013,8.23024,0.888134,222.019,100.0,78.8409423828125
3362.27,0.772399,9.40244,11.88315,0.65516,1356.95,100.0,49.391998291015625
376.686,0.179724,4.18,4.62872,1.60168,13.7367,100.0,24.954328536987305
718.572,0.37357,3.31513,4.69513,1.18523,23.672,100.0,105.1297378540039
1929.01,0.800538,16.2706,16.35588,0.719965,1323.58,100.0,57.68995666503906
269.726,0.201388,3.60189,3.9946,1.39587,3.95693,100.0,11.596722602844238
555.273,0.224679,5.6247,6.29428,1.24652,94.4106,100.0,28.0432071685791
3670.63,0.801707,8.39768,16.15904,0.569833,5061.08,100.0,31.00579071044922
4425.79,0.852627,13.45077,16.33155,0.378467,5556.36,100.0,25.329479217529297
244.165,0.109246,4.14383,5.48807,1.29184,32.6998,100.0,6.6086883544921875
605.738,0.362409,3.36087,4.66693,1.25974,13.6813,100.0,121.43563079833984
3375.33,0.727117,9.14271,9.8592,0.664051,845.045,100.0,62.54041290283203
1688.94,0.550806,7.19564,7.87585,0.989095,198.966,100.0,109.7589340209961
1039.95,0.434488,9.54543,9.88221,1.04916,453.257,100.0,16.796998977661133
3433.15,0.662538,7.81311,8.7931,0.646236,431.959,100.0,34.456565856933594
1520.17,0.565754,5.81268,10.11095,1.05186,1265.8,100.0,68.84539794921875
572.437,0.318339,3.4516,4.18085,1.17601,2.68345,100.0,77.0066909790039
2793.27,0.596994,5.66853,8.22093,0.793183,475.218,100.0,50.34703826904297
1314.64,0.449595,4.88835,7.29186,1.081,450.483,100.0,58.08631134033203
949.978,0.394501,6.79542,7.46745,1.45536,146.289,100.0,43.309120178222656
2663.41,0.557832,6.34154,8.23139,0.72414,315.513,100.0,51.48013687133789
4659.65,0.809329,9.23751,16.04657,0.432215,3666.45,100.0,21.81610679626465
281.684,0.176675,4.76761,5.44627,1.74896,36.5645,100.0,31.249244689941406
614.556,0.389115,3.40206,4.41505,1.44146,29.8235,100.0,141.9593963623047
308.207,0.320278,3.58229,4.23645,2.02807,9.23176,100.0,63.76459503173828
638.726,0.349405,3.83433,6.32172,1.93178,95.2963,100.0,29.63767433166504
4741.45,0.85355,14.5838,19.37455,0.358974,4948.59,100.0,38.675907135009766
737.587,0.30769,3.80292,5.92846,1.20736,84.5365,100.0,76.29676055908203
1378.6,0.5293,5.74758,6.08472,1.02203,67.5906,100.0,194.06198120117188
4019.09,0.785749,9.47616,11.95877,0.519977,1366.07,100.0,62.36030197143555
525.528,0.342296,6.85231,7.47798,1.66342,105.814,100.0,66.94170379638672
859.932,0.32351,4.30792,5.70728,1.15171,198.503,100.0,85.41184997558594
454.035,0.324778,3.44851,5.91978,1.36246,53.592,100.0,78.83100891113281
4046.39,0.777932,8.63817,12.06243,0.512106,1307.82,100.0,48.496192932128906
403.981,0.24254,3.58287,4.8308,1.26025,11.9173,100.0,75.87806701660156
1188.27,0.460443,3.36072,6.94738,1.01247,150.001,100.0,101.48483276367188
388.609,0.26527,4.00575,4.19644,1.48073,9.13978,100.0,65.11695098876953
2224.82,0.624844,6.81842,8.73508,0.885135,535.149,100.0,57.31746292114258
638.128,0.316121,3.80246,4.52896,1.59206,15.5497,100.0,70.50762939453125
1672.63,0.69007,4.38149,10.17188,1.00046,624.042,100.0,255.2685546875
1632.06,0.513972,4.25815,5.94929,1.09725,373.218,100.0,99.19195556640625
616.67,0.375724,3.40645,4.27792,1.25208,13.7568,100.0,26.547134399414062
227.747,0.166913,4.23212,6.63361,1.1832,53.111,100.0,15.254802703857422
855.487,0.352154,5.64522,6.64682,1.29109,181.033,100.0,38.18088912963867
2800.43,0.680347,6.81481,7.87251,0.752781,372.744,100.0,72.8486557006836
1063.74,0.379545,5.46315,7.7869,1.04891,601.822,100.0,83.42902374267578
2981.31,0.700176,4.54822,10.31258,0.834187,1159.76,100.0,77.53829956054688
1187.38,0.437954,4.00708,5.0988,1.00141,106.338,100.0,136.6135711669922
859.261,0.305891,5.52439,5.73034,1.29446,48.7475,100.0,52.347164154052734
406.381,0.258458,3.52882,4.02176,1.66629,7.7335,100.0,94.93115997314453
3868.21,0.834553,14.5922,16.88225,0.491292,4557.05,100.0,31.837614059448242
333.395,0.196204,3.87665,4.60065,1.53155,21.0766,100.0,54.822017669677734
4298.06,0.81021,8.90217,11.86781,0.488559,2584.99,100.0,20.879297256469727
2227.01,0.686703,9.24835,10.72219,0.766088,508.707,100.0,46.00266647338867
2931.23,0.726128,10.23168,13.15986,0.646249,2880.2,100.0,16.791322708129883
1003.31,0.420285,4.54321,5.01036,1.18779,103.676,100.0,102.97904205322266
747.734,0.329087,5.83357,6.90811,1.50004,92.9572,100.0,14.00036334991455
246.792,0.190923,3.65435,4.37588,1.49805,5.53816,100.0,63.907676696777344
872.464,0.284886,3.96619,5.06903,0.918907,21.7028,100.0,108.31158447265625
513.411,0.258316,4.25222,5.4944,1.44265,75.6731,100.0,54.9104118347168
483.388,0.31918,5.91729,6.09115,1.9136,74.1907,100.0,37.790889739990234
1919.09,0.654222,21.15175,21.48467,0.599454,1212.01,100.0,9.959138870239258
1216.56,0.452789,6.34292,7.46676,1.10854,148.581,100.0,78.75614166259766
1154.38,0.530632,3.89319,6.27199,1.08675,89.1975,100.0,208.24365234375
5072.07,0.883052,12.59128,17.45092,0.290358,6079.52,100.0,16.838214874267578
6180.82,0.955549,23.17726,24.38123,0.132951,26104.2,100.0,31.451183319091797
280.09,0.215224,3.688,4.3565,1.32605,30.8458,100.0,46.189476013183594
5423.45,0.893019,12.69613,15.81277,0.307491,8406.17,100.0,23.760841369628906
2046.65,0.710725,7.51042,7.91291,0.839287,246.213,100.0,250.97438049316406
1721.54,0.605384,4.58327,14.1532,1.00347,1082.31,100.0,44.40595245361328
2418.49,0.660837,5.99331,7.64308,0.787949,257.285,100.0,155.0269012451172
913.456,0.417914,5.12312,5.54279,1.57133,164.087,100.0,56.37700653076172
3389.91,0.699048,6.94794,7.44963,0.661915,703.086,100.0,192.61859130859375
1437.72,0.548284,7.66548,8.19901,1.02898,219.633,100.0,54.54058074951172
2325.76,0.639996,7.82211,8.76059,0.815276,341.477,100.0,79.92402648925781
804.802,0.304068,7.00284,7.30428,1.34585,138.799,100.0,12.024951934814453
1817.39,0.5582,7.34994,8.0206,0.944819,212.822,100.0,105.70597839355469
2892.84,0.599664,6.10342,8.6288,0.738137,1086.44,100.0,29.38043785095215
2049.2,0.778717,14.38186,14.86862,0.777337,2306.01,100.0,16.13289451599121
5217.59,0.826077,8.88207,10.10618,0.441567,2556.27,100.0,55.766143798828125
2604.13,0.704694,7.86901,12.21381,0.783073,1292.81,100.0,52.82096481323242
4231.57,0.847949,10.52518,13.68756,0.443721,4288.36,100.0,24.341169357299805
179.685,0.134415,3.43279,4.17837,1.6251,1.87012,100.0,25.459707260131836
936.327,0.486391,3.36867,7.1359,1.38679,151.5,100.0,96.83865356445312
3940.6,0.735014,9.17565,12.25719,0.535604,1137.06,100.0,31.993789672851562
1148.89,0.426508,3.75673,5.6401,1.10771,118.738,100.0,157.37940979003906
3758.81,0.715645,5.82334,8.15393,0.686101,1224.67,100.0,116.40908813476562
3211.2,0.767306,7.4889,15.26792,0.647626,4044.02,100.0,33.81892776489258
3555.22,0.796192,9.05061,13.01729,0.552939,1631.22,100.0,35.9869499206543
6298.34,0.937106,18.90155,25.30744,0.16615,19469.7,100.0,27.762285232543945
1422.0,0.554361,12.09481,12.63462,0.930081,383.675,100.0,18.055931091308594
379.526,0.254958,4.80014,6.00629,1.62453,51.6085,100.0,61.94301223754883
1625.54,0.55942,19.66918,19.9166,0.77145,1002.05,100.0,19.30750274658203
163.157,0.129628,3.40174,4.55101,1.78509,5.35958,100.0,7.0340070724487305
2647.13,0.696725,7.09005,7.67733,0.889025,522.564,100.0,36.52769470214844
2017.98,0.608542,14.56589,14.71053,0.673695,487.978,100.0,20.98105239868164
5747.25,0.941237,21.55465,21.98742,0.165441,20280.1,100.0,26.573287963867188
1363.05,0.552513,6.04453,7.32159,1.26865,1619.88,100.0,30.090301513671875
568.155,0.260659,4.5908,5.31429,1.25127,14.1996,100.0,75.89348602294922
542.628,0.401869,3.38645,6.34828,1.34118,81.4896,100.0,81.13005828857422
1429.38,0.442938,4.25642,6.91434,1.01094,391.538,100.0,70.13607025146484
3638.46,0.714199,6.08562,8.02379,0.658321,911.459,100.0,130.76235961914062
1688.06,0.580053,6.87369,7.50313,0.993441,286.893,100.0,105.8878173828125
1427.79,0.48938,3.35162,7.85855,1.00675,438.368,100.0,63.31304168701172
4207.5,0.741167,9.49198,12.53218,0.485003,1544.98,100.0,44.0316047668457
1136.03,0.457752,4.65628,6.49282,1.27097,454.74,100.0,73.95832061767578
3761.49,0.766112,7.86522,12.67368,0.574815,1526.55,100.0,58.23578643798828
1062.89,0.462052,4.06568,5.60671,1.17154,46.5399,100.0,160.39344787597656
4326.42,0.776471,9.58021,10.72202,0.522724,1730.26,100.0,30.14820671081543
3950.79,0.762091,9.87481,12.20012,0.538972,1265.37,100.0,50.09870910644531
837.316,0.441762,3.49283,5.74125,1.35159,120.988,100.0,93.96829986572266
1110.4,0.383456,5.6326,6.21503,1.0975,174.596,100.0,72.52339935302734
1288.0,0.428058,3.80052,5.57901,1.04111,357.372,100.0,112.87918853759766
1586.77,0.525217,4.77509,7.55534,0.938623,237.707,100.0,173.008544921875
1132.73,0.4372,9.18905,9.3601,1.05246,158.518,100.0,19.379423141479492
764.666,0.341495,3.81396,5.54724,1.25783,76.9863,100.0,96.62113952636719
360.886,0.258631,3.5682,5.13571,1.54184,24.1975,100.0,78.610107421875
4592.76,0.829761,11.35621,14.81712,0.380391,4521.22,100.0,47.12297821044922
251.62,0.186655,3.67528,4.24048,1.6348,5.51926,100.0,55.666893005371094
685.69,0.306449,3.3246,4.93182,1.28475,70.7824,100.0,59.90045166015625
2260.63,0.694908,9.57452,10.00584,0.780513,723.087,100.0,71.85896301269531
4838.43,0.900371,15.32844,24.51072,0.266676,11293.7,100.0,25.97410774230957
2475.34,0.746844,13.58656,13.98012,0.622936,908.683,100.0,78.46975708007812
557.543,0.256456,4.43446,5.76798,1.31146,92.6855,100.0,65.56912994384766
1661.3,0.548408,4.25498,5.84228,1.05726,389.764,100.0,174.17547607421875
3163.1,0.730736,6.81768,13.09197,0.715213,1744.77,100.0,22.874408721923828
526.908,0.258302,3.7634,4.06605,1.37813,34.6414,100.0,63.938228607177734
2593.86,0.623415,6.813,7.45882,0.782165,261.415,100.0,158.44912719726562
3296.69,0.843415,28.58839,29.30991,0.322208,4541.31,100.0,51.12570571899414
2146.05,0.604353,5.43424,8.63818,0.959506,892.054,100.0,75.53296661376953
348.596,0.260683,3.7962,4.76002,1.53302,15.1188,100.0,86.20426177978516
647.743,0.330824,3.3683,4.32158,1.11307,16.7097,100.0,101.89366149902344
1497.34,0.530031,6.08835,7.23556,0.99743,218.582,100.0,134.0574188232422
982.041,0.461791,4.12477,7.81342,1.321,148.745,100.0,93.68608093261719
1286.56,0.551867,4.09656,8.50744,1.24145,372.012,100.0,125.57869720458984
1428.24,0.496702,4.43204,6.32823,1.37479,322.079,100.0,38.52875900268555
1704.44,0.555025,4.56495,9.68033,1.00299,590.655,100.0,47.48344421386719
1005.76,0.370917,5.37866,9.28898,1.213,559.753,100.0,14.647924423217773
970.929,0.337016,4.36718,5.82051,1.21084,240.743,100.0,58.1751594543457
5592.17,0.869713,12.00805,15.22974,0.32265,2568.08,100.0,21.51686668395996
5630.85,0.954892,24.29496,25.12239,0.138405,28558.3,100.0,26.842458724975586
1513.28,0.633819,21.46643,21.76802,0.749005,1287.44,100.0,7.692176818847656
1672.24,0.599132,4.93733,8.20519,1.12332,467.795,100.0,110.79357147216797
760.519,0.315601,8.3767,8.53943,1.17555,316.185,100.0,20.60747718811035
4687.57,0.868049,13.94298,20.39524,0.37395,6117.46,100.0,32.293601989746094
2170.59,0.617422,5.83369,6.8873,0.924549,224.168,100.0,190.12802124023438
4278.87,0.845741,9.86658,14.52932,0.431696,1988.67,100.0,32.58171844482422
1255.86,0.452502,4.14043,6.30082,1.13312,83.9209,100.0,105.21449279785156
645.047,0.336269,4.74645,5.28716,1.44461,28.4884,100.0,80.69803619384766
739.732,0.286398,5.28878,7.56137,1.34439,177.909,100.0,23.36762046813965
368.991,0.184687,4.18169,4.57331,1.20315,15.027,100.0,65.36759948730469
231.264,0.188113,3.43119,4.20216,1.52744,4.08122,100.0,15.538274765014648
1945.91,0.580468,4.41271,6.78067,0.940496,511.004,100.0,157.6880645751953
870.83,0.295788,4.26756,5.64253,1.14385,52.5396,100.0,43.78569793701172
1506.4,0.470347,3.75571,5.9672,1.00782,187.724,100.0,98.22612762451172
369.976,0.187188,4.71582,5.63204,1.38014,29.0665,100.0,41.40959548950195
3836.36,0.767434,8.44885,10.56422,0.559594,1442.97,100.0,49.89495849609375
1014.56,0.317211,3.76525,5.12246,1.10107,88.2176,100.0,45.57077407836914
1264.81,0.464801,5.15633,5.68734,1.33787,107.992,100.0,83.56242370605469
1058.58,0.43552,4.18604,6.52507,1.14372,97.1691,100.0,129.7068634033203
971.234,0.462253,3.45562,7.63031,1.2987,183.873,100.0,54.6955451965332
216.465,0.202822,3.41493,4.21511,1.3811,6.71877,100.0,32.789878845214844
3537.38,0.816306,11.87423,13.47693,0.578709,3512.74,100.0,43.298545837402344
1682.89,0.564754,5.92459,6.36734,0.935617,140.993,100.0,185.76573181152344
264.371,0.171709,3.77801,4.68786,1.58297,13.0961,100.0,40.65541458129883
2584.1,0.675004,5.24614,7.97709,0.841421,989.219,100.0,122.0095443725586
4816.52,0.816798,9.45603,15.12933,0.412767,2899.66,100.0,30.010692596435547
716.627,0.319269,3.53937,5.72002,1.33022,74.3598,100.0,57.38840866088867
1843.27,0.5669,4.55466,6.31442,0.990223,314.927,100.0,175.5555877685547
3876.67,0.675854,5.18528,6.88642,0.712264,1394.18,100.0,66.91899871826172
487.769,0.272545,5.73595,7.07414,1.79447,78.9027,100.0,26.260711669921875
4288.41,0.834679,9.19992,16.81607,0.425605,4117.99,100.0,25.811094284057617
5090.95,0.893449,13.29068,19.41722,0.294321,4936.45,100.0,29.461341857910156
688.827,0.290773,4.12499,6.87246,1.38266,227.389,100.0,46.20709991455078
1271.82,0.479488,5.83776,6.70648,1.06347,90.2654,100.0,121.32958984375
4439.79,0.736521,7.76909,11.09413,0.568847,1195.41,100.0,38.94029235839844
2390.94,0.565185,5.09845,5.54977,0.822084,161.439,100.0,150.19183349609375
3592.57,0.779229,8.89528,9.66804,0.680686,885.712,100.0,80.42204284667969
3459.78,0.74439,6.82523,12.48808,0.644485,1595.15,100.0,36.36806869506836
4317.88,0.755037,7.8314,9.96491,0.549802,1386.92,100.0,29.89810562133789
4743.68,0.82429,11.51165,14.30173,0.418931,2850.76,100.0,33.730735778808594
4239.33,0.799966,9.30581,11.87055,0.520137,1858.8,100.0,35.512290954589844
1090.77,0.416479,3.75492,5.38442,1.154,163.778,100.0,112.24971771240234
2934.81,0.706281,6.27542,8.28331,0.831397,670.793,100.0,44.528202056884766
53.027,0.0631686,3.31258,3.6759,1.4093,0.742818,100.0,1.6096186637878418
214.448,0.128861,3.30831,4.36734,1.33975,8.88674,100.0,8.944254875183105
1148.12,0.401816,3.5663,5.74252,1.0541,108.504,100.0,95.92371368408203
1719.66,0.618223,4.82071,5.87351,1.01364,92.6559,100.0,259.2336120605469
1581.22,0.524513,3.94622,5.89132,1.14161,244.126,100.0,113.29704284667969
2094.67,0.565554,5.63985,7.41014,0.8817,784.985,100.0,61.78323745727539
1373.22,0.47201,3.87454,5.73137,1.07763,120.287,100.0,115.83943939208984
1951.46,0.576616,6.67811,7.39759,1.00639,323.177,100.0,93.04570770263672
462.26,0.251751,3.7803,4.52383,1.48798,9.00926,100.0,57.55313491821289
4072.92,0.658717,6.66285,9.03985,0.603493,526.46,100.0,25.724000930786133
2243.64,0.737607,7.79447,8.16346,0.80406,315.463,100.0,217.91636657714844
2576.2,0.769704,9.22774,10.6882,0.807727,4012.31,100.0,23.224857330322266
1997.72,0.575582,11.18946,11.72914,0.828591,1036.85,100.0,42.39406967163086
1050.88,0.482239,5.6342,6.41321,1.19266,79.2134,100.0,150.79908752441406
387.939,0.180092,4.35357,5.98205,1.37948,47.5539,100.0,36.41139602661133
3091.36,0.719629,7.6442,10.29439,0.761804,1500.33,100.0,27.420778274536133
1800.53,0.554069,15.67959,16.07856,0.746555,636.475,100.0,20.771333694458008
4593.17,0.795258,9.36669,13.00483,0.444466,1628.6,100.0,45.94469451904297
921.982,0.440019,5.36167,5.97638,1.34827,39.9723,100.0,82.67774200439453
1675.64,0.626783,20.008,20.35421,0.664009,1163.86,100.0,8.023716926574707
1176.48,0.391109,4.74664,5.63017,0.995477,103.683,100.0,145.9610595703125
4694.03,0.803872,10.80238,14.76194,0.427119,1583.71,100.0,27.34217643737793
1667.54,0.506057,7.18082,7.88825,0.90817,252.006,100.0,55.782432556152344
3206.24,0.70093,5.46381,9.11663,0.723302,980.943,100.0,67.1426773071289
1923.32,0.691167,21.61833,21.94921,0.591491,1263.69,100.0,17.744535446166992
652.986,0.275323,3.66087,5.00042,1.29956,45.7894,200.0,103.08737182617188
1939.96,0.564731,7.46344,9.29123,0.798505,696.326,200.0,122.31779479980469
2620.24,0.676122,8.9453,9.17433,0.773465,527.879,200.0,180.59014892578125
1427.6,0.427086,3.88694,5.73732,1.10551,73.346,200.0,79.73828887939453
116.565,0.115039,3.53045,3.93033,1.5557,1.57814,200.0,45.3627815246582
2367.99,0.697585,10.44982,11.29164,0.724033,466.844,200.0,96.94290924072266
6044.03,0.88209,11.90508,18.41802,0.274788,4727.74,200.0,62.58622741699219
2630.98,0.588562,5.76746,6.81674,0.761637,420.424,200.0,151.78558349609375
1413.79,0.494744,4.38404,6.43021,1.03557,95.8967,200.0,224.45083618164062
640.764,0.306198,3.59539,5.10411,1.27516,11.8074,200.0,99.32725524902344
2859.62,0.689018,7.18074,10.08037,0.725803,711.609,200.0,131.6696319580078
2711.83,0.594338,5.05823,7.3019,0.815171,210.175,200.0,73.42533874511719
3168.98,0.788407,8.38066,16.20892,0.663072,4677.0,200.0,67.89551544189453
358.496,0.226024,4.53526,4.84094,1.41273,25.4803,200.0,83.38358306884766
1476.45,0.528434,6.61362,7.68688,1.05204,261.208,200.0,140.90487670898438
4413.18,0.819598,9.85243,14.7477,0.430891,3847.38,200.0,47.23807144165039
292.596,0.227562,3.90257,4.90626,1.65753,43.8119,200.0,66.62743377685547
1277.95,0.356259,6.05335,6.43625,1.0598,500.14,200.0,52.757076263427734
1485.97,0.523066,7.11459,7.69256,1.01206,187.282,200.0,162.7877197265625
844.592,0.412952,4.27323,5.54712,1.3501,51.7723,200.0,147.11517333984375
2877.75,0.648059,6.73231,7.28113,0.727592,405.33,200.0,286.4702453613281
324.682,0.222287,3.40363,4.09957,1.50618,4.94711,200.0,53.15849304199219
4520.29,0.841982,10.09835,12.71824,0.42752,2669.7,200.0,96.79027557373047
947.051,0.395973,9.72381,9.86119,1.08868,457.224,200.0,43.664939880371094
438.449,0.248193,3.34365,5.32955,1.32526,37.2649,200.0,66.48184967041016
3228.16,0.696978,6.50396,8.28829,0.732709,1843.02,200.0,93.1434326171875
2676.93,0.6922,5.07815,7.47804,0.793957,237.757,200.0,401.80267333984375
1405.89,0.579978,4.04503,8.33873,1.25652,381.428,200.0,189.894287109375
2587.09,0.735823,13.45002,13.78888,0.611743,738.77,200.0,142.77711486816406
4826.15,0.818868,8.43301,11.08241,0.456241,1666.17,200.0,90.04205322265625
3689.4,0.755012,6.96832,10.79788,0.644432,1548.35,200.0,48.04082489013672
1003.49,0.419045,8.22463,8.45317,1.25097,254.572,200.0,39.75076675415039
4551.13,0.831063,9.20719,13.07325,0.446435,1467.32,200.0,39.49332809448242
358.689,0.227286,5.77515,7.29346,1.58787,140.563,200.0,46.55025863647461
3076.68,0.774003,9.05346,14.47588,0.664853,2333.2,200.0,68.62291717529297
910.438,0.379921,7.02676,7.96427,1.3613,148.218,200.0,29.0056095123291
1127.89,0.461596,3.95316,5.36241,1.07712,109.391,200.0,167.91168212890625
1940.67,0.631492,7.25013,8.23024,0.888134,222.019,200.0,161.70045471191406
391.331,0.212919,3.66053,5.20943,1.60073,26.7689,200.0,47.541961669921875
2033.58,0.635753,8.39312,9.70549,0.92742,2445.31,200.0,87.3433609008789
3726.94,0.790337,9.44741,13.23024,0.536278,1398.66,200.0,89.23001861572266
5485.24,0.899451,9.53743,16.62467,0.286881,8729.6,200.0,61.00554275512695
903.428,0.367909,5.89863,6.94287,1.46213,179.166,200.0,44.73845672607422
1726.29,0.688974,7.86687,10.43089,1.164,894.017,200.0,87.63497161865234
3190.31,0.743406,10.2152,11.4034,0.645447,938.273,200.0,52.64583206176758
4664.87,0.832784,14.1154,16.73265,0.399539,4691.65,200.0,83.52973175048828
404.174,0.228302,3.64938,4.20811,1.42761,19.2305,200.0,65.39669036865234
1452.22,0.408661,3.79418,6.52085,1.07964,108.409,200.0,70.09008026123047
1314.04,0.560454,11.5188,12.06487,1.01058,400.248,200.0,59.67597198486328
641.667,0.317772,3.44338,4.6926,1.11923,29.042,200.0,109.78939056396484
5706.58,0.872611,14.00915,15.86829,0.296337,2987.01,200.0,68.02104949951172
1060.22,0.440184,9.82657,9.92273,1.12791,219.987,200.0,41.650726318359375
917.933,0.396626,9.99933,10.49844,1.17325,194.51,200.0,12.90766716003418
2732.31,0.676465,7.56011,8.18942,0.775192,425.998,200.0,291.83837890625
1666.76,0.704942,7.88437,14.33636,1.10392,2965.44,200.0,22.080705642700195
1573.56,0.560345,4.75241,6.24081,1.08728,127.359,200.0,198.85133361816406
357.306,0.287952,3.33858,4.3724,1.53433,10.1195,200.0,116.1895751953125
2411.63,0.584106,4.97823,7.13964,0.792651,523.097,200.0,246.32357788085938
1529.94,0.619542,6.95688,7.15871,0.985662,110.67,200.0,297.7350158691406
244.447,0.157936,3.80219,4.25336,1.34809,7.42745,200.0,62.052650451660156
820.464,0.469629,3.47769,7.54839,1.51106,170.857,200.0,108.05640411376953
3794.44,0.825273,8.71165,16.26947,0.553458,5419.45,200.0,56.773338317871094
428.515,0.289344,4.89826,7.10171,1.91471,115.022,200.0,55.989288330078125
927.017,0.429087,9.40117,9.66962,1.23116,152.813,200.0,38.29548263549805
970.298,0.334791,5.59583,5.75077,1.14194,44.4105,200.0,80.37110137939453
2353.29,0.733599,11.86093,12.54541,0.75628,587.098,200.0,121.31503295898438
2245.67,0.691209,10.39083,11.69955,0.752291,475.209,200.0,126.61722564697266
2829.47,0.78597,13.15606,13.60274,0.567252,796.257,200.0,212.9624481201172
5150.23,0.785568,8.54242,11.05766,0.430906,2815.69,200.0,67.60470581054688
2541.89,0.626883,4.8153,9.03275,0.844731,731.457,200.0,77.89008331298828
299.814,0.13293,3.97588,6.02115,1.45626,26.4696,200.0,21.093524932861328
444.971,0.277966,8.17089,8.80222,1.74629,102.448,200.0,28.703157424926758
713.711,0.465322,3.50727,4.99124,0.989693,27.7349,200.0,216.41195678710938
1932.32,0.589561,8.30433,10.24738,0.980188,971.809,200.0,40.16226577758789
800.879,0.292361,3.85376,4.77427,1.2469,63.0217,200.0,72.73503112792969
2795.95,0.760936,11.88155,12.37897,0.650993,877.991,200.0,207.5687713623047
1330.09,0.680184,9.70864,10.74241,1.20374,400.278,200.0,105.91893005371094
1314.64,0.449595,4.88835,7.29186,1.081,450.483,200.0,99.79549407958984
5361.73,0.904578,13.96256,24.7303,0.266769,10848.7,200.0,60.53428649902344
669.768,0.320096,4.14496,5.8685,1.56611,72.5138,200.0,59.01166534423828
4547.25,0.804554,9.50763,10.22665,0.53133,999.857,200.0,194.98789978027344
2064.98,0.741566,9.52567,15.44652,0.935609,3584.51,200.0,36.919532775878906
1031.37,0.416008,4.79665,6.87977,1.10661,247.924,200.0,153.58309936523438
449.677,0.441656,3.71905,4.39592,1.74826,13.7028,200.0,129.74920654296875
745.962,0.320812,8.55679,9.14787,1.18966,119.965,200.0,38.15528106689453
1001.17,0.417439,5.82728,6.38816,1.19002,59.0067,200.0,128.38356018066406
2513.88,0.588787,5.88574,7.36183,0.785905,779.216,200.0,145.34896850585938
3429.69,0.763885,10.84662,11.26271,0.556079,1426.26,200.0,223.17396545410156
2192.06,0.623899,6.12496,10.11213,0.921148,1044.75,200.0,135.57763671875
1443.71,0.440952,3.66757,4.75854,1.12288,103.105,200.0,75.73397064208984
2754.62,0.612723,5.79661,7.92061,0.753947,427.982,200.0,160.80894470214844
998.876,0.310821,4.04197,5.47172,1.12899,83.4604,200.0,89.28582763671875
525.528,0.342296,6.85231,7.47798,1.66342,105.814,200.0,92.43291473388672
2588.39,0.62356,6.26097,7.63691,0.785669,318.91,200.0,160.18861389160156
4713.86,0.837215,9.78493,11.36631,0.423394,2401.43,200.0,52.36802291870117
89.075,0.102716,3.40653,3.86071,1.60741,2.21383,200.0,36.37813949584961
3723.5,0.795453,8.27122,12.38937,0.548153,1542.48,200.0,98.52809143066406
4657.64,0.853178,13.7681,19.91897,0.350238,6007.14,200.0,64.0247802734375
3374.33,0.726264,6.24978,9.73165,0.720586,810.327,200.0,82.35099029541016
1039.5,0.420824,5.31813,7.07233,1.20704,136.042,200.0,135.6897735595703
5078.21,0.903675,13.96512,15.52826,0.291771,7720.68,200.0,36.323421478271484
3888.25,0.811406,8.76241,12.39191,0.536671,1352.35,200.0,36.166221618652344
2760.28,0.663634,9.18766,9.7535,0.658353,498.926,200.0,125.86170959472656
2493.95,0.635411,5.27939,8.85984,0.884009,1064.52,200.0,183.52456665039062
855.487,0.352154,5.64522,6.64682,1.29109,181.033,200.0,64.13495635986328
830.521,0.492995,6.30782,6.8535,1.50925,168.812,200.0,136.1703338623047
1706.15,0.565227,7.66013,8.01732,0.893679,214.548,200.0,159.1778106689453
2769.45,0.775477,13.53529,14.03996,0.578453,780.363,200.0,194.99249267578125
2279.86,0.596801,4.57655,6.73213,0.985697,713.142,200.0,182.48468017578125
952.839,0.483366,5.62122,6.8331,1.41807,123.566,200.0,129.79869079589844
1076.25,0.533068,4.8859,6.403,1.57729,132.85,200.0,126.50828552246094
3044.65,0.79092,13.6853,14.1728,0.546209,773.54,200.0,196.2552947998047
4272.99,0.808205,10.28641,14.8741,0.458105,2700.2,200.0,35.09284210205078
1007.63,0.330023,4.47115,5.22021,1.26046,86.8332,200.0,60.95481872558594
2926.84,0.62391,5.12171,6.27277,0.852846,367.983,200.0,140.66241455078125
1571.62,0.499198,3.35002,11.20251,0.912347,429.331,200.0,57.70024871826172
352.106,0.226377,5.7591,7.20035,1.60375,137.847,200.0,46.35948944091797
2968.75,0.689125,7.46666,9.32207,0.765495,635.418,200.0,61.434112548828125
2081.02,0.554202,5.79264,9.28873,0.943386,464.851,200.0,38.7222900390625
2677.63,0.642306,7.12597,10.19107,0.727457,2448.27,200.0,100.23200225830078
3268.22,0.730681,8.86367,11.12971,0.658322,831.324,200.0,99.66571807861328
2766.8,0.571765,4.92847,7.49264,0.787698,847.009,200.0,79.52468872070312
4908.76,0.843639,10.14821,14.09329,0.413516,5419.3,200.0,46.784515380859375
3994.83,0.710392,5.59024,7.67102,0.646807,699.338,200.0,250.14088439941406
1390.45,0.435041,3.81335,7.03162,1.05178,102.773,200.0,71.0350570678711
516.427,0.289196,3.43205,4.73249,1.31423,12.6822,200.0,126.26954650878906
5537.69,0.905441,13.78559,23.00352,0.252104,9943.31,200.0,53.340179443359375
169.414,0.176735,4.25505,7.01177,2.60257,93.2225,200.0,24.715394973754883
712.885,0.432243,3.84481,5.24665,1.49517,21.2363,200.0,127.14476776123047
3984.98,0.823838,11.4404,17.51566,0.468571,3876.4,200.0,69.06981658935547
4579.08,0.822078,8.57567,12.7548,0.472911,3205.19,200.0,42.50910186767578
990.162,0.348465,4.9034,5.88243,1.15351,122.878,200.0,95.58341217041016
4655.95,0.783739,10.12427,11.89356,0.468817,3058.79,200.0,64.06890869140625
4155.96,0.770009,11.54158,13.20906,0.482466,1563.84,200.0,70.5596694946289
1107.31,0.384252,6.09396,6.56346,1.09093,128.482,200.0,116.93653869628906
2381.95,0.596016,4.95282,5.96644,0.898419,175.243,200.0,154.57272338867188
1242.22,0.380288,6.2318,6.49091,1.01196,198.144,200.0,117.91610717773438
965.9,0.312302,3.76385,5.67074,1.08909,113.919,200.0,103.8615951538086
1388.09,0.57265,4.45457,8.93568,1.41964,213.525,200.0,144.30929565429688
531.863,0.254877,3.5495,4.73064,1.38131,15.4386,200.0,97.9727783203125
2325.76,0.639996,7.82211,8.76059,0.815276,341.477,200.0,155.66551208496094
749.283,0.298268,3.51345,5.23427,1.13309,30.0563,200.0,105.24703979492188
1134.97,0.439009,9.28704,9.39031,1.05389,156.776,200.0,42.132568359375
355.836,0.19483,3.95334,4.45676,1.27264,6.95785,200.0,67.61295318603516
4057.41,0.704817,4.9969,7.66693,0.633288,720.892,200.0,229.50205993652344
2335.25,0.620467,8.60329,9.26023,0.728375,490.605,200.0,137.14564514160156
6298.34,0.937106,18.90155,25.30744,0.16615,19469.7,200.0,55.53639602661133
238.381,0.163918,3.60942,4.22581,1.31955,11.6907,200.0,64.7089614868164
277.153,0.192594,3.68086,4.54518,1.76866,10.737,200.0,53.89460372924805
705.256,0.326297,4.57814,5.37162,1.4326,71.1271,200.0,87.98942565917969
2120.03,0.56249,6.13604,7.22689,0.829062,263.951,200.0,156.19808959960938
1764.81,0.627111,7.77795,9.81294,1.00644,618.97,200.0,109.49156188964844
2032.38,0.681315,7.61356,9.78773,0.994683,875.599,200.0,84.52279663085938
4026.66,0.765989,8.79999,10.96934,0.534031,1375.67,200.0,94.43861389160156
2716.78,0.675375,5.87922,8.1961,0.787627,1118.77,200.0,138.7438507080078
1140.01,0.493044,6.06087,8.75631,1.33566,207.971,200.0,97.95188903808594
1688.06,0.580053,6.87369,7.50313,0.993441,286.893,200.0,187.11439514160156
613.95,0.286509,3.98704,5.29143,1.50075,38.1755,200.0,59.152591705322266
183.046,0.145111,3.49502,5.09784,2.12068,18.5786,200.0,6.908984184265137
3568.57,0.747939,7.50258,13.10108,0.632253,1861.65,200.0,45.50098419189453
3453.31,0.759924,7.67728,10.94306,0.640348,600.314,200.0,63.20262145996094
4274.92,0.793325,9.03432,10.85431,0.521351,1914.38,200.0,93.7303466796875
383.182,0.304549,3.63559,4.28084,1.80253,20.4479,200.0,100.72682189941406
203.359,0.160429,3.43066,4.18005,1.61298,8.96401,200.0,47.9699821472168
5851.74,0.866192,10.92072,13.50709,0.341349,3228.36,200.0,69.44467163085938
2659.43,0.663557,4.1393,9.84645,0.825693,2669.27,200.0,141.19189453125
581.839,0.283018,6.7614,7.96195,1.61911,238.256,200.0,29.256160736083984
1515.87,0.478319,5.67384,6.77716,0.893362,159.632,200.0,165.8459930419922
892.422,0.407548,5.05351,5.83426,1.20847,46.7674,200.0,143.42401123046875
895.375,0.370052,3.90831,7.08003,1.31468,76.1831,200.0,65.02732849121094
2434.89,0.664563,3.87044,11.2976,0.775887,1061.82,200.0,195.72093200683594
370.463,0.237761,3.36489,4.80675,1.27977,11.8725,200.0,54.18441390991211
4990.42,0.818167,11.93545,13.35974,0.447844,1401.7,200.0,131.34225463867188
1945.95,0.593745,5.2735,6.7457,1.21847,383.648,200.0,77.24755859375
1132.73,0.4372,9.18905,9.3601,1.05246,158.518,200.0,40.87608337402344
2827.3,0.626975,4.97237,7.33074,0.754874,701.333,200.0,264.1944274902344
3025.99,0.667544,8.47307,10.87851,0.708864,681.534,200.0,222.078369140625
665.568,0.410416,4.68001,5.50547,1.11589,31.1542,200.0,132.51194763183594
1857.33,0.675039,4.82691,5.37861,1.02513,82.3895,200.0,331.8651428222656
2315.89,0.593158,4.60168,6.17938,0.930848,487.825,200.0,206.61602783203125
1243.7,0.400143,3.58892,6.35817,0.997104,177.315,200.0,122.53730010986328
465.443,0.330114,3.62152,5.00707,1.76557,55.5404,200.0,112.15715026855469
1820.41,0.428259,3.6603,4.94822,0.831817,143.111,200.0,116.53358459472656
1504.44,0.590537,12.47221,13.01216,0.920381,419.591,200.0,52.575984954833984
3602.88,0.750593,11.26199,12.28947,0.565485,1285.56,200.0,80.24178314208984
825.057,0.305383,5.26352,8.20458,1.24496,202.27,200.0,62.52787780761719
93.0964,0.0812732,3.41064,3.97871,1.52219,2.734,200.0,15.09178638458252
212.236,0.133459,3.64501,3.98037,1.46519,7.21848,200.0,5.262914180755615
453.273,0.321959,3.62566,5.17034,1.67335,25.8834,200.0,93.4798583984375
2366.09,0.685306,6.5684,10.17807,0.859744,1208.83,200.0,167.66001892089844
1553.74,0.479657,4.23055,6.0453,1.07435,303.266,200.0,145.41879272460938
1171.14,0.469622,9.23772,9.53915,1.03407,160.971,200.0,83.83464050292969
2338.57,0.644677,4.7506,8.0246,0.921042,761.483,200.0,178.86740112304688
1180.82,0.400661,5.66266,6.33861,1.21556,449.807,200.0,106.5148696899414
1524.31,0.479248,4.24602,5.18113,1.03973,150.814,200.0,212.6502685546875
3311.66,0.723687,6.34454,8.06886,0.693277,839.545,200.0,143.74081420898438
844.786,0.334053,9.45709,9.64211,1.073,158.318,200.0,29.170969009399414
855.713,0.481562,3.72645,4.88193,1.12704,2.7138,200.0,205.6763458251953
944.884,0.363286,4.66316,5.22062,1.34265,64.0444,200.0,113.2266845703125
2685.89,0.585846,4.63677,6.37099,0.94174,609.861,200.0,121.19139862060547
1266.66,0.466872,10.81669,11.25907,0.982604,253.038,200.0,25.780282974243164
862.331,0.491023,3.62087,7.66713,1.35829,296.946,200.0,113.31367492675781
634.175,0.269179,4.7566,5.76657,1.23128,95.8971,200.0,99.7168197631836
4579.48,0.862896,9.51786,21.05198,0.438041,5611.94,200.0,71.20848846435547
690.86,0.289117,8.586,9.06252,1.14935,108.496,200.0,41.76572799682617
584.948,0.24843,4.37194,4.62357,1.36445,17.9144,200.0,65.68492889404297
4660.15,0.824049,11.65474,13.14478,0.415931,2252.98,200.0,80.63408660888672
5090.81,0.846773,14.12606,17.39021,0.355688,5375.57,200.0,84.0326919555664
2170.59,0.617422,5.83369,6.8873,0.924549,224.168,200.0,294.5849914550781
1013.19,0.366212,3.70829,4.86052,1.10705,24.2917,200.0,98.5176773071289
3082.8,0.718983,10.39974,12.46717,0.61286,524.519,200.0,77.8905029296875
2462.72,0.613644,5.34107,7.48961,0.823756,677.165,200.0,215.3443145751953
368.991,0.184687,4.18169,4.57331,1.20315,15.027,200.0,75.40351867675781
3671.18,0.733699,8.35385,14.48009,0.560854,2622.06,200.0,48.22311782836914
1355.74,0.551362,20.19678,20.49604,0.693698,1057.62,200.0,22.055641174316406
3340.39,0.637974,5.37288,6.95376,0.745862,501.748,200.0,111.95498657226562
2271.29,0.555741,4.57799,6.18885,0.802746,394.547,200.0,240.10061645507812
1058.58,0.43552,4.18604,6.52507,1.14372,97.1691,200.0,158.98316955566406
6918.5,0.968868,27.82199,28.42583,0.0896569,39941.2,200.0,66.9609375
264.371,0.171709,3.77801,4.68786,1.58297,13.0961,200.0,48.502315521240234
267.637,0.156141,3.71244,4.2886,1.39441,14.8005,200.0,51.34916687011719
2153.51,0.547664,4.16602,9.85111,0.881791,604.058,200.0,50.275211334228516
2188.23,0.547564,4.00339,6.05816,0.891128,219.617,200.0,150.2880859375
682.278,0.342912,3.60156,5.70128,1.48449,47.0289,200.0,61.011783599853516
1346.78,0.559935,4.05053,8.49427,1.24166,380.086,200.0,166.10919189453125
199.882,0.222685,3.77498,4.1155,2.27643,6.82499,200.0,53.29296112060547
3459.78,0.74439,6.82523,12.48808,0.644485,1595.15,200.0,71.44107055664062
3524.35,0.691507,11.4957,14.10939,0.530176,1445.9,200.0,77.36241149902344
1264.79,0.433382,8.1508,8.57188,0.99692,138.746,200.0,52.50729751586914
1853.32,0.537532,6.45823,8.39764,0.948012,1225.27,200.0,94.97108459472656
2972.52,0.745661,5.74992,15.3211,0.696514,1603.22,200.0,89.33426666259766
913.124,0.43966,10.87695,11.16838,1.09406,932.376,200.0,53.205787658691406
4200.95,0.791818,9.35802,13.18939,0.474158,1410.95,200.0,99.57610321044922
2586.32,0.611449,5.65476,7.80864,0.779923,582.261,200.0,141.259765625
652.883,0.293552,3.36131,4.52992,1.14581,33.3554,200.0,83.66436767578125
4025.18,0.789436,11.58942,17.98832,0.489575,4929.28,200.0,62.58321762084961
2378.28,0.602336,4.75369,7.32981,0.986226,186.752,200.0,88.77948760986328
1821.82,0.44365,4.34719,4.89123,1.22473,74.6504,200.0,71.52183532714844
686.855,0.312771,5.10256,5.79682,1.35846,75.0749,200.0,85.1448745727539
2744.29,0.545568,5.49556,7.22243,0.807141,646.054,200.0,121.89248657226562
1148.12,0.401816,3.5663,5.74252,1.0541,108.504,200.0,143.42689514160156
4066.04,0.791669,10.02077,13.91871,0.478627,2865.48,200.0,80.98090362548828
3218.73,0.725599,6.83857,11.50018,0.713283,1591.98,200.0,53.985626220703125
1457.53,0.550564,5.90353,6.4004,1.06943,67.8539,200.0,161.2549591064453
3186.46,0.694428,8.44769,9.91958,0.610526,852.063,200.0,96.75446319580078
2504.45,0.636975,6.55864,11.3442,0.716716,1551.11,200.0,64.03516387939453
984.88,0.528181,5.00341,7.44476,1.76141,533.459,200.0,79.22313690185547
1530.0,0.636393,7.15912,8.03091,1.03641,172.721,200.0,304.2092590332031
919.733,0.508274,19.55496,19.86578,0.96965,1095.65,200.0,28.75295066833496
3163.11,0.615007,4.692,6.08998,0.703372,544.332,200.0,232.93817138671875
1380.62,0.59614,20.84767,21.1525,0.75075,1179.55,200.0,12.747440338134766
1381.38,0.631613,10.10457,10.91082,1.14475,372.133,200.0,91.7427749633789
1262.71,0.47549,4.98674,6.56896,1.00897,341.557,200.0,188.17369079589844
225.543,0.11069,5.68178,5.82858,1.4654,87.2918,200.0,18.67097282409668
2576.2,0.769704,9.22774,10.6882,0.807727,4012.31,200.0,43.65865707397461
2767.2,0.632464,4.79045,6.96863,0.778645,571.754,200.0,285.1417236328125
2614.41,0.696898,7.52611,8.03412,0.816586,344.071,200.0,288.5008239746094
1393.45,0.611966,4.92794,5.44222,1.13443,68.3973,200.0,264.8100891113281
2088.79,0.560521,4.75987,7.8356,0.897706,521.316,200.0,149.47860717773438
2460.18,0.597299,4.63015,6.88816,0.861106,357.314,200.0,136.79855346679688
4227.69,0.821949,13.22779,16.08391,0.388264,2772.6,200.0,83.98979187011719
3580.61,0.72708,9.14293,12.14787,0.556265,1165.96,200.0,86.90632629394531
4598.15,0.780546,6.37267,14.45037,0.498416,2776.06,200.0,52.45512771606445
672.114,0.285873,3.67352,5.09475,1.24571,22.0154,200.0,80.50312805175781
3084.33,0.70026,8.22138,12.31343,0.657692,1231.01,200.0,59.066219329833984
5354.28,0.86735,10.88761,15.41586,0.329956,2308.19,200.0,56.42510223388672
1008.31,0.484611,5.0405,6.724,1.20976,66.886,200.0,187.65289306640625
246.168,0.223662,3.68138,4.37722,1.70555,14.2571,200.0,77.37084197998047
1686.62,0.597655,16.73425,16.84081,0.700261,699.492,200.0,31.8024845123291
921.982,0.440019,5.36167,5.97638,1.34827,39.9723,200.0,109.47097778320312
1090.34,0.424872,6.81409,9.53893,1.04809,850.79,200.0,107.34210205078125
1470.37,0.55732,8.91429,11.53447,1.13079,1129.73,200.0,54.82509231567383
2674.95,0.726619,13.51302,13.94589,0.559452,1164.72,200.0,116.81600952148438
3705.15,0.823589,9.09839,16.28095,0.564954,5398.92,200.0,54.97758865356445
813.108,0.39847,4.45499,4.82314,1.33583,36.2922,200.0,153.24673461914062
3613.01,0.79131,9.98201,13.34501,0.597637,2253.85,200.0,55.2985725402832
3820.48,0.856639,13.98024,20.50075,0.450369,6050.66,200.0,55.71942138671875
3902.3,0.66279,5.6204,6.88955,0.653308,523.164,200.0,127.2435531616211
6747.82,0.955528,24.12022,33.12582,0.11889,30777.4,200.0,63.35161209106445
4266.89,0.810809,9.58177,13.5228,0.46623,1525.63,200.0,74.505126953125
865.828,0.306748,3.75108,4.80803,1.1862,31.4427,200.0,104.34049987792969
3206.24,0.70093,5.46381,9.11663,0.723302,980.943,200.0,133.6289520263672
544.443,0.285365,3.68198,4.49279,1.20934,24.9587,200.0,110.61062622070312
1857.27,0.525051,4.55803,5.74176,1.09555,85.6296,300.0,176.0064239501953
652.986,0.275323,3.66087,5.00042,1.29956,45.7894,300.0,111.85497283935547
2620.24,0.676122,8.9453,9.17433,0.773465,527.879,300.0,233.7421417236328
4574.15,0.847695,10.95663,15.44361,0.353837,5227.52,300.0,60.72038650512695
2710.2,0.671814,8.6958,10.22544,0.853031,1679.98,300.0,64.5178451538086
701.256,0.325441,4.1971,6.00996,1.51886,76.6259,300.0,82.04186248779297
848.959,0.384324,3.97812,5.63611,1.15884,36.6339,300.0,132.1304168701172
540.719,0.277301,3.92289,4.75672,1.28498,17.6865,300.0,111.6021499633789
977.214,0.378013,3.65801,5.1825,1.22935,115.155,300.0,128.986572265625
2617.62,0.675155,4.96131,11.44225,0.834226,816.472,300.0,138.77020263671875
3257.69,0.61532,7.65489,8.17116,0.646299,513.761,300.0,227.474609375
685.398,0.305161,5.38984,7.37537,1.44749,186.014,300.0,95.98941040039062
1093.79,0.393129,4.98135,6.03909,1.12289,190.597,300.0,150.3950653076172
2186.73,0.69731,7.09094,7.66812,0.806521,274.466,300.0,372.7466735839844
4349.59,0.823357,10.66541,11.74806,0.477893,1912.08,300.0,108.42723083496094
4413.18,0.819598,9.85243,14.7477,0.430891,3847.38,300.0,70.90569305419922
1498.82,0.503405,3.80388,5.69288,1.07048,227.847,300.0,201.94668579101562
2412.99,0.652106,7.66575,9.52473,0.883366,722.543,300.0,72.83489990234375
851.464,0.427402,3.41077,4.21849,1.17835,15.2765,300.0,215.34068298339844
5640.38,0.908293,15.30371,20.56672,0.244069,5202.25,300.0,88.39073944091797
2575.15,0.788815,15.71163,16.57915,0.552321,1520.92,300.0,189.71568298339844
600.606,0.284591,6.07471,8.00608,1.39773,277.978,300.0,66.54569244384766
2913.27,0.728282,8.40907,13.99162,0.688714,1992.74,300.0,68.6102066040039
4833.14,0.847534,10.86145,13.70238,0.387205,2254.27,300.0,114.44669342041016
1215.32,0.467183,4.52728,6.50462,1.18491,102.456,300.0,129.9391632080078
334.904,0.378054,3.53595,4.14771,2.12466,3.30522,300.0,104.93360137939453
1463.9,0.520932,3.47686,4.51434,1.0718,40.9801,300.0,256.7986755371094
3188.0,0.660068,6.02924,7.49876,0.706253,1522.6,300.0,202.74134826660156
4300.81,0.804292,7.23875,15.12303,0.472231,3406.9,300.0,83.9292221069336
1806.18,0.610497,7.4054,7.89653,0.979921,140.19,300.0,260.8852233886719
3149.45,0.733167,9.36758,11.85452,0.677218,1762.23,300.0,151.52999877929688
4511.88,0.798861,10.71346,12.53285,0.453285,1520.8,300.0,128.72048950195312
4426.49,0.784199,9.72682,12.7021,0.500712,1513.52,300.0,185.31353759765625
4899.46,0.809707,7.99074,13.74636,0.480627,3316.59,300.0,93.26235961914062
476.128,0.286443,4.67076,6.73583,1.63813,117.55,300.0,80.94782257080078
2218.98,0.62709,6.06403,9.86403,0.8997,1066.87,300.0,175.1466064453125
3202.52,0.757704,4.979,10.36306,0.762533,1390.1,300.0,170.96437072753906
2581.17,0.551253,4.06762,6.17201,0.784114,166.232,300.0,274.3280029296875
238.068,0.116917,4.6332,5.05891,1.66327,23.3504,300.0,21.854970932006836
5025.9,0.814343,8.80574,10.73588,0.459631,2510.24,300.0,158.41896057128906
2940.29,0.806034,14.78552,15.33627,0.52209,1105.99,300.0,275.484130859375
306.383,0.195831,4.30501,5.01885,1.73018,16.4907,300.0,60.461448669433594
1034.2,0.316298,5.65556,6.21677,1.15778,74.4458,300.0,74.0914535522461
1318.57,0.583307,6.06238,6.35789,1.23365,399.495,300.0,202.43307495117188
2874.66,0.674687,6.58668,9.0172,0.826254,916.224,300.0,79.38097381591797
3932.47,0.833807,9.31451,16.27189,0.533523,5580.53,300.0,85.85291290283203
1044.83,0.46513,4.59995,6.25349,1.125,50.789,300.0,197.2366180419922
2708.54,0.694046,6.05923,7.48124,0.825345,227.207,300.0,224.4610137939453
1583.33,0.64557,4.91029,11.47777,1.23835,1834.89,300.0,97.80551147460938
63.8371,0.122349,3.36981,3.90776,2.31811,1.01788,300.0,36.8328971862793
297.513,0.142701,3.92564,4.74933,1.26783,16.9148,300.0,52.98064041137695
1709.56,0.523071,8.75038,9.21339,0.876353,393.808,300.0,117.85945129394531
3222.15,0.70992,7.74824,10.73218,0.684183,917.937,300.0,159.25709533691406
1333.5,0.546107,20.89205,21.02808,0.679686,1067.63,300.0,33.57280731201172
2807.49,0.781561,13.52157,14.17669,0.573917,797.667,300.0,265.7086181640625
3525.69,0.798741,6.64494,14.47586,0.654772,4184.4,300.0,268.08294677734375
591.096,0.400614,4.45214,5.45492,2.01446,65.5756,300.0,82.65653991699219
908.283,0.32522,8.47763,8.99398,1.08075,121.598,300.0,42.27490234375
136.751,0.313866,3.30341,4.21992,1.51445,3.82509,300.0,137.51339721679688
4736.44,0.839781,14.32636,16.90998,0.390636,5177.76,300.0,126.5958480834961
3716.83,0.810911,8.79085,16.06302,0.564769,5245.91,300.0,86.6400146484375
3996.2,0.748785,6.39267,8.68652,0.597157,761.901,300.0,248.54441833496094
561.144,0.272078,3.92759,5.14759,1.35109,45.539,300.0,95.73219299316406
2013.71,0.66281,7.63232,8.70056,0.990631,403.077,300.0,180.6588134765625
2656.02,0.579749,4.17042,9.96872,0.793951,1931.32,300.0,148.61026000976562
3165.04,0.717168,6.86577,9.27318,0.744069,1310.1,300.0,199.7818603515625
2170.45,0.606515,7.77193,8.51295,0.845119,1166.02,300.0,228.41017150878906
1695.53,0.574183,3.75556,4.83883,1.13678,190.483,300.0,281.756591796875
660.172,0.314342,5.03188,6.12838,1.06388,74.5527,300.0,81.0936050415039
2086.78,0.685271,8.77204,8.99695,1.00173,801.722,300.0,171.16653442382812
5745.15,0.886976,12.40421,17.21859,0.27118,4498.67,300.0,108.5313720703125
1831.56,0.622437,4.48032,5.65189,1.00755,89.8752,300.0,325.92559814453125
3180.87,0.676767,5.97229,9.22958,0.710585,1312.09,300.0,204.4700469970703
1290.14,0.440099,4.15914,6.59171,1.05705,97.1974,300.0,173.10374450683594
4996.37,0.755156,9.07037,10.84434,0.442279,2599.76,300.0,85.73014068603516
856.803,0.34551,3.60645,4.29186,1.15356,86.1542,300.0,142.0453338623047
872.793,0.401377,3.91078,4.70562,1.21473,33.4501,300.0,169.0355987548828
2096.01,0.568854,7.19309,7.73374,0.805778,334.354,300.0,171.0152587890625
3100.77,0.702086,8.05973,11.19486,0.64985,2327.86,300.0,113.67159271240234
3433.15,0.662538,7.81311,8.7931,0.646236,431.959,300.0,104.45707702636719
3027.36,0.792538,13.68532,13.90311,0.520271,953.813,300.0,257.79180908203125
299.814,0.13293,3.97588,6.02115,1.45626,26.4696,300.0,24.74980926513672
2997.33,0.64526,5.90265,7.7696,0.704814,883.2,300.0,309.9711608886719
1153.93,0.495585,4.09745,8.5636,1.27169,195.277,300.0,134.1899871826172
1342.48,0.702478,10.90331,11.59526,1.14284,408.94,300.0,223.208251953125
4356.69,0.771023,7.87692,9.39327,0.522789,888.318,300.0,124.09760284423828
1212.77,0.490217,7.75608,8.40604,1.10121,226.405,300.0,143.9776153564453
1189.29,0.475047,5.51095,6.80196,1.10257,15.4683,300.0,185.60670471191406
669.768,0.320096,4.14496,5.8685,1.56611,72.5138,300.0,75.3566665649414
2733.2,0.531798,6.02374,8.62664,0.740346,541.79,300.0,122.56157684326172
5323.34,0.821048,7.34149,10.78885,0.453672,941.131,300.0,87.8449478149414
3429.69,0.763885,10.84662,11.26271,0.556079,1426.26,300.0,291.32403564453125
1285.73,0.524641,5.90037,8.62459,1.33184,1330.91,300.0,89.88972473144531
80.4356,0.112078,3.68096,4.25695,2.60945,5.12391,300.0,17.187456130981445
2697.45,0.664159,5.9591,9.04346,0.799337,1155.44,300.0,213.71865844726562
919.371,0.420526,9.32475,9.63019,1.23692,149.424,300.0,58.48968505859375
1098.64,0.517991,11.18481,11.70097,1.15203,351.793,300.0,43.7327880859375
784.145,0.31623,3.96008,5.05871,1.25362,54.3458,300.0,129.51905822753906
4876.06,0.848506,9.31756,16.50609,0.374085,4890.88,300.0,81.05094146728516
3692.94,0.810193,8.66473,16.23013,0.57004,5259.06,300.0,90.66221618652344
2134.63,0.640783,5.25321,11.32266,0.942335,731.305,300.0,141.87867736816406
3803.78,0.631632,5.96077,7.47779,0.662919,322.437,300.0,159.4791259765625
6605.91,0.946439,20.67138,28.64843,0.14945,24913.9,300.0,97.63211059570312
1046.67,0.406222,6.38843,7.02858,1.14278,67.4786,300.0,129.94601440429688
2157.99,0.683248,6.95216,10.40435,0.979645,1743.57,300.0,105.90552520751953
1375.45,0.587495,5.91073,10.92454,1.3358,1262.54,300.0,40.814544677734375
1326.86,0.499122,7.83894,8.1632,1.02604,95.2007,300.0,202.25621032714844
2796.86,0.806859,22.78449,23.01322,0.439122,2739.44,300.0,162.34031677246094
3367.04,0.644499,4.91155,7.16058,0.704851,601.097,300.0,348.1713562011719
3693.29,0.711507,6.26543,7.23114,0.640645,783.693,300.0,204.4923553466797
6042.94,0.949271,21.0024,21.82918,0.157098,18524.4,300.0,77.23787689208984
778.591,0.278112,5.16662,5.56431,1.32513,53.5834,300.0,51.34574508666992
2029.33,0.678733,8.16776,9.07182,0.849356,287.022,300.0,336.7362060546875
3700.4,0.76234,7.52453,10.89927,0.626825,776.538,300.0,62.348304748535156
1731.06,0.519319,4.71538,5.64828,1.0906,169.876,300.0,161.8839569091797
839.13,0.358203,9.11324,9.23768,1.1367,385.791,300.0,72.84286499023438
340.977,0.20748,3.37842,4.85822,1.67044,30.9265,300.0,63.35615158081055
1876.4,0.657487,5.99732,8.26616,0.959358,649.626,300.0,273.4063415527344
3257.46,0.750547,8.73896,9.90281,0.681786,803.002,300.0,154.1071319580078
5446.21,0.847784,11.14366,15.70041,0.358762,5503.51,300.0,95.76681518554688
3044.65,0.79092,13.6853,14.1728,0.546209,773.54,300.0,270.40179443359375
1818.9,0.558375,7.16806,8.05566,0.845604,215.281,300.0,233.4816131591797
3416.62,0.778083,7.37802,15.25734,0.613785,4186.08,300.0,96.2643814086914
1546.2,0.503353,4.89698,6.49082,1.00868,316.393,300.0,181.92962646484375
3505.71,0.770594,8.22259,8.70645,0.620776,723.921,300.0,386.3417663574219
4544.0,0.822375,9.45183,13.39023,0.442615,1535.56,300.0,132.7466583251953
802.457,0.443287,4.03107,4.77748,1.21003,36.5468,300.0,176.43528747558594
1754.53,0.53642,6.23807,6.84307,0.886129,155.582,300.0,243.45606994628906
2753.67,0.622479,5.55059,7.46649,0.749762,860.19,300.0,280.0
988.042,0.416805,5.61537,6.63401,1.12736,86.7839,300.0,171.7558135986328
2255.51,0.694537,21.4656,21.74997,0.530916,1348.48,300.0,80.08119201660156
4018.35,0.777862,8.97764,9.63349,0.613619,1037.18,300.0,277.21087646484375
4908.76,0.843639,10.14821,14.09329,0.413516,5419.3,300.0,73.00879669189453
1812.89,0.563774,3.83233,4.8512,1.05849,100.565,300.0,263.3823547363281
1667.46,0.548548,3.30121,7.00402,0.971706,270.434,300.0,216.70497131347656
4629.22,0.759417,6.37198,9.18694,0.526618,1352.32,300.0,92.5671157836914
746.581,0.325808,5.49604,6.74964,1.53622,83.6114,300.0,55.007511138916016
987.394,0.397472,4.624,5.09131,1.10478,29.2856,300.0,170.396240234375
1799.2,0.609993,4.54766,5.79095,1.0605,165.224,300.0,273.9984130859375
6180.82,0.955549,23.17726,24.38123,0.132951,26104.2,300.0,94.78191375732422
690.824,0.297449,4.2679,5.89669,1.44665,49.739,300.0,75.51142120361328
2178.77,0.631844,3.63474,9.40377,0.88427,769.0,300.0,193.60398864746094
1754.82,0.573381,13.09386,13.399,0.746514,455.461,300.0,61.81316375732422
2162.42,0.70924,10.54736,10.78017,0.780412,463.29,300.0,203.64794921875
4155.96,0.770009,11.54158,13.20906,0.482466,1563.84,300.0,101.48953247070312
3216.79,0.730078,8.31601,11.87529,0.642528,1809.49,300.0,127.16699981689453
4163.75,0.831679,12.32288,15.29968,0.417823,2928.75,300.0,109.7038803100586
2198.98,0.646928,9.52045,10.40131,0.784753,362.492,300.0,145.42005920410156
947.97,0.39468,5.77227,6.55208,1.18131,118.577,300.0,138.0247344970703
1134.97,0.439009,9.28704,9.39031,1.05389,156.776,300.0,63.786556243896484
4473.93,0.815637,10.29331,12.23812,0.479154,1936.18,300.0,125.7550048828125
978.0,0.465505,5.97836,6.52371,1.34923,26.9183,300.0,168.4134063720703
964.47,0.406679,4.19094,5.18862,1.18394,84.0982,300.0,145.06317138671875
1794.84,0.573949,5.28085,7.75446,0.961146,152.73,300.0,287.48992919921875
870.094,0.329481,5.02373,5.8025,1.28719,122.767,300.0,99.39071655273438
542.628,0.401869,3.38645,6.34828,1.34118,81.4896,300.0,112.3138427734375
4748.73,0.761966,6.3938,9.45774,0.551356,621.125,300.0,112.0202865600586
5289.33,0.896555,15.28779,20.27847,0.268136,4797.94,300.0,84.80992889404297
764.127,0.381161,4.31093,5.74058,1.46424,117.179,300.0,118.40721130371094
191.43,0.13274,3.77962,4.09655,1.34637,6.10495,300.0,61.10663986206055
2699.74,0.591051,5.13886,7.17127,0.788871,671.834,300.0,267.40594482421875
4326.42,0.776471,9.58021,10.72202,0.522724,1730.26,300.0,90.82598876953125
800.267,0.40507,3.85059,5.48546,1.35113,70.2273,300.0,123.84798431396484
703.602,0.319755,8.02269,8.69073,1.38062,112.249,300.0,36.36763381958008
1100.1,0.529673,3.80639,4.35313,1.3636,84.1229,300.0,211.6409454345703
3878.36,0.750286,6.67915,9.57354,0.630024,886.969,300.0,118.73782348632812
2846.26,0.755909,7.1175,15.32583,0.725702,1747.05,300.0,76.93819427490234
1275.46,0.549846,20.52522,20.8319,0.742342,1030.44,300.0,23.336000442504883
2081.4,0.518303,6.45716,7.31421,0.822612,220.95,300.0,143.40757751464844
1834.28,0.698243,23.59524,23.70263,0.591176,1421.16,300.0,55.67220687866211
986.029,0.389861,3.71416,5.35639,1.16657,80.6555,300.0,141.64149475097656
1746.96,0.637004,5.13176,9.15456,0.906534,680.256,300.0,172.97216796875
587.56,0.283567,5.04805,6.0349,1.53389,73.8394,300.0,57.933319091796875
2216.09,0.660894,5.61168,10.59495,0.956387,1171.72,300.0,101.0116958618164
2296.04,0.547604,5.01564,7.36779,0.897808,150.821,300.0,165.64694213867188
5726.44,0.921013,14.31754,17.52985,0.240171,9548.02,300.0,63.30055236816406
1542.72,0.455139,4.08781,7.17059,1.02663,114.4,300.0,105.304931640625
1427.23,0.5908,22.02729,22.12516,0.697686,1179.35,300.0,25.924758911132812
1294.19,0.693792,10.74567,11.43321,1.20236,390.519,300.0,207.97100830078125
2069.79,0.691127,12.00386,12.89256,0.813885,1165.18,300.0,97.10319519042969
429.836,0.209559,4.81002,4.97387,1.49918,30.2905,300.0,50.46383285522461
929.043,0.355495,5.05709,6.45466,1.14289,203.386,300.0,129.71298217773438
3088.14,0.637664,5.79343,9.0242,0.708345,565.732,300.0,135.05006408691406
1714.07,0.549503,8.98199,9.40314,0.879963,305.148,300.0,157.03933715820312
1126.53,0.503235,3.80126,7.66149,1.30071,191.262,300.0,130.22019958496094
777.86,0.372061,4.12586,5.50595,1.31783,38.2762,300.0,146.54449462890625
2651.21,0.643702,5.63533,6.74676,0.846,299.794,300.0,220.4630584716797
224.273,0.228803,3.91818,4.28255,2.23134,10.0132,300.0,55.47240447998047
902.435,0.342127,4.40498,5.51823,1.32049,92.4574,300.0,132.1710662841797
315.389,0.179639,3.67354,5.02501,1.3437,18.5738,300.0,73.5093765258789
1013.19,0.366212,3.70829,4.86052,1.10705,24.2917,300.0,123.04702758789062
1290.95,0.415811,5.69952,6.62436,0.947368,145.221,300.0,152.68858337402344
2379.69,0.588389,4.77322,5.78948,0.937798,349.493,300.0,227.11654663085938
2277.6,0.677842,8.94942,9.57371,0.75474,475.513,300.0,176.70936584472656
639.032,0.323875,3.89265,4.99384,1.2834,57.8959,300.0,124.72145080566406
1575.2,0.595818,14.70735,15.03083,0.803945,676.51,300.0,49.128841400146484
1186.72,0.426537,3.78166,4.20974,1.14303,90.97,300.0,175.1726531982422
3324.7,0.689291,6.76725,12.02851,0.670023,1352.81,300.0,61.56816101074219
639.911,0.294683,3.57113,4.78112,1.23836,36.8294,300.0,153.3268585205078
929.514,0.527293,14.1021,14.69992,1.23637,940.177,300.0,35.86611557006836
999.226,0.379348,4.33385,4.80504,1.07428,44.2087,300.0,172.20257568359375
406.568,0.244129,3.79106,4.7684,1.69062,41.6605,300.0,63.84218215942383
3107.85,0.756115,5.66317,12.49972,0.747342,1480.44,300.0,122.50819396972656
3258.42,0.710336,7.2999,8.33631,0.675191,1240.37,300.0,162.60543823242188
1843.27,0.5669,4.55466,6.31442,0.990223,314.927,300.0,280.5296325683594
487.769,0.272545,5.73595,7.07414,1.79447,78.9027,300.0,47.6986198425293
959.271,0.442334,3.93319,7.75931,1.32013,130.593,300.0,137.93191528320312
1264.5,0.497185,5.90471,7.02497,1.37904,242.115,300.0,119.34375
1482.03,0.522326,3.76975,5.56326,1.05495,146.377,300.0,230.77490234375
4618.38,0.8346,8.76404,13.8077,0.4383,4466.45,300.0,101.55307006835938
1243.19,0.503952,11.2444,12.31539,0.846979,1299.43,300.0,147.71273803710938
4310.71,0.788878,7.76158,14.45764,0.505155,2937.27,300.0,70.35009002685547
4677.7,0.815127,10.56006,13.33996,0.419249,3589.05,300.0,63.15889358520508
686.098,0.296159,3.77491,4.86489,1.30337,26.4021,300.0,90.77311706542969
5512.76,0.847416,9.92934,12.45532,0.362386,5917.5,300.0,81.38771057128906
2701.34,0.769652,30.58143,30.91872,0.374851,3672.3,300.0,52.31002426147461
2649.0,0.634154,5.40955,7.35424,0.791495,833.019,300.0,267.03265380859375
1772.95,0.577276,5.81209,7.9142,1.03556,744.581,300.0,172.5194854736328
463.162,0.338544,3.40842,4.35002,1.20531,10.8074,300.0,135.95343017578125
4110.5,0.767625,9.78849,12.11764,0.545295,3552.96,300.0,159.46392822265625
547.333,0.334298,3.41051,4.68006,1.17411,19.3573,300.0,161.19131469726562
2860.08,0.646202,6.1619,11.25961,0.724825,2134.14,300.0,115.90061950683594
3062.6,0.846196,14.89873,20.58026,0.528244,6108.91,300.0,70.2843246459961
827.743,0.41025,7.66553,8.75996,1.14116,631.19,300.0,113.1094741821289
1752.61,0.63509,16.18763,16.56606,0.76886,766.721,300.0,75.5918960571289
3865.2,0.757494,9.08318,11.58331,0.57513,933.461,300.0,104.67253875732422
509.694,0.343585,3.81206,4.42579,2.08676,23.8784,300.0,99.58895111083984
2076.88,0.589895,8.29007,9.2936,0.84782,1052.94,300.0,131.9071502685547
1154.39,0.451039,6.25301,7.44264,1.09134,111.581,300.0,174.40464782714844
268.489,0.174304,4.05297,4.96949,1.40516,28.1521,300.0,65.78318786621094
3221.97,0.761021,9.92139,11.19188,0.656322,3219.51,300.0,49.29648208618164
4624.05,0.851251,10.19741,13.81285,0.399379,2737.15,300.0,148.00607299804688
658.283,0.297272,3.49648,4.49543,1.20676,20.013,300.0,49.063568115234375
4246.16,0.678455,6.3632,8.13893,0.621896,445.982,300.0,119.76838684082031
3309.43,0.790766,7.9071,15.68343,0.642046,4893.24,300.0,96.18724822998047
1970.98,0.672728,6.695,8.63738,1.03165,1312.16,300.0,149.8949432373047
827.4,0.451898,3.46764,7.06623,1.43717,125.88,300.0,131.72010803222656
984.88,0.528181,5.00341,7.44476,1.76141,533.459,300.0,98.92334747314453
1648.97,0.507648,7.31402,8.04373,1.03215,480.464,300.0,129.13238525390625
332.018,0.426281,3.63671,4.06011,1.77026,6.60665,300.0,168.23841857910156
4082.94,0.823893,9.11021,16.42624,0.455819,2759.9,300.0,66.09117126464844
225.543,0.11069,5.68178,5.82858,1.4654,87.2918,300.0,21.48602867126465
2243.64,0.737607,7.79447,8.16346,0.80406,315.463,300.0,417.44183349609375
389.53,0.425429,3.31912,4.60777,1.22342,9.9534,300.0,203.64138793945312
2935.29,0.686618,6.75036,10.24234,0.676462,2133.64,300.0,198.76089477539062
1075.65,0.446779,4.8041,5.95534,1.19245,67.5979,300.0,187.8343505859375
4227.69,0.821949,13.22779,16.08391,0.388264,2772.6,300.0,116.6116943359375
615.689,0.312439,4.89353,5.21123,1.48182,44.7081,300.0,84.98416900634766
2956.66,0.728707,7.71641,11.28915,0.743573,1406.48,300.0,134.5222930908203
3585.26,0.832343,11.99712,14.81667,0.50134,2804.5,300.0,84.90898895263672
1686.62,0.597655,16.73425,16.84081,0.700261,699.492,300.0,46.102569580078125
3124.0,0.734707,12.42839,12.70747,0.588674,724.779,300.0,262.6095275878906
1393.78,0.48771,3.87196,6.11636,1.1964,133.666,300.0,153.1675567626953
1215.65,0.425413,4.84864,7.06527,1.10484,274.171,300.0,150.6935577392578
2798.01,0.745308,7.69906,12.8739,0.727903,2052.44,300.0,72.22240447998047
2101.5,0.628915,4.63776,6.16462,0.899204,130.045,300.0,315.0489196777344
4993.2,0.793353,8.96518,10.73578,0.478186,2644.0,300.0,77.68795776367188
3276.43,0.765398,5.14858,9.98441,0.745628,1478.44,400.0,219.0559539794922
4964.09,0.867727,11.48138,18.87171,0.353115,6692.83,400.0,122.86958312988281
5908.23,0.82718,9.04749,13.79209,0.373492,1941.31,400.0,129.44654846191406
116.565,0.115039,3.53045,3.93033,1.5557,1.57814,400.0,48.58225631713867
977.214,0.378013,3.65801,5.1825,1.22935,115.155,400.0,146.71609497070312
2539.11,0.642452,5.47848,11.28324,0.802661,1075.87,400.0,174.32363891601562
2711.83,0.594338,5.05823,7.3019,0.815171,210.175,400.0,151.34707641601562
1293.96,0.481308,3.7662,5.77442,1.22248,117.266,400.0,189.68795776367188
3203.31,0.849119,15.26868,20.59592,0.489763,6172.06,400.0,114.23693084716797
4341.28,0.85847,15.33451,20.6228,0.367077,6383.74,400.0,116.00172424316406
2832.49,0.654483,5.69206,7.40254,0.855852,550.384,400.0,188.02503967285156
748.231,0.331024,5.98548,6.99877,1.47601,95.457,400.0,59.2996940612793
3503.17,0.760407,7.41763,9.94522,0.635874,785.835,400.0,267.7889404296875
2116.13,0.544564,5.9516,7.04354,0.885089,261.256,400.0,259.9609069824219
302.574,0.202239,3.33009,4.165,1.42755,6.83391,400.0,56.13895797729492
800.701,0.429581,11.18757,11.69319,1.42813,278.498,400.0,30.425352096557617
1202.72,0.51161,6.81647,7.68128,1.16031,152.02,400.0,215.19725036621094
1131.23,0.476688,4.03202,5.37225,1.04529,96.9108,400.0,259.5730895996094
360.385,0.33228,3.82264,4.36499,1.55002,4.00159,400.0,134.8946075439453
318.884,0.154542,4.65296,5.05171,1.33723,30.8034,400.0,38.12272262573242
3544.57,0.736308,6.61396,11.28335,0.631896,1105.93,400.0,253.74005126953125
558.885,0.293386,8.51354,9.20336,1.41766,134.652,400.0,95.84817504882812
824.599,0.375788,8.34216,8.4461,1.22258,162.507,400.0,132.2233428955078
1931.08,0.455347,5.66951,7.44221,0.945236,384.973,400.0,144.16534423828125
1988.38,0.523078,4.65968,7.45444,0.91425,145.781,400.0,192.23117065429688
543.081,0.304241,3.96928,4.49299,1.48392,8.57872,400.0,121.22547149658203
2485.17,0.697177,10.45063,11.83043,0.700428,491.635,400.0,165.54913330078125
1746.58,0.570942,8.01484,8.84149,0.904155,786.228,400.0,187.3966522216797
1602.44,0.51816,5.70895,6.81624,1.06597,275.007,400.0,217.15646362304688
1654.59,0.613656,18.20255,18.56301,0.703497,814.227,400.0,48.315757751464844
2859.91,0.710314,6.14407,10.77634,0.731196,1699.97,400.0,281.7694091796875
3444.46,0.755607,9.27253,13.79061,0.547251,2175.7,400.0,96.34400939941406
1785.77,0.57532,15.82404,16.21114,0.739565,657.136,400.0,102.68551635742188
1044.47,0.413069,5.14102,6.13678,1.16232,70.1231,400.0,142.40582275390625
1581.9,0.563623,13.45059,13.81949,0.763572,669.42,400.0,74.30046844482422
607.357,0.206852,4.75938,6.81721,1.14535,99.0867,400.0,49.95613098144531
5678.0,0.886449,12.10366,15.24621,0.27971,4195.74,400.0,138.9980926513672
1438.9,0.467802,3.99605,5.74891,1.0787,283.354,400.0,194.32008361816406
811.39,0.326791,4.02577,5.9605,1.20963,50.3607,400.0,106.53279876708984
372.955,0.255745,5.01006,6.89596,1.85081,97.1734,400.0,54.41372299194336
4452.33,0.762696,7.5245,9.1585,0.594102,386.057,400.0,291.23504638671875
204.589,0.130152,4.05034,4.40325,1.94406,9.90867,400.0,35.80656051635742
2085.6,0.535209,4.5615,6.01553,0.954831,223.357,400.0,242.98129272460938
2906.08,0.62882,4.76206,6.79852,0.786283,431.131,400.0,419.436767578125
1293.33,0.467376,3.64836,11.03882,1.11241,400.881,400.0,107.9869155883789
2992.8,0.672982,8.19623,10.49034,0.624895,1226.81,400.0,145.1521453857422
2998.17,0.657258,6.8562,9.68525,0.7373,1201.05,400.0,133.7345428466797
1726.29,0.688974,7.86687,10.43089,1.164,894.017,400.0,155.01858520507812
3190.31,0.743406,10.2152,11.4034,0.645447,938.273,400.0,105.43890380859375
1527.35,0.685589,6.90109,7.02891,1.04198,192.584,400.0,411.05255126953125
937.596,0.47194,5.12562,5.98106,1.28989,55.571,400.0,197.874267578125
2013.71,0.66281,7.63232,8.70056,0.990631,403.077,400.0,225.0226287841797
3110.65,0.767732,7.8155,12.90564,0.717451,1497.87,400.0,127.92864990234375
2781.82,0.611937,5.90821,7.0299,0.792954,338.218,400.0,208.52098083496094
444.527,0.238712,4.04551,4.6547,1.37845,15.4412,400.0,99.4758071899414
1172.1,0.504433,5.51627,6.06516,1.25548,234.267,400.0,191.53834533691406
4135.69,0.85707,9.62308,16.33447,0.442453,3137.33,400.0,125.63865661621094
1549.34,0.522098,10.40235,10.52048,0.86429,193.33,400.0,173.95782470703125
105.093,0.101582,3.43979,4.25823,1.87721,3.65254,400.0,29.402700424194336
4588.52,0.766496,9.24353,13.40682,0.427944,2294.76,400.0,145.5041961669922
2361.43,0.598562,7.01676,8.85741,0.791394,1717.62,400.0,236.49012756347656
1402.69,0.487502,5.56693,7.12878,0.992557,164.434,400.0,206.82406616210938
2349.52,0.727891,8.70234,9.68422,0.898844,1486.06,400.0,212.29295349121094
695.022,0.385068,3.45001,4.29034,1.42314,17.239,400.0,165.46937561035156
3100.77,0.702086,8.05973,11.19486,0.64985,2327.86,400.0,157.49656677246094
327.683,0.205376,4.35491,4.96478,1.49095,22.3882,400.0,69.56118774414062
642.971,0.305823,4.43132,4.94811,1.23956,72.1691,400.0,142.54391479492188
2269.58,0.624589,6.78363,8.35606,0.818216,729.042,400.0,262.6733093261719
967.477,0.512258,4.30007,7.80705,1.10005,429.252,400.0,216.38946533203125
444.971,0.277966,8.17089,8.80222,1.74629,102.448,400.0,50.636260986328125
1342.48,0.702478,10.90331,11.59526,1.14284,408.94,400.0,270.4384460449219
326.558,0.205091,3.82375,4.28948,1.3446,5.06405,400.0,89.15290069580078
770.396,0.346027,7.65756,8.0902,1.28546,100.539,400.0,95.60796356201172
2352.07,0.60295,6.81691,8.71267,0.962006,712.38,400.0,111.30193328857422
1031.37,0.416008,4.79665,6.87977,1.10661,247.924,400.0,180.44107055664062
3928.57,0.8103,8.72703,15.31109,0.535365,4546.67,400.0,80.0375747680664
2145.26,0.612791,5.11384,7.22366,1.01398,173.157,400.0,222.7389678955078
4818.35,0.836982,12.187,13.84359,0.36694,2774.13,400.0,192.97085571289062
790.933,0.361813,3.86195,5.21869,1.44228,37.9113,400.0,117.65782928466797
2453.66,0.626449,8.88056,9.73501,0.698602,775.766,400.0,206.25604248046875
1983.96,0.560424,5.52275,7.06224,0.994382,216.407,400.0,144.64659118652344
1098.64,0.517991,11.18481,11.70097,1.15203,351.793,400.0,60.11393737792969
784.145,0.31623,3.96008,5.05871,1.25362,54.3458,400.0,134.5712127685547
2588.39,0.62356,6.26097,7.63691,0.785669,318.91,400.0,265.45458984375
505.091,0.304752,4.22901,4.69081,1.43506,21.2496,400.0,113.6302490234375
3720.15,0.658481,4.82631,6.52251,0.755668,1192.13,400.0,248.27931213378906
3590.37,0.762665,9.4408,10.56366,0.609002,1735.63,400.0,242.18038940429688
953.137,0.527894,6.91289,7.10727,1.65749,187.264,400.0,109.36170959472656
3011.48,0.709141,7.8063,10.73274,0.688428,674.682,400.0,240.7737579345703
3321.12,0.887483,10.69449,18.32459,0.446948,10301.3,400.0,69.76974487304688
301.441,0.203099,3.58711,4.29301,1.88972,7.06831,400.0,43.08115005493164
2741.03,0.578692,4.75267,6.20371,0.799519,324.948,400.0,227.62542724609375
1886.9,0.581185,4.57913,12.1124,1.01995,1061.07,400.0,134.1981658935547
227.747,0.166913,4.23212,6.63361,1.1832,53.111,400.0,28.3110408782959
812.108,0.344297,8.30279,9.04625,1.15418,245.138,400.0,106.82171630859375
2683.67,0.744272,11.74745,12.13753,0.614275,729.588,400.0,288.37908935546875
122.434,0.148454,3.3014,4.01815,1.41328,3.68387,400.0,57.048892974853516
1735.15,0.612119,5.30671,6.20712,1.01471,137.187,400.0,286.8307189941406
5624.83,0.854391,9.88104,12.79287,0.36482,2925.23,400.0,131.088134765625
2948.99,0.661241,7.02826,7.82376,0.729502,539.176,400.0,345.0621337890625
3021.89,0.688057,6.28844,7.48003,0.742022,360.36,400.0,329.229248046875
2669.95,0.546063,4.67872,6.36734,0.81999,469.654,400.0,199.7445831298828
2579.63,0.794469,10.14254,13.77693,0.81653,2088.01,400.0,76.01486206054688
995.963,0.514462,4.38579,7.99729,1.08918,447.672,400.0,218.8028106689453
872.562,0.438713,3.41317,4.61057,1.15174,33.5282,400.0,197.59521484375
326.214,0.199512,3.44232,4.0512,1.57913,7.60137,400.0,61.046321868896484
1611.08,0.587042,7.29356,7.70127,0.975101,173.671,400.0,270.2479248046875
2975.37,0.671103,7.87394,8.76514,0.704137,1017.97,400.0,255.0361785888672
5292.17,0.927957,16.48715,18.54573,0.224586,12845.0,400.0,104.43216705322266
881.454,0.495342,20.12041,20.2678,0.994005,1097.44,400.0,30.795093536376953
3586.78,0.745323,7.1213,13.01516,0.630267,1835.96,400.0,102.53113555908203
516.427,0.289196,3.43205,4.73249,1.31423,12.6822,400.0,137.91192626953125
312.51,0.231045,3.83025,5.06977,1.70786,18.8696,400.0,60.888710021972656
3794.86,0.747177,8.11702,10.97677,0.603052,1069.97,400.0,285.0595397949219
169.414,0.176735,4.25505,7.01177,2.60257,93.2225,400.0,30.070690155029297
1444.3,0.632977,6.11358,9.06534,1.21285,595.147,400.0,167.0990447998047
1246.48,0.593841,5.03248,5.50286,1.17089,52.1467,400.0,287.00897216796875
4579.08,0.822078,8.57567,12.7548,0.472911,3205.19,400.0,87.78246307373047
264.059,0.167374,3.54545,4.28058,1.23106,11.3827,400.0,21.8536376953125
1293.82,0.467207,9.45025,9.64614,1.00358,229.175,400.0,79.1866226196289
3245.86,0.695816,7.72655,9.8039,0.657606,488.667,400.0,151.0289764404297
1082.95,0.406976,8.78103,9.45998,1.07345,163.642,400.0,75.10594940185547
886.611,0.380638,4.19865,5.27667,1.22502,69.2316,400.0,145.70924377441406
2841.31,0.712582,9.47724,10.30799,0.682216,947.894,400.0,262.96527099609375
125.163,0.101412,3.92507,4.03295,1.92044,2.7782,400.0,31.712961196899414
479.218,0.304566,4.50042,5.16279,1.74986,28.2033,400.0,96.51860046386719
2348.47,0.643835,5.4481,6.32977,0.851229,155.528,400.0,328.2809753417969
555.215,0.29502,4.01185,4.73664,1.44009,38.1154,400.0,112.45023345947266
265.304,0.201778,4.20519,5.22619,2.04433,38.8721,400.0,46.75375747680664
4556.71,0.839438,12.23118,14.63101,0.384531,4782.78,400.0,133.98544311523438
4293.59,0.772689,7.67843,14.42283,0.49209,2550.39,400.0,133.7056884765625
2543.46,0.62184,4.60993,10.18663,0.7778,979.928,400.0,182.71304321289062
387.593,0.347493,3.53695,5.29429,1.64186,48.7932,400.0,116.21150970458984
385.723,0.216816,4.12953,4.67537,1.57541,24.1337,400.0,77.43428802490234
900.004,0.37793,6.25436,8.75697,1.25053,410.986,400.0,103.8284912109375
1386.36,0.550178,5.56259,6.39131,1.08914,76.2972,400.0,280.9419250488281
827.992,0.401719,4.94747,5.93347,1.75413,217.135,400.0,94.25797271728516
3177.7,0.744069,8.65857,9.81093,0.665015,1662.32,400.0,293.03021240234375
5214.39,0.930601,18.24101,20.55785,0.211574,14600.4,400.0,89.7066879272461
4078.24,0.806832,8.49393,15.29946,0.492916,2463.87,400.0,93.69448852539062
1899.04,0.520764,5.01317,7.04707,0.913588,192.785,400.0,255.42294311523438
978.0,0.465505,5.97836,6.52371,1.34923,26.9183,400.0,180.2821807861328
1512.24,0.521988,3.84762,7.86001,1.15925,326.968,400.0,204.1627960205078
2810.19,0.669153,6.09315,8.6173,0.786569,673.643,400.0,239.16818237304688
743.132,0.326338,3.83095,5.32933,1.21104,31.1671,400.0,141.0084991455078
4407.6,0.85799,13.01007,20.1178,0.420298,5862.04,400.0,127.81318664550781
4829.13,0.751236,7.5368,9.19361,0.518833,624.498,400.0,107.0074691772461
4661.57,0.846661,10.46127,12.69389,0.410441,4271.67,400.0,110.5490493774414
3568.57,0.747939,7.50258,13.10108,0.632253,1861.65,400.0,93.20840454101562
926.941,0.349174,8.69492,9.25574,1.09469,140.076,400.0,50.408912658691406
556.355,0.297712,4.43745,4.93244,1.38782,69.5067,400.0,106.1703872680664
567.463,0.302571,4.58239,5.05763,1.50361,34.8469,400.0,92.98491668701172
5154.68,0.859318,14.35644,17.89084,0.322474,5753.12,400.0,154.59739685058594
679.526,0.315806,4.50364,4.85141,1.26841,67.168,400.0,106.94493103027344
892.422,0.407548,5.05351,5.83426,1.20847,46.7674,400.0,162.8348388671875
2765.64,0.654248,6.62151,8.81841,0.821478,339.926,400.0,118.23030853271484
4026.5,0.783754,9.0883,11.88072,0.496076,1517.83,400.0,204.60606384277344
3586.51,0.686655,9.09053,10.16578,0.557252,846.707,400.0,164.45281982421875
2112.73,0.616103,6.25178,7.33807,0.937472,733.331,400.0,223.0447540283203
4246.85,0.810941,12.49845,15.91164,0.456559,7630.82,400.0,139.9798583984375
1945.95,0.593745,5.2735,6.7457,1.21847,383.648,400.0,139.1002197265625
3690.03,0.808583,8.7199,16.13348,0.571062,5171.91,400.0,121.0831527709961
823.469,0.322397,3.8413,4.58788,1.12425,88.6989,400.0,132.41981506347656
1319.31,0.432341,3.9829,5.40349,1.08701,70.4414,400.0,177.38002014160156
6248.94,0.930159,16.35957,19.58066,0.18884,11475.9,400.0,116.55431365966797
6769.56,0.960381,24.03089,25.06728,0.114055,27251.2,400.0,117.90556335449219
1271.43,0.466858,4.33557,7.045,1.02667,122.848,400.0,217.32119750976562
2888.43,0.702697,5.20505,7.94996,0.891211,660.906,400.0,206.40931701660156
367.392,0.22096,3.39482,5.89442,1.49616,42.3045,400.0,58.854488372802734
651.529,0.497612,4.02247,7.93025,1.32687,188.938,400.0,188.26577758789062
5093.61,0.711467,6.79546,10.23211,0.511041,1077.98,400.0,156.2765350341797
3410.82,0.715542,10.4086,13.04704,0.561746,2768.12,400.0,87.98175811767578
5780.92,0.848907,13.65344,16.81526,0.296575,4381.7,400.0,116.78589630126953
777.994,0.294901,3.63288,5.38427,1.19278,23.8714,400.0,88.581298828125
5529.93,0.815722,9.96287,12.14574,0.396956,3018.08,400.0,135.23397827148438
904.001,0.444369,4.19424,6.41968,1.25127,52.3968,400.0,183.89137268066406
327.69,0.242543,4.60308,6.73546,1.89479,78.7359,400.0,52.44615173339844
1099.63,0.462528,4.9464,6.50846,1.14029,67.6347,400.0,219.0690460205078
3799.42,0.727357,7.89568,10.66978,0.581444,1450.99,400.0,176.4720916748047
3777.98,0.817593,8.5993,16.26008,0.559723,5308.84,400.0,127.39927673339844
1126.53,0.503235,3.80126,7.66149,1.30071,191.262,400.0,143.5082244873047
2526.02,0.717529,10.59374,12.3252,0.848274,1368.3,400.0,100.01282501220703
2693.43,0.821904,15.92356,17.26997,0.644047,3096.12,400.0,77.90836334228516
475.447,0.245343,3.73053,4.7636,1.67659,20.4004,400.0,77.5316390991211
1194.9,0.490287,4.9351,5.46913,1.45812,181.503,400.0,176.14541625976562
315.389,0.179639,3.67354,5.02501,1.3437,18.5738,400.0,75.423095703125
3881.04,0.826154,8.60412,16.24669,0.543406,5482.09,400.0,120.78767395019531
1382.27,0.588364,6.80052,7.80808,1.11498,153.249,400.0,284.2976379394531
724.455,0.363761,3.39416,4.95312,1.09124,20.9723,400.0,153.32518005371094
2277.6,0.677842,8.94942,9.57371,0.75474,475.513,400.0,230.28565979003906
306.533,0.186929,3.42871,5.04059,1.38109,40.0741,400.0,48.18736267089844
1711.51,0.516054,6.50457,7.74995,1.02925,225.497,400.0,106.47209930419922
712.277,0.355912,5.83014,6.06964,1.34909,71.5011,400.0,107.72491455078125
3702.86,0.802051,7.83553,15.23681,0.578969,5108.54,400.0,125.16271209716797
4862.95,0.798534,9.85781,12.24822,0.403275,1955.45,400.0,158.37808227539062
724.291,0.317538,8.0277,8.95219,1.43654,317.189,400.0,44.64561080932617
387.507,0.175008,3.93483,4.45499,1.36296,20.082,400.0,56.92262268066406
870.83,0.295788,4.26756,5.64253,1.14385,52.5396,400.0,109.1850357055664
1349.16,0.514688,6.78496,7.80191,1.08998,190.075,400.0,184.45272827148438
359.532,0.142485,5.29118,6.2044,1.58408,46.8309,400.0,9.482006072998047
1408.09,0.618377,20.78608,21.09739,0.773404,1210.97,400.0,33.41454315185547
2535.86,0.601366,4.75097,6.76661,0.925781,318.253,400.0,215.57171630859375
3169.08,0.845714,28.00995,28.72791,0.357374,4721.91,400.0,199.68603515625
2931.59,0.625784,4.8573,6.90336,0.744805,588.987,400.0,385.4899597167969
639.911,0.294683,3.57113,4.78112,1.23836,36.8294,400.0,155.99598693847656
4470.74,0.805575,7.97785,10.67195,0.496519,1004.44,400.0,164.99151611328125
1897.66,0.55457,4.53561,5.96439,0.996703,387.809,400.0,268.59600830078125
1789.43,0.512712,4.17332,6.78154,1.05917,122.831,400.0,165.29263305664062
4809.0,0.796954,9.18784,11.59022,0.43262,2479.47,400.0,101.11510467529297
1152.07,0.47773,5.17502,5.90682,1.14496,53.3036,400.0,166.1117706298828
893.673,0.450422,3.52899,7.23126,1.38519,156.19,400.0,121.36690521240234
4434.87,0.781911,10.72189,14.51227,0.436632,1494.06,400.0,105.67820739746094
649.027,0.283153,4.58702,5.54204,1.63322,23.91,400.0,64.0607681274414
2559.68,0.59427,7.55991,8.8451,0.750621,433.981,400.0,194.8919677734375
4288.41,0.834679,9.19992,16.81607,0.425605,4117.99,400.0,103.64997863769531
1346.78,0.559935,4.05053,8.49427,1.24166,380.086,400.0,206.0920867919922
2378.14,0.703077,6.84994,10.98195,0.911669,1373.73,400.0,119.82923889160156
2043.73,0.500083,5.13171,7.44948,0.828487,313.329,400.0,179.96572875976562
3177.38,0.834498,24.37253,25.24097,0.375162,3451.47,400.0,194.51504516601562
3905.45,0.715165,11.98843,14.04724,0.468867,1538.28,400.0,125.93309783935547
1219.3,0.622008,10.08887,10.76028,1.2749,328.899,400.0,175.97402954101562
1772.95,0.577276,5.81209,7.9142,1.03556,744.581,400.0,208.38201904296875
2354.15,0.627292,5.57263,7.56849,0.813355,718.571,400.0,350.3358459472656
138.852,0.133165,3.74319,4.1532,1.7111,13.7021,400.0,35.36013412475586
4753.7,0.889219,13.47309,18.11275,0.334391,6419.11,400.0,111.5154037475586
913.124,0.43966,10.87695,11.16838,1.09406,932.376,400.0,100.50577545166016
2934.81,0.706281,6.27542,8.28331,0.831397,670.793,400.0,162.8689727783203
547.333,0.334298,3.41051,4.68006,1.17411,19.3573,400.0,164.0075225830078
3728.76,0.764588,8.24089,11.51069,0.566567,903.465,400.0,190.85791015625
4387.76,0.829736,11.47493,15.58877,0.446586,4221.16,400.0,149.9802703857422
790.054,0.315813,5.63081,6.33773,1.31763,63.1239,400.0,80.16448974609375
2855.69,0.755579,6.40085,15.26999,0.728111,3834.14,400.0,138.2113037109375
5511.76,0.813408,8.88033,10.25754,0.398028,2923.67,400.0,117.61892700195312
1344.0,0.529055,3.85337,6.27603,0.998565,201.7,400.0,213.1756134033203
2108.59,0.721981,10.35036,12.79365,0.821666,2946.4,400.0,170.81423950195312
4066.04,0.791669,10.02077,13.91871,0.478627,2865.48,400.0,163.14227294921875
1493.87,0.439293,4.82843,6.34495,0.98908,230.297,400.0,182.10072326660156
4449.96,0.769401,7.34192,10.11967,0.57773,786.185,400.0,99.17835998535156
2474.23,0.58821,7.11284,7.5796,0.756487,380.37,400.0,255.028076171875
2496.4,0.695024,11.39426,11.91951,0.653035,530.837,400.0,279.5106506347656
941.769,0.479499,5.58868,6.78974,1.32037,82.8716,400.0,180.22970581054688
984.88,0.528181,5.00341,7.44476,1.76141,533.459,400.0,114.02484130859375
904.226,0.429457,3.55003,5.91258,1.32142,122.251,400.0,128.975830078125
88.0753,0.154864,3.52053,4.1909,2.27602,2.00016,400.0,41.453643798828125
2733.84,0.673617,5.78272,9.52664,0.76172,1115.24,400.0,310.8699035644531
3763.62,0.704358,5.87733,8.05655,0.650793,1172.83,400.0,382.4172058105469
2775.52,0.68105,7.50291,8.72607,0.770559,519.074,400.0,179.91041564941406
3084.33,0.70026,8.22138,12.31343,0.657692,1231.01,400.0,112.53441619873047
1018.19,0.437534,4.19809,6.29781,1.17214,114.035,400.0,177.6150360107422
2699.43,0.725885,14.34452,17.44533,0.667688,2560.17,400.0,190.76210021972656
1344.76,0.427062,7.59823,7.93593,0.940493,139.555,400.0,120.29358673095703
2608.87,0.585012,6.58326,7.76349,0.745185,415.177,400.0,218.81655883789062
3815.05,0.824058,14.05847,20.10252,0.415521,5679.34,400.0,129.82298278808594
4728.43,0.78935,6.84161,11.21041,0.547827,2028.72,400.0,255.58226013183594
658.118,0.432412,3.83998,4.83655,1.55915,17.0146,400.0,142.61761474609375
3206.24,0.70093,5.46381,9.11663,0.723302,980.943,400.0,260.3165283203125
3000.5,0.730798,7.61233,8.44306,0.740217,627.916,400.0,377.8428649902344
4954.62,0.820375,9.13864,10.25326,0.462919,2553.73,500.0,249.7949676513672
3279.35,0.760824,12.21529,12.40146,0.563971,698.028,500.0,388.2315673828125
899.765,0.427262,3.57045,5.3686,1.31605,91.6038,500.0,151.24269104003906
319.532,0.197535,4.94412,5.40904,1.5909,31.0201,500.0,59.71928405761719
720.007,0.43919,4.43745,4.78458,1.05056,20.1122,500.0,235.378173828125
5464.57,0.907075,14.68596,17.04907,0.26818,10284.7,500.0,123.93797302246094
4206.24,0.798798,9.22083,15.28434,0.477817,2604.13,500.0,99.68217468261719
2186.73,0.69731,7.09094,7.66812,0.806521,274.466,500.0,449.7821350097656
1527.46,0.637219,6.48818,6.96229,1.00547,106.133,500.0,367.5096435546875
2832.49,0.654483,5.69206,7.40254,0.855852,550.384,500.0,224.9840850830078
4625.87,0.846244,11.99207,14.38768,0.388694,4182.86,500.0,197.63027954101562
1552.58,0.585501,5.94197,8.45019,1.25867,506.647,500.0,137.68157958984375
960.324,0.485611,3.62904,7.60193,1.36043,162.998,500.0,152.49253845214844
1277.95,0.356259,6.05335,6.43625,1.0598,500.14,500.0,97.08747863769531
684.68,0.243147,4.40746,5.55174,1.25239,82.3578,500.0,92.73213958740234
549.223,0.327208,5.2511,7.79604,2.10901,477.483,500.0,56.32233810424805
1488.07,0.521976,4.049,6.39382,1.06274,143.607,500.0,278.7265930175781
3700.6,0.807239,12.24766,14.88237,0.506962,3362.52,500.0,183.61863708496094
354.922,0.252588,3.55812,5.42182,1.4874,40.0899,500.0,88.11358642578125
234.604,0.211634,3.31619,4.91028,1.37037,8.86468,500.0,83.18512725830078
784.953,0.318539,3.62086,4.1299,1.07441,6.11091,500.0,177.09756469726562
888.418,0.512452,4.23804,5.29823,1.51665,69.8476,500.0,203.28213500976562
1701.1,0.672533,22.21035,22.53071,0.621973,1286.53,500.0,88.79680633544922
824.599,0.375788,8.34216,8.4461,1.22258,162.507,500.0,146.76548767089844
1531.47,0.534821,6.20633,8.35839,1.08115,1074.93,500.0,225.45187377929688
2768.22,0.633269,7.62919,8.21377,0.785929,363.754,500.0,369.24676513671875
5130.53,0.846762,11.98041,15.08647,0.387944,1867.32,500.0,156.58079528808594
2734.67,0.720582,6.4272,11.18071,0.759181,1625.52,500.0,262.10626220703125
1224.63,0.432056,3.41852,5.26843,1.06863,123.89,500.0,191.35252380371094
2938.65,0.795532,7.50464,16.25096,0.718739,4887.54,500.0,143.51573181152344
4826.15,0.818868,8.43301,11.08241,0.456241,1666.17,500.0,242.68850708007812
2539.03,0.57683,4.84367,7.4333,0.827316,274.692,500.0,222.07473754882812
755.371,0.372498,4.57801,6.7937,1.63344,115.966,500.0,88.8819351196289
2057.15,0.709917,10.11349,11.88416,0.927027,1058.31,500.0,145.21421813964844
4067.12,0.789644,8.60059,10.69406,0.509529,2789.28,500.0,132.2664031982422
3641.35,0.624689,5.62305,8.53875,0.653207,461.266,500.0,210.42117309570312
2989.81,0.807676,6.60039,13.65341,0.690586,3218.71,500.0,87.68569946289062
2314.01,0.7568,7.88436,12.64231,0.874422,3590.34,500.0,91.01202392578125
2053.96,0.579883,5.72292,7.82418,0.824554,355.354,500.0,323.58074951171875
1038.14,0.471629,4.78533,5.52958,1.35409,107.024,500.0,167.70315551757812
1353.7,0.599721,8.13323,8.85997,1.11962,251.703,500.0,231.00437927246094
1690.0,0.625568,4.35584,6.45606,1.02219,348.928,500.0,335.72186279296875
2606.57,0.599064,7.65751,10.00158,0.765906,466.014,500.0,142.79151916503906
4665.23,0.813663,7.85562,9.85907,0.523298,1186.57,500.0,179.80441284179688
1273.21,0.474652,10.71047,11.10927,0.969481,246.855,500.0,107.60527801513672
1127.89,0.461596,3.95316,5.36241,1.07712,109.391,500.0,198.552978515625
676.771,0.342391,4.7145,5.31603,1.4215,29.3702,500.0,111.33120727539062
2572.67,0.724825,9.4437,9.98858,0.67938,452.559,500.0,423.20623779296875
2738.91,0.645111,5.77539,9.63812,0.782382,1586.93,500.0,293.2026672363281
275.428,0.191648,4.10162,5.03477,1.91147,17.5489,500.0,45.45512771606445
712.274,0.329455,3.43232,5.73126,1.27079,82.2344,500.0,120.43785858154297
5026.95,0.815344,8.54591,11.05876,0.441689,1396.88,500.0,158.24046325683594
5141.13,0.887481,11.17613,16.68396,0.304902,5962.93,500.0,126.31330108642578
204.589,0.130152,4.05034,4.40325,1.94406,9.90867,500.0,36.60028076171875
2249.3,0.705944,7.71777,7.98158,0.791442,310.918,500.0,470.1655578613281
2085.6,0.535209,4.5615,6.01553,0.954831,223.357,500.0,262.1778259277344
442.235,0.245911,5.73213,6.40915,1.62073,78.5883,500.0,78.30290222167969
2992.8,0.672982,8.19623,10.49034,0.624895,1226.81,500.0,179.80702209472656
2909.26,0.846464,14.91423,20.62803,0.54552,6102.19,500.0,130.51980590820312
607.323,0.314051,3.38672,4.96985,1.46405,19.8199,500.0,114.31963348388672
4799.24,0.790877,10.8769,14.05235,0.417718,2879.83,500.0,181.4959716796875
1016.79,0.41285,7.54065,7.97816,1.2061,183.202,500.0,149.115966796875
2458.15,0.733968,11.36425,12.02459,0.661342,611.202,500.0,341.5424499511719
366.851,0.21454,4.27879,4.43538,1.30702,0.678938,500.0,65.17489624023438
1780.33,0.610306,4.84213,8.50875,1.1112,505.614,500.0,246.22140502929688
6386.9,0.946971,22.00995,22.90562,0.141184,21588.9,500.0,137.17486572265625
291.644,0.197681,4.12694,4.44588,1.68865,9.07454,500.0,68.80438995361328
1097.99,0.390426,5.58582,6.5659,1.05132,80.7481,500.0,149.29376220703125
5235.97,0.862191,14.59092,18.57784,0.324623,5435.67,500.0,178.0025634765625
416.254,0.256323,3.60433,4.84376,1.84551,18.6946,500.0,83.81141662597656
5250.8,0.918676,17.16845,18.61303,0.234669,12670.1,500.0,109.06159210205078
2392.71,0.669599,4.98468,10.94609,0.967842,516.92,500.0,198.93524169921875
428.515,0.289344,4.89826,7.10171,1.91471,115.022,500.0,79.16077423095703
2186.06,0.540257,7.07627,7.37295,0.890532,252.657,500.0,287.44293212890625
1719.08,0.602076,4.84035,8.46366,1.10914,472.465,500.0,234.20359802246094
592.912,0.342874,3.85093,4.53193,1.98883,30.4414,500.0,108.0867919921875
3380.97,0.81375,10.22132,13.48327,0.54755,3783.03,500.0,134.27203369140625
2530.23,0.62274,5.3108,6.1103,0.920338,149.803,500.0,275.41107177734375
2245.67,0.691209,10.39083,11.69955,0.752291,475.209,500.0,305.889404296875
3448.81,0.753778,8.42089,8.9106,0.639461,682.439,500.0,564.9835205078125
5150.23,0.785568,8.54242,11.05766,0.430906,2815.69,500.0,170.05958557128906
2034.57,0.614256,5.33665,7.74972,1.037,917.045,500.0,271.9335021972656
1608.48,0.609034,4.51927,8.44381,1.17693,955.533,500.0,261.54132080078125
325.829,0.206816,3.31467,4.64593,1.32463,24.7139,500.0,81.9150390625
5065.07,0.852297,12.50518,16.20232,0.32886,4422.35,500.0,188.52789306640625
1930.57,0.524962,4.14072,5.68732,0.960339,313.805,500.0,256.45452880859375
1936.15,0.57349,8.245,8.8982,0.886081,284.641,500.0,240.70571899414062
1427.04,0.453131,4.56473,5.72858,0.957227,135.37,500.0,263.2200012207031
1082.34,0.428202,4.77751,6.21561,1.13204,106.556,500.0,187.26278686523438
3793.9,0.74793,6.9778,12.99824,0.57134,1583.59,500.0,217.00344848632812
1036.53,0.452079,4.38675,6.17136,1.15752,59.3863,500.0,193.96591186523438
301.9,0.203307,3.83198,4.78583,1.92923,14.5408,500.0,52.47689437866211
2591.94,0.705663,6.58754,8.95486,0.835845,1312.03,500.0,251.8025665283203
543.452,0.293627,4.40506,5.08117,1.38704,70.5683,500.0,106.45625305175781
1858.94,0.544486,4.66449,7.78268,1.07237,251.323,500.0,253.82151794433594
3463.48,0.879862,15.81432,16.65197,0.452946,9252.29,500.0,88.31511688232422
2189.92,0.685639,6.46016,7.06053,0.838717,211.06,500.0,459.5017395019531
4741.45,0.85355,14.5838,19.37455,0.358974,4948.59,500.0,179.10340881347656
998.876,0.310821,4.04197,5.47172,1.12899,83.4604,500.0,126.22708892822266
1695.58,0.456192,3.8912,5.8832,0.904707,162.5,500.0,188.0435028076172
2167.82,0.723407,9.83069,11.42198,0.764034,612.938,500.0,327.50543212890625
6605.91,0.946439,20.67138,28.64843,0.14945,24913.9,500.0,166.00767517089844
3720.15,0.658481,4.82631,6.52251,0.755668,1192.13,500.0,290.1831359863281
2157.99,0.683248,6.95216,10.40435,0.979645,1743.57,500.0,169.80352783203125
3627.17,0.814298,8.54916,16.26119,0.580219,5205.35,500.0,162.62271118164062
942.79,0.506194,4.59382,7.95779,1.5114,147.374,500.0,191.49281311035156
920.432,0.402233,3.82521,5.08052,1.22097,33.8781,500.0,157.28927612304688
3304.87,0.701193,7.28588,8.65221,0.675989,1107.31,500.0,289.4134216308594
3904.1,0.794702,7.90672,16.54296,0.495461,2791.07,500.0,128.2125244140625
1632.06,0.513972,4.25815,5.94929,1.09725,373.218,500.0,207.51649475097656
1731.06,0.519319,4.71538,5.64828,1.0906,169.876,500.0,201.23846435546875
3125.46,0.650444,5.00217,6.5506,0.820739,887.679,500.0,324.3822021484375
4431.31,0.793336,11.23113,11.92589,0.48721,912.64,500.0,170.8936004638672
6539.25,0.948567,21.97364,24.21099,0.136416,22389.7,500.0,138.29637145996094
683.07,0.305433,4.8488,5.62811,1.19831,97.6722,500.0,120.88841247558594
809.589,0.375332,3.36482,4.52587,1.04909,24.5161,500.0,200.39564514160156
3416.62,0.778083,7.37802,15.25734,0.613785,4186.08,500.0,165.76678466796875
303.633,0.224527,4.63784,5.41259,2.03162,50.8685,500.0,47.44187927246094
3122.35,0.784417,8.08455,16.2526,0.671689,4819.73,500.0,146.91148376464844
1571.62,0.499198,3.35002,11.20251,0.912347,429.331,500.0,137.58346557617188
872.562,0.438713,3.41317,4.61057,1.15174,33.5282,500.0,200.2504425048828
1349.9,0.489467,4.78268,6.36676,1.14171,152.568,500.0,198.3949432373047
1754.53,0.53642,6.23807,6.84307,0.886129,155.582,500.0,302.8644104003906
558.055,0.28472,3.74812,4.32157,1.31191,11.7311,500.0,127.58867645263672
169.147,0.270548,3.57457,4.33522,1.44707,7.83403,500.0,111.19265747070312
1064.44,0.403664,6.47221,6.91736,1.06358,147.787,500.0,158.70599365234375
1519.84,0.647228,5.4241,7.94079,1.38445,452.648,500.0,201.02845764160156
797.534,0.363425,3.36258,4.6824,1.27738,63.6799,500.0,149.33160400390625
2452.39,0.636174,5.03541,9.01243,0.790853,505.584,500.0,342.79461669921875
1611.08,0.587042,7.29356,7.70127,0.975101,173.671,500.0,296.60894775390625
3311.69,0.681635,5.72078,7.82688,0.677095,920.297,500.0,432.6574401855469
2641.23,0.751702,9.64348,10.06896,0.647967,541.034,500.0,432.7513732910156
259.878,0.169536,3.57517,4.72313,1.55519,31.252,500.0,56.00173568725586
3235.32,0.771312,7.65608,15.29768,0.636631,4148.96,500.0,156.95635986328125
460.767,0.234759,3.83834,5.19136,1.45819,47.7436,500.0,81.2270736694336
3080.27,0.728767,9.50611,12.56409,0.598468,1172.3,500.0,209.04974365234375
865.25,0.316774,4.80589,5.92013,0.992534,67.5367,500.0,105.6523208618164
3563.06,0.680107,8.08604,11.74203,0.651046,1240.37,500.0,183.58126831054688
623.996,0.417064,3.33928,7.35311,1.5473,132.465,500.0,116.17766571044922
5784.06,0.900019,12.59023,22.14369,0.259304,10096.9,500.0,155.0777130126953
1346.74,0.423483,5.3259,7.29934,1.01073,368.307,500.0,172.69296264648438
682.457,0.351946,3.68631,4.73172,1.2682,18.1791,500.0,171.41322326660156
280.09,0.215224,3.688,4.3565,1.32605,30.8458,500.0,96.83209228515625
3572.57,0.697955,5.45579,7.95645,0.711918,408.83,500.0,319.4892578125
1676.73,0.533972,7.80991,8.95544,0.934196,899.951,500.0,226.47738647460938
2663.16,0.528972,5.45694,7.02493,0.786859,360.083,500.0,176.05029296875
264.059,0.167374,3.54545,4.28058,1.23106,11.3827,500.0,25.645292282104492
229.994,0.155225,3.77352,4.38155,2.51508,11.7926,500.0,22.551389694213867
1076.11,0.379403,3.41885,4.52004,1.0004,75.0371,500.0,148.54327392578125
1197.94,0.548126,5.18371,9.35436,1.57509,1195.9,500.0,109.77993774414062
3216.79,0.730078,8.31601,11.87529,0.642528,1809.49,500.0,211.6844940185547
125.163,0.101412,3.92507,4.03295,1.92044,2.7782,500.0,33.78502655029297
667.39,0.429175,9.21248,9.95646,1.53083,313.086,500.0,141.3250732421875
1478.81,0.519929,8.35437,8.95284,1.0442,159.133,500.0,176.18319702148438
3309.22,0.811943,10.43932,14.10387,0.588489,1979.95,500.0,116.5038070678711
788.29,0.306465,7.57101,7.68571,1.20893,265.357,500.0,75.53450775146484
1525.12,0.50686,3.98791,7.52257,1.07004,322.393,500.0,264.34088134765625
1458.25,0.460259,4.50451,6.30462,1.07473,477.323,500.0,192.2253875732422
248.254,0.363383,3.4533,4.68158,1.25383,13.7302,500.0,146.95228576660156
3594.51,0.706729,6.78732,9.25813,0.663346,1036.68,500.0,340.6245422363281
2566.83,0.725038,9.79307,10.29368,0.703499,473.472,500.0,408.8973693847656
1385.59,0.52198,6.80507,7.84546,1.02325,192.95,500.0,262.53375244140625
3804.56,0.774542,8.2327,11.71987,0.589623,1903.71,500.0,135.8012237548828
943.592,0.410684,3.73711,6.208,1.18822,203.809,500.0,156.3209228515625
1929.06,0.607605,6.61794,6.95847,0.88669,111.987,500.0,360.3296203613281
2676.27,0.595355,5.59028,7.96513,0.719526,740.981,500.0,328.8052673339844
1899.04,0.520764,5.01317,7.04707,0.913588,192.785,500.0,273.8974304199219
964.47,0.406679,4.19094,5.18862,1.18394,84.0982,500.0,158.8325958251953
1508.75,0.564789,7.1955,8.0534,0.985636,209.219,500.0,299.5694885253906
2838.23,0.685039,9.95119,10.41733,0.677698,1141.03,500.0,302.4566650390625
3121.29,0.730105,8.14355,11.36861,0.748896,997.449,500.0,92.60424041748047
744.458,0.363749,3.66672,4.67787,1.25081,38.1899,500.0,173.25485229492188
1517.52,0.563823,15.17672,15.47094,0.784045,635.726,500.0,83.89405059814453
619.734,0.292939,3.96691,4.76966,1.54896,75.9192,500.0,106.47640228271484
3807.24,0.769199,8.61114,11.04927,0.588078,1850.6,500.0,137.5723876953125
697.277,0.413596,3.90702,5.36488,1.68101,43.2725,500.0,116.48775482177734
2014.22,0.605066,7.58916,7.9709,0.84393,252.701,500.0,316.4480895996094
1073.71,0.465953,4.88635,5.82903,1.14905,46.6527,500.0,171.7924346923828
2246.68,0.654581,6.19015,9.15355,0.857736,374.424,500.0,344.5108947753906
1895.23,0.658839,21.96447,22.07578,0.614052,1300.49,500.0,56.94792938232422
4404.98,0.838887,11.90907,14.26164,0.445962,3717.85,500.0,263.30926513671875
800.267,0.40507,3.85059,5.48546,1.35113,70.2273,500.0,142.9788360595703
1110.4,0.383456,5.6326,6.21503,1.0975,174.596,500.0,151.65208435058594
3492.09,0.8178,13.9177,20.26541,0.470674,5655.38,500.0,111.75029754638672
378.317,0.179972,3.88146,5.07946,1.50427,50.5977,500.0,56.377681732177734
1132.73,0.4372,9.18905,9.3601,1.05246,158.518,500.0,104.70817565917969
2899.63,0.766046,14.14259,14.33363,0.551752,828.98,500.0,343.3499755859375
2461.75,0.739093,7.73251,13.93473,0.846749,2070.75,500.0,98.67363739013672
518.118,0.278859,5.16889,5.31254,1.34614,37.1569,500.0,92.2047348022461
1315.2,0.570627,8.77976,10.85249,1.21819,1163.37,500.0,158.96310424804688
1768.23,0.603643,4.73712,8.50032,1.10599,477.814,500.0,250.01904296875
1091.28,0.405986,3.52955,6.86967,1.07657,169.156,500.0,196.21334838867188
4166.98,0.854501,9.94826,14.11121,0.413306,4248.99,500.0,179.05174255371094
2081.4,0.518303,6.45716,7.31421,0.822612,220.95,500.0,209.01412963867188
979.762,0.432819,5.09527,6.05189,1.19798,56.2532,500.0,207.2660675048828
603.2,0.289863,5.74842,6.42026,1.18852,108.242,500.0,117.69425201416016
85.8881,0.0936771,3.87753,4.82554,1.79933,8.22771,500.0,21.81200408935547
518.495,0.240268,3.72171,4.92965,1.19512,94.2493,500.0,97.8674087524414
1282.2,0.468474,4.57376,6.96986,1.05497,149.378,500.0,203.97117614746094
986.029,0.389861,3.71416,5.35639,1.16657,80.6555,500.0,154.7983856201172
2570.91,0.605846,7.80105,8.65711,0.726884,647.651,500.0,194.19422912597656
2833.83,0.704502,7.14235,9.13676,0.7872,748.17,500.0,231.1298065185547
3791.72,0.663511,4.8531,6.53556,0.741812,1218.07,500.0,308.7776794433594
1689.9,0.632828,21.90568,22.23157,0.626267,1261.19,500.0,45.35952377319336
253.291,0.181588,3.45056,4.28271,1.96361,9.38906,500.0,42.95372009277344
1589.92,0.53881,10.45491,10.65436,0.859317,199.81,500.0,220.8442840576172
2819.23,0.769925,11.94129,12.28756,0.599347,650.179,500.0,411.9739990234375
2930.11,0.573382,4.99717,7.89705,0.711583,250.06,500.0,196.2664794921875
436.189,0.29492,3.68158,4.61814,1.34244,21.57,500.0,102.28617095947266
1758.14,0.598118,19.25829,19.62001,0.656675,1152.29,500.0,59.16435623168945
1005.76,0.370917,5.37866,9.28898,1.213,559.753,500.0,71.60181427001953
1099.63,0.462528,4.9464,6.50846,1.14029,67.6347,500.0,225.1680908203125
2716.88,0.655249,5.13403,7.897,0.79724,638.661,500.0,393.9403991699219
3088.14,0.637664,5.79343,9.0242,0.708345,565.732,500.0,219.49317932128906
4950.45,0.829331,10.48272,12.35885,0.401378,3027.9,500.0,128.36166381835938
413.565,0.232152,3.60521,4.28454,1.38938,24.5679,500.0,76.6014633178711
777.86,0.372061,4.12586,5.50595,1.31783,38.2762,500.0,161.0963134765625
2379.43,0.704648,7.17719,7.91477,0.762691,297.033,500.0,468.8544921875
1309.23,0.483115,4.84994,5.60431,1.05788,46.7084,500.0,231.02932739257812
2146.34,0.684276,10.699,12.01296,0.779182,489.155,500.0,206.28561401367188
1013.19,0.366212,3.70829,4.86052,1.10705,24.2917,500.0,144.64820861816406
2906.15,0.774865,13.45834,13.89333,0.532584,1300.28,500.0,307.6531066894531
793.421,0.318416,5.54411,5.77257,1.29259,81.1478,500.0,123.78472900390625
724.455,0.363761,3.39416,4.95312,1.09124,20.9723,500.0,162.2110595703125
882.744,0.443209,6.01514,7.17433,1.32712,82.2846,500.0,153.8648223876953
1138.6,0.349536,7.557,7.76342,1.02035,98.6076,500.0,113.0405044555664
2649.96,0.538643,5.02544,7.09891,0.785898,355.99,500.0,162.1773681640625
2582.45,0.647139,8.71783,9.70127,0.684133,1093.57,500.0,258.3861999511719
3150.55,0.689762,7.45832,9.58723,0.680761,632.088,500.0,274.72412109375
413.127,0.239052,3.542,4.89887,1.46977,21.8533,500.0,101.20765686035156
4879.76,0.786213,7.49214,8.8883,0.525603,1542.67,500.0,299.58258056640625
2465.01,0.560885,8.77157,10.15632,0.694124,805.046,500.0,93.06649017333984
1014.56,0.317211,3.76525,5.12246,1.10107,88.2176,500.0,119.31500244140625
997.05,0.407846,3.37908,5.65111,1.20763,50.5514,500.0,170.54977416992188
1765.96,0.568778,7.26228,7.78123,0.878241,182.483,500.0,320.7103271484375
216.465,0.202822,3.41493,4.21511,1.3811,6.71877,500.0,83.88803100585938
5786.79,0.936802,18.68104,19.99963,0.186071,15226.4,500.0,125.57450103759766
4042.43,0.811127,10.11948,13.02449,0.4812,1702.96,500.0,160.82382202148438
4816.52,0.816798,9.45603,15.12933,0.412767,2899.66,500.0,152.9746856689453
973.144,0.438638,4.41304,4.7364,1.17759,37.7263,500.0,201.58604431152344
1062.1,0.36272,6.86593,7.30735,1.11551,103.77,500.0,106.37071990966797
407.296,0.250171,3.79237,4.83052,1.62162,15.6534,500.0,89.65067291259766
1894.66,0.57864,5.5663,6.94499,1.02275,565.842,500.0,260.7057189941406
2040.04,0.632297,7.68785,8.18686,0.809755,274.623,500.0,358.4114685058594
912.101,0.404873,4.40757,5.9778,1.24906,52.874,500.0,176.0719757080078
2170.87,0.50606,6.18349,9.74465,0.830011,704.169,500.0,81.96527862548828
214.067,0.159639,3.4822,4.18665,1.75912,4.91119,500.0,41.298702239990234
2895.25,0.694521,6.46888,7.50058,0.807943,480.851,500.0,237.79071044921875
1264.5,0.497185,5.90471,7.02497,1.37904,242.115,500.0,157.4881134033203
2947.73,0.762407,6.46118,15.19759,0.706478,3960.34,500.0,161.3212432861328
741.962,0.365533,3.43007,4.67603,1.12552,18.5698,500.0,156.57431030273438
2282.33,0.666205,9.48104,9.82819,0.758719,1174.49,500.0,211.36183166503906
787.799,0.31273,4.44935,5.14924,1.28637,51.7833,500.0,130.5836944580078
1515.76,0.539596,6.19086,8.96299,1.12783,1408.55,500.0,152.76376342773438
1537.35,0.646066,6.26978,7.74203,1.03888,142.89,500.0,357.7828063964844
2145.05,0.681947,7.22694,7.90227,0.828091,273.62,500.0,429.0989685058594
4670.03,0.850211,11.66561,18.57341,0.378591,12354.4,500.0,179.26315307617188
1555.26,0.681944,12.38149,13.20386,1.09198,3071.81,500.0,84.89054870605469
2063.18,0.670411,9.21243,9.47094,0.788077,311.884,500.0,413.40576171875
2832.87,0.594039,4.44869,5.41103,0.974223,278.814,500.0,250.67347717285156
102.956,0.108659,3.3862,3.78021,1.77042,1.12162,500.0,33.68210983276367
4624.05,0.851251,10.19741,13.81285,0.399379,2737.15,500.0,249.7410125732422
2720.73,0.688674,7.32009,9.73015,0.835712,517.083,500.0,175.51980590820312
1457.53,0.550564,5.90353,6.4004,1.06943,67.8539,500.0,210.96356201171875
2797.09,0.639224,8.07188,10.85691,0.789878,898.932,500.0,277.898193359375
2968.29,0.789882,8.85208,12.19559,0.677611,1646.4,500.0,122.42127990722656
3675.02,0.802334,10.46581,12.45581,0.572346,2359.78,500.0,160.02708435058594
1315.05,0.446568,3.7784,5.02029,1.14495,86.4435,500.0,243.0980224609375
1373.22,0.47201,3.87454,5.73137,1.07763,120.287,500.0,213.3236846923828
1124.68,0.47375,4.36106,6.0411,1.13893,73.5553,500.0,230.96493530273438
2733.84,0.673617,5.78272,9.52664,0.76172,1115.24,500.0,355.8186950683594
1462.42,0.482503,4.18269,5.64974,1.03391,197.102,500.0,239.89080810546875
2519.24,0.726455,9.79857,10.73332,0.747184,514.668,500.0,329.0633239746094
225.543,0.11069,5.68178,5.82858,1.4654,87.2918,500.0,24.22736358642578
211.63,0.232904,3.4167,4.08057,2.13177,5.75301,500.0,64.87266540527344
1013.88,0.418125,4.23981,6.97659,1.31846,293.878,500.0,137.89247131347656
1686.62,0.597655,16.73425,16.84081,0.700261,699.492,500.0,79.9385986328125
921.982,0.440019,5.36167,5.97638,1.34827,39.9723,500.0,144.64471435546875
1470.37,0.55732,8.91429,11.53447,1.13079,1129.73,500.0,105.147216796875
3778.18,0.769737,9.09056,11.43656,0.574926,4196.27,500.0,306.9615783691406
3771.08,0.656287,5.89943,7.21191,0.648673,600.963,500.0,301.6516418457031
1675.64,0.626783,20.008,20.35421,0.664009,1163.86,500.0,43.350494384765625
1634.99,0.52652,3.94028,4.94707,1.11037,65.1252,500.0,260.8019714355469
245.257,0.172521,4.24656,4.55711,2.05803,14.3428,500.0,42.66854476928711
5204.53,0.808142,10.65833,15.36959,0.388594,2241.39,500.0,170.5919952392578
1939.96,0.564731,7.46344,9.29123,0.798505,696.326,700.0,331.5155334472656
4964.09,0.867727,11.48138,18.87171,0.353115,6692.83,700.0,218.08999633789062
3261.66,0.691719,6.24907,6.95657,0.776881,440.526,700.0,509.67901611328125
1421.76,0.556828,5.23546,7.06434,1.01132,169.404,700.0,293.2268371582031
5191.91,0.85628,14.23238,17.69651,0.325148,5341.89,700.0,254.4094696044922
1342.78,0.588491,6.11891,6.29797,1.15987,81.5649,700.0,257.5277099609375
3254.9,0.645102,8.30154,9.96929,0.639911,1104.85,700.0,255.9315948486328
3172.82,0.711352,6.42244,14.0095,0.679504,1447.43,700.0,211.49301147460938
3627.32,0.784157,6.91898,12.68724,0.600983,2860.87,700.0,314.1609191894531
2161.2,0.575307,3.80861,7.08398,0.907793,233.069,700.0,335.7100830078125
1208.79,0.478435,5.47677,6.26825,1.19298,119.482,700.0,222.72178649902344
5807.05,0.850196,9.74038,12.81295,0.333604,3595.13,700.0,268.59344482421875
3911.85,0.71671,5.33982,7.66437,0.662692,827.089,700.0,566.67041015625
4767.49,0.872905,12.33041,18.35662,0.3563,6795.64,700.0,208.2568817138672
453.256,0.228297,4.16341,4.8816,1.29528,32.4308,700.0,86.7326431274414
264.681,0.211578,3.55656,5.63864,1.70155,17.2408,700.0,54.04759979248047
5298.85,0.916283,16.42275,24.2276,0.23486,13103.7,700.0,207.16444396972656
994.278,0.469008,4.71701,6.62044,1.22381,63.2374,700.0,230.76339721679688
789.679,0.32303,4.49036,5.02611,1.13366,21.9306,700.0,164.4545440673828
1202.72,0.51161,6.81647,7.68128,1.16031,152.02,700.0,246.6204833984375
897.636,0.440695,3.44357,6.12761,1.34631,65.1281,700.0,203.137451171875
4527.19,0.844122,9.64637,13.66092,0.445829,3569.53,700.0,241.70516967773438
1678.22,0.584262,19.01787,19.24015,0.637238,1046.74,700.0,79.27235412597656
3019.75,0.75895,10.28938,11.28682,0.694793,1253.73,700.0,187.022216796875
3371.71,0.793499,7.71438,16.01787,0.623054,4949.95,700.0,234.15478515625
2950.55,0.694685,6.18071,7.93044,0.807934,697.222,700.0,345.273681640625
2989.81,0.807676,6.60039,13.65341,0.690586,3218.71,700.0,129.62591552734375
2096.06,0.608348,4.83806,9.37962,0.930708,832.471,700.0,292.111083984375
675.459,0.271196,4.63334,5.68369,1.36253,24.3139,700.0,111.84534454345703
4544.61,0.808092,7.97908,9.99892,0.515379,1536.98,700.0,375.4079895019531
3198.24,0.740442,8.20171,10.76065,0.659852,1173.02,700.0,302.21636962890625
1003.49,0.419045,8.22463,8.45317,1.25097,254.572,700.0,118.28168487548828
2859.91,0.710314,6.14407,10.77634,0.731196,1699.97,700.0,400.5227355957031
2868.22,0.804391,9.36732,16.39733,0.700791,5162.39,700.0,195.7464599609375
345.179,0.231357,3.48144,4.32225,1.47381,15.3282,700.0,105.960205078125
1974.05,0.53277,5.95074,8.53468,0.903548,729.132,700.0,217.38987731933594
2856.91,0.569431,5.63025,6.91667,0.801383,363.912,700.0,237.68516540527344
1212.87,0.38175,3.90266,6.43917,0.961067,116.065,700.0,181.3767547607422
1044.47,0.413069,5.14102,6.13678,1.16232,70.1231,700.0,159.66917419433594
4077.05,0.738525,8.64622,10.66303,0.533128,2490.29,700.0,221.4598388671875
641.355,0.261941,4.10156,7.25101,1.21247,112.762,700.0,108.80206298828125
684.72,0.320821,4.14866,5.86358,1.54485,75.0277,700.0,105.76026916503906
2462.2,0.697163,10.12505,10.5249,0.695467,444.694,700.0,415.66839599609375
3099.89,0.688135,7.69988,9.93343,0.714876,542.575,700.0,279.24639892578125
4535.68,0.818716,10.72543,13.53211,0.452152,1961.82,700.0,321.11895751953125
275.428,0.191648,4.10162,5.03477,1.91147,17.5489,700.0,49.98463439941406
3222.15,0.70992,7.74824,10.73218,0.684183,917.937,700.0,351.13580322265625
204.589,0.130152,4.05034,4.40325,1.94406,9.90867,700.0,38.689456939697266
3726.94,0.790337,9.44741,13.23024,0.536278,1398.66,700.0,291.52374267578125
2632.45,0.56657,4.6423,10.41251,0.804806,835.027,700.0,153.57525634765625
2716.72,0.594909,4.42478,5.96163,0.859264,298.854,700.0,305.2649230957031
1394.31,0.45806,5.9077,8.80371,0.960442,568.775,700.0,217.71946716308594
730.443,0.307526,7.82255,8.4068,1.53047,191.778,700.0,52.885841369628906
1060.22,0.440184,9.82657,9.92273,1.12791,219.987,700.0,137.35194396972656
471.252,0.216905,4.12656,4.60701,1.33147,17.0942,700.0,98.3477783203125
2211.93,0.784812,15.3351,15.92089,0.655473,963.445,700.0,434.3494873046875
5250.8,0.918676,17.16845,18.61303,0.234669,12670.1,700.0,158.46340942382812
1873.16,0.591964,5.81552,7.64999,1.00126,880.666,700.0,287.9149475097656
1695.53,0.574183,3.75556,4.83883,1.13678,190.483,700.0,321.5599670410156
2599.68,0.723667,13.66792,14.14306,0.614612,765.339,700.0,333.5130615234375
4652.82,0.82567,11.56288,18.03241,0.444334,5316.83,700.0,253.39256286621094
1669.45,0.563984,4.79282,5.82422,1.01105,199.536,700.0,293.43194580078125
3794.44,0.825273,8.71165,16.26947,0.553458,5419.45,700.0,218.6263885498047
553.064,0.236488,3.82381,4.88356,1.26647,13.7634,700.0,87.07650756835938
428.515,0.289344,4.89826,7.10171,1.91471,115.022,700.0,87.88848114013672
1904.26,0.548241,4.73536,6.65322,1.02552,445.775,700.0,286.1239929199219
873.73,0.279594,4.50085,5.1152,1.26166,88.9201,700.0,115.65035247802734
642.971,0.305823,4.43132,4.94811,1.23956,72.1691,700.0,147.9024200439453
2374.51,0.736697,9.45025,9.7686,0.744206,416.169,700.0,494.54144287109375
4307.36,0.787826,7.96898,11.59461,0.505981,1002.63,700.0,293.9407653808594
444.971,0.277966,8.17089,8.80222,1.74629,102.448,700.0,68.78910827636719
2407.42,0.505751,4.01664,5.58846,0.851523,186.777,700.0,230.1757354736328
1917.85,0.542158,6.27683,7.63863,0.986843,241.82,700.0,241.28314208984375
2101.83,0.62562,5.90068,6.74913,0.879864,149.342,700.0,416.2366638183594
1469.26,0.60406,7.11543,7.25705,1.10738,222.599,700.0,349.5189208984375
2528.48,0.579026,7.52507,7.85946,0.822546,245.771,700.0,339.6092834472656
1330.09,0.680184,9.70864,10.74241,1.20374,400.278,700.0,276.6986389160156
3868.34,0.800103,9.10724,10.48436,0.534665,1450.12,700.0,322.989990234375
844.585,0.351967,4.44919,5.50343,1.21836,71.2903,700.0,154.2550811767578
1246.39,0.416702,5.43126,6.87973,1.06414,421.68,700.0,182.5220947265625
4659.65,0.809329,9.23751,16.04657,0.432215,3666.45,700.0,163.78460693359375
3429.69,0.763885,10.84662,11.26271,0.556079,1426.26,700.0,489.4192199707031
1983.96,0.560424,5.52275,7.06224,0.994382,216.407,700.0,206.06944274902344
1695.58,0.456192,3.8912,5.8832,0.904707,162.5,700.0,210.11505126953125
2871.95,0.631979,5.40401,7.51878,0.738732,723.6,700.0,440.80682373046875
2588.39,0.62356,6.26097,7.63691,0.785669,318.91,700.0,352.58477783203125
957.367,0.571345,6.52159,6.93328,1.59816,211.341,700.0,209.82244873046875
1913.97,0.672638,7.33159,7.92173,0.864348,221.889,700.0,466.0924377441406
4721.83,0.873359,11.36325,20.39867,0.351075,6415.16,700.0,191.21832275390625
920.422,0.389733,3.81236,5.23715,1.15722,27.5287,700.0,196.61485290527344
1089.11,0.35703,4.83425,5.26126,1.17599,107.426,700.0,171.47328186035156
3367.04,0.644499,4.91155,7.16058,0.704851,601.097,700.0,490.0094909667969
556.284,0.295127,3.70884,4.58717,1.62889,38.8269,700.0,101.5190200805664
702.594,0.366886,3.85072,6.84751,1.61499,161.753,700.0,126.9212417602539
2265.04,0.754487,14.11463,15.83685,0.750803,1391.94,700.0,302.5085144042969
1993.21,0.681383,7.98908,8.37838,0.870812,206.605,700.0,412.7227783203125
3699.86,0.814318,8.44802,16.25412,0.560475,5287.2,700.0,246.99462890625
4123.79,0.778836,6.25807,13.58362,0.542294,2694.64,700.0,311.3481140136719
2329.06,0.616176,4.89187,6.94294,0.841995,495.549,700.0,424.3239440917969
2926.84,0.62391,5.12171,6.27277,0.852846,367.983,700.0,315.7263488769531
3505.71,0.770594,8.22259,8.70645,0.620776,723.921,700.0,682.8148803710938
208.873,0.159023,3.5392,4.33971,1.58527,14.1957,700.0,62.33469009399414
591.477,0.310249,3.31712,5.9199,1.41495,69.3204,700.0,94.3960952758789
604.295,0.27229,5.898,8.4616,1.32469,265.738,700.0,93.38286590576172
2160.04,0.547042,4.83236,7.21328,0.917143,217.88,700.0,262.2825012207031
2029.91,0.618098,4.59867,6.11798,0.982462,196.596,700.0,368.4773254394531
256.887,0.187563,3.31872,4.55826,1.63756,14.521,700.0,63.71392059326172
2080.61,0.57034,5.57585,7.06688,0.91036,490.838,700.0,314.6160583496094
223.051,0.184745,3.39908,4.24238,2.03441,8.24049,700.0,49.99653244018555
2590.3,0.730041,6.38765,13.51141,0.871499,1270.41,700.0,176.76153564453125
3673.83,0.82724,9.34551,16.29671,0.561479,5453.48,700.0,234.3871307373047
5610.6,0.853637,9.61299,15.79901,0.32816,3085.96,700.0,289.5177917480469
2897.04,0.673897,7.71589,9.04651,0.725944,349.462,700.0,338.78363037109375
1390.45,0.435041,3.81335,7.03162,1.05178,102.773,700.0,158.4589385986328
3509.74,0.801882,7.94324,15.91682,0.602882,5072.13,700.0,230.9795684814453
1177.68,0.520746,7.26331,7.47808,1.21484,225.883,700.0,256.53759765625
1960.47,0.620587,7.16964,7.8939,0.875534,241.132,700.0,389.15704345703125
3723.09,0.66337,5.34507,7.40277,0.732104,1052.92,700.0,325.6903381347656
1154.38,0.530632,3.89319,6.27199,1.08675,89.1975,700.0,286.3564453125
1105.78,0.51971,3.91049,7.77395,1.31922,327.477,700.0,207.7306365966797
3214.55,0.760576,9.90739,12.51924,0.68555,1922.57,700.0,319.4739990234375
4380.85,0.785983,9.40976,12.98402,0.451182,3039.64,700.0,217.65940856933594
1378.03,0.667868,10.71879,11.94012,1.21012,917.24,700.0,196.4788055419922
1419.8,0.600214,6.90666,7.42587,1.07938,133.632,700.0,334.90557861328125
1004.89,0.462269,3.90894,5.70447,1.35016,143.056,700.0,160.33560180664062
853.951,0.38101,4.85902,5.42178,1.26315,94.2214,700.0,146.73489379882812
2617.47,0.678601,7.17048,8.80413,0.805301,1416.02,700.0,324.0438537597656
160.161,0.147465,3.34102,3.67907,1.8695,2.36519,700.0,43.38044738769531
2314.91,0.700342,8.43249,8.89985,0.882029,987.656,700.0,311.40802001953125
933.981,0.397848,4.71932,5.82043,1.25744,74.997,700.0,151.24142456054688
4533.75,0.827148,12.06692,18.53947,0.446727,5470.43,700.0,211.28172302246094
985.56,0.371614,5.95961,6.95759,1.13178,337.711,700.0,159.2654266357422
215.191,0.170286,3.45969,4.24253,2.06132,7.86393,700.0,41.67344284057617
2638.8,0.697152,5.45463,6.27391,0.840598,351.92,700.0,450.50799560546875
2659.28,0.72823,9.29733,9.71122,0.652618,512.752,700.0,515.2969970703125
3547.48,0.806157,8.31744,16.17723,0.592774,5071.28,700.0,225.37066650390625
416.809,0.229904,3.61518,4.2633,1.3109,13.1464,700.0,105.15959167480469
1525.12,0.50686,3.98791,7.52257,1.07004,322.393,700.0,284.6687927246094
607.515,0.537043,20.5181,20.61537,1.5052,1099.09,700.0,34.631919860839844
3419.91,0.80157,9.35834,16.22386,0.623414,4971.79,700.0,257.9617004394531
1084.78,0.441201,4.71983,7.22533,1.2728,391.098,700.0,161.0321502685547
2992.73,0.697407,6.92159,8.81802,0.754368,1025.61,700.0,374.1840515136719
1726.48,0.510089,5.05609,7.18689,1.02938,320.861,700.0,257.4706115722656
1148.89,0.426508,3.75673,5.6401,1.10771,118.738,700.0,257.9407958984375
3758.81,0.715645,5.82334,8.15393,0.686101,1224.67,700.0,480.86566162109375
2335.25,0.620467,8.60329,9.26023,0.728375,490.605,700.0,313.4320373535156
1422.0,0.554361,12.09481,12.63462,0.930081,383.675,700.0,137.2190399169922
4078.24,0.806832,8.49393,15.29946,0.492916,2463.87,700.0,179.75537109375
5306.01,0.881511,11.20612,12.2124,0.364265,10276.9,700.0,168.87310791015625
1917.07,0.630454,7.87224,9.5745,0.971064,580.539,700.0,321.32379150390625
4583.56,0.808688,9.46121,11.1779,0.481443,6500.89,700.0,253.33908081054688
139.284,0.243258,4.91599,5.18176,1.51557,28.7544,700.0,66.36075592041016
4829.13,0.751236,7.5368,9.19361,0.518833,624.498,700.0,214.8568572998047
4297.73,0.865399,15.30572,20.5291,0.374303,6370.44,700.0,195.21112060546875
4661.57,0.846661,10.46127,12.69389,0.410441,4271.67,700.0,201.8033447265625
3453.31,0.759924,7.67728,10.94306,0.640348,600.314,700.0,257.52154541015625
1637.67,0.525873,10.55157,10.73937,0.901224,478.379,700.0,114.61341094970703
453.362,0.214965,3.64586,4.41264,1.43102,14.0842,700.0,70.81459045410156
3432.64,0.740819,8.09575,11.37809,0.653102,2528.79,700.0,397.525390625
1024.65,0.395321,4.53336,6.0656,1.10757,144.175,700.0,165.07913208007812
4914.73,0.86702,10.02967,17.0513,0.369289,4473.85,700.0,177.67593383789062
1372.12,0.506477,9.39832,9.79577,0.948635,182.024,700.0,263.08953857421875
3950.79,0.762091,9.87481,12.20012,0.538972,1265.37,700.0,282.322265625
895.375,0.370052,3.90831,7.08003,1.31468,76.1831,700.0,128.3233642578125
1513.79,0.564269,6.0985,6.81031,0.980944,177.632,700.0,298.22265625
765.828,0.297588,5.67944,6.35371,1.33702,60.2583,700.0,86.95260620117188
5727.38,0.851119,10.37429,13.69862,0.351202,2373.86,700.0,164.6929168701172
665.568,0.410416,4.68001,5.50547,1.11589,31.1542,700.0,176.39454650878906
1091.28,0.405986,3.52955,6.86967,1.07657,169.156,700.0,209.68771362304688
598.212,0.326858,3.5186,4.14486,1.15338,2.64079,700.0,168.9354705810547
979.865,0.375588,4.77735,6.07031,1.20228,210.136,700.0,152.22900390625
1312.78,0.462461,3.93344,6.36516,1.13277,228.076,700.0,187.44921875
780.681,0.34465,3.73383,5.81513,1.16421,65.3391,700.0,150.04794311523438
2456.99,0.673835,10.65777,11.19309,0.684553,457.39,700.0,359.4461364746094
1834.28,0.698243,23.59524,23.70263,0.591176,1421.16,700.0,135.61981201171875
3514.18,0.762318,4.72396,12.86191,0.70574,1496.12,700.0,409.8306884765625
306.137,0.219966,4.12032,4.61855,1.75597,13.7588,700.0,67.82917022705078
2442.98,0.626783,5.63016,6.66684,0.897309,281.917,700.0,314.23828125
3311.68,0.737479,10.40192,10.94533,0.588886,1215.34,700.0,458.9288330078125
3488.51,0.736989,6.73278,9.69658,0.655145,928.011,700.0,383.602294921875
1610.6,0.54743,8.01671,8.33716,0.979891,163.381,700.0,303.77471923828125
4514.55,0.85938,15.15058,20.57046,0.363535,6232.37,700.0,232.55697631835938
986.029,0.389861,3.71416,5.35639,1.16657,80.6555,700.0,162.9322967529297
1553.74,0.479657,4.23055,6.0453,1.07435,303.266,700.0,216.51934814453125
374.411,0.214047,4.12754,5.10874,1.66351,16.0076,700.0,88.5659408569336
862.767,0.361693,3.60161,5.49268,1.23908,121.858,700.0,146.2471923828125
1164.06,0.349678,7.58111,7.78014,1.01335,99.7361,700.0,131.02133178710938
4246.3,0.770283,9.41084,11.67592,0.495748,1249.12,700.0,272.6081237792969
1500.49,0.529624,7.27739,8.4475,1.05442,191.327,700.0,224.1002655029297
1704.44,0.555025,4.56495,9.68033,1.00299,590.655,700.0,257.73809814453125
547.086,0.338795,3.45016,5.38037,1.67616,44.7449,700.0,109.9902114868164
103.908,0.161508,3.42433,3.93292,1.90269,1.60542,700.0,44.19599151611328
3298.8,0.731271,6.72619,9.61978,0.658305,781.394,700.0,433.2650146484375
865.784,0.592226,5.12843,5.97043,1.036,306.006,700.0,294.22442626953125
2804.27,0.657946,5.21688,10.38383,0.770274,1128.08,700.0,294.5485534667969
1946.27,0.732058,18.49929,18.66854,0.700604,2309.95,700.0,207.4344940185547
4665.8,0.787971,10.46385,15.75984,0.396853,3190.62,700.0,207.04934692382812
506.817,0.244029,3.72225,4.95389,1.27147,21.7538,700.0,100.60618591308594
5090.81,0.846773,14.12606,17.39021,0.355688,5375.57,700.0,287.94915771484375
3530.19,0.780404,8.34736,10.60289,0.655452,2316.34,700.0,253.5379180908203
1311.37,0.548067,7.38764,8.03099,1.11256,208.283,700.0,261.0103759765625
2071.61,0.568928,5.68216,7.06123,1.07795,1012.32,700.0,197.349853515625
481.842,0.24546,4.27678,4.73178,1.49467,12.4007,700.0,105.66278076171875
2142.61,0.650634,12.27469,12.88827,0.772807,1989.31,700.0,288.35247802734375
4535.94,0.79385,8.3413,11.02971,0.477898,2493.84,700.0,341.2392272949219
3942.21,0.75833,8.45793,12.74582,0.52237,2677.54,700.0,218.81076049804688
235.158,0.114349,3.46676,4.57885,1.38479,15.8049,700.0,38.43051528930664
1267.22,0.454338,3.82517,5.6036,1.21393,65.8983,700.0,219.28758239746094
1138.6,0.349536,7.557,7.76342,1.02035,98.6076,700.0,138.75076293945312
712.277,0.355912,5.83014,6.06964,1.34909,71.5011,700.0,114.3711929321289
142.035,0.103355,4.06208,4.48419,1.84638,10.9293,700.0,27.544109344482422
870.83,0.295788,4.26756,5.64253,1.14385,52.5396,700.0,137.18341064453125
1512.29,0.552227,5.27034,6.7804,1.09344,95.6542,700.0,302.37799072265625
598.813,0.220076,3.5349,5.19176,1.23991,56.4432,700.0,90.34661865234375
2601.36,0.700419,8.37962,12.9149,0.81509,1740.67,700.0,218.32095336914062
2465.01,0.560885,8.77157,10.15632,0.694124,805.046,700.0,133.05877685546875
1716.92,0.596183,6.66626,8.49649,1.03141,314.312,700.0,262.3113708496094
2991.01,0.639328,5.28156,7.18676,0.723194,751.607,700.0,463.6126708984375
1058.58,0.43552,4.18604,6.52507,1.14372,97.1691,700.0,195.91305541992188
787.383,0.361954,3.52023,4.70271,1.3504,79.0321,700.0,149.98402404785156
3019.59,0.762186,9.09565,16.19671,0.657643,4659.27,700.0,204.4454803466797
987.336,0.436742,5.15278,5.48139,1.16729,18.0888,700.0,180.395263671875
833.422,0.490692,4.96973,5.27407,1.4573,32.0394,700.0,163.44967651367188
1178.21,0.378373,5.79773,6.13137,1.08546,176.919,700.0,176.95315551757812
4618.38,0.8346,8.76404,13.8077,0.4383,4466.45,700.0,243.91380310058594
189.421,0.235998,3.71608,4.27749,3.21024,11.5181,700.0,58.126861572265625
4383.74,0.808408,9.85317,13.43581,0.451274,1512.06,700.0,266.2452697753906
4439.79,0.736521,7.76909,11.09413,0.568847,1195.41,700.0,275.14398193359375
4745.68,0.836348,11.851,15.43645,0.361145,2879.85,700.0,206.83180236816406
2415.45,0.605746,5.5286,7.65576,0.876424,340.481,700.0,278.74755859375
5250.53,0.834397,9.48995,13.90738,0.406288,3398.32,700.0,215.02159118652344
3905.45,0.715165,11.98843,14.04724,0.468867,1538.28,700.0,215.9574432373047
981.881,0.37535,5.108,7.75003,1.26996,436.724,700.0,127.79358673095703
647.006,0.346838,7.43966,7.61889,1.69861,96.0534,700.0,97.59725952148438
1748.31,0.603952,6.41282,7.56807,0.930022,115.68,700.0,398.61468505859375
4710.08,0.835577,10.07695,13.69729,0.418788,1807.16,700.0,283.4291687011719
1776.99,0.622188,7.13161,7.28296,0.935113,234.05,700.0,413.0255126953125
1090.77,0.416479,3.75492,5.38442,1.154,163.778,700.0,211.03878784179688
2934.81,0.706281,6.27542,8.28331,0.831397,670.793,700.0,254.82022094726562
4966.51,0.813349,8.70604,14.93608,0.414708,3958.24,700.0,163.82337951660156
202.916,0.158667,3.53769,4.28693,1.60681,13.2359,700.0,61.23454666137695
1789.66,0.617234,4.83216,8.44744,1.11424,514.094,700.0,283.22442626953125
3876.74,0.728447,6.46745,7.92074,0.614259,805.463,700.0,448.0602722167969
1461.21,0.368963,3.36371,8.29188,0.997956,224.876,700.0,82.39785766601562
2108.26,0.6874,6.57139,9.95725,0.989445,1262.9,700.0,270.0428161621094
214.448,0.128861,3.30831,4.36734,1.33975,8.88674,700.0,32.98257064819336
3382.72,0.747656,7.34465,11.49981,0.629183,2617.52,700.0,420.60382080078125
1154.39,0.451039,6.25301,7.44264,1.09134,111.581,700.0,224.93960571289062
6241.12,0.948536,21.47075,21.94138,0.151249,19133.5,700.0,194.08389282226562
93.642,0.117045,3.30824,3.75333,1.46113,0.856259,700.0,36.568363189697266
1426.89,0.52792,4.05348,5.42895,0.990815,73.2663,700.0,318.3946228027344
2744.29,0.545568,5.49556,7.22243,0.807141,646.054,700.0,247.0281219482422
3926.2,0.802944,8.87551,11.60987,0.529155,2800.42,700.0,216.92971801757812
2753.98,0.779796,7.40238,16.20354,0.759583,4619.22,700.0,217.617431640625
580.551,0.32,3.33603,5.75582,1.33147,47.7699,700.0,102.10163116455078
2496.4,0.695024,11.39426,11.91951,0.653035,530.837,700.0,428.9415283203125
2114.19,0.661389,7.76513,9.0068,0.82912,357.949,700.0,392.151123046875
4170.47,0.807724,11.75285,15.39921,0.415481,2526.65,700.0,165.45640563964844
6085.76,0.955931,24.90492,26.0162,0.126813,30557.3,700.0,234.98484802246094
4584.11,0.780768,9.02294,13.75301,0.419417,2948.29,700.0,192.15928649902344
5402.04,0.865104,14.58147,19.5573,0.315532,5109.22,700.0,253.97225952148438
1489.3,0.509322,5.10149,6.25716,1.05911,173.208,700.0,248.8175811767578
1964.39,0.628502,9.54069,10.11212,0.838576,461.871,700.0,359.6130065917969
3164.75,0.772546,7.8957,12.39202,0.70168,1215.27,700.0,164.6100616455078
2563.63,0.643195,6.45124,7.67105,0.825307,622.403,700.0,395.2259826660156
3841.37,0.746874,9.72988,10.45277,0.58444,899.889,700.0,539.2166137695312
3580.61,0.72708,9.14293,12.14787,0.556265,1165.96,700.0,262.513916015625
1574.49,0.570547,6.46637,6.93944,1.03769,111.173,700.0,303.9604797363281
585.956,0.370103,5.45871,6.01498,1.21452,66.3902,700.0,136.32330322265625
5240.26,0.812148,10.52229,14.0308,0.37835,2834.6,700.0,241.30882263183594
1057.08,0.45246,4.25586,5.8535,1.17327,47.581,700.0,221.21189880371094
2738.35,0.630214,7.62658,8.79139,0.733742,354.858,700.0,286.68927001953125
4483.71,0.821333,12.06221,15.27927,0.379741,5426.91,700.0,230.47645568847656
1128.21,0.546059,5.92475,7.62557,1.5056,573.641,700.0,185.74546813964844
216.547,0.0985684,4.53975,5.13812,1.5345,16.9111,700.0,36.68202590942383
3771.08,0.656287,5.89943,7.21191,0.648673,600.963,700.0,376.6760559082031
1085.09,0.408844,4.09648,5.79604,1.15239,154.636,700.0,192.84378051757812
4694.03,0.803872,10.80238,14.76194,0.427119,1583.71,700.0,213.3186492919922
1750.1,0.660148,7.03949,7.3276,0.934537,114.112,700.0,432.16326904296875
4954.62,0.820375,9.13864,10.25326,0.462919,2553.73,10000.0,523.1453857421875
1454.89,0.536841,5.67776,6.69227,1.33247,125.254,10000.0,189.02212524414062
5253.6,0.835703,10.18807,15.28634,0.379341,3118.63,10000.0,333.4294128417969
1059.27,0.3293,7.2375,7.6109,1.06551,84.3891,10000.0,137.75355529785156
1146.4,0.627848,3.38199,9.2995,0.910036,454.259,10000.0,393.9075622558594
832.912,0.422194,6.27344,7.08636,1.4046,103.381,10000.0,168.119140625
2720.43,0.742715,6.59478,15.01757,0.726002,3620.72,10000.0,373.6775207519531
4486.51,0.793665,9.32835,14.73782,0.46575,2500.49,10000.0,228.64456176757812
5212.1,0.884269,12.51312,16.38006,0.310085,3274.89,10000.0,240.50192260742188
4449.41,0.853468,10.33931,16.30612,0.391557,3341.93,10000.0,240.97947692871094
2630.98,0.588562,5.76746,6.81674,0.761637,420.424,10000.0,438.75128173828125
2439.54,0.64266,4.46185,8.84358,0.870869,561.822,10000.0,452.0478820800781
2161.2,0.575307,3.80861,7.08398,0.907793,233.069,10000.0,371.1358947753906
3511.67,0.835139,12.54746,19.78958,0.538167,5418.85,10000.0,265.8251953125
4166.03,0.727303,5.63393,8.23505,0.67988,328.395,10000.0,495.4295349121094
3314.06,0.727988,8.97366,10.66248,0.651925,1338.98,10000.0,353.1400146484375
479.579,0.31439,4.12881,5.49822,1.51359,130.733,10000.0,126.17359161376953
358.496,0.226024,4.53526,4.84094,1.41273,25.4803,10000.0,95.23332977294922
1527.46,0.637219,6.48818,6.96229,1.00547,106.133,10000.0,401.1374206542969
1433.15,0.43262,3.89776,5.17051,1.12827,33.1499,10000.0,195.6128387451172
684.878,0.470156,3.38816,7.36094,1.38705,132.374,10000.0,166.6607666015625
1930.41,0.581039,6.38638,7.82162,0.864685,208.748,10000.0,413.8715515136719
2716.84,0.779287,14.43105,14.88088,0.588216,2329.67,10000.0,250.5564422607422
4025.85,0.741734,7.74016,10.11786,0.547348,1900.82,10000.0,241.89590454101562
1998.49,0.627601,6.10916,6.82274,0.875118,177.302,10000.0,435.01116943359375
360.385,0.33228,3.82264,4.36499,1.55002,4.00159,10000.0,147.0525665283203
3451.74,0.735668,5.55222,11.94824,0.698192,3270.6,10000.0,488.399169921875
104.674,0.0937719,3.49545,6.64278,2.33813,33.885,10000.0,14.331575393676758
624.038,0.296902,3.68297,4.55438,1.37923,18.7463,10000.0,115.05286407470703
1099.01,0.501738,4.00417,7.27308,1.33186,178.731,10000.0,187.855224609375
2633.52,0.696088,6.57332,10.2073,0.815768,1309.87,10000.0,370.88165283203125
530.767,0.277373,3.78266,4.86325,1.29644,24.4313,10000.0,123.36174011230469
3411.63,0.784662,7.08675,10.82654,0.656964,1189.7,10000.0,479.0324401855469
297.121,0.199673,3.82617,4.75367,2.19168,11.3676,10000.0,53.878963470458984
948.384,0.396416,6.44431,7.54228,1.1325,277.552,10000.0,189.64712524414062
1607.32,0.534012,4.80743,5.17917,1.12355,129.361,10000.0,295.5903625488281
796.034,0.26806,5.63612,5.85888,1.11113,95.5946,10000.0,91.35665893554688
922.017,0.487442,4.10688,5.57457,1.26835,31.9638,10000.0,248.6397705078125
134.089,0.133557,3.69808,4.19634,2.03437,5.72751,10000.0,42.02675247192383
4652.18,0.72119,6.27049,8.4008,0.602638,501.815,10000.0,434.53619384765625
973.886,0.436366,3.90286,5.20667,1.22621,47.1726,10000.0,227.7533416748047
3384.32,0.764416,7.80195,13.22033,0.592616,1990.29,10000.0,425.9619140625
3770.97,0.65629,4.85838,6.52177,0.745028,1217.33,10000.0,421.3411865234375
358.689,0.227286,5.77515,7.29346,1.58787,140.563,10000.0,74.91236114501953
910.438,0.379921,7.02676,7.96427,1.3613,148.218,10000.0,116.19884490966797
709.833,0.28062,7.59887,7.72087,1.20392,243.969,10000.0,100.48631286621094
1581.9,0.563623,13.45059,13.81949,0.763572,669.42,10000.0,191.925048828125
2870.05,0.641438,5.46231,13.46057,0.723161,1467.45,10000.0,265.30828857421875
3340.1,0.658115,6.08102,7.24965,0.703129,513.625,10000.0,486.2681579589844
903.428,0.367909,5.89863,6.94287,1.46213,179.166,10000.0,138.89024353027344
2896.93,0.666689,5.69296,8.31529,0.825088,662.842,10000.0,401.8587341308594
2843.16,0.701279,5.56738,10.10542,0.803439,1252.21,10000.0,374.599609375
2110.04,0.614975,5.73147,7.64888,0.850195,233.58,10000.0,442.040771484375
2252.25,0.659507,9.05172,10.01867,0.751353,486.997,10000.0,466.0107116699219
1768.01,0.550845,6.73169,7.82355,0.966669,236.24,10000.0,342.65087890625
2901.42,0.71699,11.09332,11.36151,0.640402,617.532,10000.0,516.2188720703125
2957.61,0.763081,7.20029,15.2358,0.70593,3943.18,10000.0,342.4941101074219
3318.82,0.876666,30.47021,31.10577,0.305623,4868.18,10000.0,485.8127746582031
407.499,0.177117,4.3574,5.09729,1.38013,31.7995,10000.0,65.91321563720703
407.622,0.304967,3.46875,4.47461,1.66414,6.00423,10000.0,147.08218383789062
3629.05,0.812729,8.536,16.2676,0.580979,5210.25,10000.0,357.99163818359375
1195.47,0.585338,4.61685,5.40796,1.22116,48.0884,10000.0,293.9319763183594
327.683,0.205376,4.35491,4.96478,1.49095,22.3882,10000.0,71.53397369384766
4560.03,0.830782,11.84625,13.73339,0.439457,3605.99,10000.0,522.2922973632812
734.471,0.257747,4.46619,5.61721,1.29583,106.648,10000.0,91.71915435791016
1491.68,0.524945,7.22475,7.90891,0.983387,219.772,10000.0,302.8580627441406
2294.06,0.634741,5.59125,5.9477,0.91783,280.083,10000.0,400.8441162109375
4356.69,0.771023,7.87692,9.39327,0.522789,888.318,10000.0,466.3642883300781
3218.06,0.753447,7.92971,9.53199,0.801344,932.848,10000.0,556.6778564453125
989.25,0.447262,11.05873,11.39484,1.02682,958.869,10000.0,204.4584197998047
1917.85,0.542158,6.27683,7.63863,0.986843,241.82,10000.0,289.10015869140625
669.768,0.320096,4.14496,5.8685,1.56611,72.5138,10000.0,115.84811401367188
1246.39,0.416702,5.43126,6.87973,1.06414,421.68,10000.0,201.60171508789062
2145.26,0.612791,5.11384,7.22366,1.01398,173.157,10000.0,314.5522155761719
2513.88,0.588787,5.88574,7.36183,0.785905,779.216,10000.0,374.2004089355469
1858.94,0.544486,4.66449,7.78268,1.07237,251.323,10000.0,310.0108642578125
1005.56,0.467192,4.92238,6.62726,1.22632,64.7415,10000.0,223.87355041503906
1016.77,0.430875,4.17164,5.22795,1.16641,25.8903,10000.0,234.14801025390625
695.383,0.371732,3.83835,6.68655,1.63835,416.831,10000.0,119.33612823486328
3619.21,0.663244,5.72182,7.59982,0.718822,557.885,10000.0,377.1841735839844
125.165,0.0664856,4.24566,6.54179,1.89633,50.9928,10000.0,15.775989532470703
2514.24,0.654928,5.60232,8.7867,0.814573,603.068,10000.0,392.3267517089844
3456.12,0.676898,4.91635,7.43387,0.745405,1338.57,10000.0,480.48834228515625
3623.24,0.793443,9.41629,12.75036,0.573533,2095.63,10000.0,477.1847839355469
4713.86,0.837215,9.78493,11.36631,0.423394,2401.43,10000.0,303.9405822753906
4092.2,0.774287,9.03751,13.15146,0.487397,3073.7,10000.0,291.4538269042969
3627.17,0.814298,8.54916,16.26119,0.580219,5205.35,10000.0,370.70843505859375
2439.48,0.604338,4.81801,5.86707,0.87256,390.218,10000.0,353.0034484863281
4721.83,0.873359,11.36325,20.39867,0.351075,6415.16,10000.0,284.3357849121094
3894.38,0.809477,10.58485,14.09713,0.487707,2646.23,10000.0,372.5154113769531
155.896,0.123945,3.51999,4.87088,1.98348,21.8059,10000.0,33.90583038330078
2598.81,0.658485,5.90345,8.2673,0.85563,382.497,10000.0,397.1609191894531
3634.52,0.691621,5.9905,7.49661,0.671539,758.071,10000.0,613.0733032226562
1642.92,0.566347,13.74276,13.8878,0.771944,448.954,10000.0,208.1937255859375
1271.68,0.49051,4.4771,6.5216,1.29845,293.766,10000.0,196.93295288085938
2948.99,0.661241,7.02826,7.82376,0.729502,539.176,10000.0,513.5827026367188
3843.22,0.774829,8.34195,12.17681,0.532454,1353.89,10000.0,422.9928894042969
4106.13,0.711592,4.7506,7.59889,0.638865,714.864,10000.0,622.6514892578125
1632.95,0.47238,5.19631,6.57008,1.04013,140.297,10000.0,211.1676483154297
841.07,0.338919,7.87852,8.61616,1.20743,121.631,10000.0,109.91092681884766
3696.6,0.813043,8.44933,16.17073,0.561645,5320.87,10000.0,339.6778869628906
1724.3,0.600002,21.06171,21.39421,0.603094,1161.18,10000.0,119.6835708618164
3689.56,0.8106,8.7365,16.22171,0.570813,5218.53,10000.0,345.5480651855469
519.123,0.352174,3.74884,5.41805,1.619,22.3372,10000.0,118.34697723388672
2896.57,0.849192,27.80264,28.54564,0.373813,4342.2,10000.0,401.8390808105469
2968.75,0.689125,7.46666,9.32207,0.765495,635.418,10000.0,306.09454345703125
2378.81,0.583847,7.49901,8.22785,0.802657,325.918,10000.0,315.777587890625
2080.61,0.57034,5.57585,7.06688,0.91036,490.838,10000.0,342.2474670410156
454.441,0.361265,3.36487,4.72789,1.88831,38.2631,10000.0,113.48609924316406
3832.84,0.711633,5.78661,8.72868,0.631855,1520.86,10000.0,569.5433349609375
4998.89,0.875434,13.94045,20.40316,0.354321,6215.08,10000.0,337.29864501953125
3402.8,0.650903,5.15253,6.86896,0.781738,817.691,10000.0,413.3017578125
1645.49,0.480756,5.3043,6.81911,0.955657,554.204,10000.0,286.1583557128906
1761.06,0.549276,3.91264,12.82981,0.908871,699.774,10000.0,192.3408660888672
944.953,0.297247,3.78055,4.296,0.988689,50.0331,10000.0,73.34586334228516
3563.66,0.72619,6.46471,14.49365,0.596186,1911.71,10000.0,292.67755126953125
2617.47,0.678601,7.17048,8.80413,0.805301,1416.02,10000.0,397.273681640625
2949.73,0.807408,12.24453,14.81867,0.637018,3322.88,10000.0,302.4574890136719
230.951,0.140388,3.6444,4.38487,1.67291,8.89601,10000.0,39.54739761352539
282.209,0.182679,3.47749,5.44797,1.55346,19.55,10000.0,50.72114181518555
294.169,0.177339,3.30687,5.33074,1.53929,34.1824,10000.0,59.84095001220703
4001.82,0.794033,8.84689,12.50584,0.551202,2033.08,10000.0,308.9902038574219
2638.8,0.697152,5.45463,6.27391,0.840598,351.92,10000.0,476.7223815917969
913.456,0.417914,5.12312,5.54279,1.57133,164.087,10000.0,141.37777709960938
3908.59,0.790795,11.84843,15.62063,0.443239,2697.14,10000.0,291.91766357421875
624.247,0.296391,4.22858,5.80304,1.29481,73.1121,10000.0,122.845703125
1647.03,0.436618,3.87685,6.05438,1.09528,249.584,10000.0,163.85818481445312
3259.92,0.70675,7.01387,9.94515,0.703392,864.252,10000.0,339.962646484375
2477.12,0.674738,7.63127,8.10898,0.794846,407.811,10000.0,472.1003112792969
2417.02,0.60112,9.39859,11.05858,0.74372,863.849,10000.0,322.439697265625
4120.97,0.803645,7.60578,13.41496,0.516912,2922.12,10000.0,324.1239318847656
1092.29,0.491217,5.56829,6.27579,1.17395,74.6418,10000.0,260.1189880371094
4299.88,0.800871,10.73193,12.1493,0.458531,1725.84,10000.0,384.57379150390625
3594.51,0.706729,6.78732,9.25813,0.663346,1036.68,10000.0,510.4408874511719
3303.91,0.756149,7.69926,13.15445,0.634096,1950.74,10000.0,390.065185546875
1422.0,0.554361,12.09481,12.63462,0.930081,383.675,10000.0,198.77023315429688
2976.65,0.782958,7.68361,10.74233,0.707748,1362.07,10000.0,378.814697265625
1765.57,0.705266,10.39229,10.69104,0.957196,465.738,10000.0,369.34600830078125
1828.56,0.480532,4.65968,7.79878,0.999816,419.99,10000.0,215.02330017089844
3432.64,0.740819,8.09575,11.37809,0.653102,2528.79,10000.0,501.852294921875
788.743,0.452531,4.2155,4.60726,1.51776,20.2078,10000.0,166.9280548095703
581.839,0.283018,6.7614,7.96195,1.61911,238.256,10000.0,76.43982696533203
5424.24,0.890077,12.89471,19.45037,0.273651,4596.55,10000.0,322.5189514160156
895.375,0.370052,3.90831,7.08003,1.31468,76.1831,10000.0,143.6015625
2765.64,0.654248,6.62151,8.81841,0.821478,339.926,10000.0,330.0733947753906
1288.0,0.428058,3.80052,5.57901,1.04111,357.372,10000.0,228.21878051757812
2428.28,0.546463,6.58409,8.40449,0.821345,1041.19,10000.0,206.5473175048828
1132.73,0.4372,9.18905,9.3601,1.05246,158.518,10000.0,177.7628173828125
1658.72,0.563378,13.96321,14.24878,0.722309,642.646,10000.0,170.70787048339844
2827.3,0.626975,4.97237,7.33074,0.754874,701.333,10000.0,488.8291931152344
1315.2,0.570627,8.77976,10.85249,1.21819,1163.37,10000.0,231.32518005371094
2200.13,0.57807,11.5164,11.74709,0.706211,376.532,10000.0,347.9103698730469
743.443,0.322391,4.19987,5.81818,1.41958,74.1949,10000.0,130.00086975097656
245.691,0.122818,4.14684,5.73788,1.57122,19.8504,10000.0,34.78178787231445
1271.43,0.466858,4.33557,7.045,1.02667,122.848,10000.0,239.472900390625
4166.98,0.854501,9.94826,14.11121,0.413306,4248.99,10000.0,365.2666015625
2670.78,0.668234,8.83464,9.60292,0.721649,594.009,10000.0,452.3341064453125
4425.29,0.801243,7.41797,9.76227,0.509314,2299.01,10000.0,666.6159057617188
4413.01,0.730014,8.57532,10.38994,0.490241,1239.78,10000.0,328.25567626953125
920.652,0.423008,5.31611,5.92419,1.21831,14.5857,10000.0,191.888916015625
557.543,0.256456,4.43446,5.76798,1.31146,92.6855,10000.0,106.80567169189453
93.0964,0.0812732,3.41064,3.97871,1.52219,2.734,10000.0,39.27950668334961
1746.96,0.637004,5.13176,9.15456,0.906534,680.256,10000.0,326.1827087402344
2296.04,0.547604,5.01564,7.36779,0.897808,150.821,10000.0,306.923095703125
4246.3,0.770283,9.41084,11.67592,0.495748,1249.12,10000.0,392.24090576171875
4917.85,0.76832,9.32956,11.47199,0.446243,2865.42,10000.0,320.95758056640625
2952.54,0.776293,11.61907,13.40188,0.721498,1696.09,10000.0,236.81866455078125
251.334,0.226063,4.14616,5.41421,1.70494,34.1808,10000.0,62.89701843261719
3233.06,0.745803,8.56837,8.98965,0.638163,485.861,10000.0,610.410400390625
2705.31,0.674341,5.64742,10.40741,0.792305,1175.34,10000.0,380.862060546875
1031.01,0.454776,3.97242,5.30282,1.26458,43.3405,10000.0,206.79566955566406
1428.24,0.496702,4.43204,6.32823,1.37479,322.079,10000.0,181.46749877929688
1005.76,0.370917,5.37866,9.28898,1.213,559.753,10000.0,118.69763946533203
829.559,0.35909,4.69084,4.85178,1.25654,26.8459,10000.0,142.5606689453125
500.412,0.264619,5.24128,6.46734,1.7562,208.255,10000.0,69.50141143798828
868.662,0.294554,4.82107,5.6279,1.21792,69.4815,10000.0,110.28948974609375
3298.8,0.731271,6.72619,9.61978,0.658305,781.394,10000.0,531.8856201171875
668.922,0.301065,3.571,5.19133,1.25849,23.965,10000.0,170.2020263671875
3172.07,0.686613,6.50052,8.52851,0.708744,1221.24,10000.0,495.07440185546875
2535.9,0.681847,9.87721,10.32536,0.7625,408.083,10000.0,367.1878356933594
2693.43,0.821904,15.92356,17.26997,0.644047,3096.12,10000.0,194.17782592773438
1462.92,0.515606,9.51549,10.09738,0.940414,732.543,10000.0,221.22557067871094
1193.46,0.45232,11.6232,12.17708,0.977187,315.027,10000.0,143.16473388671875
1052.93,0.514321,5.05191,8.69492,1.40473,244.074,10000.0,200.46498107910156
760.519,0.315601,8.3767,8.53943,1.17555,316.185,10000.0,128.0304718017578
502.506,0.270464,3.5336,4.56582,1.22759,18.1173,10000.0,131.13790893554688
586.219,0.273748,5.90651,8.22014,1.37617,259.583,10000.0,101.46216583251953
731.027,0.461154,3.9036,5.57266,1.82988,104.428,10000.0,136.06747436523438
1234.83,0.426696,4.42942,5.41221,1.09119,109.794,10000.0,219.73658752441406
2361.35,0.633672,9.13901,9.71625,0.762356,387.695,10000.0,432.4405822753906
3150.55,0.689762,7.45832,9.58723,0.680761,632.088,10000.0,455.78851318359375
5066.97,0.826735,9.51978,11.5897,0.412829,1437.93,10000.0,390.07427978515625
2985.65,0.709491,5.3292,16.46407,0.712039,2747.52,10000.0,510.7364501953125
1072.02,0.406216,9.12793,9.38799,1.02904,437.183,10000.0,175.18927001953125
971.234,0.462253,3.45562,7.63031,1.2987,183.873,10000.0,188.79714965820312
156.226,0.134583,3.44083,3.7996,1.45801,3.08143,10000.0,47.763912200927734
1600.82,0.583016,6.36225,6.86025,0.967721,94.1501,10000.0,360.5133056640625
1010.78,0.579667,6.71263,7.13882,1.50771,222.71,10000.0,239.77273559570312
1695.66,0.494182,5.39198,6.55789,0.968364,374.535,10000.0,255.14422607421875
1881.54,0.625227,7.15725,7.49935,0.901381,125.111,10000.0,443.6387634277344
5399.58,0.873626,11.12996,15.4965,0.320099,3135.6,10000.0,260.080322265625
387.973,0.295025,3.74138,4.55922,1.75387,13.4803,10000.0,105.5471420288086
4291.9,0.799176,9.28582,15.09278,0.483983,2588.24,10000.0,232.94271850585938
1922.88,0.647295,6.35354,10.30542,0.98968,1082.41,10000.0,334.63507080078125
1578.84,0.578522,4.5156,8.50712,1.15722,433.041,10000.0,280.904541015625
1234.34,0.497339,4.47214,6.34369,1.04934,58.1289,10000.0,264.1048889160156
662.686,0.330027,4.22247,5.43302,1.21302,164.907,10000.0,154.00796508789062
3722.05,0.82179,8.71248,16.28233,0.562935,5377.98,10000.0,334.79583740234375
751.52,0.350028,3.39914,4.87042,1.11582,12.1623,10000.0,189.67935180664062
1356.36,0.561402,3.90305,8.42074,1.24828,395.071,10000.0,257.5141906738281
743.821,0.263839,4.85086,5.27543,1.31037,103.353,10000.0,103.43414306640625
1380.97,0.573522,17.09348,17.45185,0.79076,775.865,10000.0,186.7096405029297
913.124,0.43966,10.87695,11.16838,1.09406,932.376,10000.0,191.86273193359375
53.027,0.0631686,3.31258,3.6759,1.4093,0.742818,10000.0,12.922622680664062
268.489,0.174304,4.05297,4.96949,1.40516,28.1521,10000.0,71.48492431640625
1046.51,0.546927,3.68312,8.47132,1.47286,353.488,10000.0,208.4078826904297
5476.48,0.840812,9.88138,13.74735,0.356242,3683.93,10000.0,337.55889892578125
3667.24,0.812837,9.07515,16.20843,0.573212,5260.93,10000.0,326.8543701171875
4246.16,0.678455,6.3632,8.13893,0.621896,445.982,10000.0,414.32806396484375
4161.76,0.833738,13.90423,20.34858,0.415088,5661.45,10000.0,311.9541015625
2720.73,0.688674,7.32009,9.73015,0.835712,517.083,10000.0,309.1619873046875
1715.46,0.509521,5.30737,6.67526,0.942387,146.976,10000.0,310.21429443359375
894.2,0.36761,6.02072,6.79939,1.1671,231.697,10000.0,179.95912170410156
470.452,0.260468,3.63073,4.94555,1.70123,22.7442,10000.0,87.00540161132812
4184.73,0.790245,9.02563,12.28108,0.528379,2916.56,10000.0,253.5022735595703
1313.78,0.407021,3.90099,5.75923,1.08842,63.5161,10000.0,204.52877807617188
2767.2,0.632464,4.79045,6.96863,0.778645,571.754,10000.0,470.7723388671875
1006.05,0.372157,8.33006,8.81103,1.1114,120.929,10000.0,127.14163970947266
4362.24,0.834935,9.72077,14.16205,0.43204,1856.43,10000.0,353.3481750488281
1662.51,0.540921,4.67063,6.09398,0.974622,105.445,10000.0,310.29583740234375
2437.58,0.639339,4.474,8.91468,0.866253,574.217,10000.0,446.39825439453125
3512.32,0.793242,8.72362,16.24343,0.598558,4962.32,10000.0,340.60919189453125
3076.25,0.639084,4.66382,9.01485,0.819383,697.899,10000.0,312.6047058105469
2270.66,0.544429,4.7355,6.43514,0.924176,114.28,10000.0,302.7460021972656
5581.29,0.784934,8.1372,9.88314,0.43534,1676.56,10000.0,437.83953857421875
2738.35,0.630214,7.62658,8.79139,0.733742,354.858,10000.0,363.8144226074219
881.025,0.376896,6.13832,6.66556,1.1884,222.601,10000.0,178.02349853515625
3306.73,0.636945,6.07051,9.41681,0.740244,1482.0,10000.0,302.5098876953125
1851.94,0.636304,5.67313,7.35697,0.92614,132.903,10000.0,426.04461669921875
1745.1,0.630464,21.04467,21.35039,0.628125,1214.75,10000.0,118.91282653808594
5253.6,0.835703,10.18807,15.28634,0.379341,3118.63,1500.0,570.1533203125
662.048,0.249821,5.67629,7.40167,1.22102,270.296,1500.0,130.51959228515625
1261.62,0.486148,5.9997,6.8747,1.10164,107.852,1500.0,293.6726989746094
2782.81,0.632409,4.85371,6.80037,0.810333,596.188,1500.0,457.1837463378906
450.303,0.276434,5.26466,5.4862,1.5775,40.766,1500.0,82.3677749633789
710.721,0.319341,3.54793,5.89574,1.34286,75.0005,1500.0,115.69657135009766
520.365,0.256285,3.88232,4.45765,1.38529,15.5167,1500.0,111.3409652709961
2703.48,0.717203,13.23809,13.64979,0.594785,859.08,1500.0,598.1932373046875
386.243,0.205148,3.84845,5.81821,1.4358,51.7063,1500.0,53.261165618896484
827.514,0.446166,3.93992,4.67093,1.1825,23.5519,1500.0,205.63812255859375
1902.83,0.551202,4.75454,7.8725,0.941513,216.99,1500.0,371.94287109375
2946.22,0.65517,5.33267,7.21008,0.858867,238.791,1500.0,449.7800598144531
2878.39,0.782509,13.9312,14.12816,0.559847,827.721,1500.0,751.1210327148438
1151.14,0.372418,6.88632,7.36137,1.02833,101.737,1500.0,198.37562561035156
1950.43,0.491212,3.49546,6.89403,0.893207,187.655,1500.0,330.83819580078125
3601.36,0.768025,9.67229,10.76037,0.565402,3327.62,1500.0,497.3984375
4795.39,0.825919,8.17594,12.7084,0.444537,6134.82,1500.0,894.4761962890625
280.483,0.197637,3.37052,4.17113,1.46199,4.30249,1500.0,78.36004638671875
2623.42,0.65326,6.23896,8.71408,0.781367,710.006,1500.0,489.9969482421875
422.331,0.193113,3.45673,4.28195,1.44902,10.5784,1500.0,94.50238800048828
1802.94,0.604757,15.33673,15.6021,0.691203,694.043,1500.0,293.6829833984375
1915.63,0.555278,4.65535,8.60383,0.987269,763.393,1500.0,286.4847717285156
2030.95,0.632308,3.97074,10.01636,0.873654,2041.85,1500.0,442.4751892089844
1391.45,0.51959,7.04446,7.53953,0.990284,25.8565,1500.0,350.51788330078125
1707.79,0.588226,4.44698,13.00223,1.02436,897.213,1500.0,388.0804443359375
5422.33,0.874159,13.79905,17.30413,0.296383,3324.69,1500.0,559.9721069335938
5071.09,0.807612,9.35018,11.37498,0.456679,1157.17,1500.0,620.6039428710938
1411.19,0.493932,4.4322,5.92707,1.21029,157.944,1500.0,268.3760986328125
3100.15,0.886859,14.91166,24.95139,0.416069,10879.0,1500.0,329.7774963378906
1375.01,0.704105,26.0503,26.28795,0.683626,3292.88,1500.0,329.4634094238281
4995.25,0.878832,12.04532,18.11968,0.337357,7433.98,1500.0,501.8765869140625
3163.29,0.68597,6.29952,11.91303,0.731845,1353.03,1500.0,452.4325866699219
2057.15,0.709917,10.11349,11.88416,0.927027,1058.31,1500.0,357.69146728515625
3689.4,0.755012,6.96832,10.79788,0.644432,1548.35,1500.0,482.4327087402344
2061.03,0.56561,4.35869,6.31133,1.00297,266.523,1500.0,311.70245361328125
790.573,0.344098,3.62574,5.11906,1.43074,37.193,1500.0,124.93767547607422
2916.18,0.69151,4.5457,9.99071,0.833668,1109.86,1500.0,433.73583984375
3577.93,0.778184,8.16022,8.58291,0.625503,725.716,1500.0,844.8352661132812
3273.99,0.736081,7.97884,8.52954,0.698784,540.252,1500.0,717.6600952148438
922.017,0.487442,4.10688,5.57457,1.26835,31.9638,1500.0,255.6557159423828
1027.83,0.436627,4.04152,6.59943,1.19316,102.163,1500.0,210.05322265625
3366.25,0.77621,7.48366,15.22863,0.625384,4112.82,1500.0,537.4263305664062
2856.91,0.569431,5.63025,6.91667,0.801383,363.912,1500.0,361.0372619628906
444.69,0.259669,3.36014,4.27231,1.19392,6.13957,1500.0,156.6971435546875
709.833,0.28062,7.59887,7.72087,1.20392,243.969,1500.0,113.3866958618164
1665.27,0.540235,6.94874,8.07394,1.08286,1084.25,1500.0,273.8830871582031
2870.05,0.641438,5.46231,13.46057,0.723161,1467.45,1500.0,379.82061767578125
607.357,0.206852,4.75938,6.81721,1.14535,99.0867,1500.0,114.829345703125
676.771,0.342391,4.7145,5.31603,1.4215,29.3702,1500.0,124.69925689697266
4452.33,0.762696,7.5245,9.1585,0.594102,386.057,1500.0,725.6469116210938
1141.69,0.414486,8.79146,9.30291,1.02935,140.802,1500.0,219.1343231201172
3645.1,0.770843,5.61242,15.07673,0.613799,2490.67,1500.0,667.1138305664062
4065.94,0.808717,10.62303,16.45523,0.426286,3356.28,1500.0,381.13360595703125
795.521,0.421962,4.12373,5.3587,1.24554,14.6784,1500.0,176.0746612548828
3774.44,0.726056,6.45934,9.95521,0.622259,1381.64,1500.0,609.59619140625
2013.08,0.589731,6.08879,8.84753,0.928483,903.676,1500.0,384.4792175292969
1275.87,0.486016,3.64655,4.67568,1.28535,54.6714,1500.0,245.7039337158203
4453.04,0.798038,9.44555,13.05719,0.45387,1639.95,1500.0,607.169189453125
2031.63,0.68281,6.56044,9.99168,0.998145,1203.93,1500.0,357.1546936035156
2479.83,0.626904,7.37077,9.4629,0.797708,390.061,1500.0,431.60498046875
291.644,0.197681,4.12694,4.44588,1.68865,9.07454,1500.0,79.43672180175781
335.596,0.191153,4.14521,4.9505,1.57422,14.1083,1500.0,82.56080627441406
841.39,0.359861,6.61719,6.9388,1.29465,55.5198,1500.0,155.39328002929688
514.869,0.499213,3.385,7.5389,1.48862,104.034,1500.0,202.29664611816406
4538.82,0.739132,7.00942,8.91376,0.562285,1191.19,1500.0,562.5076293945312
1504.28,0.508438,9.99552,10.1547,0.900599,177.098,1500.0,303.2501525878906
450.602,0.304799,5.86377,7.14984,1.53706,71.0717,1500.0,114.80024719238281
2269.58,0.624589,6.78363,8.35606,0.818216,729.042,1500.0,455.5268859863281
1018.05,0.463294,12.45807,12.60434,1.04605,647.916,1500.0,201.78683471679688
4043.23,0.701183,6.22793,8.47586,0.617348,1065.94,1500.0,523.84912109375
967.477,0.512258,4.30007,7.80705,1.10005,429.252,1500.0,286.1204528808594
1283.35,0.45463,5.95566,7.5555,1.23418,315.08,1500.0,228.9524383544922
1358.41,0.425795,4.00139,5.33438,1.13701,91.08,1500.0,217.8573455810547
986.088,0.498677,3.31834,7.49929,1.34045,173.267,1500.0,212.4759063720703
3612.95,0.751122,7.21223,8.75253,0.680264,1132.15,1500.0,577.7201538085938
1930.57,0.524962,4.14072,5.68732,0.960339,313.805,1500.0,316.6679382324219
4680.8,0.832221,14.29134,16.92815,0.403837,4407.97,1500.0,650.1091918945312
5727.75,0.913469,15.34369,22.07579,0.234732,11516.8,1500.0,530.6152954101562
1189.29,0.475047,5.51095,6.80196,1.10257,15.4683,1500.0,243.24343872070312
1082.34,0.428202,4.77751,6.21561,1.13204,106.556,1500.0,212.5498504638672
4547.25,0.804554,9.50763,10.22665,0.53133,999.857,1500.0,958.4765625
2754.32,0.5432,4.94806,8.49357,0.770035,256.459,1500.0,373.2408752441406
5614.43,0.813774,8.75026,12.27296,0.398317,3036.37,1500.0,609.9158935546875
3168.57,0.80097,8.04733,16.20133,0.667226,4932.38,1500.0,524.7418823242188
2043.92,0.663648,4.3686,14.26204,0.80592,1139.3,1500.0,510.66015625
2814.74,0.660606,6.23739,9.31582,0.771116,1154.02,1500.0,446.55999755859375
2035.43,0.587922,4.59439,5.94382,0.870209,229.184,1500.0,400.07086181640625
4230.9,0.770053,6.8946,11.99579,0.58716,2969.87,1500.0,443.5570983886719
2588.39,0.62356,6.26097,7.63691,0.785669,318.91,1500.0,439.8384094238281
89.075,0.102716,3.40653,3.86071,1.60741,2.21383,1500.0,46.007564544677734
4471.57,0.773042,8.76666,11.76906,0.489933,2437.86,1500.0,654.423583984375
1264.96,0.483909,5.766,6.37902,1.05133,80.5443,1500.0,295.4301452636719
2224.82,0.624844,6.81842,8.73508,0.885135,535.149,1500.0,414.52728271484375
1672.63,0.69007,4.38149,10.17188,1.00046,624.042,1500.0,396.0813903808594
4942.64,0.775322,7.8409,10.00639,0.496241,2097.25,1500.0,732.2832641601562
5777.86,0.843008,12.17362,15.8178,0.35257,2518.71,1500.0,544.7076416015625
2759.69,0.688254,4.56573,10.22201,0.855708,1058.43,1500.0,415.2130126953125
4106.13,0.711592,4.7506,7.59889,0.638865,714.864,1500.0,679.2015991210938
4272.99,0.808205,10.28641,14.8741,0.458105,2700.2,1500.0,369.1645202636719
2627.53,0.755693,13.80077,14.38824,0.612202,1932.46,1500.0,588.5011596679688
2926.84,0.62391,5.12171,6.27277,0.852846,367.983,1500.0,408.9220886230469
6786.51,0.960946,25.00225,26.76389,0.105497,33502.7,1500.0,549.8357543945312
1612.71,0.518864,4.46504,6.17037,0.955213,106.929,1500.0,319.7991943359375
895.46,0.338915,7.22449,7.64186,1.24395,257.442,1500.0,147.42510986328125
4544.0,0.822375,9.45183,13.39023,0.442615,1535.56,1500.0,704.9404296875
1146.65,0.474955,6.45391,7.38751,1.087,125.606,1500.0,270.7781982421875
1519.84,0.647228,5.4241,7.94079,1.38445,452.648,1500.0,273.81207275390625
3761.75,0.736731,7.11807,9.98229,0.639117,641.918,1500.0,639.6231689453125
2452.39,0.636174,5.03541,9.01243,0.790853,505.584,1500.0,464.666015625
5292.17,0.927957,16.48715,18.54573,0.224586,12845.0,1500.0,446.0947265625
1579.53,0.572767,6.09241,7.8762,0.949224,214.672,1500.0,388.03662109375
376.817,0.213221,4.13067,5.267,1.8527,55.7569,1500.0,55.886592864990234
820.668,0.410956,3.87499,5.97191,1.56286,76.0802,1500.0,147.80992126464844
2320.29,0.527636,5.676,7.7664,0.93549,627.698,1500.0,270.5453796386719
711.532,0.353445,3.6362,4.92472,1.22232,31.5742,1500.0,182.49436950683594
858.634,0.35094,5.87919,6.14481,1.29324,49.3366,1500.0,148.1204071044922
770.433,0.308184,5.21805,6.05933,1.30192,54.0783,1500.0,109.29582214355469
317.947,0.18884,4.49186,4.86337,1.61335,12.6556,1500.0,66.38021850585938
2762.94,0.713889,7.88241,8.43612,0.791488,480.086,1500.0,614.8137817382812
1544.43,0.614136,5.07766,6.10897,1.06302,109.346,1500.0,328.5653381347656
1337.09,0.465168,5.31495,5.81467,0.990022,106.44,1500.0,277.3785095214844
3366.96,0.80193,7.88658,16.20498,0.624415,5010.98,1500.0,514.2468872070312
1657.59,0.562887,5.80272,6.76041,0.933931,138.335,1500.0,371.4790344238281
4533.75,0.827148,12.06692,18.53947,0.446727,5470.43,1500.0,488.50323486328125
3055.04,0.862896,27.54555,27.96058,0.346112,4439.62,1500.0,631.3195190429688
3623.97,0.777959,10.83336,13.34799,0.53743,1951.68,1500.0,584.5453491210938
3547.48,0.806157,8.31744,16.17723,0.592774,5071.28,1500.0,550.67333984375
4416.81,0.805046,9.05662,14.31008,0.449048,2855.28,1500.0,673.4253540039062
416.809,0.229904,3.61518,4.2633,1.3109,13.1464,1500.0,116.90513610839844
4299.88,0.800871,10.73193,12.1493,0.458531,1725.84,1500.0,612.5634155273438
480.082,0.316249,3.41565,4.56273,1.21345,5.74121,1500.0,157.9300537109375
3215.82,0.765603,8.7466,15.0627,0.615261,2999.92,1500.0,495.3840637207031
379.526,0.254958,4.80014,6.00629,1.62453,51.6085,1500.0,79.94463348388672
114.429,0.103596,3.48048,4.0475,1.65563,4.51168,1500.0,39.91383361816406
703.684,0.337862,7.2417,8.23028,1.4705,279.727,1500.0,90.9026107788086
3994.95,0.752687,7.40411,10.18959,0.582961,846.476,1500.0,671.2066650390625
2950.4,0.720254,6.58792,10.18099,0.751449,1397.04,1500.0,486.81591796875
2223.48,0.770567,8.28475,14.01366,0.883647,3254.16,1500.0,349.826171875
3696.99,0.683444,9.72985,11.41734,0.529161,1268.05,1500.0,478.4402160644531
870.094,0.329481,5.02373,5.8025,1.28719,122.767,1500.0,156.07504272460938
5692.15,0.856627,14.57725,17.29823,0.307706,5674.77,1500.0,596.4065551757812
613.95,0.286509,3.98704,5.29143,1.50075,38.1755,1500.0,126.61726379394531
793.206,0.434868,3.95804,5.19996,1.29434,58.1823,1500.0,179.363525390625
1994.09,0.808384,16.9174,16.98679,0.680117,1359.99,1500.0,560.5028076171875
1136.03,0.457752,4.65628,6.49282,1.27097,454.74,1500.0,195.82151794433594
565.102,0.289607,3.43575,4.82041,1.08083,40.9568,1500.0,168.87449645996094
2201.62,0.633124,7.36997,7.90152,0.808394,259.504,1500.0,502.2993469238281
191.43,0.13274,3.77962,4.09655,1.34637,6.10495,1500.0,78.79434967041016
929.325,0.57213,6.53432,6.94732,1.63491,208.338,1500.0,227.4611358642578
3589.25,0.832875,10.46004,14.64195,0.533434,2916.53,1500.0,417.77252197265625
5154.68,0.859318,14.35644,17.89084,0.322474,5753.12,1500.0,598.60498046875
5851.74,0.866192,10.92072,13.50709,0.341349,3228.36,1500.0,606.4822998046875
390.905,0.209151,3.65672,4.69904,1.34563,28.703,1500.0,103.03997039794922
2246.68,0.654581,6.19015,9.15355,0.857736,374.424,1500.0,452.3975524902344
403.741,0.214405,4.9289,5.23922,1.29648,64.112,1500.0,85.35526275634766
4060.62,0.788574,9.46455,11.30006,0.517477,2704.48,1500.0,528.3999633789062
931.935,0.535775,19.31243,19.62367,1.01515,983.456,1500.0,122.34017181396484
1907.06,0.62544,7.85459,8.72764,0.932024,330.835,1500.0,414.1519775390625
312.166,0.152252,4.1959,5.1077,1.46699,43.14,1500.0,66.35381317138672
1573.43,0.450023,4.01282,5.72171,0.994984,114.44,1500.0,256.46490478515625
3025.99,0.667544,8.47307,10.87851,0.708864,681.534,1500.0,540.0652465820312
1363.64,0.577408,4.99966,5.46233,1.09584,38.203,1500.0,274.62896728515625
624.674,0.480436,3.35936,7.58217,1.39633,118.24,1500.0,186.88897705078125
1275.46,0.549846,20.52522,20.8319,0.742342,1030.44,1500.0,133.43714904785156
4157.62,0.741683,6.71587,8.75703,0.609746,1198.42,1500.0,600.9750366210938
1460.1,0.505048,3.67359,10.26968,1.00177,520.094,1500.0,274.78106689453125
917.931,0.455252,5.67283,6.82957,1.42809,151.191,1500.0,186.3912353515625
5637.76,0.943183,19.78433,22.43899,0.168004,21259.4,1500.0,425.8666076660156
529.636,0.49699,3.37701,7.50629,1.46678,104.481,1500.0,206.48268127441406
251.334,0.226063,4.14616,5.41421,1.70494,34.1808,1500.0,69.78205871582031
810.031,0.448984,3.75085,5.1996,1.32608,19.6413,1500.0,240.9395294189453
331.353,0.173929,7.33503,8.61849,1.57923,172.394,1500.0,59.34222412109375
770.064,0.374362,5.16375,5.47927,1.31725,48.6942,1500.0,150.26026916503906
3642.93,0.806441,14.14513,14.65332,0.529463,2410.9,1500.0,659.0732421875
630.81,0.300013,3.3756,5.71198,1.27379,64.4584,1500.0,125.95762634277344
668.922,0.301065,3.571,5.19133,1.25849,23.965,1500.0,181.5098419189453
3917.11,0.724727,6.61227,8.36089,0.737,638.069,1500.0,461.93634033203125
2693.43,0.821904,15.92356,17.26997,0.644047,3096.12,1500.0,294.1326904296875
1193.46,0.45232,11.6232,12.17708,0.977187,315.027,1500.0,205.82958984375
2146.34,0.684276,10.699,12.01296,0.779182,489.155,1500.0,483.0932312011719
502.506,0.270464,3.5336,4.56582,1.22759,18.1173,1500.0,136.89224243164062
110.514,0.115375,3.41384,3.96339,1.48398,1.8732,1500.0,49.12293243408203
739.732,0.286398,5.28878,7.56137,1.34439,177.909,1500.0,121.00900268554688
3457.98,0.80146,8.54555,16.21346,0.611355,4972.3,1500.0,571.1546630859375
501.318,0.203977,4.39277,4.9613,1.48737,84.1493,1500.0,76.1488037109375
1316.51,0.451419,4.47,6.03885,1.07417,442.743,1500.0,236.12844848632812
4862.95,0.798534,9.85781,12.24822,0.403275,1955.45,1500.0,624.4486694335938
3580.7,0.803905,7.95216,15.73113,0.592074,5147.84,1500.0,552.8497314453125
1575.2,0.595818,14.70735,15.03083,0.803945,676.51,1500.0,246.6798095703125
3155.55,0.601138,5.2593,6.97646,0.689254,334.874,1500.0,424.12860107421875
1367.6,0.464222,4.46992,6.45884,1.04199,570.382,1500.0,263.7193603515625
5208.7,0.812743,10.49506,13.40584,0.399541,2393.02,1500.0,515.0215454101562
2601.36,0.700419,8.37962,12.9149,0.81509,1740.67,1500.0,424.6341247558594
967.553,0.394775,3.57517,4.88751,1.34317,47.0813,1500.0,180.53408813476562
126.887,0.116814,3.41865,5.28956,1.75558,16.683,1500.0,14.978882789611816
1295.51,0.470337,7.52297,7.96889,1.05836,183.682,1500.0,275.30401611328125
973.144,0.438638,4.41304,4.7364,1.17759,37.7263,1500.0,223.3192138671875
2504.36,0.654936,7.00392,9.72842,0.798118,988.071,1500.0,434.2547302246094
685.612,0.329233,4.22688,5.85085,1.58423,78.8141,1500.0,128.92774963378906
600.764,0.293096,4.3925,5.34341,1.28487,36.6963,1500.0,118.61822509765625
2260.68,0.716785,8.04774,12.0228,0.978385,1455.7,1500.0,346.2296142578125
4439.79,0.736521,7.76909,11.09413,0.568847,1195.41,1500.0,548.6237182617188
1402.6,0.45242,3.93356,6.16537,1.00027,321.606,1500.0,246.80270385742188
3837.59,0.75319,9.3202,11.46274,0.573453,2623.94,1500.0,467.40740966796875
358.683,0.199435,3.61419,4.70488,1.45238,13.8659,1500.0,70.59227752685547
3905.45,0.715165,11.98843,14.04724,0.468867,1538.28,1500.0,449.9145202636719
676.585,0.241966,4.72033,6.61567,1.26179,169.709,1500.0,97.34656524658203
4743.68,0.82429,11.51165,14.30173,0.418931,2850.76,1500.0,501.2651672363281
3613.54,0.727556,6.92869,11.24202,0.614888,1392.42,1500.0,602.2578125
4025.18,0.789436,11.58942,17.98832,0.489575,4929.28,1500.0,486.080322265625
1366.86,0.550428,4.79243,9.76501,1.29235,1464.29,1500.0,229.60958862304688
3822.46,0.87608,18.7176,19.22023,0.382997,8916.33,1500.0,456.39239501953125
630.765,0.317505,3.38549,4.61099,1.0978,17.8117,1500.0,165.25498962402344
380.458,0.235124,3.93377,5.55153,1.51299,41.1347,1500.0,85.03721618652344
214.448,0.128861,3.30831,4.36734,1.33975,8.88674,1500.0,44.85376739501953
1685.69,0.617794,19.42335,19.82624,0.712759,1233.83,1500.0,237.67405700683594
1154.39,0.451039,6.25301,7.44264,1.09134,111.581,1500.0,259.7925109863281
4526.77,0.757721,11.10836,13.69995,0.425867,2323.02,1500.0,441.3922119140625
3221.97,0.761021,9.92139,11.19188,0.656322,3219.51,1500.0,361.6872253417969
4514.5,0.876039,14.14873,20.77379,0.336287,10458.2,1500.0,393.62274169921875
1762.78,0.55887,8.95749,11.59019,0.941634,1146.06,1500.0,270.2618103027344
3664.51,0.7462,9.19669,14.55482,0.552488,2108.42,1500.0,447.1195373535156
2753.98,0.779796,7.40238,16.20354,0.759583,4619.22,1500.0,460.427978515625
1970.98,0.672728,6.695,8.63738,1.03165,1312.16,1500.0,395.6198425292969
894.2,0.36761,6.02072,6.79939,1.1671,231.697,1500.0,191.75115966796875
3829.61,0.80383,8.03159,14.48583,0.578221,1999.05,1500.0,546.6585693359375
3003.63,0.791779,9.44084,13.04738,0.674628,3512.0,1500.0,399.1029968261719
389.53,0.425429,3.31912,4.60777,1.22342,9.9534,1500.0,252.94271850585938
3558.75,0.734937,6.97145,12.92957,0.640183,1763.22,1500.0,473.7752380371094
3032.31,0.735149,7.6847,9.08976,0.670172,493.505,1500.0,597.224365234375
1574.49,0.570547,6.46637,6.93944,1.03769,111.173,1500.0,342.9569091796875
507.176,0.275017,3.65861,4.78706,1.37048,24.9062,1500.0,131.38551330566406
4849.22,0.809001,10.59089,12.73972,0.451805,3512.15,1500.0,431.0229797363281
3230.04,0.643201,6.11009,7.7044,0.726609,1044.94,1500.0,455.8341064453125
2196.96,0.689683,12.97785,13.36565,0.699764,786.156,1500.0,514.2217407226562
2641.6,0.679573,7.9732,8.50078,0.853271,456.272,1500.0,517.7867431640625
1675.64,0.626783,20.008,20.35421,0.664009,1163.86,1500.0,138.512939453125
630.02,0.276826,3.57953,5.68387,1.20182,34.9096,1500.0,116.43476867675781
2710.38,0.748731,7.29919,13.62756,0.732878,3715.03,1500.0,479.6221923828125
355.133,0.179634,3.71033,4.19551,1.29359,12.1296,1500.0,95.75360870361328
1069.47,0.516388,3.65254,4.23292,1.29445,47.9391,1500.0,289.2004089355469
4664.25,0.801874,11.01623,12.67575,0.42809,1844.68,1500.0,579.8306274414062
325.948,0.238668,3.34026,3.97657,1.20175,6.6139,1500.0,91.01709747314453
513.356,0.232446,4.67414,4.96255,1.3922,54.4722,1500.0,111.85128021240234
1159.51,0.412831,8.60619,8.80218,1.08576,536.493,2000.0,203.70668029785156
1059.27,0.3293,7.2375,7.6109,1.06551,84.3891,2000.0,176.8582305908203
2181.63,0.618318,4.97692,7.78903,0.998405,796.414,2000.0,383.8188781738281
3059.91,0.718266,7.74543,8.99236,0.742029,975.395,2000.0,622.0735473632812
2367.99,0.697585,10.44982,11.29164,0.724033,466.844,2000.0,573.6902465820312
333.364,0.226655,3.54059,4.07425,1.54706,5.30463,2000.0,90.947998046875
2499.49,0.69201,9.87708,10.25996,0.695348,430.813,2000.0,579.5458374023438
2624.35,0.818814,15.55152,17.13657,0.675371,2961.21,2000.0,394.115966796875
768.68,0.400575,3.95797,4.57978,1.15689,12.1759,2000.0,209.45639038085938
3196.03,0.718786,9.84058,13.15285,0.6273,1839.18,2000.0,588.5159912109375
738.158,0.334764,4.15654,5.26025,1.21753,42.3189,2000.0,140.48495483398438
585.869,0.449581,4.29562,4.57337,1.33347,11.424,2000.0,202.8818359375
652.745,0.318454,3.66631,4.32341,1.28965,36.2822,2000.0,155.37603759765625
1199.54,0.463706,13.64902,14.54279,0.895267,1292.15,2000.0,254.1610107421875
684.878,0.470156,3.38816,7.36094,1.38705,132.374,2000.0,190.97593688964844
2249.27,0.586318,8.43976,8.84605,0.738886,497.573,2000.0,453.0841979980469
789.679,0.32303,4.49036,5.02611,1.13366,21.9306,2000.0,183.5849609375
2760.41,0.66809,7.28933,9.34478,0.764484,2287.19,2000.0,498.4156799316406
310.725,0.15549,4.88842,5.65624,1.66872,49.8768,2000.0,55.953033447265625
2828.36,0.853268,18.98412,20.67664,0.49838,5534.4,2000.0,504.3654479980469
844.592,0.412952,4.27323,5.54712,1.3501,51.7723,2000.0,208.0795440673828
2175.4,0.555023,4.61194,5.81684,0.824383,348.298,2000.0,425.9658203125
1593.46,0.571585,6.8883,7.10666,1.01894,110.659,2000.0,349.3330078125
1304.5,0.51195,5.03921,6.64847,0.937387,342.639,2000.0,320.3609619140625
3345.25,0.638258,6.38072,11.29151,0.607676,1167.67,2000.0,535.9513549804688
4686.25,0.828106,10.56834,16.78159,0.43534,9057.41,2000.0,807.4617919921875
509.803,0.28084,3.84744,4.86337,1.38845,56.5123,2000.0,119.73751068115234
2648.08,0.779345,13.64704,13.84369,0.60936,761.589,2000.0,777.2257080078125
656.938,0.302096,4.84293,6.18702,1.34513,95.8884,2000.0,141.921142578125
1034.2,0.316298,5.65556,6.21677,1.15778,74.4458,2000.0,176.341796875
3181.49,0.727489,8.91604,10.0097,0.655135,605.178,2000.0,657.3858642578125
2288.56,0.565001,5.09058,8.52463,0.865556,333.606,2000.0,360.1389465332031
504.781,0.281434,5.11449,6.81451,1.74587,241.073,2000.0,82.21912384033203
3384.32,0.764416,7.80195,13.22033,0.592616,1990.29,2000.0,710.2470703125
684.72,0.320821,4.14866,5.86358,1.54485,75.0277,2000.0,132.76654052734375
3055.64,0.706739,7.98734,8.54597,0.735999,507.127,2000.0,696.8743896484375
811.39,0.326791,4.02577,5.9605,1.20963,50.3607,2000.0,128.8038330078125
1100.77,0.402275,8.93896,10.05032,1.17551,396.519,2000.0,142.2993927001953
5504.69,0.792088,7.77738,11.02492,0.42585,2571.92,2000.0,821.4222412109375
2249.3,0.705944,7.71777,7.98158,0.791442,310.918,2000.0,612.6359252929688
1766.5,0.522483,4.8264,6.41015,1.04828,133.046,2000.0,324.3918762207031
5485.24,0.899451,9.53743,16.62467,0.286881,8729.6,2000.0,836.3402099609375
1430.39,0.553552,6.19458,7.12897,1.09503,218.979,2000.0,340.8984680175781
795.521,0.421962,4.12373,5.3587,1.24554,14.6784,2000.0,179.9149627685547
4085.21,0.829019,14.05617,19.85575,0.420122,5735.94,2000.0,562.7711791992188
1263.05,0.388729,4.58384,5.18579,1.07364,70.4019,2000.0,225.86192321777344
1016.79,0.41285,7.54065,7.97816,1.2061,183.202,2000.0,224.27081298828125
269.726,0.201388,3.60189,3.9946,1.39587,3.95693,2000.0,85.95149993896484
2277.72,0.826697,12.81658,20.09464,0.738244,5624.05,2000.0,452.76800537109375
659.493,0.302825,7.06356,8.2895,1.53659,289.885,2000.0,105.44834899902344
366.851,0.21454,4.27879,4.43538,1.30702,0.678938,2000.0,89.75862121582031
3468.46,0.740024,9.0912,12.62335,0.571731,1200.53,2000.0,665.6627197265625
1172.1,0.504433,5.51627,6.06516,1.25548,234.267,2000.0,240.6157684326172
1453.98,0.507912,6.41234,8.04773,0.97344,223.399,2000.0,339.0033874511719
2170.45,0.606515,7.77193,8.51295,0.845119,1166.02,2000.0,459.5313720703125
4234.64,0.856536,14.19197,20.49178,0.401734,6185.06,2000.0,564.6857299804688
105.093,0.101582,3.43979,4.25823,1.87721,3.65254,2000.0,43.53811264038086
3794.44,0.825273,8.71165,16.26947,0.553458,5419.45,2000.0,745.9053955078125
2656.86,0.598405,4.7875,6.71358,0.938518,736.12,2000.0,370.41815185546875
5852.99,0.931658,18.90643,23.49077,0.194037,15141.3,2000.0,723.7547607421875
970.298,0.334791,5.59583,5.75077,1.14194,44.4105,2000.0,157.9990234375
4678.35,0.86306,14.45453,18.76661,0.320539,3663.6,2000.0,692.6666870117188
399.589,0.258531,5.21368,6.98088,1.80262,108.86,2000.0,79.8278579711914
1137.94,0.458952,4.44446,6.92325,1.06204,309.406,2000.0,266.7473449707031
4862.76,0.830522,10.71027,14.99859,0.371226,2025.2,2000.0,839.6500854492188
216.702,0.14189,3.61746,4.27626,1.51339,6.01851,2000.0,51.953704833984375
1153.93,0.495585,4.09745,8.5636,1.27169,195.277,2000.0,222.28884887695312
2510.08,0.67395,8.73683,10.45254,0.741843,976.467,2000.0,534.9404907226562
1342.48,0.702478,10.90331,11.59526,1.14284,408.94,2000.0,429.4184265136719
823.705,0.327819,5.83256,7.96297,1.44325,114.25,2000.0,117.23784637451172
770.396,0.346027,7.65756,8.0902,1.28546,100.539,2000.0,171.76596069335938
2352.07,0.60295,6.81691,8.71267,0.962006,712.38,2000.0,374.0638732910156
1783.81,0.592447,7.2857,8.60956,0.953722,207.631,2000.0,401.55767822265625
2957.21,0.717378,5.86051,7.77048,0.788055,697.762,2000.0,576.2174682617188
5323.34,0.821048,7.34149,10.78885,0.453672,941.131,2000.0,908.4036865234375
570.165,0.287892,8.321,8.475,1.35093,104.34,2000.0,134.374267578125
4856.34,0.817091,9.68971,10.70795,0.455147,3308.05,2000.0,956.9203491210938
3359.79,0.730307,7.44326,14.98593,0.586937,2045.37,2000.0,515.3155517578125
638.726,0.349405,3.83433,6.32172,1.93178,95.2963,2000.0,120.24032592773438
3619.21,0.663244,5.72182,7.59982,0.718822,557.885,2000.0,491.8365173339844
3232.47,0.799625,8.54235,16.29391,0.65191,5024.82,2000.0,642.515380859375
2514.24,0.654928,5.60232,8.7867,0.814573,603.068,2000.0,473.824951171875
4713.86,0.837215,9.78493,11.36631,0.423394,2401.43,2000.0,776.9231567382812
89.075,0.102716,3.40653,3.86071,1.60741,2.21383,2000.0,48.26802444458008
671.88,0.287224,3.87592,5.86065,1.34013,54.0978,2000.0,144.46853637695312
6094.68,0.891502,12.74906,24.79642,0.260743,10320.0,2000.0,799.5909423828125
3285.63,0.885717,35.18723,35.59351,0.274002,7071.72,2000.0,819.143310546875
3795.86,0.718487,6.83385,9.32792,0.664357,690.507,2000.0,606.1864624023438
920.422,0.389733,3.81236,5.23715,1.15722,27.5287,2000.0,224.19020080566406
506.72,0.293982,3.51626,5.01624,1.35855,78.2644,2000.0,128.45999145507812
355.697,0.186828,3.90764,4.90449,1.18269,20.6429,2000.0,84.87535858154297
1502.14,0.537366,9.75228,11.21934,1.00215,841.258,2000.0,334.8509216308594
1632.95,0.47238,5.19631,6.57008,1.04013,140.297,2000.0,258.8340148925781
1523.85,0.514727,4.6576,6.14231,0.99681,280.281,2000.0,330.5791931152344
683.07,0.305433,4.8488,5.62811,1.19831,97.6722,2000.0,139.16542053222656
2058.28,0.695745,11.14244,12.81167,0.923167,1427.8,2000.0,330.5420227050781
2319.94,0.648886,5.95985,12.70952,0.835037,1407.71,2000.0,480.5319519042969
872.562,0.438713,3.41317,4.61057,1.15174,33.5282,2000.0,224.0927276611328
1724.3,0.600002,21.06171,21.39421,0.603094,1161.18,2000.0,268.2299499511719
2745.66,0.753212,13.39413,13.72489,0.581751,727.249,2000.0,767.2156372070312
1823.81,0.441331,3.98378,5.55691,0.907726,101.741,2000.0,293.6195068359375
2227.01,0.686703,9.24835,10.72219,0.766088,508.707,2000.0,543.86474609375
2677.63,0.642306,7.12597,10.19107,0.727457,2448.27,2000.0,535.9948120117188
256.887,0.187563,3.31872,4.55826,1.63756,14.521,2000.0,65.43701934814453
2379.68,0.578311,4.27312,10.24904,0.832618,798.347,2000.0,411.26287841796875
5610.6,0.853637,9.61299,15.79901,0.32816,3085.96,2000.0,848.0803833007812
1002.06,0.563187,20.07976,20.40953,0.95741,1099.34,2000.0,180.04147338867188
1214.21,0.475957,5.56724,6.4213,1.18737,156.311,2000.0,253.98898315429688
1105.78,0.51971,3.91049,7.77395,1.31922,327.477,2000.0,245.66416931152344
1457.27,0.509037,10.45207,10.9187,0.900328,273.858,2000.0,332.9801025390625
623.27,0.228691,4.01228,5.13923,1.24432,29.9249,2000.0,96.26145935058594
3662.74,0.71561,6.10487,10.15836,0.661659,1480.45,2000.0,576.0443115234375
4588.11,0.819852,10.10777,14.72853,0.437926,2728.86,2000.0,620.7259521484375
2126.22,0.63338,9.15583,10.33095,0.818193,343.999,2000.0,438.1236877441406
2841.31,0.712582,9.47724,10.30799,0.682216,947.894,2000.0,601.00439453125
3389.91,0.699048,6.94794,7.44963,0.661915,703.086,2000.0,671.6404418945312
1006.22,0.447186,9.06251,9.30108,1.14268,298.757,2000.0,244.0418701171875
1286.75,0.502888,5.50232,6.03879,1.14805,96.4361,2000.0,278.8664855957031
804.802,0.304068,7.00284,7.30428,1.34585,138.799,2000.0,115.64279174804688
1458.25,0.460259,4.50451,6.30462,1.07473,477.323,2000.0,258.2055969238281
5017.17,0.857199,13.84638,17.32885,0.322854,3673.13,2000.0,748.551025390625
1084.78,0.441201,4.71983,7.22533,1.2728,391.098,2000.0,200.10435485839844
3215.82,0.765603,8.7466,15.0627,0.615261,2999.92,2000.0,608.0152587890625
1413.14,0.485464,8.81195,9.5856,0.967941,657.615,2000.0,267.02471923828125
1948.24,0.597113,6.41806,7.56456,0.846721,218.564,2000.0,448.9227294921875
2526.75,0.72331,13.87129,14.14103,0.615802,780.416,2000.0,653.0581665039062
4990.68,0.806589,9.97232,12.71792,0.43774,1685.94,2000.0,858.8421630859375
5214.39,0.930601,18.24101,20.55785,0.211574,14600.4,2000.0,573.8265380859375
3723.75,0.791217,11.91988,13.04258,0.500417,1830.47,2000.0,769.4624633789062
943.592,0.410684,3.73711,6.208,1.18822,203.809,2000.0,199.16697692871094
246.257,0.294688,3.53741,4.67456,1.77365,11.3641,2000.0,105.50186157226562
2120.03,0.56249,6.13604,7.22689,0.829062,263.951,2000.0,389.6676330566406
2716.78,0.675375,5.87922,8.1961,0.787627,1118.77,2000.0,576.0496215820312
2950.4,0.720254,6.58792,10.18099,0.751449,1397.04,2000.0,539.3844604492188
617.801,0.366625,3.69917,4.53149,1.23613,28.0653,2000.0,198.25921630859375
2244.76,0.693431,9.1522,9.63104,0.7579,376.459,2000.0,586.5789794921875
568.155,0.260659,4.5908,5.31429,1.25127,14.1996,2000.0,123.96571350097656
1517.52,0.563823,15.17672,15.47094,0.784045,635.726,2000.0,320.7045593261719
663.432,0.36581,3.91855,4.25399,1.33959,7.53117,2000.0,219.6732940673828
1497.43,0.523983,4.0124,7.20106,1.07606,130.76,2000.0,296.6033935546875
1828.56,0.480532,4.65968,7.79878,0.999816,419.99,2000.0,268.4626159667969
3720.28,0.70731,8.65671,10.95734,0.576674,1068.74,2000.0,612.3628540039062
750.233,0.315575,6.39249,6.91985,1.2385,48.2938,2000.0,129.79986572265625
3432.64,0.740819,8.09575,11.37809,0.653102,2528.79,2000.0,687.7380981445312
384.19,0.217751,5.31658,6.24429,1.61602,24.7632,2000.0,69.37705993652344
1415.52,0.453346,5.20145,6.35686,1.00315,91.1252,2000.0,312.7946472167969
3575.48,0.758931,8.25495,10.26356,0.619144,816.69,2000.0,655.5999145507812
2201.62,0.633124,7.36997,7.90152,0.808394,259.504,2000.0,528.690185546875
5851.74,0.866192,10.92072,13.50709,0.341349,3228.36,2000.0,865.1001586914062
578.573,0.415171,3.82114,4.4126,1.3331,5.97359,2000.0,209.6466522216797
5424.24,0.890077,12.89471,19.45037,0.273651,4596.55,2000.0,718.0741577148438
1774.98,0.612073,6.40284,7.25825,0.967787,193.262,2000.0,432.3480224609375
608.159,0.261122,5.05303,5.53017,1.43739,33.6452,2000.0,97.01972961425781
300.242,0.185707,3.40718,4.87348,1.64536,15.5721,2000.0,62.4853401184082
2573.76,0.724723,13.94706,14.21429,0.615713,775.484,2000.0,665.7901611328125
780.053,0.504003,4.76031,5.89055,1.80446,120.723,2000.0,151.42819213867188
2216.57,0.762427,9.83629,10.68722,0.937603,1362.6,2000.0,442.5393981933594
245.691,0.122818,4.14684,5.73788,1.57122,19.8504,2000.0,37.54460906982422
2123.09,0.590581,6.63319,8.70358,0.948041,407.094,2000.0,380.643310546875
1018.33,0.339494,4.20701,5.02118,1.25172,139.072,2000.0,168.15106201171875
2785.15,0.749419,6.72902,16.05016,0.730877,4297.33,2000.0,588.53369140625
1155.68,0.569859,5.85167,7.65813,1.39648,248.294,2000.0,247.67727661132812
1747.58,0.620049,4.75702,9.29926,1.12435,541.32,2000.0,380.859130859375
432.688,0.290225,4.89389,7.09778,1.893,115.119,2000.0,119.56746673583984
3572.78,0.736228,7.62125,15.25695,0.589931,2879.53,2000.0,552.187744140625
3311.68,0.737479,10.40192,10.94533,0.588886,1215.34,2000.0,794.8351440429688
871.929,0.374354,4.13805,5.09764,1.22847,243.909,2000.0,199.218505859375
1111.67,0.384318,4.22682,5.91289,1.16667,333.576,2000.0,194.65048217773438
4003.5,0.744037,7.11698,9.21058,0.583153,864.502,2000.0,774.9769287109375
3233.06,0.745803,8.56837,8.98965,0.638163,485.861,2000.0,755.1375122070312
1877.15,0.703965,12.82517,13.23202,0.836084,883.808,2000.0,446.8114929199219
3309.16,0.69618,8.38024,12.53613,0.629355,1450.51,2000.0,490.0236511230469
1020.07,0.404948,3.39011,4.59411,1.04108,36.6507,2000.0,255.3880157470703
2069.79,0.691127,12.00386,12.89256,0.813885,1165.18,2000.0,486.26373291015625
429.836,0.209559,4.81002,4.97387,1.49918,30.2905,2000.0,71.24687957763672
2162.24,0.688919,8.84826,9.35714,0.787947,387.087,2000.0,558.1893310546875
1203.19,0.477893,12.19093,12.70775,1.00108,330.486,2000.0,239.1403350830078
1840.76,0.541301,4.70265,6.16919,1.02069,271.654,2000.0,341.8797302246094
2807.26,0.711151,10.0958,11.43325,0.64367,470.232,2000.0,642.960693359375
1113.38,0.436191,5.44567,6.09891,1.20328,74.1063,2000.0,206.8076171875
739.732,0.286398,5.28878,7.56137,1.34439,177.909,2000.0,125.63042449951172
3457.98,0.80146,8.54555,16.21346,0.611355,4972.3,2000.0,716.1929931640625
1234.83,0.426696,4.42942,5.41221,1.09119,109.794,2000.0,233.72683715820312
1575.2,0.595818,14.70735,15.03083,0.803945,676.51,2000.0,326.1907653808594
2601.36,0.700419,8.37962,12.9149,0.81509,1740.67,2000.0,505.4345703125
4338.88,0.868199,15.23848,20.48241,0.37136,6289.83,2000.0,728.0316772460938
2343.55,0.607795,5.02811,6.40192,0.979489,786.755,2000.0,391.57501220703125
1081.17,0.480065,4.43433,6.7659,1.40398,102.083,2000.0,192.98951721191406
2585.24,0.630993,6.63907,7.99277,0.795414,644.314,2000.0,508.226806640625
3019.59,0.762186,9.09565,16.19671,0.657643,4659.27,2000.0,585.593505859375
206.848,0.201781,3.54304,5.46282,3.2346,79.1488,2000.0,47.27925491333008
1071.73,0.531008,7.17553,7.23663,1.30222,206.019,2000.0,262.259521484375
682.755,0.343771,3.82707,5.02799,1.43984,52.6153,2000.0,138.2911834716797
1482.03,0.522326,3.76975,5.56326,1.05495,146.377,2000.0,289.52130126953125
4951.31,0.877522,15.2363,20.46288,0.333782,6487.13,2000.0,662.6064453125
903.783,0.425346,6.35193,6.64978,1.52896,105.201,2000.0,128.05101013183594
3177.38,0.834498,24.37253,25.24097,0.375162,3451.47,2000.0,695.98095703125
4508.16,0.838406,11.7971,14.53446,0.455809,2067.63,2000.0,801.2681884765625
2354.15,0.627292,5.57263,7.56849,0.813355,718.571,2000.0,490.7351379394531
2543.04,0.73835,9.24666,10.74854,0.712321,559.181,2000.0,627.177734375
3696.83,0.767047,7.13375,13.23141,0.615646,1710.75,2000.0,678.0299682617188
3383.28,0.720211,7.36693,15.29874,0.615216,1873.14,2000.0,568.8856811523438
3062.6,0.846196,14.89873,20.58026,0.528244,6108.91,2000.0,494.1847229003906
2201.63,0.608498,6.06628,8.52309,0.834245,319.815,2000.0,447.690673828125
2428.76,0.58499,5.16959,7.39085,0.891041,367.865,2000.0,375.8548278808594
2496.4,0.695024,11.39426,11.91951,0.653035,530.837,2000.0,673.9522094726562
1879.37,0.590536,4.34545,7.29853,1.01363,418.317,2000.0,380.7314147949219
544.534,0.299539,3.67508,4.53045,1.25474,22.0051,2000.0,182.610595703125
609.512,0.290389,8.59802,9.22942,1.33118,110.328,2000.0,127.81873321533203
4543.55,0.817272,13.05535,17.81966,0.34892,3974.5,2000.0,643.559326171875
763.715,0.356961,4.31676,5.7617,1.42422,135.712,2000.0,152.34361267089844
1671.22,0.448023,4.88177,6.83261,0.911703,161.891,2000.0,273.9349365234375
3558.75,0.734937,6.97145,12.92957,0.640183,1763.22,2000.0,590.8801879882812
5445.84,0.873624,12.06541,14.74244,0.314856,3108.63,2000.0,639.8759765625
387.939,0.180092,4.35357,5.98205,1.37948,47.5539,2000.0,69.58383178710938
2061.9,0.626998,7.06154,7.73493,0.832994,252.428,2000.0,499.30169677734375
385.595,0.249287,4.73913,6.78434,1.67726,83.1177,2000.0,85.09530639648438
1018.54,0.347923,4.98731,5.98389,1.13194,316.531,2000.0,166.22488403320312
2582.74,0.608031,4.97621,6.38041,0.877217,176.061,2000.0,419.50262451171875
822.848,0.474241,3.57877,7.33615,1.52144,149.663,2000.0,180.7755126953125
2552.6,0.65417,5.36429,6.89312,0.885693,833.467,2000.0,457.0459289550781
974.815,0.566854,4.41611,8.84068,2.0041,203.198,2000.0,202.57447814941406
34.8268,0.0639875,3.33459,3.63294,2.32299,0.68386,2000.0,15.90046215057373
598.624,0.285966,4.33304,4.97583,1.24699,31.9927,2000.0,122.11202239990234
4664.25,0.801874,11.01623,12.67575,0.42809,1844.68,2000.0,789.8196411132812
460.682,0.267865,5.37127,5.95497,1.59015,48.7912,2500.0,95.15913391113281
4487.68,0.782606,7.68602,9.42926,0.564412,1553.01,2500.0,854.53515625
3276.43,0.765398,5.14858,9.98441,0.745628,1478.44,2500.0,691.1293334960938
1059.27,0.3293,7.2375,7.6109,1.06551,84.3891,2500.0,184.87228393554688
2395.41,0.65804,8.09366,9.51153,0.730207,1423.46,2500.0,591.1397094726562
5097.98,0.824427,9.83236,13.21542,0.359306,3515.45,2500.0,953.8403930664062
4241.76,0.835701,9.05534,16.19555,0.4334,3468.51,2500.0,755.8916625976562
4202.81,0.728724,7.77732,9.16905,0.568074,552.528,2500.0,746.647705078125
2180.49,0.681437,10.44088,11.84137,0.777818,478.619,2500.0,563.321044921875
316.883,0.18142,3.52111,4.18919,1.35803,12.487,2500.0,99.26705932617188
116.565,0.115039,3.53045,3.93033,1.5557,1.57814,2500.0,56.59938430786133
341.97,0.25238,3.70725,4.30748,1.50797,5.57415,2500.0,115.93352508544922
1737.08,0.676129,10.41874,10.75057,0.965782,441.989,2500.0,449.88525390625
4672.62,0.818789,10.47578,14.5492,0.421448,3051.49,2500.0,1054.5618896484375
3327.88,0.717951,5.58933,8.45106,0.700831,501.565,2500.0,680.4281616210938
3687.08,0.693719,7.67445,11.26188,0.543492,1843.93,2500.0,689.4432983398438
2197.18,0.752802,10.58314,11.64559,0.904924,1351.67,2500.0,507.7525939941406
1093.79,0.393129,4.98135,6.03909,1.12289,190.597,2500.0,215.27235412597656
3601.36,0.768025,9.67229,10.76037,0.565402,3327.62,2500.0,771.5341186523438
156.467,0.1268,3.80446,4.05646,1.70187,5.32432,2500.0,50.35892868041992
3503.17,0.760407,7.41763,9.94522,0.635874,785.835,2500.0,786.709228515625
1467.02,0.573246,13.41138,13.79527,0.886346,456.53,2500.0,359.91802978515625
5747.19,0.904832,15.32987,19.94357,0.257754,10903.6,2500.0,1067.3153076171875
2716.84,0.779287,14.43105,14.88088,0.588216,2329.67,2500.0,669.77734375
1802.94,0.604757,15.33673,15.6021,0.691203,694.043,2500.0,457.0300598144531
3401.36,0.636964,5.57432,7.17859,0.747814,459.803,2500.0,488.19464111328125
461.909,0.251632,3.58682,4.6865,1.57317,21.6312,2500.0,91.06493377685547
5032.26,0.875387,15.18981,20.47722,0.329021,6446.17,2500.0,933.9766845703125
897.636,0.440695,3.44357,6.12761,1.34631,65.1281,2500.0,256.33294677734375
2723.69,0.66725,8.61866,9.18089,0.690354,366.9,2500.0,645.084716796875
4785.79,0.756806,11.79109,13.94802,0.411838,2000.67,2500.0,846.7349853515625
4892.13,0.79176,8.59277,13.05853,0.444467,1192.24,2500.0,966.9351196289062
1577.26,0.51422,5.19593,6.87888,1.07505,284.42,2500.0,293.4457702636719
3163.29,0.68597,6.29952,11.91303,0.731845,1353.03,2500.0,584.4461059570312
3202.52,0.757704,4.979,10.36306,0.762533,1390.1,2500.0,672.5153198242188
219.282,0.129457,4.36113,4.57268,1.52264,13.3365,2500.0,53.22929763793945
5025.9,0.814343,8.80574,10.73588,0.459631,2510.24,2500.0,1048.568603515625
1828.83,0.542798,5.35253,7.29785,0.940449,285.243,2500.0,372.0486755371094
3056.52,0.881128,30.77326,30.95304,0.329958,4803.06,2500.0,1005.2972412109375
1034.2,0.316298,5.65556,6.21677,1.15778,74.4458,2500.0,183.392333984375
3789.76,0.78844,8.94702,10.49274,0.611911,1022.42,2500.0,782.5596313476562
922.017,0.487442,4.10688,5.57457,1.26835,31.9638,2500.0,266.6692199707031
4652.18,0.72119,6.27049,8.4008,0.602638,501.815,2500.0,731.34912109375
1395.99,0.474788,4.3691,6.64425,1.11259,618.72,2500.0,252.57696533203125
2763.0,0.723722,8.89347,10.01436,0.743624,1541.14,2500.0,620.4186401367188
2635.7,0.679664,6.70256,8.23267,0.819144,632.501,2500.0,555.3043212890625
2161.71,0.578193,7.6102,8.51164,0.83005,510.182,2500.0,422.7132873535156
3241.23,0.638504,6.85417,7.89715,0.678494,399.688,2500.0,572.7039184570312
3944.35,0.849863,12.92549,16.02659,0.43299,2914.68,2500.0,771.3119506835938
5085.31,0.847688,10.16827,13.89185,0.358594,2181.12,2500.0,1066.7615966796875
2013.08,0.589731,6.08879,8.84753,0.928483,903.676,2500.0,418.9390869140625
170.039,0.102995,3.86903,4.69229,1.50773,11.7382,2500.0,51.74326705932617
266.564,0.182685,3.54222,4.41986,2.23775,8.09169,2500.0,68.68168640136719
272.399,0.181177,3.45919,4.59792,2.08076,13.1665,2500.0,62.56996154785156
802.448,0.422367,3.66693,5.25057,1.96109,175.629,2500.0,140.4129638671875
3333.2,0.791543,7.86745,16.18998,0.632308,4856.27,2500.0,734.3099365234375
1638.88,0.585929,7.08598,7.29025,0.948221,151.304,2500.0,410.8741149902344
3394.83,0.700566,5.9957,8.57087,0.754374,551.171,2500.0,592.375
561.144,0.272078,3.92759,5.14759,1.35109,45.539,2500.0,128.02301025390625
4990.14,0.82237,9.60056,12.42628,0.400331,1770.96,2500.0,1029.0067138671875
2862.47,0.728803,6.52184,13.30637,0.74404,1525.94,2500.0,592.3522338867188
2242.51,0.570637,4.73434,6.42533,0.894441,517.402,2500.0,386.1830749511719
514.869,0.499213,3.385,7.5389,1.48862,104.034,2500.0,216.48028564453125
4652.82,0.82567,11.56288,18.03241,0.444334,5316.83,2500.0,943.2373046875
2474.96,0.617248,5.10514,10.34455,0.832061,915.456,2500.0,482.95684814453125
1303.49,0.532967,6.44348,8.92958,1.31326,1421.6,2500.0,241.06739807128906
728.675,0.325382,3.43664,4.7143,1.2459,18.5774,2500.0,156.5101318359375
825.624,0.412583,3.71777,5.44349,1.44759,82.4465,2500.0,192.75559997558594
728.946,0.451467,5.1553,6.34985,1.63687,63.7631,2500.0,162.1219482421875
1904.26,0.548241,4.73536,6.65322,1.02552,445.775,2500.0,352.3229064941406
407.499,0.177117,4.3574,5.09729,1.38013,31.7995,2500.0,70.90153503417969
1766.1,0.531874,4.23431,6.33047,1.15469,114.998,2500.0,307.0562438964844
1213.89,0.517033,3.89522,5.74705,1.47019,216.745,2500.0,227.14988708496094
2318.62,0.542516,5.74357,7.18852,0.841893,233.995,2500.0,373.7956848144531
967.477,0.512258,4.30007,7.80705,1.10005,429.252,2500.0,308.8033142089844
3387.52,0.795102,10.15851,13.83164,0.620428,2113.07,2500.0,749.531005859375
713.711,0.465322,3.50727,4.99124,0.989693,27.7349,2500.0,300.8058776855469
1088.69,0.362121,4.16339,5.46662,1.28676,78.8293,2500.0,169.80970764160156
1469.2,0.47359,3.908,5.72994,1.10736,80.9689,2500.0,285.3273620605469
800.879,0.292361,3.85376,4.77427,1.2469,63.0217,2500.0,140.84202575683594
1233.85,0.452422,6.1328,6.91666,1.03317,110.45,2500.0,284.57568359375
2331.31,0.66103,11.82551,12.49784,0.71503,674.952,2500.0,562.4630737304688
423.433,0.303309,4.0294,5.47363,1.4212,64.1475,2500.0,148.43563842773438
1517.06,0.599736,4.5044,7.23245,1.14654,107.548,2500.0,328.7860107421875
4312.44,0.886534,14.20116,24.85992,0.312714,10858.4,2500.0,687.9580688476562
1896.5,0.51438,5.26799,7.40549,0.980776,357.573,2500.0,334.8788146972656
949.316,0.463024,4.01067,7.34023,1.13764,270.192,2500.0,245.21299743652344
1176.74,0.464293,4.98557,6.38893,1.04777,290.128,2500.0,246.91566467285156
3623.24,0.793443,9.41629,12.75036,0.573533,2095.63,2500.0,846.9779052734375
2990.8,0.658786,6.22685,7.21056,0.75617,393.066,2500.0,628.74462890625
3447.13,0.730567,6.91479,11.17224,0.678046,1972.2,2500.0,658.3922729492188
454.035,0.324778,3.44851,5.91978,1.36246,53.592,2500.0,126.81599426269531
2949.51,0.755126,12.2893,14.34362,0.611585,3311.27,2500.0,611.3182373046875
3011.48,0.709141,7.8063,10.73274,0.688428,674.682,2500.0,646.3689575195312
1913.97,0.672638,7.33159,7.92173,0.864348,221.889,2500.0,549.3423461914062
1089.11,0.35703,4.83425,5.26126,1.17599,107.426,2500.0,199.86814880371094
2487.23,0.738773,8.82257,9.07893,0.697053,431.452,2500.0,684.823974609375
881.16,0.405313,6.70188,7.1726,1.25647,60.1629,2500.0,226.90953063964844
3858.39,0.734323,9.24117,13.36762,0.55466,1978.23,2500.0,705.1474609375
2009.07,0.691161,21.00636,21.31576,0.600885,1335.52,2500.0,434.7095642089844
1642.92,0.566347,13.74276,13.8878,0.771944,448.954,2500.0,435.431884765625
4174.12,0.68135,6.78201,9.68505,0.551144,887.256,2500.0,685.7252197265625
397.581,0.210002,3.7264,5.07751,1.5036,55.2024,2500.0,80.69463348388672
435.379,0.173037,3.92612,4.76508,1.41072,25.7543,2500.0,72.21309661865234
2550.52,0.715819,7.5873,9.02249,0.745726,374.187,2500.0,656.4613647460938
2759.69,0.688254,4.56573,10.22201,0.855708,1058.43,2500.0,486.6164245605469
2329.06,0.616176,4.89187,6.94294,0.841995,495.549,2500.0,499.0805358886719
2980.09,0.763458,7.38936,15.12652,0.700504,3957.19,2500.0,634.2196044921875
3847.46,0.755374,8.4046,11.12033,0.563117,1351.92,2500.0,774.4476928710938
961.143,0.386534,3.44385,4.44397,1.19026,17.5447,2500.0,224.3283233642578
1270.95,0.55479,6.61249,6.85759,1.13796,90.7373,2500.0,332.697265625
3136.94,0.629287,4.81421,7.15552,0.718399,587.405,2500.0,602.08544921875
4544.0,0.822375,9.45183,13.39023,0.442615,1535.56,2500.0,1055.7679443359375
166.498,0.133061,3.41571,4.11952,2.16044,1.78173,2500.0,42.87797927856445
202.777,0.128539,4.19529,4.4416,1.82662,12.9437,2500.0,43.28284454345703
4252.53,0.793353,8.45045,14.49699,0.485853,3087.21,2500.0,828.0682373046875
3634.14,0.678785,6.34239,8.3483,0.683431,423.94,2500.0,621.6405639648438
2470.4,0.654347,6.31663,6.54145,0.970399,296.131,2500.0,483.3212890625
3521.37,0.826364,11.54992,15.63525,0.556739,4147.99,2500.0,769.6937255859375
1919.09,0.654222,21.15175,21.48467,0.599454,1212.01,2500.0,320.88934326171875
3564.4,0.649691,5.0655,6.99717,0.717069,498.006,2500.0,527.9967041015625
1154.38,0.530632,3.89319,6.27199,1.08675,89.1975,2500.0,320.5941467285156
712.885,0.432243,3.84481,5.24665,1.49517,21.2363,2500.0,168.7843475341797
3572.57,0.697955,5.45579,7.95645,0.711918,408.83,2500.0,618.8283081054688
990.162,0.348465,4.9034,5.88243,1.15351,122.878,2500.0,176.32177734375
2949.73,0.807408,12.24453,14.81867,0.637018,3322.88,2500.0,685.1731567382812
933.981,0.397848,4.71932,5.82043,1.25744,74.997,2500.0,183.42471313476562
523.565,0.231956,3.97581,4.78782,1.68883,35.1227,2500.0,88.35137939453125
2638.8,0.697152,5.45463,6.27391,0.840598,351.92,2500.0,526.5785522460938
3055.04,0.862896,27.54555,27.96058,0.346112,4439.62,2500.0,925.6790161132812
1006.22,0.447186,9.06251,9.30108,1.14268,298.757,2500.0,250.87855529785156
1660.15,0.588067,15.63431,15.89187,0.696885,686.265,2500.0,422.66650390625
1721.3,0.586298,18.44161,18.80298,0.696591,1050.99,2500.0,288.6325378417969
3111.46,0.717539,7.46791,8.20583,0.714594,580.349,2500.0,707.9271850585938
327.549,0.181763,5.9567,7.2025,1.76656,86.6344,2500.0,63.41764831542969
4047.41,0.857742,13.96857,20.46019,0.415302,6019.68,2500.0,926.5304565429688
1650.78,0.486274,4.92555,6.0591,0.958997,126.147,2500.0,333.3229675292969
4231.57,0.847949,10.52518,13.68756,0.443721,4288.36,2500.0,862.2382202148438
179.685,0.134415,3.43279,4.17837,1.6251,1.87012,2500.0,94.61245727539062
1092.29,0.491217,5.56829,6.27579,1.17395,74.6418,2500.0,275.5544128417969
4675.38,0.834914,10.08699,16.60496,0.385751,4267.6,2500.0,943.1240234375
480.082,0.316249,3.41565,4.56273,1.21345,5.74121,2500.0,160.0201873779297
3215.82,0.765603,8.7466,15.0627,0.615261,2999.92,2500.0,692.3751220703125
1261.57,0.417392,5.93272,6.46305,0.915886,170.179,2500.0,294.7740478515625
3723.75,0.791217,11.91988,13.04258,0.500417,1830.47,2500.0,893.89208984375
2805.9,0.604171,6.49722,8.28323,0.781485,437.058,2500.0,503.160400390625
1764.81,0.627111,7.77795,9.81294,1.00644,618.97,2500.0,404.2220764160156
4641.45,0.819579,10.95727,12.99916,0.420824,2205.87,2500.0,983.6812744140625
52.8563,0.26865,3.30856,3.49339,2.0126,0.0731814,2500.0,36.10131072998047
1429.38,0.442938,4.25642,6.91434,1.01094,391.538,2500.0,273.710205078125
852.127,0.296631,5.16051,5.87396,1.29088,47.9205,2500.0,173.84542846679688
1696.7,0.536318,3.49332,4.81729,1.0161,151.041,2500.0,381.9808349609375
5128.3,0.885982,11.39279,20.44884,0.319634,6531.8,2500.0,1026.0919189453125
3071.58,0.712837,7.72419,10.59626,0.708095,1459.46,2500.0,619.87841796875
5378.2,0.820102,9.53287,11.8689,0.398722,2570.75,2500.0,1004.5191040039062
1201.28,0.524619,4.4273,5.23257,1.36812,108.517,2500.0,254.61000061035156
2051.1,0.579463,6.21637,7.42525,0.947745,403.532,2500.0,395.30157470703125
5154.68,0.859318,14.35644,17.89084,0.322474,5753.12,2500.0,1095.018798828125
649.706,0.256466,3.74003,4.19624,1.29946,16.6585,2500.0,126.22061157226562
5424.24,0.890077,12.89471,19.45037,0.273651,4596.55,2500.0,966.4402465820312
837.316,0.441762,3.49283,5.74125,1.35159,120.988,2500.0,197.28819274902344
2930.05,0.66799,7.64589,9.33097,0.683014,521.553,2500.0,617.0673828125
1609.85,0.511523,4.70183,6.70631,1.1491,543.626,2500.0,260.2396545410156
60.3546,0.130936,3.89586,4.81718,2.02712,10.1786,2500.0,52.323490142822266
4766.3,0.893425,13.13066,14.28469,0.338064,5957.47,2500.0,953.5018920898438
650.362,0.368702,4.59617,5.4851,1.42593,39.6667,2500.0,175.39817810058594
589.285,0.316252,4.99107,5.76916,1.71323,55.454,2500.0,93.92019653320312
3842.59,0.839914,14.90476,20.29451,0.416714,5823.75,2500.0,859.2423706054688
312.166,0.152252,4.1959,5.1077,1.46699,43.14,2500.0,69.28153991699219
5451.4,0.843866,11.75715,12.97532,0.369682,1917.79,2500.0,1183.7288818359375
1091.28,0.405986,3.52955,6.86967,1.07657,169.156,2500.0,252.18185424804688
4275.71,0.816619,9.44115,12.40119,0.466854,2077.61,2500.0,944.0667724609375
3571.24,0.753334,8.98268,9.68461,0.605683,1608.36,2500.0,777.6356201171875
1018.33,0.339494,4.20701,5.02118,1.25172,139.072,2500.0,172.482421875
1820.41,0.428259,3.6603,4.94822,0.831817,143.111,2500.0,356.9149475097656
1898.71,0.555832,4.83616,6.02546,1.00055,186.427,2500.0,328.4599609375
3465.02,0.712052,6.05581,7.8849,0.677875,889.124,2500.0,725.462158203125
202.828,0.291728,3.34967,4.09201,1.75648,1.74795,2500.0,128.39515686035156
1203.2,0.54582,14.37111,14.65004,1.01116,603.466,2500.0,283.17791748046875
1689.9,0.632828,21.90568,22.23157,0.626267,1261.19,2500.0,282.9615173339844
3410.82,0.715542,10.4086,13.04704,0.561746,2768.12,2500.0,627.2498168945312
2060.02,0.593118,5.54505,5.86846,0.98001,197.105,2500.0,440.46368408203125
1000.28,0.299369,4.60699,6.19682,0.982129,110.891,2500.0,170.5003204345703
449.522,0.215956,3.86789,6.84096,1.48349,112.334,2500.0,67.21536254882812
1622.94,0.653263,13.71386,13.99681,0.868235,10.9239,2500.0,480.29742431640625
2361.35,0.62565,6.25833,7.39578,0.812932,278.728,2500.0,506.36083984375
1427.23,0.5908,22.02729,22.12516,0.697686,1179.35,2500.0,262.65069580078125
239.158,0.145751,3.90737,4.12303,1.61004,6.52314,2500.0,64.45550537109375
2193.53,0.712909,7.69632,8.1937,0.816648,312.889,2500.0,573.4570922851562
1758.14,0.598118,19.25829,19.62001,0.656675,1152.29,2500.0,320.946044921875
2787.68,0.791763,9.99373,13.30826,0.775238,2231.02,2500.0,590.1593627929688
1462.92,0.515606,9.51549,10.09738,0.940414,732.543,2500.0,339.1979675292969
650.11,0.2996,3.53808,5.09231,1.35906,20.8378,2500.0,153.0204315185547
506.817,0.244029,3.72225,4.95389,1.27147,21.7538,2500.0,112.95745849609375
502.506,0.270464,3.5336,4.56582,1.22759,18.1173,2500.0,148.80308532714844
2808.54,0.729444,6.95706,7.79076,0.877474,1834.22,2500.0,494.88555908203125
1382.27,0.588364,6.80052,7.80808,1.11498,153.249,2500.0,365.6260681152344
3693.96,0.726988,7.03117,10.08382,0.596694,925.277,2500.0,735.9822387695312
3626.11,0.744641,7.16459,13.01797,0.619328,1840.81,2500.0,694.2528686523438
632.609,0.371855,5.01673,5.98792,1.82993,57.92,2500.0,139.07424926757812
1974.9,0.68155,21.97595,22.22491,0.559841,1301.75,2500.0,455.5609130859375
724.455,0.363761,3.39416,4.95312,1.09124,20.9723,2500.0,206.2218017578125
2686.87,0.785293,10.19165,14.03386,0.785855,2068.03,2500.0,573.8282470703125
724.291,0.317538,8.0277,8.95219,1.43654,317.189,2500.0,141.07676696777344
5388.27,0.787207,8.23077,11.46781,0.451491,1285.06,2500.0,955.7789306640625
639.032,0.323875,3.89265,4.99384,1.2834,57.8959,2500.0,148.8692169189453
1470.86,0.531075,5.12942,5.75402,1.09667,82.8944,2500.0,312.35406494140625
3278.19,0.686234,7.48202,11.12946,0.657184,1445.53,2500.0,611.4745483398438
198.611,0.155407,5.29237,6.10098,1.69093,49.9801,2500.0,32.932952880859375
1247.55,0.522639,10.933,11.30772,0.975801,25.8003,2500.0,329.1314697265625
571.038,0.232372,5.5774,7.50482,1.27543,111.628,2500.0,110.19921112060547
3527.8,0.763744,8.74656,12.19602,0.582316,1277.74,2500.0,723.2324829101562
647.507,0.248235,5.39424,6.64344,1.22047,193.02,2500.0,141.7432098388672
126.887,0.116814,3.41865,5.28956,1.75558,16.683,2500.0,21.94936752319336
2895.16,0.761305,13.76401,14.36989,0.557212,833.841,2500.0,859.710205078125
1036.96,0.414532,4.84938,5.68398,1.17384,62.414,2500.0,210.61659240722656
1081.17,0.480065,4.43433,6.7659,1.40398,102.083,2500.0,199.1645050048828
806.877,0.356089,4.81573,6.07261,1.4745,392.052,2500.0,156.50802612304688
3953.19,0.768411,8.42281,12.43552,0.520128,1273.0,2500.0,827.6318359375
2066.84,0.583232,7.65496,7.86287,0.783547,238.353,2500.0,499.8342590332031
991.189,0.562941,3.5861,9.40533,1.01026,577.297,2500.0,369.21282958984375
1897.66,0.55457,4.53561,5.96439,0.996703,387.809,2500.0,353.2505187988281
3335.37,0.764716,8.01464,14.63739,0.604012,2150.74,2500.0,718.0830078125
556.188,0.339343,4.4752,4.71483,1.3251,15.4578,2500.0,156.24758911132812
1212.93,0.465757,4.80285,5.98729,1.23836,149.893,2500.0,219.37852478027344
1141.29,0.429352,3.56768,5.08088,1.02576,48.6357,2500.0,222.89932250976562
832.25,0.472546,4.87369,5.54363,1.53124,39.316,2500.0,172.73968505859375
1271.82,0.479488,5.83776,6.70648,1.06347,90.2654,2500.0,290.4535827636719
2541.45,0.708536,7.23087,10.31929,0.839784,2224.75,2500.0,560.2547607421875
1425.58,0.549176,3.88377,11.91049,1.10607,676.881,2500.0,297.2880554199219
879.847,0.321803,7.00265,7.35115,1.27163,88.2146,2500.0,168.05563354492188
418.134,0.210408,3.77357,4.26796,1.16182,15.4639,2500.0,104.98892974853516
4311.51,0.780011,7.43038,13.1663,0.522971,2803.18,2500.0,840.8496704101562
870.194,0.430649,4.17496,5.6703,1.00517,72.9639,2500.0,259.9076843261719
1710.84,0.553702,7.60526,8.03483,0.883905,204.091,2500.0,420.0961608886719
686.098,0.296159,3.77491,4.86489,1.30337,26.4021,2500.0,138.1779022216797
5512.76,0.847416,9.92934,12.45532,0.362386,5917.5,2500.0,1115.340087890625
1004.91,0.350681,3.77123,5.45964,1.15454,39.2528,2500.0,179.31430053710938
1529.12,0.467984,5.50907,6.02782,0.941246,68.286,2500.0,310.173583984375
2415.45,0.605746,5.5286,7.65576,0.876424,340.481,2500.0,418.9383239746094
584.911,0.26944,4.15297,6.18217,1.34744,105.281,2500.0,131.51596069335938
1219.3,0.622008,10.08887,10.76028,1.2749,328.899,2500.0,335.38763427734375
2828.95,0.682553,12.49812,13.10066,0.572879,790.475,2500.0,717.2095947265625
1772.95,0.577276,5.81209,7.9142,1.03556,744.581,2500.0,354.8695068359375
219.94,0.114487,4.70133,5.33191,1.77897,23.4499,2500.0,41.36200714111328
1853.32,0.537532,6.45823,8.39764,0.948012,1225.27,2500.0,350.24652099609375
2913.58,0.670764,5.8563,11.18827,0.727996,1246.9,2500.0,552.9390258789062
545.77,0.317641,5.57329,5.98338,1.8413,80.3083,2500.0,100.37315368652344
2228.98,0.59032,5.22303,7.35729,0.811819,550.82,2500.0,475.8931884765625
880.099,0.473892,3.43586,7.4336,1.49781,177.935,2500.0,198.97970581054688
4763.43,0.822718,10.19974,12.54732,0.415763,1474.92,2500.0,1067.893310546875
652.883,0.293552,3.36131,4.52992,1.14581,33.3554,2500.0,172.11557006835938
1020.35,0.403233,9.44121,9.53639,1.05261,431.628,2500.0,218.1265411376953
493.517,0.238887,3.66766,4.80253,1.44522,20.1821,2500.0,96.87567138671875
3865.2,0.757494,9.08318,11.58331,0.57513,933.461,2500.0,783.2620849609375
394.949,0.221616,3.57988,5.30577,1.46095,41.6182,2500.0,95.826904296875
93.642,0.117045,3.30824,3.75333,1.46113,0.856259,2500.0,56.37617492675781
2046.94,0.658919,7.78441,8.10712,0.845555,301.572,2500.0,540.0990600585938
2961.85,0.659661,7.0048,7.46387,0.743614,493.914,2500.0,610.3909301757812
449.404,0.254281,3.41534,4.20033,1.21548,5.68568,2500.0,157.04539489746094
373.052,0.129269,4.12273,4.64053,1.08697,20.412,2500.0,77.1231918334961
5476.26,0.836508,10.79011,14.58941,0.353384,2972.69,2500.0,1057.1248779296875
553.739,0.222932,4.5038,5.60415,1.29741,56.5996,2500.0,91.13699340820312
5391.01,0.847631,11.24398,16.7896,0.328481,4123.08,2500.0,858.2305908203125
5430.44,0.867195,13.14236,16.67952,0.301156,3669.15,2500.0,1097.3046875
5537.93,0.88137,13.01166,19.36234,0.275434,3870.86,2500.0,1099.3984375
1315.05,0.446568,3.7784,5.02029,1.14495,86.4435,2500.0,291.8844299316406
3326.77,0.773509,7.51181,15.25728,0.626371,4172.29,2500.0,709.744873046875
3146.8,0.71811,7.85361,10.11987,0.688107,654.389,2500.0,665.7460327148438
1438.03,0.554116,5.52255,6.84376,1.02018,81.68,2500.0,360.0667419433594
459.744,0.24719,3.96923,4.80527,1.29763,24.0043,2500.0,102.17901611328125
7109.4,0.969208,28.01314,28.73069,0.0870713,40918.5,2500.0,1191.143310546875
4543.55,0.817272,13.05535,17.81966,0.34892,3974.5,2500.0,854.7423095703125
4064.93,0.816457,8.9722,12.09905,0.513824,1369.89,2500.0,984.1115112304688
3003.63,0.791779,9.44084,13.04738,0.674628,3512.0,2500.0,628.4335327148438
451.689,0.234953,3.87338,4.31645,1.54433,13.6487,2500.0,119.19681549072266
1514.38,0.541034,5.18197,6.05207,1.1317,109.203,2500.0,296.3489685058594
1017.29,0.393807,5.9614,6.63284,1.17037,372.639,2500.0,207.66192626953125
3091.36,0.719629,7.6442,10.29439,0.761804,1500.33,2500.0,569.5538940429688
1550.77,0.515974,6.03584,7.12489,0.962831,180.887,2500.0,358.6559143066406
651.8,0.287729,3.7962,5.83148,1.30187,57.3394,2500.0,123.14578247070312
2806.07,0.75423,6.42068,15.30996,0.727601,3922.88,2500.0,602.5343627929688
411.037,0.259237,4.09054,4.42525,1.45333,8.41101,2500.0,123.05977630615234
1568.45,0.489441,4.38562,5.7847,1.02688,183.069,2500.0,337.8490905761719
246.168,0.223662,3.68138,4.37722,1.70555,14.2571,2500.0,88.63146209716797
1018.19,0.437534,4.19809,6.29781,1.17214,114.035,2500.0,242.009765625
2196.96,0.689683,12.97785,13.36565,0.699764,786.156,2500.0,625.7637329101562
396.384,0.186658,4.97409,5.57071,1.49019,151.934,2500.0,76.01446533203125
1470.37,0.55732,8.91429,11.53447,1.13079,1129.73,2500.0,291.9668273925781
1465.92,0.499371,4.9373,6.11275,1.05964,148.334,2500.0,279.18792724609375
1599.87,0.629088,8.06082,8.81092,1.01433,213.351,2500.0,422.8153076171875
216.547,0.0985684,4.53975,5.13812,1.5345,16.9111,2500.0,46.18453598022461
4728.43,0.78935,6.84161,11.21041,0.547827,2028.72,2500.0,869.946044921875
2583.85,0.663529,5.61278,14.16801,0.719258,1294.88,2500.0,540.3704223632812
994.903,0.496688,6.05089,7.15376,1.26741,85.7602,2500.0,277.2939453125
1655.63,0.594549,7.19421,7.30289,0.99926,236.169,2500.0,406.17364501953125
4958.99,0.803676,9.72691,12.73225,0.398361,3286.84,2500.0,994.972900390625
5253.6,0.835703,10.18807,15.28634,0.379341,3118.63,3000.0,1263.85498046875
279.071,0.28578,3.38677,4.03941,1.4788,4.87885,3000.0,140.3271942138672
1427.6,0.427086,3.88694,5.73732,1.10551,73.346,3000.0,246.2720947265625
798.929,0.391614,10.34029,10.58098,1.33531,228.265,3000.0,225.98008728027344
316.883,0.18142,3.52111,4.18919,1.35803,12.487,3000.0,99.76398468017578
450.303,0.276434,5.26466,5.4862,1.5775,40.766,3000.0,86.60108947753906
369.537,0.172195,3.59174,4.32452,1.35617,8.05492,3000.0,110.77130126953125
604.138,0.318318,3.39833,5.08104,1.24934,39.8451,3000.0,126.79071807861328
4018.22,0.736959,9.8978,11.74237,0.52794,860.25,3000.0,779.2658081054688
3257.69,0.61532,7.65489,8.17116,0.646299,513.761,3000.0,582.2031860351562
3446.47,0.752674,10.13124,10.58972,0.589423,1007.54,3000.0,902.8580932617188
2858.37,0.796082,9.21859,13.38562,0.692885,1752.5,3000.0,685.9256591796875
302.574,0.202239,3.33009,4.165,1.42755,6.83391,3000.0,85.68218231201172
2721.32,0.748017,14.02508,14.36802,0.6033,921.137,3000.0,807.4013061523438
678.947,0.342753,9.59364,10.04299,1.22632,190.304,3000.0,173.94017028808594
208.415,0.0924258,5.14504,5.19727,1.36014,34.3222,3000.0,40.69316864013672
3172.99,0.771536,9.19916,10.52053,0.709755,1224.9,3000.0,713.5189208984375
58.3253,0.148775,3.3184,3.98941,1.84827,0.944163,3000.0,66.43521881103516
5422.33,0.874159,13.79905,17.30413,0.296383,3324.69,3000.0,1399.61669921875
1650.63,0.556745,5.76877,7.52287,0.98164,859.465,3000.0,355.5392150878906
5071.09,0.807612,9.35018,11.37498,0.456679,1157.17,3000.0,1018.8748168945312
1593.46,0.571585,6.8883,7.10666,1.01894,110.659,3000.0,372.6249084472656
2374.66,0.612453,5.13475,7.42083,0.851227,634.241,3000.0,491.8708801269531
624.038,0.296902,3.68297,4.55438,1.37923,18.7463,3000.0,133.04925537109375
438.449,0.248193,3.34365,5.32955,1.32526,37.2649,3000.0,118.54598999023438
3149.45,0.733167,9.36758,11.85452,0.677218,1762.23,3000.0,725.5248413085938
422.951,0.196027,4.02375,4.83317,1.42366,23.5623,3000.0,92.81243133544922
3615.52,0.903338,37.35636,37.9206,0.243264,7667.03,3000.0,1314.442138671875
2057.15,0.709917,10.11349,11.88416,0.927027,1058.31,3000.0,492.0917053222656
3451.63,0.807047,8.94351,16.34775,0.596572,5161.64,3000.0,836.6383056640625
412.554,0.287392,4.89851,7.0483,1.9575,110.785,3000.0,116.01712799072266
240.802,0.166396,3.88959,4.2325,1.69289,7.37759,3000.0,69.24198150634766
3486.54,0.814237,9.73442,13.33544,0.55776,1517.32,3000.0,887.7424926757812
3789.76,0.78844,8.94702,10.49274,0.611911,1022.42,3000.0,828.3143920898438
1775.77,0.66604,5.0597,6.14109,0.992421,118.06,3000.0,396.083251953125
3285.79,0.838285,9.41079,18.83652,0.539454,3916.42,3000.0,964.3416748046875
3271.69,0.735557,9.93587,11.00418,0.660653,1672.36,3000.0,752.658935546875
4077.96,0.767905,10.73682,12.26623,0.486159,1411.62,3000.0,924.6819458007812
1588.72,0.521553,7.32443,8.01764,0.983673,211.901,3000.0,364.6263732910156
1785.77,0.57532,15.82404,16.21114,0.739565,657.136,3000.0,509.1192321777344
1677.31,0.758242,9.91689,15.36464,0.790535,1956.05,3000.0,629.60595703125
2708.54,0.694046,6.05923,7.48124,0.825345,227.207,3000.0,564.181884765625
2907.96,0.812004,10.10471,15.33131,0.643284,2482.54,3000.0,670.4668579101562
3078.44,0.748387,8.71069,11.72304,0.666591,1211.56,3000.0,675.8632202148438
1825.67,0.658483,8.3661,8.63194,1.07495,363.378,3000.0,420.0694885253906
2033.58,0.635753,8.39312,9.70549,0.92742,2445.31,3000.0,453.2712707519531
6141.15,0.849242,9.89003,13.06592,0.341482,1698.11,3000.0,1338.770263671875
1632.15,0.466404,6.49563,7.39376,0.805202,127.173,3000.0,335.22088623046875
1253.14,0.597463,5.70434,10.59258,1.46364,1502.76,3000.0,268.5599670410156
3685.25,0.825692,10.61075,12.55865,0.549487,1686.17,3000.0,859.5484008789062
1293.33,0.467376,3.64836,11.03882,1.11241,400.881,3000.0,272.1822509765625
136.751,0.313866,3.30341,4.21992,1.51445,3.82509,3000.0,153.3030242919922
3394.83,0.700566,5.9957,8.57087,0.754374,551.171,3000.0,612.5670776367188
3877.64,0.78701,10.54213,12.56773,0.561713,2316.2,3000.0,830.8112182617188
4445.28,0.810785,10.64044,15.1883,0.426923,3589.19,3000.0,1053.0723876953125
4213.68,0.736524,6.71291,8.8463,0.621908,763.012,3000.0,791.4456176757812
1997.56,0.639496,11.3491,12.09911,0.776118,923.714,3000.0,549.0980224609375
826.955,0.430532,4.51535,5.63695,1.29919,39.4135,3000.0,227.71690368652344
2784.19,0.610591,4.91004,8.2179,0.842284,241.06,3000.0,452.3232116699219
553.064,0.236488,3.82381,4.88356,1.26647,13.7634,3000.0,108.67417907714844
4873.39,0.838152,12.17548,16.96652,0.341071,3261.38,3000.0,1249.788818359375
972.302,0.363301,3.783,4.54958,1.09811,19.1451,3000.0,250.91421508789062
2269.58,0.624589,6.78363,8.35606,0.818216,729.042,3000.0,516.9442749023438
5367.64,0.792249,9.53409,13.42908,0.38675,2049.08,3000.0,1110.8275146484375
2318.62,0.542516,5.74357,7.18852,0.841893,233.995,3000.0,388.317626953125
2832.03,0.800751,10.40624,12.2639,0.745598,2318.02,3000.0,689.7089233398438
4250.14,0.743702,7.31379,9.74935,0.578999,1917.03,3000.0,822.0186767578125
1194.52,0.46432,4.23895,6.9502,1.06293,110.336,3000.0,251.79605102539062
1657.48,0.579579,12.90884,13.34066,0.773574,646.578,3000.0,491.1282043457031
800.879,0.292361,3.85376,4.77427,1.2469,63.0217,3000.0,142.9199676513672
1758.6,0.590473,7.57982,9.34225,0.894338,354.121,3000.0,421.36181640625
819.034,0.3976,3.57746,4.47011,1.34919,13.1686,3000.0,190.7847442626953
3168.57,0.80097,8.04733,16.20133,0.667226,4932.38,3000.0,778.31591796875
308.207,0.320278,3.58229,4.23645,2.02807,9.23176,3000.0,104.49893951416016
290.611,0.210961,4.16633,4.36317,1.30994,14.1027,3000.0,82.51914978027344
1016.77,0.430875,4.17164,5.22795,1.16641,25.8903,3000.0,275.7723388671875
1695.58,0.456192,3.8912,5.8832,0.904707,162.5,3000.0,284.5921325683594
1804.82,0.66105,8.7905,9.15337,0.879785,303.046,3000.0,524.7826538085938
2514.24,0.654928,5.60232,8.7867,0.814573,603.068,3000.0,512.5048217773438
3447.13,0.730567,6.91479,11.17224,0.678046,1972.2,3000.0,688.1070556640625
852.329,0.459618,3.75568,7.84458,1.44276,137.206,3000.0,213.61508178710938
89.075,0.102716,3.40653,3.86071,1.60741,2.21383,3000.0,49.494773864746094
1264.96,0.483909,5.766,6.37902,1.05133,80.5443,3000.0,313.2762451171875
953.137,0.527894,6.91289,7.10727,1.65749,187.264,3000.0,204.17617797851562
182.55,0.111071,4.68203,5.04,2.06002,21.5066,3000.0,31.920961380004883
5675.68,0.879741,11.24113,20.09942,0.296792,8956.22,3000.0,1327.38330078125
4107.58,0.813875,11.11847,14.17854,0.487729,2150.3,3000.0,1007.2503662109375
2009.07,0.691161,21.00636,21.31576,0.600885,1335.52,3000.0,520.8822631835938
1271.68,0.49051,4.4771,6.5216,1.29845,293.766,3000.0,243.7821044921875
190.234,0.151858,3.83842,4.73826,2.02697,9.26035,3000.0,58.080474853515625
340.977,0.20748,3.37842,4.85822,1.67044,30.9265,3000.0,84.91338348388672
2550.52,0.715819,7.5873,9.02249,0.745726,374.187,3000.0,673.0889282226562
2795.01,0.631537,4.89408,10.85266,0.773849,1048.22,3000.0,521.2962646484375
2579.63,0.794469,10.14254,13.77693,0.81653,2088.01,3000.0,611.384521484375
2669.44,0.766262,11.84175,12.09803,0.627698,639.496,3000.0,842.184326171875
403.113,0.231443,3.36605,4.35237,1.28134,12.4958,3000.0,103.99124145507812
3505.71,0.770594,8.22259,8.70645,0.620776,723.921,3000.0,918.7803344726562
2846.0,0.712086,6.82929,7.43782,0.745247,521.432,3000.0,690.219482421875
2831.23,0.859725,26.9752,27.69963,0.375193,4438.51,3000.0,974.7186889648438
1146.65,0.474955,6.45391,7.38751,1.087,125.606,3000.0,294.9490051269531
2753.67,0.622479,5.55059,7.46649,0.749762,860.19,3000.0,566.4616088867188
2081.02,0.554202,5.79264,9.28873,0.943386,464.851,3000.0,396.4483947753906
5001.88,0.830007,9.58861,13.36754,0.392007,3001.68,3000.0,1194.9544677734375
5186.12,0.913577,15.74483,20.93499,0.252275,12581.4,3000.0,1169.938232421875
4018.35,0.777862,8.97764,9.63349,0.613619,1037.18,3000.0,824.33056640625
885.918,0.384034,8.7374,9.28168,1.2454,213.111,3000.0,198.31153869628906
5610.6,0.853637,9.61299,15.79901,0.32816,3085.96,3000.0,1319.9656982421875
3667.92,0.699596,5.06427,9.09558,0.688986,1442.2,3000.0,664.6259765625
1645.49,0.480756,5.3043,6.81911,0.955657,554.204,3000.0,340.1399230957031
1404.91,0.507852,5.1469,6.74829,1.09155,394.046,3000.0,285.2087097167969
3538.44,0.758127,7.99213,9.80864,0.583998,4278.16,3000.0,893.1295166015625
551.448,0.405176,3.35059,3.99692,1.1531,5.51081,3000.0,251.6555938720703
1214.21,0.475957,5.56724,6.4213,1.18737,156.311,3000.0,267.25933837890625
330.966,0.228569,3.77922,4.65985,1.94442,22.7219,3000.0,75.00321197509766
2052.0,0.64476,4.40084,7.06946,0.885879,419.604,3000.0,439.7962341308594
311.601,0.215568,3.49675,4.18332,1.62589,10.9518,3000.0,81.49222564697266
1618.18,0.706163,20.3665,20.70132,0.757113,1327.89,3000.0,472.5556640625
4857.47,0.786148,7.8346,10.60725,0.502141,1565.6,3000.0,977.1432495117188
990.162,0.348465,4.9034,5.88243,1.15351,122.878,3000.0,181.16343688964844
2118.22,0.584796,6.15281,7.1672,0.902641,908.549,3000.0,422.7820129394531
1026.17,0.409063,5.63927,6.36354,1.14587,107.845,3000.0,241.61660766601562
2638.8,0.697152,5.45463,6.27391,0.840598,351.92,3000.0,535.0621948242188
965.9,0.312302,3.76385,5.67074,1.08909,113.919,3000.0,197.62049865722656
3612.15,0.753192,7.69895,14.46845,0.624212,2741.81,3000.0,715.5450439453125
531.863,0.254877,3.5495,4.73064,1.38131,15.4386,3000.0,126.26022338867188
4416.81,0.805046,9.05662,14.31008,0.449048,2855.28,3000.0,1110.2801513671875
4339.07,0.805728,12.02694,15.27235,0.416897,2463.06,3000.0,1072.3359375
3309.22,0.811943,10.43932,14.10387,0.588489,1979.95,3000.0,793.1424560546875
2477.12,0.674738,7.63127,8.10898,0.794846,407.811,3000.0,577.1019287109375
2368.16,0.563206,5.69302,8.25648,0.811477,246.33,3000.0,454.4765319824219
1998.72,0.603089,5.47594,10.22092,0.97944,942.934,3000.0,443.28125
1688.49,0.589691,3.6901,10.75847,1.03208,635.377,3000.0,419.8042297363281
426.437,0.289186,4.90806,7.07698,1.92372,113.528,3000.0,121.19483947753906
3303.91,0.756149,7.69926,13.15445,0.634096,1950.74,3000.0,771.8564453125
382.052,0.295661,3.66959,4.23448,1.24231,5.34254,3000.0,139.2588653564453
1387.78,0.467797,4.98924,6.05047,1.1177,120.921,3000.0,251.41844177246094
5306.01,0.881511,11.20612,12.2124,0.364265,10276.9,3000.0,1331.83447265625
3872.88,0.745771,6.37454,13.1891,0.626919,1801.15,3000.0,757.5108032226562
2647.13,0.696725,7.09005,7.67733,0.889025,522.564,3000.0,526.8872680664062
3121.29,0.730105,8.14355,11.36861,0.748896,997.449,3000.0,576.409912109375
3428.96,0.731137,6.22351,12.98917,0.669231,1698.52,3000.0,703.3338012695312
496.497,0.311599,3.3553,4.2324,1.00593,22.5977,3000.0,214.53529357910156
597.555,0.373613,4.03728,5.53246,1.42939,22.3528,3000.0,176.1639862060547
4026.55,0.773894,8.79848,12.5749,0.507008,1274.93,3000.0,946.5235595703125
567.463,0.302571,4.58239,5.05763,1.50361,34.8469,3000.0,111.8456039428711
929.325,0.57213,6.53432,6.94732,1.63491,208.338,3000.0,242.17266845703125
280.851,0.145227,3.73518,4.19981,1.24278,12.4229,3000.0,97.83479309082031
502.64,0.26501,3.53469,5.57478,1.44538,98.8383,3000.0,111.37461853027344
788.743,0.452531,4.2155,4.60726,1.51776,20.2078,3000.0,176.275634765625
4326.42,0.776471,9.58021,10.72202,0.522724,1730.26,3000.0,898.4447021484375
464.692,0.246351,4.34533,5.08846,1.43975,53.0117,3000.0,123.61149597167969
800.267,0.40507,3.85059,5.48546,1.35113,70.2273,3000.0,198.79840087890625
3587.88,0.81752,9.00478,16.2767,0.584063,5299.4,3000.0,884.1613159179688
1515.87,0.478319,5.67384,6.77716,0.893362,159.632,3000.0,360.1395263671875
3467.85,0.733695,7.51209,9.05075,0.717836,1191.2,3000.0,638.8492431640625
2477.97,0.660766,8.53393,9.31018,0.761129,2061.17,3000.0,582.4297485351562
60.3546,0.130936,3.89586,4.81718,2.02712,10.1786,3000.0,53.673133850097656
3586.51,0.686655,9.09053,10.16578,0.557252,846.707,3000.0,766.1575927734375
1150.27,0.388049,5.17036,6.86297,1.08522,557.149,3000.0,218.7039337158203
4994.55,0.797822,8.52356,11.88109,0.44611,6336.32,3000.0,1102.4632568359375
2461.75,0.739093,7.73251,13.93473,0.846749,2070.75,3000.0,524.6790771484375
4526.11,0.803294,10.14962,14.14205,0.479951,2500.6,3000.0,969.707763671875
5451.4,0.843866,11.75715,12.97532,0.369682,1917.79,3000.0,1332.9730224609375
886.527,0.468105,7.8095,9.5927,1.27629,5.11393,3000.0,259.1327819824219
1679.4,0.564838,16.52928,16.9431,0.689298,734.588,3000.0,427.1443786621094
2123.09,0.590581,6.63319,8.70358,0.948041,407.094,3000.0,419.9655456542969
2197.7,0.604545,4.50138,6.53494,0.872955,414.453,3000.0,473.9199523925781
5637.76,0.943183,19.78433,22.43899,0.168004,21259.4,3000.0,1115.661865234375
920.652,0.423008,5.31611,5.92419,1.21831,14.5857,3000.0,212.60198974609375
3572.78,0.736228,7.62125,15.25695,0.589931,2879.53,3000.0,735.6886596679688
93.0964,0.0812732,3.41064,3.97871,1.52219,2.734,3000.0,48.340415954589844
3465.02,0.712052,6.05581,7.8849,0.677875,889.124,3000.0,736.20263671875
2374.38,0.710287,10.4853,11.22548,0.713141,466.691,3000.0,660.5140380859375
862.767,0.361693,3.60161,5.49268,1.23908,121.858,3000.0,181.12557983398438
2207.8,0.710641,22.25624,22.53329,0.537128,1397.04,3000.0,608.6348876953125
475.663,0.237515,5.0248,5.55089,1.53062,52.6376,3000.0,75.85953521728516
2014.39,0.681804,7.19989,9.03374,1.06253,382.04,3000.0,424.7420349121094
2408.52,0.739623,6.67551,16.03878,0.839258,4199.71,3000.0,583.0317993164062
239.158,0.145751,3.90737,4.12303,1.61004,6.52314,3000.0,65.39910888671875
444.731,0.212922,4.48969,5.11255,1.32162,36.7153,3000.0,82.04826354980469
757.28,0.306539,5.21566,6.9261,1.17673,209.77,3000.0,175.45956420898438
103.908,0.161508,3.42433,3.93292,1.90269,1.60542,3000.0,54.8594970703125
2812.82,0.644834,5.71049,7.49577,0.892829,294.811,3000.0,465.18499755859375
426.37,0.22888,3.70714,4.43647,1.22209,9.27227,3000.0,135.458984375
3917.11,0.724727,6.61227,8.36089,0.737,638.069,3000.0,629.3207397460938
1462.92,0.515606,9.51549,10.09738,0.940414,732.543,3000.0,355.538330078125
937.599,0.321929,4.25485,5.28728,1.21127,83.368,3000.0,167.14675903320312
926.537,0.45931,4.65216,5.13287,1.15119,48.205,3000.0,216.37294006347656
882.744,0.443209,6.01514,7.17433,1.32712,82.2846,3000.0,200.84974670410156
2649.96,0.538643,5.02544,7.09891,0.785898,355.99,3000.0,375.966552734375
891.426,0.367346,7.93695,8.15015,1.23257,110.923,3000.0,186.96072387695312
1974.27,0.593302,6.37739,7.16526,0.905685,242.632,3000.0,438.96319580078125
1083.68,0.356849,4.72631,5.65859,1.10323,73.0723,3000.0,203.41859436035156
1214.28,0.497746,4.20603,6.87343,1.21605,312.748,3000.0,272.5394592285156
967.553,0.394775,3.57517,4.88751,1.34317,47.0813,3000.0,197.2596893310547
1024.34,0.451618,5.22347,5.67478,1.2756,49.4409,3000.0,240.98171997070312
1778.03,0.701966,10.13009,10.43814,0.962746,448.801,3000.0,469.21746826171875
2271.29,0.555741,4.57799,6.18885,0.802746,394.547,3000.0,472.1156921386719
950.434,0.436326,10.1627,10.27835,1.15374,506.357,3000.0,219.94998168945312
1123.76,0.394675,4.03384,6.01111,1.17815,78.5091,3000.0,209.10801696777344
4828.52,0.838179,11.1818,14.60444,0.389591,2439.99,3000.0,1163.2181396484375
737.24,0.380351,5.56684,5.82161,1.04764,70.9239,3000.0,259.03546142578125
4985.0,0.808445,8.6233,11.89436,0.469971,1196.0,3000.0,1032.026611328125
4797.45,0.797738,9.62763,11.12887,0.464984,1156.09,3000.0,1069.574462890625
289.446,0.300231,3.34815,4.33781,1.52232,37.8892,3000.0,99.13868713378906
5212.67,0.868594,14.55817,18.40466,0.32786,5790.52,3000.0,1348.284423828125
1789.43,0.512712,4.17332,6.78154,1.05917,122.831,3000.0,309.96331787109375
2057.33,0.612049,8.6622,8.96636,0.789488,539.379,3000.0,494.9314880371094
1538.35,0.555357,3.57052,4.58556,1.08588,66.8083,3000.0,374.7605895996094
2406.82,0.701883,7.75194,8.084,0.758889,316.848,3000.0,639.1365966796875
2585.24,0.630993,6.63907,7.99277,0.795414,644.314,3000.0,540.098388671875
3019.59,0.762186,9.09565,16.19671,0.657643,4659.27,3000.0,721.7738037109375
2040.04,0.632297,7.68785,8.18686,0.809755,274.623,3000.0,545.07470703125
458.272,0.226384,5.37152,6.11015,1.47299,99.6402,3000.0,90.69245147705078
1271.82,0.479488,5.83776,6.70648,1.06347,90.2654,3000.0,297.4348449707031
5409.61,0.84865,10.78389,14.83024,0.343559,3491.36,3000.0,1309.648193359375
2192.07,0.709628,6.27497,12.62898,0.958175,2124.16,3000.0,444.6908264160156
4223.86,0.737461,6.38265,9.26481,0.638987,555.063,3000.0,794.827880859375
232.886,0.161037,3.7548,4.52265,1.82617,8.41092,3000.0,64.27691650390625
3835.6,0.657503,5.48932,7.591,0.651257,475.512,3000.0,596.369140625
870.194,0.430649,4.17496,5.6703,1.00517,72.9639,3000.0,261.9742431640625
2174.88,0.557343,5.98462,7.37131,0.843305,188.415,3000.0,411.3200988769531
452.193,0.26129,3.62398,4.07893,1.18859,3.6007,3000.0,149.8374786376953
2415.45,0.605746,5.5286,7.65576,0.876424,340.481,3000.0,434.770263671875
374.131,0.220289,4.01494,4.94053,1.43043,68.7277,3000.0,109.00244140625
1855.76,0.590665,4.42103,5.09393,0.986135,80.4091,3000.0,427.3504638671875
4753.7,0.889219,13.47309,18.11275,0.334391,6419.11,3000.0,1145.355712890625
2085.46,0.610323,5.45896,7.75717,0.954451,1308.09,3000.0,397.3270263671875
1142.82,0.43612,6.12201,6.79837,1.08392,141.059,3000.0,277.766845703125
2269.39,0.755943,7.87687,11.45716,0.917364,1771.8,3000.0,529.841064453125
268.489,0.174304,4.05297,4.96949,1.40516,28.1521,3000.0,71.94381713867188
1542.37,0.5563,6.65704,7.39819,0.96894,158.342,3000.0,401.3379821777344
821.514,0.393097,9.89543,10.01009,1.23019,466.608,3000.0,204.35813903808594
5476.26,0.836508,10.79011,14.58941,0.353384,2972.69,3000.0,1263.67041015625
5142.9,0.826176,10.77,13.33239,0.376373,3171.46,3000.0,1204.9716796875
3664.65,0.828208,9.34189,16.24889,0.570512,5453.99,3000.0,918.5391845703125
2700.51,0.627172,5.62663,6.75407,0.832164,335.437,3000.0,505.6250305175781
3763.62,0.704358,5.87733,8.05655,0.650793,1172.83,3000.0,723.7353515625
1489.3,0.509322,5.10149,6.25716,1.05911,173.208,3000.0,298.9826965332031
1200.66,0.412143,5.12609,6.38223,1.1133,250.572,3000.0,227.96539306640625
3967.25,0.76715,11.24262,12.92345,0.54514,3603.55,3000.0,916.0533447265625
1026.46,0.382419,3.50175,5.57532,1.15165,203.621,3000.0,216.062255859375
672.114,0.285873,3.67352,5.09475,1.24571,22.0154,3000.0,184.78549194335938
1772.3,0.57666,4.98089,6.109,1.12812,78.7671,3000.0,290.88311767578125
238.664,0.205345,3.34538,5.63608,1.99213,28.5514,3000.0,64.2690200805664
4269.11,0.823338,7.33376,18.74957,0.460638,5119.26,3000.0,1129.0218505859375
1008.31,0.484611,5.0405,6.724,1.20976,66.886,3000.0,288.3647155761719
2196.96,0.689683,12.97785,13.36565,0.699764,786.156,3000.0,658.17431640625
2710.7,0.69818,6.56601,9.86178,0.812017,740.47,3000.0,558.1748046875
1128.21,0.546059,5.92475,7.62557,1.5056,573.641,3000.0,240.7490997314453
1854.45,0.646346,17.60025,17.76075,0.642189,756.189,3000.0,612.7122802734375
4286.51,0.792663,7.8103,10.14813,0.490102,1816.27,3000.0,1045.81005859375
3226.08,0.68098,9.00638,10.76822,0.672384,1669.14,3000.0,592.2109985351562
4136.04,0.788442,8.71904,13.97546,0.50573,2476.22,3000.0,892.9651489257812
1667.54,0.506057,7.18082,7.88825,0.90817,252.006,3000.0,382.0088195800781
1851.94,0.636304,5.67313,7.35697,0.92614,132.903,3000.0,473.7679138183594
1923.32,0.691167,21.61833,21.94921,0.591491,1263.69,3000.0,557.2980346679688
4044.78,0.819932,7.83023,15.03783,0.521331,2952.72,3000.0,981.5149536132812
1353.19,0.48123,9.10484,9.55225,0.94268,167.544,3500.0,345.6154479980469
719.319,0.292887,3.81609,5.23818,1.32525,47.0815,3500.0,184.08013916015625
2050.89,0.586607,6.47866,7.0501,0.807828,254.129,3500.0,509.5177001953125
116.565,0.115039,3.53045,3.93033,1.5557,1.57814,3500.0,58.65414047241211
319.532,0.197535,4.94412,5.40904,1.5909,31.0201,3500.0,64.64833068847656
6044.03,0.88209,11.90508,18.41802,0.274788,4727.74,3500.0,1567.6929931640625
637.523,0.270163,4.82155,5.44654,1.40228,88.5499,3500.0,129.4970245361328
4166.03,0.727303,5.63393,8.23505,0.67988,328.395,3500.0,706.520263671875
4767.49,0.872905,12.33041,18.35662,0.3563,6795.64,3500.0,1328.7125244140625
1557.53,0.445844,5.26843,5.78183,0.992244,109.522,3500.0,300.721923828125
1077.8,0.448229,6.85494,7.67884,1.14958,74.5068,3500.0,268.203857421875
2695.48,0.653141,4.97766,9.18803,0.83294,1010.26,3500.0,511.78765869140625
292.596,0.227562,3.90257,4.90626,1.65753,43.8119,3500.0,74.94974517822266
2320.37,0.691295,7.50828,8.90988,0.758424,356.414,3500.0,616.2473754882812
6895.55,0.96124,26.44333,27.28585,0.10338,34302.6,3500.0,1903.8494873046875
609.859,0.238532,5.5019,6.80242,1.23498,106.84,3500.0,144.4144744873047
310.725,0.15549,4.88842,5.65624,1.66872,49.8768,3500.0,58.851478576660156
3313.76,0.885596,30.12775,30.35455,0.304447,4843.19,3500.0,1368.767822265625
321.72,0.197721,4.07396,4.56585,1.45448,16.082,3500.0,86.85486602783203
2877.75,0.648059,6.73231,7.28113,0.727592,405.33,3500.0,617.1924438476562
256.734,0.222981,3.80694,4.83162,1.7127,22.5643,3500.0,68.44264221191406
418.036,0.288081,3.5552,4.6944,1.30512,23.7035,3500.0,140.15869140625
624.038,0.296902,3.68297,4.55438,1.37923,18.7463,3500.0,136.01373291015625
5130.53,0.846762,11.98041,15.08647,0.387944,1867.32,3500.0,1376.78271484375
1405.89,0.579978,4.04503,8.33873,1.25652,381.428,3500.0,332.86944580078125
1161.96,0.459147,3.91309,5.70856,1.05709,140.247,3500.0,266.4884338378906
543.081,0.304241,3.96928,4.49299,1.48392,8.57872,3500.0,162.25344848632812
2950.55,0.694685,6.18071,7.93044,0.807934,697.222,3500.0,573.6163940429688
2426.47,0.573716,4.582,6.55257,0.842545,296.466,3500.0,438.5067138671875
883.267,0.453008,4.49928,5.03772,1.3129,40.2254,3500.0,207.50999450683594
2989.81,0.807676,6.60039,13.65341,0.690586,3218.71,3500.0,723.4916381835938
2028.42,0.630908,9.57665,10.01686,0.838723,564.085,3500.0,511.835205078125
1648.56,0.500699,4.92994,6.33858,1.00261,178.476,3500.0,325.3610534667969
4652.18,0.72119,6.27049,8.4008,0.602638,501.815,3500.0,802.0768432617188
905.956,0.418664,4.46025,6.05818,1.25274,58.6774,3500.0,249.45806884765625
3163.48,0.787583,8.96769,16.21376,0.664114,4726.14,3500.0,821.1305541992188
1353.7,0.599721,8.13323,8.85997,1.11962,251.703,3500.0,388.4808349609375
1218.12,0.586084,6.75933,7.04005,1.24715,65.0265,3500.0,330.3758544921875
709.833,0.28062,7.59887,7.72087,1.20392,243.969,3500.0,136.52719116210938
1044.83,0.46513,4.59995,6.25349,1.125,50.789,3500.0,270.8904113769531
4659.54,0.827732,10.47913,13.67182,0.400998,3848.84,3500.0,1294.843505859375
3903.81,0.688005,10.33005,12.61277,0.48581,1945.37,3500.0,831.9440307617188
684.72,0.320821,4.14866,5.86358,1.54485,75.0277,3500.0,146.4699249267578
1912.47,0.520035,4.83213,6.08102,0.862002,374.283,3500.0,387.6710510253906
923.743,0.386791,3.48226,5.94587,1.2201,48.2279,3500.0,229.54971313476562
1438.24,0.592658,21.01368,21.21007,0.749008,1221.89,3500.0,434.6392822265625
1271.95,0.678182,12.96761,13.33199,1.19854,837.321,3500.0,383.3939514160156
6104.51,0.892137,13.06889,18.17956,0.26224,3755.37,3500.0,1817.5994873046875
1589.56,0.508979,7.16467,7.83196,0.972846,225.018,3500.0,364.7171936035156
4065.94,0.808717,10.62303,16.45523,0.426286,3356.28,3500.0,1063.2337646484375
632.022,0.374927,5.84257,6.31105,1.20324,75.3737,3500.0,185.67440795898438
607.323,0.314051,3.38672,4.96985,1.46405,19.8199,3500.0,133.30531311035156
1929.01,0.800538,16.2706,16.35588,0.719965,1323.58,3500.0,759.5489501953125
633.882,0.301016,6.25134,9.32403,1.2383,332.175,3500.0,145.69631958007812
4914.97,0.84806,10.86331,14.70462,0.381553,2494.93,3500.0,1328.8468017578125
1224.08,0.456443,6.25902,7.42041,1.08832,225.12,3500.0,303.0570068359375
4467.71,0.786847,7.58532,16.57381,0.443177,3375.0,3500.0,1054.847900390625
366.851,0.21454,4.27879,4.43538,1.30702,0.678938,3500.0,98.58294677734375
2905.74,0.727709,11.81476,12.02329,0.612591,607.269,3500.0,836.9956665039062
1818.89,0.621575,7.67058,8.05657,0.97937,320.263,3500.0,438.5810241699219
901.943,0.440851,6.28705,6.5693,1.34242,105.94,3500.0,212.40232849121094
5745.15,0.886976,12.40421,17.21859,0.27118,4498.67,3500.0,1719.2503662109375
448.758,0.288906,4.27272,4.61456,1.69401,26.6593,3500.0,110.35968017578125
2901.42,0.71699,11.09332,11.36151,0.640402,617.532,3500.0,779.5540771484375
592.912,0.342874,3.85093,4.53193,1.98883,30.4414,3500.0,143.66329956054688
1039.95,0.434488,9.54543,9.88221,1.04916,453.257,3500.0,273.245849609375
4059.64,0.79671,8.44198,12.86755,0.539812,2098.24,3500.0,957.084716796875
861.11,0.428056,6.46527,7.20057,1.36989,106.203,3500.0,204.98887634277344
2244.37,0.533119,4.81447,6.23895,0.812374,418.374,3500.0,434.9078369140625
439.634,0.29232,3.82976,5.11423,2.054,72.7213,3500.0,87.76819610595703
624.185,0.333833,4.31513,5.8543,1.5663,69.6057,3500.0,130.21005249023438
493.433,0.191445,4.289,4.67015,1.41629,18.0912,3500.0,102.77098846435547
1153.93,0.495585,4.09745,8.5636,1.27169,195.277,3500.0,245.0926513671875
713.711,0.465322,3.50727,4.99124,0.989693,27.7349,3500.0,307.58319091796875
2510.08,0.67395,8.73683,10.45254,0.741843,976.467,3500.0,615.8673095703125
823.705,0.327819,5.83256,7.96297,1.44325,114.25,3500.0,144.14447021484375
4367.26,0.866445,15.07921,20.51629,0.368143,6259.36,3500.0,1331.018310546875
1427.04,0.453131,4.56473,5.72858,0.957227,135.37,3500.0,316.90106201171875
2002.53,0.71368,11.11872,12.09189,0.948346,1506.34,3500.0,478.4717102050781
2257.11,0.716028,21.58651,21.9185,0.531455,1305.91,3500.0,715.2938232421875
2733.2,0.531798,6.02374,8.62664,0.740346,541.79,3500.0,459.95477294921875
1727.49,0.635937,5.0844,11.42466,1.20516,1483.44,3500.0,347.31671142578125
290.611,0.210961,4.16633,4.36317,1.30994,14.1027,3500.0,85.8221664428711
2982.28,0.847388,25.19529,25.85042,0.371645,3742.69,3500.0,1141.3299560546875
2697.45,0.664159,5.9591,9.04346,0.799337,1155.44,3500.0,549.8186645507812
449.792,0.220984,3.96039,5.3955,1.51911,25.3787,3500.0,81.01581573486328
3896.45,0.796851,7.89815,15.05513,0.573726,1865.19,3500.0,916.5051879882812
249.976,0.316086,3.58438,4.40333,1.1992,8.16831,3500.0,166.6861114501953
3374.33,0.726264,6.24978,9.73165,0.720586,810.327,3500.0,694.331298828125
5075.63,0.82845,11.51248,15.76742,0.369786,3600.38,3500.0,1341.864990234375
920.422,0.389733,3.81236,5.23715,1.15722,27.5287,3500.0,234.4398193359375
3341.14,0.763286,8.35281,13.23447,0.602211,2391.27,3500.0,781.1315307617188
3747.77,0.821358,9.30885,16.34717,0.556327,5331.45,3500.0,977.41552734375
1271.68,0.49051,4.4771,6.5216,1.29845,293.766,3500.0,245.4933319091797
1644.62,0.64505,10.22661,13.96564,0.982859,1288.12,3500.0,447.5907287597656
1186.09,0.411128,4.64716,5.73734,1.1609,67.7637,3500.0,209.15879821777344
5777.86,0.843008,12.17362,15.8178,0.35257,2518.71,3500.0,1412.6925048828125
435.379,0.173037,3.92612,4.76508,1.41072,25.7543,3500.0,73.90802764892578
1008.93,0.384888,8.20993,8.41793,1.24739,148.342,3500.0,249.44886779785156
2981.31,0.700176,4.54822,10.31258,0.834187,1159.76,3500.0,559.4483032226562
3843.22,0.774829,8.34195,12.17681,0.532454,1353.89,3500.0,926.5460815429688
820.913,0.384914,3.85387,5.87841,1.38187,201.13,3500.0,177.19476318359375
2429.87,0.696959,10.17792,11.10796,0.720485,459.425,3500.0,646.6734008789062
859.261,0.305891,5.52439,5.73034,1.29446,48.7475,3500.0,180.69309997558594
1281.05,0.515659,4.98538,6.65014,1.02257,354.554,3500.0,331.91925048828125
1146.65,0.474955,6.45391,7.38751,1.087,125.606,3500.0,299.9981994628906
202.777,0.128539,4.19529,4.4416,1.82662,12.9437,3500.0,43.95122528076172
997.859,0.409614,4.98653,6.78962,1.3198,633.873,3500.0,195.7506866455078
3806.42,0.806056,10.55218,14.76051,0.526934,2648.7,3500.0,931.3822021484375
2859.63,0.679311,4.63072,7.16389,0.817178,412.1,3500.0,562.3941650390625
5132.4,0.712572,6.37274,8.20555,0.556334,826.783,3500.0,823.9739379882812
3298.91,0.663802,8.99977,11.22584,0.641974,905.302,3500.0,641.412841796875
728.022,0.366942,3.47586,5.29273,1.28029,24.8506,3500.0,195.8921356201172
597.663,0.361543,5.58287,6.33925,1.47856,64.1989,3500.0,142.88916015625
2641.23,0.751702,9.64348,10.06896,0.647967,541.034,3500.0,793.9520263671875
3577.95,0.816677,8.34151,16.2706,0.584375,5235.23,3500.0,931.7093505859375
4863.88,0.817606,8.88333,10.77063,0.449054,2660.65,3500.0,1193.3267822265625
4629.22,0.759417,6.37198,9.18694,0.526618,1352.32,3500.0,921.5593872070312
2320.29,0.527636,5.676,7.7664,0.93549,627.698,3500.0,359.5565185546875
3521.37,0.826364,11.54992,15.63525,0.556739,4147.99,3500.0,935.9495239257812
3509.74,0.801882,7.94324,15.91682,0.602882,5072.13,3500.0,903.3779907226562
1645.49,0.480756,5.3043,6.81911,0.955657,554.204,3500.0,347.3198547363281
1335.89,0.486319,9.5068,9.80967,0.956082,176.388,3500.0,345.3104248046875
2820.44,0.624966,5.32502,6.88215,0.941318,877.742,3500.0,429.12603759765625
158.547,0.199935,3.36704,4.04066,1.66653,4.89511,3500.0,89.36859893798828
1378.03,0.667868,10.71879,11.94012,1.21012,917.24,3500.0,396.26629638671875
3090.7,0.792501,23.24048,23.86,0.413515,3251.16,3500.0,961.2579956054688
5062.44,0.844336,10.92203,16.08454,0.328825,2910.82,3500.0,1492.1641845703125
944.612,0.496732,5.54401,6.97765,1.36969,87.1025,3500.0,246.68771362304688
1754.82,0.573381,13.09386,13.399,0.746514,455.461,3500.0,516.178955078125
3214.05,0.650211,5.3579,8.72376,0.805222,753.716,3500.0,564.1851806640625
252.271,0.132857,4.65875,5.41967,1.72364,81.1591,3500.0,45.19697570800781
5217.59,0.826077,8.88207,10.10618,0.441567,2556.27,3500.0,1230.247314453125
1650.78,0.486274,4.92555,6.0591,0.958997,126.147,3500.0,342.4020080566406
1148.89,0.426508,3.75673,5.6401,1.10771,118.738,3500.0,293.05914306640625
2691.9,0.722635,6.86565,14.16049,0.744689,1789.96,3500.0,652.7008056640625
2563.76,0.682232,13.37698,15.05316,0.705493,1453.64,3500.0,631.406005859375
399.592,0.17697,4.11059,4.71396,1.5068,35.8328,3500.0,70.83650970458984
163.157,0.129628,3.40174,4.55101,1.78509,5.35958,3500.0,65.15816497802734
3456.79,0.815918,12.12403,18.60629,0.495893,5234.3,3500.0,988.5921630859375
2647.13,0.696725,7.09005,7.67733,0.889025,522.564,3500.0,539.30908203125
1689.41,0.633976,6.16605,7.44812,1.01932,133.069,3500.0,446.287841796875
1512.24,0.521988,3.84762,7.86001,1.15925,326.968,3500.0,309.50042724609375
4407.6,0.85799,13.01007,20.1178,0.420298,5862.04,3500.0,1216.21142578125
2391.16,0.602249,5.58735,7.71664,0.805529,881.945,3500.0,509.69671630859375
1410.81,0.433619,3.7919,5.09329,1.12696,32.7381,3500.0,241.2747802734375
3453.31,0.759924,7.67728,10.94306,0.640348,600.314,3500.0,819.7456665039062
3973.57,0.762276,11.13913,13.25308,0.568778,1059.84,3500.0,904.5475463867188
844.037,0.342577,4.26215,5.65089,1.14794,52.526,3500.0,183.83396911621094
1765.79,0.645761,4.94555,11.61949,1.11512,1867.88,3500.0,396.012451171875
803.979,0.382224,4.88666,6.62847,1.49679,705.844,3500.0,151.7464141845703
607.094,0.267308,5.45854,7.04806,1.37397,66.9424,3500.0,111.2287826538086
556.355,0.297712,4.43745,4.93244,1.38782,69.5067,3500.0,130.2148895263672
3536.05,0.684984,6.52624,11.98523,0.618171,2029.09,3500.0,636.6844482421875
1879.65,0.521043,4.82576,6.59978,0.852697,370.0,3500.0,408.764404296875
464.692,0.246351,4.34533,5.08846,1.43975,53.0117,3500.0,129.0731964111328
2434.89,0.664563,3.87044,11.2976,0.775887,1061.82,3500.0,573.4068603515625
378.317,0.179972,3.88146,5.07946,1.50427,50.5977,3500.0,73.4100341796875
765.828,0.297588,5.67944,6.35371,1.33702,60.2583,3500.0,131.80516052246094
2241.8,0.706771,12.6792,13.36887,0.687468,2154.82,3500.0,710.5881958007812
3842.59,0.839914,14.90476,20.29451,0.416714,5823.75,3500.0,1185.8563232421875
848.194,0.321719,3.72919,6.06362,1.18641,99.8516,3500.0,179.9796142578125
3546.95,0.746791,8.00818,15.11949,0.57641,2069.83,3500.0,827.8154907226562
612.116,0.345097,3.82926,4.52257,1.95919,34.0148,3500.0,147.18365478515625
1275.46,0.549846,20.52522,20.8319,0.742342,1030.44,3500.0,362.6216735839844
2670.78,0.668234,8.83464,9.60292,0.721649,594.009,3500.0,620.3515625
2941.17,0.736906,7.75169,14.54935,0.714143,2763.68,3500.0,658.1828002929688
618.781,0.496761,3.48414,7.96655,1.37352,176.126,3500.0,245.11985778808594
1747.58,0.620049,4.75702,9.29926,1.12435,541.32,3500.0,410.0592041015625
377.605,0.245867,3.39609,4.69814,1.48143,13.1754,3500.0,116.44322967529297
2633.12,0.68814,7.85361,8.21013,0.821369,333.399,3500.0,640.5629272460938
3311.68,0.737479,10.40192,10.94533,0.588886,1215.34,3500.0,896.2153930664062
2100.94,0.688963,9.30959,10.44917,0.820762,436.741,3500.0,583.4384765625
374.411,0.214047,4.12754,5.10874,1.66351,16.0076,3500.0,99.8531494140625
3791.72,0.663511,4.8531,6.53556,0.741812,1218.07,3500.0,581.2579345703125
2969.4,0.606352,5.61143,7.56948,0.769799,466.398,3500.0,535.16455078125
673.397,0.330539,7.11623,8.13974,1.5058,269.437,3500.0,113.32844543457031
1973.28,0.595576,4.9928,7.88653,1.01221,483.626,3500.0,403.7809753417969
1138.2,0.331154,3.90095,5.33216,0.984165,73.392,3500.0,243.39340209960938
2819.23,0.769925,11.94129,12.28756,0.599347,650.179,3500.0,902.4048461914062
1435.14,0.520147,5.14223,6.58554,1.21072,106.325,3500.0,288.2706604003906
4916.31,0.832547,11.60519,18.05348,0.425486,5345.35,3500.0,1244.0137939453125
3288.84,0.712675,7.39824,10.0749,0.743027,2089.18,3500.0,652.4261474609375
777.86,0.372061,4.12586,5.50595,1.31783,38.2762,3500.0,189.19149780273438
3518.3,0.759882,7.9879,10.48142,0.69264,2528.5,3500.0,754.7509155273438
2808.54,0.729444,6.95706,7.79076,0.877474,1834.22,3500.0,534.6647338867188
2379.69,0.588389,4.77322,5.78948,0.937798,349.493,3500.0,412.5269470214844
701.054,0.277344,5.31605,5.82365,1.31931,76.5683,3500.0,134.48812866210938
1159.61,0.431897,5.02369,5.94786,1.11539,54.8859,3500.0,261.16217041015625
586.219,0.273748,5.90651,8.22014,1.37617,259.583,3500.0,122.4808578491211
3084.3,0.735711,6.58848,12.73856,0.711359,1553.4,3500.0,672.1627197265625
634.768,0.220133,5.35442,6.7853,1.13821,90.848,3500.0,108.12430572509766
2449.31,0.602249,6.23699,8.54393,0.766838,1647.78,3500.0,525.4437866210938
1316.51,0.451419,4.47,6.03885,1.07417,442.743,3500.0,260.9728088378906
4862.95,0.798534,9.85781,12.24822,0.403275,1955.45,3500.0,1227.5797119140625
354.146,0.194762,3.69957,4.64648,1.21623,46.891,3500.0,102.51173400878906
1247.55,0.522639,10.933,11.30772,0.975801,25.8003,3500.0,347.5677795410156
4163.76,0.770488,7.77682,10.82481,0.556562,706.183,3500.0,946.1881713867188
571.038,0.232372,5.5774,7.50482,1.27543,111.628,3500.0,116.77403259277344
455.313,0.265254,4.3804,5.02358,1.40476,29.3174,3500.0,133.7340850830078
1014.56,0.317211,3.76525,5.12246,1.10107,88.2176,3500.0,201.11581420898438
2193.65,0.713666,9.11903,9.666,0.780199,396.096,3500.0,625.1004028320312
1123.76,0.394675,4.03384,6.01111,1.17815,78.5091,3500.0,212.42079162597656
3716.94,0.743628,8.07735,11.48912,0.636447,2018.28,3500.0,773.6171264648438
3039.75,0.711684,6.16173,11.85111,0.77386,1025.3,3500.0,629.4964599609375
156.226,0.134583,3.44083,3.7996,1.45801,3.08143,3500.0,54.79293441772461
1249.8,0.447626,7.91667,8.94548,1.05135,223.313,3500.0,323.2386169433594
1929.36,0.634257,9.76554,10.80083,0.870161,715.733,3500.0,517.1759033203125
806.192,0.299373,4.24377,5.65014,1.12811,68.6749,3500.0,162.73963928222656
296.541,0.24371,3.56799,4.23739,1.56632,4.03604,3500.0,111.81465911865234
289.446,0.300231,3.34815,4.33781,1.52232,37.8892,3500.0,99.4805679321289
1010.78,0.579667,6.71263,7.13882,1.50771,222.71,3500.0,270.3410949707031
1695.66,0.494182,5.39198,6.55789,0.968364,374.535,3500.0,322.0896911621094
546.422,0.274452,4.22757,5.64407,1.43282,90.2421,3500.0,108.93639373779297
893.673,0.450422,3.52899,7.23126,1.38519,156.19,3500.0,210.080322265625
556.188,0.339343,4.4752,4.71483,1.3251,15.4578,3500.0,158.6543426513672
2618.67,0.629141,5.81023,7.87369,0.833239,326.878,3500.0,495.4544372558594
866.713,0.513977,8.00947,12.97186,1.24705,858.267,3500.0,274.81884765625
1221.37,0.529055,9.14634,11.05848,1.01162,537.591,3500.0,353.4675598144531
685.612,0.329233,4.22688,5.85085,1.58423,78.8141,3500.0,144.56280517578125
2153.51,0.547664,4.16602,9.85111,0.881791,604.058,3500.0,410.58038330078125
4907.68,0.756398,7.22946,13.00515,0.44228,2502.1,3500.0,1043.414794921875
1628.1,0.489766,4.21422,7.50267,1.08912,237.262,3500.0,272.50848388671875
199.882,0.222685,3.77498,4.1155,2.27643,6.82499,3500.0,64.30126190185547
4311.51,0.780011,7.43038,13.1663,0.522971,2803.18,3500.0,969.0092163085938
2390.94,0.565185,5.09845,5.54977,0.822084,161.439,3500.0,421.614013671875
4130.98,0.72498,7.199,8.39059,0.625527,720.95,3500.0,727.7263793945312
1048.12,0.319421,4.01031,5.06911,1.17999,85.2125,3500.0,179.82627868652344
650.727,0.3302,3.75928,4.61439,1.13579,30.4199,3500.0,186.3582000732422
662.686,0.330027,4.22247,5.43302,1.21302,164.907,3500.0,171.11599731445312
1772.95,0.577276,5.81209,7.9142,1.03556,744.581,3500.0,371.9085388183594
1853.32,0.537532,6.45823,8.39764,0.948012,1225.27,3500.0,371.0602722167969
2085.46,0.610323,5.45896,7.75717,0.954451,1308.09,3500.0,402.6244812011719
53.027,0.0631686,3.31258,3.6759,1.4093,0.742818,3500.0,24.313344955444336
2269.39,0.755943,7.87687,11.45716,0.917364,1771.8,3500.0,555.4188842773438
2832.87,0.594039,4.44869,5.41103,0.974223,278.814,3500.0,426.9728088378906
3382.72,0.747656,7.34465,11.49981,0.629183,2617.52,3500.0,786.3818359375
2042.81,0.606994,5.09247,5.84718,0.897809,126.852,3500.0,406.5525817871094
3819.48,0.803576,9.44249,12.87462,0.523877,1460.63,3500.0,1001.943115234375
5476.48,0.840812,9.88138,13.74735,0.356242,3683.93,3500.0,1433.983154296875
2046.94,0.658919,7.78441,8.10712,0.845555,301.572,3500.0,561.8878173828125
587.526,0.283697,6.06768,7.92837,1.40745,272.126,3500.0,125.3841781616211
1634.17,0.587913,6.4338,7.24478,1.03014,293.147,3500.0,377.13812255859375
821.485,0.332276,3.33243,6.04593,1.11713,50.0814,3500.0,162.4070281982422
332.018,0.426281,3.63671,4.06011,1.77026,6.60665,3500.0,188.92942810058594
3763.62,0.704358,5.87733,8.05655,0.650793,1172.83,3500.0,737.886962890625
1951.46,0.576616,6.67811,7.39759,1.00639,323.177,3500.0,441.6334228515625
2313.39,0.617394,5.51537,7.30137,0.939193,137.969,3500.0,430.134033203125
4543.55,0.817272,13.05535,17.81966,0.34892,3974.5,3500.0,1255.1282958984375
2243.64,0.737607,7.79447,8.16346,0.80406,315.463,3500.0,655.8946533203125
1404.3,0.600831,21.74744,22.01347,0.729541,1216.39,3500.0,307.1678466796875
3909.09,0.783783,7.91913,14.08186,0.601797,1842.08,3500.0,896.9235229492188
2460.18,0.597299,4.63015,6.88816,0.861106,357.314,3500.0,470.0296630859375
3107.75,0.788202,12.28213,12.59406,0.545278,809.802,3500.0,1013.7174072265625
505.709,0.277043,4.59211,4.73085,1.35571,44.7299,3500.0,135.2003173828125
1017.29,0.393807,5.9614,6.63284,1.17037,372.639,3500.0,213.05517578125
672.114,0.285873,3.67352,5.09475,1.24571,22.0154,3500.0,187.7487030029297
948.916,0.41045,4.08147,5.36002,1.19228,37.5948,3500.0,229.65570068359375
2196.96,0.689683,12.97785,13.36565,0.699764,786.156,3500.0,674.9537963867188
396.384,0.186658,4.97409,5.57071,1.49019,151.934,3500.0,79.12175750732422
1470.37,0.55732,8.91429,11.53447,1.13079,1129.73,3500.0,323.28021240234375
2833.83,0.629158,5.20837,7.27997,0.741817,764.074,3500.0,602.4139404296875
1904.52,0.545863,11.1315,11.8011,0.728723,624.84,3500.0,477.8066101074219
1393.78,0.48771,3.87196,6.11636,1.1964,133.666,3500.0,294.1865539550781
2923.6,0.694645,7.77266,8.35305,0.75076,445.947,3500.0,716.4381103515625
1851.94,0.636304,5.67313,7.35697,0.92614,132.903,3500.0,481.9852294921875
2101.5,0.628915,4.63776,6.16462,0.899204,130.045,3500.0,421.8237609863281
1216.27,0.455216,6.42473,8.69704,1.24311,279.924,4000.0,240.63658142089844
3438.09,0.784474,8.5345,16.23244,0.615628,4842.76,4000.0,891.46875
662.048,0.249821,5.67629,7.40167,1.22102,270.296,4000.0,153.7888946533203
4574.15,0.847695,10.95663,15.44361,0.353837,5227.52,4000.0,1459.1331787109375
2350.41,0.568904,4.81318,9.8787,0.861126,1640.44,4000.0,444.8039245605469
3950.84,0.780574,7.19935,14.50041,0.534302,2869.22,4000.0,994.396240234375
4059.59,0.723615,5.93588,7.7495,0.615626,934.151,4000.0,832.460205078125
5191.91,0.85628,14.23238,17.69651,0.325148,5341.89,4000.0,1629.1630859375
279.559,0.171054,3.44292,4.65433,1.41079,9.89499,4000.0,104.85298919677734
6214.91,0.876889,11.16171,15.33368,0.300723,2105.79,4000.0,1880.230712890625
4051.56,0.821037,9.72716,11.1681,0.484625,1386.38,4000.0,1202.758544921875
5592.45,0.809915,9.12041,11.15601,0.394036,2845.04,4000.0,1333.793701171875
845.297,0.219273,4.42518,5.18017,0.977715,77.7676,4000.0,132.45932006835938
604.138,0.318318,3.39833,5.08104,1.24934,39.8451,4000.0,130.11732482910156
2574.03,0.588649,6.36142,7.94995,0.789252,249.753,4000.0,479.4259033203125
2530.61,0.656639,5.61256,9.11963,0.811111,968.229,4000.0,571.5003051757812
4341.28,0.85847,15.33451,20.6228,0.367077,6383.74,4000.0,1382.0015869140625
422.025,0.252069,4.7696,4.8832,1.67327,17.0669,4000.0,96.66508483886719
280.483,0.197637,3.37052,4.17113,1.46199,4.30249,4000.0,82.70362854003906
2249.27,0.586318,8.43976,8.84605,0.738886,497.573,4000.0,534.7822265625
2623.42,0.65326,6.23896,8.71408,0.781367,710.006,4000.0,579.0985107421875
3072.39,0.76804,11.39839,11.75782,0.598624,669.979,4000.0,912.43798828125
1707.79,0.588226,4.44698,13.00223,1.02436,897.213,4000.0,444.37847900390625
705.828,0.275827,5.07974,6.82918,1.20739,81.5553,4000.0,161.45399475097656
1229.42,0.517362,3.8415,7.54446,1.28511,421.024,4000.0,268.8333740234375
104.674,0.0937719,3.49545,6.64278,2.33813,33.885,4000.0,18.478496551513672
631.457,0.477955,3.41399,7.35454,1.36598,108.099,4000.0,222.84169006347656
3397.88,0.687808,6.82833,11.62168,0.678197,1303.62,4000.0,656.0427856445312
347.08,0.18868,4.89338,5.40127,1.53119,44.7851,4000.0,95.13214874267578
438.449,0.248193,3.34365,5.32955,1.32526,37.2649,4000.0,120.70784759521484
897.59,0.340356,5.59602,6.3216,1.19786,276.83,4000.0,176.4015350341797
2633.52,0.696088,6.57332,10.2073,0.815768,1309.87,4000.0,570.08349609375
1161.96,0.459147,3.91309,5.70856,1.05709,140.247,4000.0,269.5476379394531
1749.59,0.578274,7.77916,8.74387,0.918425,303.556,4000.0,418.1561279296875
57.922,0.148474,3.55744,3.74056,3.01243,1.33525,4000.0,45.234947204589844
2631.5,0.749882,13.34163,13.57947,0.604972,715.527,4000.0,876.1036376953125
883.267,0.453008,4.49928,5.03772,1.3129,40.2254,4000.0,210.18719482421875
2648.08,0.779345,13.64704,13.84369,0.60936,761.589,4000.0,898.4423828125
720.688,0.426065,8.0177,8.60121,1.65341,235.621,4000.0,165.8283233642578
723.07,0.291292,7.15392,7.90068,1.22627,91.3713,4000.0,149.71432495117188
973.886,0.436366,3.90286,5.20667,1.22621,47.1726,4000.0,254.86766052246094
1395.99,0.474788,4.3691,6.64425,1.11259,618.72,4000.0,270.0799560546875
769.98,0.257183,4.36329,4.86728,1.19477,45.0156,4000.0,141.62350463867188
3328.87,0.725197,6.85771,9.73557,0.673475,1450.6,4000.0,735.2703857421875
1212.87,0.38175,3.90266,6.43917,0.961067,116.065,4000.0,246.9200897216797
1273.21,0.474652,10.71047,11.10927,0.969481,246.855,4000.0,336.3609619140625
2173.14,0.53012,3.95853,10.96942,0.828375,693.139,4000.0,430.2480163574219
910.438,0.379921,7.02676,7.96427,1.3613,148.218,4000.0,180.0467071533203
4948.11,0.783612,10.34118,11.89513,0.424933,1633.16,4000.0,1209.174560546875
5678.0,0.886449,12.10366,15.24621,0.27971,4195.74,4000.0,1945.9617919921875
255.471,0.193821,3.45625,4.38837,1.43752,5.23775,4000.0,112.81157684326172
1430.13,0.467338,9.33521,9.65836,0.915483,228.831,4000.0,368.4356384277344
3726.94,0.790337,9.44741,13.23024,0.536278,1398.66,4000.0,1012.726806640625
964.964,0.427575,4.76281,5.19873,1.32821,36.8868,4000.0,232.08506774902344
1632.15,0.466404,6.49563,7.39376,0.805202,127.173,4000.0,359.6217041015625
2843.16,0.701279,5.56738,10.10542,0.803439,1252.21,4000.0,582.4081420898438
3018.03,0.765348,7.19804,15.23505,0.693679,3987.41,4000.0,748.2160034179688
1666.76,0.704942,7.88437,14.33636,1.10392,2965.44,4000.0,425.4254150390625
219.213,0.145734,3.70094,4.15476,1.73271,8.27648,4000.0,60.253570556640625
2242.51,0.570637,4.73434,6.42533,0.894441,517.402,4000.0,411.177978515625
1796.43,0.592762,6.16317,8.1793,1.06142,892.255,4000.0,386.7691650390625
5250.8,0.918676,17.16845,18.61303,0.234669,12670.1,4000.0,1828.4317626953125
901.943,0.440851,6.28705,6.5693,1.34242,105.94,4000.0,214.01412963867188
820.464,0.469629,3.47769,7.54839,1.51106,170.857,4000.0,209.71299743652344
5546.96,0.841394,12.56842,16.59127,0.334837,2515.5,4000.0,1569.3070068359375
1303.49,0.532967,6.44348,8.92958,1.31326,1421.6,4000.0,261.5855407714844
2361.43,0.598562,7.01676,8.85741,0.791394,1717.62,4000.0,534.5750732421875
1344.78,0.428677,3.73328,7.46151,1.14766,234.271,4000.0,229.4601593017578
272.949,0.207383,3.73285,4.44778,1.81287,10.2769,4000.0,66.86949920654297
2946.55,0.709362,5.58697,10.19414,0.792895,1287.62,4000.0,601.0991821289062
3100.77,0.702086,8.05973,11.19486,0.64985,2327.86,4000.0,747.5421752929688
3433.15,0.662538,7.81311,8.7931,0.646236,431.959,4000.0,701.2896118164062
3027.36,0.792538,13.68532,13.90311,0.520271,953.813,4000.0,1056.3497314453125
4187.88,0.818738,9.27939,16.51191,0.422742,4156.15,4000.0,1196.606689453125
4862.76,0.830522,10.71027,14.99859,0.371226,2025.2,4000.0,1450.9942626953125
1160.3,0.423945,4.60805,5.69744,1.11717,166.205,4000.0,236.6237030029297
1342.48,0.702478,10.90331,11.59526,1.14284,408.94,4000.0,462.8160400390625
923.293,0.362657,4.18627,4.85142,1.10587,24.5226,4000.0,199.8360595703125
2101.83,0.62562,5.90068,6.74913,0.879864,149.342,4000.0,507.1464538574219
3639.52,0.814094,11.51022,17.42762,0.512252,5258.35,4000.0,1017.1790771484375
2244.42,0.590676,7.34963,8.5914,0.778277,1579.31,4000.0,520.516357421875
5937.75,0.824896,10.66197,11.93213,0.359315,1653.17,4000.0,1489.9471435546875
5727.75,0.913469,15.34369,22.07579,0.234732,11516.8,4000.0,2065.041748046875
2037.25,0.573749,3.86389,11.17442,0.873067,635.974,4000.0,421.5452575683594
949.978,0.394501,6.79542,7.46745,1.45536,146.289,4000.0,225.29769897460938
409.625,0.286468,4.89184,7.036,1.96918,109.725,4000.0,117.51966094970703
2014.35,0.495097,7.34321,7.85095,0.764776,212.995,4000.0,467.0116271972656
5614.43,0.813774,8.75026,12.27296,0.398317,3036.37,4000.0,1330.0958251953125
1246.39,0.416702,5.43126,6.87973,1.06414,421.68,4000.0,255.64389038085938
5589.3,0.828619,10.758,14.85992,0.358395,2457.94,4000.0,1494.6695556640625
4287.81,0.7907,7.22291,14.47479,0.502911,2956.81,4000.0,1061.21826171875
3359.79,0.730307,7.44326,14.98593,0.586937,2045.37,4000.0,826.30615234375
3240.56,0.673931,7.29389,10.45413,0.639609,885.89,4000.0,700.2503662109375
2891.29,0.646262,6.24388,8.11006,0.755566,335.518,4000.0,583.8922729492188
1705.38,0.600577,8.43163,9.02587,0.993154,304.553,4000.0,435.16058349609375
4985.15,0.843254,14.49379,17.94718,0.365667,4680.16,4000.0,1444.33984375
690.301,0.414856,3.30233,5.26953,1.6002,100.934,4000.0,171.76950073242188
2677.63,0.606689,6.77102,8.51864,0.773849,422.133,4000.0,553.648193359375
6094.68,0.891502,12.74906,24.79642,0.260743,10320.0,4000.0,1916.5299072265625
1642.92,0.566347,13.74276,13.8878,0.771944,448.954,4000.0,513.142333984375
2029.33,0.678733,8.16776,9.07182,0.849356,287.022,4000.0,574.3047485351562
2222.33,0.719474,14.1729,14.41216,0.674456,917.022,4000.0,750.1228637695312
190.234,0.151858,3.83842,4.73826,2.02697,9.26035,4000.0,59.937679290771484
3257.46,0.750547,8.73896,9.90281,0.681786,803.002,4000.0,773.1103515625
3613.22,0.835592,13.59759,16.04961,0.532638,2597.78,4000.0,1001.2506713867188
814.718,0.343906,4.74628,5.85851,1.50944,98.7877,4000.0,141.5812225341797
85.3371,0.119262,3.34472,4.36363,1.33145,4.29448,4000.0,19.00370216369629
3890.77,0.777578,9.82647,11.52648,0.517619,2528.54,4000.0,1032.4119873046875
519.123,0.352174,3.74884,5.41805,1.619,22.3372,4000.0,128.01905822753906
3761.75,0.736731,7.11807,9.98229,0.639117,641.918,4000.0,774.3462524414062
2378.81,0.583847,7.49901,8.22785,0.802657,325.918,4000.0,498.195068359375
3586.78,0.745323,7.1213,13.01516,0.630267,1835.96,4000.0,816.6329345703125
513.411,0.258316,4.25222,5.4944,1.44265,75.6731,4000.0,111.51106262207031
878.772,0.365641,3.51565,5.64269,1.238,60.0403,4000.0,158.20986938476562
307.68,0.218472,4.64903,5.42071,1.98766,50.6308,4000.0,52.85005569458008
3563.66,0.72619,6.46471,14.49365,0.596186,1911.71,4000.0,831.7671508789062
2178.77,0.631844,3.63474,9.40377,0.88427,769.0,4000.0,470.89447021484375
1603.78,0.504194,4.93504,5.87921,0.969192,107.92,4000.0,341.78155517578125
947.636,0.572474,6.57804,6.99375,1.60121,212.301,4000.0,252.63905334472656
886.611,0.380638,4.19865,5.27667,1.22502,69.2316,4000.0,205.00668334960938
624.247,0.296391,4.22858,5.80304,1.29481,73.1121,4000.0,135.46441650390625
1242.22,0.380288,6.2318,6.49091,1.01196,198.144,4000.0,252.26173400878906
1653.31,0.53945,6.96724,7.84289,0.963477,201.416,4000.0,376.0701904296875
1479.4,0.458869,3.92092,5.75711,1.15089,77.6536,4000.0,278.0483703613281
1803.61,0.547736,9.23932,9.29161,0.833377,208.453,4000.0,434.5178527832031
167.15,0.0967277,3.91091,5.34636,1.87115,13.239,4000.0,39.2379264831543
3940.6,0.735014,9.17565,12.25719,0.535604,1137.06,4000.0,910.9431762695312
534.792,0.225674,5.55363,7.06947,1.27767,96.2705,4000.0,98.21002960205078
1688.49,0.589691,3.6901,10.75847,1.03208,635.377,4000.0,433.53338623046875
2452.57,0.652654,7.12658,8.05936,1.0056,327.649,4000.0,479.0948486328125
528.813,0.31332,5.0794,5.74173,1.53621,70.3304,4000.0,111.43675994873047
114.429,0.103596,3.48048,4.0475,1.65563,4.51168,4000.0,40.94182586669922
943.592,0.410684,3.73711,6.208,1.18822,203.809,4000.0,211.43777465820312
1929.06,0.607605,6.61794,6.95847,0.88669,111.987,4000.0,513.3270263671875
828.958,0.351244,3.59798,5.10961,1.3083,41.6814,4000.0,185.6559600830078
1451.37,0.693729,11.10285,11.791,1.07539,436.295,4000.0,480.08795166015625
984.903,0.554738,8.8905,11.57421,1.54969,1129.93,4000.0,239.65423583984375
2223.48,0.770567,8.28475,14.01366,0.883647,3254.16,4000.0,602.0956420898438
1716.27,0.601059,4.83275,8.47968,1.11727,477.97,4000.0,392.6934814453125
1410.81,0.433619,3.7919,5.09329,1.12696,32.7381,4000.0,242.8472442626953
137.315,0.0717578,3.81185,4.83001,1.63677,12.5639,4000.0,27.09767723083496
3193.04,0.805039,8.0507,16.29166,0.655394,5050.93,4000.0,846.4554443359375
1136.03,0.457752,4.65628,6.49282,1.27097,454.74,4000.0,224.46524047851562
3432.64,0.740819,8.09575,11.37809,0.653102,2528.79,4000.0,801.6763305664062
733.525,0.360088,4.05981,4.76483,1.22045,16.5212,4000.0,182.84901428222656
1102.67,0.508116,5.13789,5.7368,1.18064,49.0533,4000.0,229.9176483154297
1547.73,0.546767,8.75335,10.23813,0.972183,330.888,4000.0,397.5782165527344
837.316,0.441762,3.49283,5.74125,1.35159,120.988,4000.0,214.03372192382812
814.28,0.460533,5.537,5.92043,1.63684,127.047,4000.0,162.04147338867188
3339.5,0.674775,9.23245,10.46043,0.55002,1067.58,4000.0,796.7685546875
4246.85,0.810941,12.49845,15.91164,0.456559,7630.82,4000.0,1159.5582275390625
1907.06,0.62544,7.85459,8.72764,0.932024,330.835,4000.0,478.8805847167969
360.886,0.258631,3.5682,5.13571,1.54184,24.1975,4000.0,106.21491241455078
334.709,0.139588,3.79024,4.41617,1.30275,15.2294,4000.0,70.95928955078125
1355.88,0.553686,3.95854,8.46115,1.21451,386.816,4000.0,319.8440246582031
2837.36,0.707029,5.70297,15.38728,0.677087,1486.81,4000.0,689.755859375
3183.51,0.784596,7.60715,15.6687,0.662458,4671.2,4000.0,847.4008178710938
4838.43,0.900371,15.32844,24.51072,0.266676,11293.7,4000.0,1641.019287109375
1131.55,0.441338,5.89668,7.1337,1.11809,189.699,4000.0,285.9097900390625
926.587,0.362124,4.30975,5.11022,1.29304,82.3984,4000.0,172.8899688720703
1572.52,0.468098,4.16248,5.1856,1.05249,138.094,4000.0,290.60711669921875
461.922,0.212795,3.78367,4.90561,1.26804,20.0053,4000.0,92.49201202392578
3465.02,0.712052,6.05581,7.8849,0.677875,889.124,4000.0,758.9873046875
2833.83,0.704502,7.14235,9.13676,0.7872,748.17,4000.0,630.901123046875
4605.67,0.79421,9.21336,13.13245,0.426613,1741.4,4000.0,1227.4150390625
4673.19,0.811573,11.93175,14.87237,0.410515,1900.36,4000.0,1301.0035400390625
1372.03,0.60597,21.54893,21.85263,0.733591,1206.91,4000.0,479.6353759765625
3051.13,0.843591,14.92764,20.64756,0.518314,6110.88,4000.0,1007.0674438476562
777.994,0.294901,3.63288,5.38427,1.19278,23.8714,4000.0,131.17149353027344
3233.06,0.745803,8.56837,8.98965,0.638163,485.861,4000.0,847.0315551757812
970.929,0.337016,4.36718,5.82051,1.21084,240.743,4000.0,174.8516082763672
4845.69,0.809612,7.78408,12.08229,0.483628,1345.24,4000.0,1110.41796875
502.506,0.270464,3.5336,4.56582,1.22759,18.1173,4000.0,153.66500854492188
1974.27,0.593302,6.37739,7.16526,0.905685,242.632,4000.0,453.3734130859375
1355.74,0.551362,20.19678,20.49604,0.693698,1057.62,4000.0,475.9581298828125
4879.76,0.786213,7.49214,8.8883,0.525603,1542.67,4000.0,1026.718994140625
651.779,0.321329,3.77328,5.559,1.12138,41.245,4000.0,184.0835418701172
5066.97,0.826735,9.51978,11.5897,0.412829,1437.93,4000.0,1326.968505859375
126.887,0.116814,3.41865,5.28956,1.75558,16.683,4000.0,30.67082977294922
787.383,0.361954,3.52023,4.70271,1.3504,79.0321,4000.0,184.12734985351562
1539.53,0.509093,4.32837,6.03067,1.17106,223.223,4000.0,315.1391296386719
1538.35,0.555357,3.57052,4.58556,1.08588,66.8083,4000.0,384.04278564453125
1529.96,0.51324,7.78162,8.02034,0.922157,206.69,4000.0,387.19488525390625
301.22,0.260641,3.39297,4.60788,1.44099,7.57343,4000.0,127.70502471923828
1843.27,0.5669,4.55466,6.31442,0.990223,314.927,4000.0,404.6631774902344
1071.73,0.531008,7.17553,7.23663,1.30222,206.019,4000.0,278.6708984375
2147.83,0.635434,5.64505,7.80513,0.886754,813.75,4000.0,491.95703125
3603.11,0.767626,9.26697,12.33004,0.565545,1259.32,4000.0,940.5215454101562
2192.07,0.709628,6.27497,12.62898,0.958175,2124.16,4000.0,482.4627990722656
418.134,0.210408,3.77357,4.26796,1.16182,15.4639,4000.0,108.79353332519531
3835.6,0.657503,5.48932,7.591,0.651257,475.512,4000.0,633.86865234375
2045.4,0.692123,7.15088,7.80058,0.848179,226.365,4000.0,584.8499145507812
3459.78,0.74439,6.82523,12.48808,0.644485,1595.15,4000.0,794.0804443359375
5512.76,0.847416,9.92934,12.45532,0.362386,5917.5,4000.0,1527.3212890625
2466.92,0.704392,9.34081,9.78735,0.70663,406.165,4000.0,696.32861328125
2167.9,0.699535,9.26813,9.63601,0.785483,382.446,4000.0,629.0548706054688
1219.3,0.622008,10.08887,10.76028,1.2749,328.899,4000.0,361.685302734375
751.52,0.350028,3.39914,4.87042,1.11582,12.1623,4000.0,196.9364776611328
1748.31,0.603952,6.41282,7.56807,0.930022,115.68,4000.0,471.29156494140625
3097.87,0.64891,6.42131,7.56125,0.692925,832.802,4000.0,660.3391723632812
3383.28,0.720211,7.36693,15.29874,0.615216,1873.14,4000.0,790.0722045898438
2085.46,0.610323,5.45896,7.75717,0.954451,1308.09,4000.0,408.10247802734375
3822.46,0.87608,18.7176,19.22023,0.382997,8916.33,4000.0,1293.6064453125
913.781,0.505948,4.61396,5.61698,1.28221,45.2483,4000.0,197.56344604492188
1142.82,0.43612,6.12201,6.79837,1.08392,141.059,4000.0,287.6536560058594
5292.14,0.884256,13.86029,18.87098,0.282859,4716.29,4000.0,1749.21923828125
3898.29,0.776235,12.01422,14.44217,0.491097,1737.79,4000.0,1074.4033203125
3991.39,0.790377,7.76232,10.78409,0.570516,1283.64,4000.0,940.2103881835938
1621.82,0.519337,3.57571,7.01044,0.976744,471.453,4000.0,363.5810852050781
5036.09,0.849697,9.94955,14.93622,0.381092,2047.62,4000.0,1476.4901123046875
957.055,0.384405,4.22748,5.53356,1.30848,66.9052,4000.0,213.20590209960938
3405.23,0.670082,6.15805,7.87531,0.655103,663.678,4000.0,667.8353271484375
3667.24,0.812837,9.07515,16.20843,0.573212,5260.93,4000.0,991.0126953125
1148.12,0.401816,3.5663,5.74252,1.0541,108.504,4000.0,295.2860107421875
4066.04,0.791669,10.02077,13.91871,0.478627,2865.48,4000.0,1126.7882080078125
4161.76,0.833738,13.90423,20.34858,0.415088,5661.45,4000.0,1292.0184326171875
5028.86,0.795943,9.56001,11.98321,0.437163,1345.55,4000.0,1174.07421875
5142.9,0.826176,10.77,13.33239,0.376373,3171.46,4000.0,1415.8497314453125
1879.37,0.590536,4.34545,7.29853,1.01363,418.317,4000.0,409.4974060058594
5430.44,0.867195,13.14236,16.67952,0.301156,3669.15,4000.0,1773.1663818359375
1938.31,0.66763,21.86014,22.18079,0.57039,1292.02,4000.0,625.4776000976562
468.523,0.241415,3.94466,5.65493,1.29614,43.6783,4000.0,112.41021728515625
1392.14,0.587705,18.50482,18.82425,0.782883,1063.53,4000.0,434.65228271484375
3823.6,0.697215,5.64552,7.0509,0.667006,667.179,4000.0,733.8963623046875
3130.01,0.650968,5.28486,7.35017,0.728958,731.351,4000.0,622.6791381835938
1412.83,0.68013,12.31825,13.14573,1.20452,3047.79,4000.0,356.4544372558594
1006.05,0.372157,8.33006,8.81103,1.1114,120.929,4000.0,215.24855041503906
1050.88,0.482239,5.6342,6.41321,1.19266,79.2134,4000.0,259.29913330078125
2563.63,0.643195,6.45124,7.67105,0.825307,622.403,4000.0,563.9197387695312
3091.36,0.719629,7.6442,10.29439,0.761804,1500.33,4000.0,654.6962280273438
3084.33,0.70026,8.22138,12.31343,0.657692,1231.01,4000.0,716.3936767578125
2806.07,0.75423,6.42068,15.30996,0.727601,3922.88,4000.0,702.0945434570312
1018.54,0.347923,4.98731,5.98389,1.13194,316.531,4000.0,179.5304412841797
2608.87,0.585012,6.58326,7.76349,0.745185,415.177,4000.0,503.1697998046875
6087.12,0.921056,16.40202,24.82719,0.206272,13230.1,4000.0,1971.990966796875
3072.38,0.659679,5.96793,8.35921,0.740651,1090.53,4000.0,571.4366455078125
407.115,0.350562,3.4184,4.70372,1.34058,31.956,4000.0,178.29222106933594
2583.85,0.663529,5.61278,14.16801,0.719258,1294.88,4000.0,597.0390014648438
2710.38,0.748731,7.29919,13.62756,0.732878,3715.03,4000.0,690.873046875
2798.01,0.745308,7.69906,12.8739,0.727903,2052.44,4000.0,689.4010620117188
1499.75,0.664631,4.99863,6.54373,1.41656,491.835,4000.0,331.14300537109375
296.954,0.196004,3.69344,4.40645,2.14875,9.20605,4500.0,69.03895568847656
563.082,0.270221,3.96623,5.43833,1.74541,82.3953,4500.0,106.6623306274414
1065.03,0.522049,4.29624,5.02664,1.22735,30.4158,4500.0,282.378173828125
1805.61,0.65481,7.12762,7.85627,0.932587,216.832,4500.0,515.51806640625
2808.39,0.674207,5.88637,8.02115,0.903407,637.968,4500.0,546.9517822265625
1902.83,0.551202,4.75454,7.8725,0.941513,216.99,4500.0,428.5841979980469
640.764,0.306198,3.59539,5.10411,1.27516,11.8074,4500.0,146.2747344970703
5807.05,0.850196,9.74038,12.81295,0.333604,3595.13,4500.0,1730.8179931640625
3314.06,0.727988,8.97366,10.66248,0.651925,1338.98,4500.0,821.0098876953125
845.86,0.396906,3.6655,4.48127,1.21909,36.4497,4500.0,248.0680694580078
213.609,0.227109,3.85757,4.24837,2.29446,8.39492,4500.0,64.99311828613281
1518.09,0.530539,14.17546,14.43442,0.811532,580.211,4500.0,476.6872253417969
1831.58,0.584877,7.17673,7.97435,0.851816,238.129,4500.0,490.5656433105469
3601.36,0.768025,9.67229,10.76037,0.565402,3327.62,4500.0,971.1500244140625
2887.17,0.792649,35.3453,35.68187,0.320098,4978.03,4500.0,1054.736572265625
1947.12,0.587539,14.40656,14.5701,0.667241,470.935,4500.0,604.1344604492188
1930.41,0.581039,6.38638,7.82162,0.864685,208.748,4500.0,527.9859619140625
2256.13,0.636999,9.64885,9.89918,0.76458,1120.46,4500.0,637.061767578125
1322.23,0.681084,12.47118,12.98719,1.12538,1223.14,4500.0,439.9293212890625
2760.41,0.66809,7.28933,9.34478,0.764484,2287.19,4500.0,592.3109741210938
897.636,0.440695,3.44357,6.12761,1.34631,65.1281,4500.0,268.37420654296875
3700.6,0.807239,12.24766,14.88237,0.506962,3362.52,4500.0,1096.6912841796875
2174.47,0.667447,6.27241,10.23036,0.893685,1223.76,4500.0,515.8645629882812
801.539,0.371933,4.48494,6.11708,1.85384,211.383,4500.0,138.99488830566406
3188.0,0.660068,6.02924,7.49876,0.706253,1522.6,4500.0,656.74658203125
1099.01,0.501738,4.00417,7.27308,1.33186,178.731,4500.0,250.37933349609375
5945.16,0.941324,19.4866,22.32661,0.171179,16623.8,4500.0,2754.016357421875
1497.66,0.53826,4.42173,7.2421,0.991171,285.359,4500.0,340.0111389160156
996.457,0.374674,7.95105,8.11962,1.14792,413.739,4500.0,213.20184326171875
2028.42,0.630908,9.57665,10.01686,0.838723,564.085,4500.0,536.8826904296875
509.803,0.28084,3.84744,4.86337,1.38845,56.5123,4500.0,124.00447845458984
675.459,0.271196,4.63334,5.68369,1.36253,24.3139,4500.0,173.3064727783203
1285.71,0.528525,5.65601,6.128,1.14779,135.761,4500.0,307.8186340332031
1986.61,0.592604,6.51897,7.30945,0.92952,260.999,4500.0,455.9927673339844
1264.47,0.469422,8.79573,9.27836,0.998914,154.546,4500.0,320.9552917480469
2854.72,0.777645,5.63098,6.31202,0.884684,1020.11,4500.0,600.0496215820312
686.446,0.284153,3.80952,5.13735,1.22811,24.2681,4500.0,193.91973876953125
3384.32,0.764416,7.80195,13.22033,0.592616,1990.29,4500.0,917.8096923828125
2856.91,0.569431,5.63025,6.91667,0.801383,363.912,4500.0,494.811767578125
3932.47,0.833807,9.31451,16.27189,0.533523,5580.53,4500.0,1117.5819091796875
1501.68,0.718654,5.91191,15.46798,1.23563,1498.99,4500.0,407.7575988769531
4659.54,0.827732,10.47913,13.67182,0.400998,3848.84,4500.0,1413.3946533203125
68.522,0.0927351,3.31062,3.65196,1.31837,1.17775,4500.0,43.230403900146484
1053.67,0.449499,5.19631,6.52985,1.17685,69.4181,4500.0,243.273193359375
3110.59,0.699887,8.95589,9.77714,0.679807,905.166,4500.0,732.3539428710938
913.152,0.498695,14.91846,15.01205,0.979107,1085.91,4500.0,353.6103210449219
1807.4,0.631966,7.07495,7.57421,0.931765,200.145,4500.0,488.96746826171875
6104.51,0.892137,13.06889,18.17956,0.26224,3755.37,4500.0,2206.7412109375
5141.13,0.887481,11.17613,16.68396,0.304902,5962.93,4500.0,1877.7266845703125
2461.72,0.811682,17.74601,18.50644,0.554929,1400.29,4500.0,1058.3338623046875
470.095,0.325048,3.39847,5.057,1.18043,35.8172,4500.0,175.6844024658203
1729.77,0.624616,16.70146,16.96223,0.683913,729.948,4500.0,636.5930786132812
2906.08,0.62882,4.76206,6.79852,0.786283,431.131,4500.0,601.0751953125
1564.88,0.503295,3.34434,11.25209,0.912786,428.86,4500.0,353.3240051269531
1034.04,0.348625,5.16881,8.81997,1.01856,292.96,4500.0,209.45046997070312
1527.35,0.685589,6.90109,7.02891,1.04198,192.584,4500.0,439.1649169921875
730.443,0.307526,7.82255,8.4068,1.53047,191.778,4500.0,142.0380401611328
2828.29,0.632986,7.60201,8.56598,0.760732,349.464,4500.0,590.0948486328125
2015.83,0.603891,7.15179,7.80389,0.871736,359.386,4500.0,505.21405029296875
2781.82,0.611937,5.90821,7.0299,0.792954,338.218,4500.0,550.0313110351562
5547.51,0.790619,8.51453,9.82911,0.408861,2693.82,4500.0,1296.028076171875
1573.56,0.560345,4.75241,6.24081,1.08728,127.359,4500.0,364.839599609375
444.527,0.238712,4.04551,4.6547,1.37845,15.4412,4500.0,108.45777130126953
3468.46,0.740024,9.0912,12.62335,0.571731,1200.53,4500.0,916.659423828125
1529.94,0.619542,6.95688,7.15871,0.985662,110.67,4500.0,434.84716796875
2393.33,0.690213,7.8397,9.90424,0.835666,646.642,4500.0,608.498046875
1393.4,0.535185,5.63804,6.46999,1.1426,74.1422,4500.0,318.9987487792969
1634.94,0.681008,20.49738,20.79491,0.748628,1316.32,4500.0,562.4834594726562
674.883,0.294855,4.05342,5.87232,1.21559,71.2109,4500.0,134.6703338623047
2298.5,0.625669,7.19477,9.36838,0.849505,361.164,4500.0,524.2581787109375
3433.15,0.662538,7.81311,8.7931,0.646236,431.959,4500.0,716.8878173828125
299.814,0.13293,3.97588,6.02115,1.45626,26.4696,4500.0,39.36989974975586
878.663,0.501554,4.84562,5.29606,1.35898,27.0934,4500.0,202.07167053222656
444.971,0.277966,8.17089,8.80222,1.74629,102.448,4500.0,103.91580200195312
1580.3,0.601993,6.10155,7.77488,1.0041,142.036,4500.0,440.33697509765625
2784.61,0.768537,5.41116,14.78382,0.776843,2398.49,4500.0,716.90283203125
923.293,0.362657,4.18627,4.85142,1.10587,24.5226,4500.0,198.85350036621094
4367.26,0.866445,15.07921,20.51629,0.368143,6259.36,4500.0,1550.296875
249.416,0.105859,3.56324,5.42511,1.22449,27.691,4500.0,32.46645736694336
3477.89,0.676166,7.70847,9.86857,0.59873,664.162,4500.0,778.1306762695312
651.908,0.355544,4.06858,5.06075,1.30785,22.3053,4500.0,172.6112823486328
5937.75,0.824896,10.66197,11.93213,0.359315,1653.17,4500.0,1556.8701171875
1469.2,0.47359,3.908,5.72994,1.10736,80.9689,4500.0,299.19549560546875
2064.98,0.741566,9.52567,15.44652,0.935609,3584.51,4500.0,541.9861450195312
4659.65,0.809329,9.23751,16.04657,0.432215,3666.45,4500.0,1286.2476806640625
4069.46,0.732161,6.02552,7.92006,0.669737,865.229,4500.0,783.7520751953125
817.411,0.491636,3.43466,8.95613,1.01398,486.005,4500.0,328.3118591308594
308.207,0.320278,3.58229,4.23645,2.02807,9.23176,4500.0,109.38269805908203
1275.1,0.465242,5.14768,5.74047,1.04239,61.979,4500.0,293.16168212890625
169.61,0.149016,3.4521,4.88579,1.59882,10.6311,4500.0,56.61039733886719
1176.74,0.464293,4.98557,6.38893,1.04777,290.128,4500.0,254.05519104003906
2789.07,0.70199,6.21925,10.72646,0.740849,1623.24,4500.0,656.5150756835938
1695.58,0.456192,3.8912,5.8832,0.904707,162.5,4500.0,296.56597900390625
525.528,0.342296,6.85231,7.47798,1.66342,105.814,4500.0,149.2582244873047
1929.76,0.650321,7.103,7.8424,0.871514,215.44,4500.0,538.55615234375
872.468,0.401625,5.83226,6.89099,1.28953,124.23,4500.0,207.97666931152344
3723.5,0.795453,8.27122,12.38937,0.548153,1542.48,4500.0,1052.0247802734375
3803.78,0.631632,5.96077,7.47779,0.662919,322.437,4500.0,665.6298828125
2949.51,0.755126,12.2893,14.34362,0.611585,3311.27,4500.0,844.7139282226562
4046.39,0.777932,8.63817,12.06243,0.512106,1307.82,4500.0,1036.6923828125
591.005,0.333052,4.15258,4.6599,1.3343,17.1993,4500.0,156.68832397460938
1913.97,0.672638,7.33159,7.92173,0.864348,221.889,4500.0,575.039306640625
3904.1,0.794702,7.90672,16.54296,0.495461,2791.07,4500.0,1103.736328125
506.72,0.293982,3.51626,5.01624,1.35855,78.2644,4500.0,138.91835021972656
3122.83,0.749255,6.68113,10.34422,0.744711,2034.55,4500.0,683.60009765625
2361.16,0.635034,8.06474,8.99711,0.902356,701.985,4500.0,545.3356323242188
5624.83,0.854391,9.88104,12.79287,0.36482,2925.23,4500.0,1645.2042236328125
1876.4,0.657487,5.99732,8.26616,0.959358,649.626,4500.0,483.234619140625
1108.23,0.45753,5.41527,6.60125,1.10519,33.0035,4500.0,304.9873962402344
2795.01,0.631537,4.89408,10.85266,0.773849,1048.22,4500.0,566.3631591796875
2191.05,0.608914,7.65802,8.1163,0.715756,354.83,4500.0,551.9691162109375
814.718,0.343906,4.74628,5.85851,1.50944,98.7877,4500.0,142.68133544921875
2627.53,0.755693,13.80077,14.38824,0.612202,1932.46,4500.0,890.9241333007812
85.3371,0.119262,3.34472,4.36363,1.33145,4.29448,4500.0,22.199779510498047
1175.17,0.47425,9.31835,9.52909,1.03488,161.526,4500.0,342.3675231933594
3014.77,0.717209,8.62941,11.02302,0.676413,939.422,4500.0,748.178955078125
1571.62,0.499198,3.35002,11.20251,0.912347,429.331,4500.0,353.0278625488281
563.112,0.26479,3.56683,4.48975,1.32309,38.0464,4500.0,128.73040771484375
5441.98,0.898199,12.57295,19.02867,0.307282,6853.11,4500.0,1909.99658203125
2080.61,0.57034,5.57585,7.06688,0.91036,490.838,4500.0,423.5559387207031
1390.45,0.435041,3.81335,7.03162,1.05178,102.773,4500.0,268.0491943359375
3873.11,0.835615,12.98672,20.23811,0.435457,9197.01,4500.0,1234.83154296875
5535.54,0.866211,11.82862,13.66728,0.328969,2542.78,4500.0,1686.760498046875
551.448,0.405176,3.35059,3.99692,1.1531,5.51081,4500.0,254.2806854248047
1214.21,0.475957,5.56724,6.4213,1.18737,156.311,4500.0,282.59600830078125
3563.06,0.680107,8.08604,11.74203,0.651046,1240.37,4500.0,790.5755004882812
177.616,0.242952,3.30961,5.60293,1.41594,28.2241,4500.0,112.16989135742188
1480.08,0.550403,5.20901,6.50886,1.13195,292.094,4500.0,352.5311584472656
6497.7,0.941784,17.44379,25.46016,0.1673,17411.5,4500.0,2761.492431640625
160.161,0.147465,3.34102,3.67907,1.8695,2.36519,4500.0,72.41281127929688
685.455,0.328554,6.21795,7.22039,1.15171,103.683,4500.0,182.70033264160156
1812.2,0.580529,7.39748,7.74717,0.849293,233.157,4500.0,489.80670166015625
153.175,0.0904317,3.85034,4.16512,1.59593,4.9595,4500.0,39.1435432434082
886.611,0.380638,4.19865,5.27667,1.22502,69.2316,4500.0,208.32989501953125
913.456,0.417914,5.12312,5.54279,1.57133,164.087,4500.0,176.6483154296875
1679.85,0.544469,6.04448,7.84799,0.991465,654.423,4500.0,396.27203369140625
1803.61,0.547736,9.23932,9.29161,0.833377,208.453,4500.0,439.7095947265625
1388.09,0.57265,4.45457,8.93568,1.41964,213.525,4500.0,303.660400390625
531.863,0.254877,3.5495,4.73064,1.38131,15.4386,4500.0,127.67207336425781
1437.72,0.548284,7.66548,8.19901,1.02898,219.633,4500.0,374.2904357910156
434.965,0.217384,4.80316,5.5222,1.67627,41.5486,4500.0,82.63975524902344
2049.2,0.778717,14.38186,14.86862,0.777337,2306.01,4500.0,697.4383544921875
3000.84,0.799872,13.35468,16.30896,0.648172,3951.35,4500.0,829.51025390625
1386.36,0.550178,5.56259,6.39131,1.08914,76.2972,4500.0,360.2054443359375
1539.87,0.468977,8.75936,9.51854,0.888881,320.228,4500.0,336.5762939453125
3177.7,0.744069,8.65857,9.81093,0.665015,1662.32,4500.0,824.2896728515625
3863.0,0.828882,9.23775,13.92506,0.531096,2855.85,4500.0,1074.844482421875
284.63,0.205319,3.49256,4.45052,1.63221,18.1818,4500.0,76.1897201538086
2563.76,0.682232,13.37698,15.05316,0.705493,1453.64,4500.0,662.3864135742188
2618.84,0.781016,7.46965,16.28583,0.798676,4681.53,4500.0,686.554443359375
1764.81,0.627111,7.77795,9.81294,1.00644,618.97,4500.0,453.4721984863281
5747.25,0.941237,21.55465,21.98742,0.165441,20280.1,4500.0,2754.224853515625
1617.36,0.565359,5.72184,6.98342,1.37925,994.642,4500.0,288.9336242675781
4583.56,0.808688,9.46121,11.1779,0.481443,6500.89,4500.0,1161.4874267578125
3696.99,0.683444,9.72985,11.41734,0.529161,1268.05,4500.0,863.785400390625
4829.13,0.751236,7.5368,9.19361,0.518833,624.498,4500.0,1021.3065795898438
452.583,0.219534,7.42379,7.60374,1.36601,119.111,4500.0,116.54631805419922
268.658,0.107678,3.71986,5.50169,1.20976,30.5021,4500.0,32.869991302490234
663.432,0.36581,3.91855,4.25399,1.33959,7.53117,4500.0,235.29583740234375
702.023,0.317198,4.24273,4.85584,1.21588,47.3801,4500.0,155.48521423339844
5289.33,0.896555,15.28779,20.27847,0.268136,4797.94,4500.0,2040.3140869140625
2051.1,0.579463,6.21637,7.42525,0.947745,403.532,4500.0,431.407470703125
220.505,0.127431,3.40772,4.21813,1.75609,21.0594,4500.0,54.40839767456055
230.635,0.199321,3.59543,4.35298,1.66215,10.9965,4500.0,82.33378601074219
892.422,0.407548,5.05351,5.83426,1.20847,46.7674,4500.0,216.89352416992188
765.828,0.297588,5.67944,6.35371,1.33702,60.2583,4500.0,135.6057891845703
2241.8,0.706771,12.6792,13.36887,0.687468,2154.82,4500.0,752.1007690429688
393.538,0.221832,3.45766,4.91107,1.22612,27.185,4500.0,112.41262817382812
540.375,0.287676,4.99342,5.53289,1.53149,30.4726,4500.0,111.51703643798828
968.588,0.433456,3.81423,5.63057,1.28847,39.7605,4500.0,210.12110900878906
1099.42,0.369283,4.98686,6.08637,1.0925,243.189,4500.0,222.31491088867188
2857.54,0.592692,9.93045,12.62312,0.628506,1097.13,4500.0,617.312744140625
2358.51,0.534896,4.4991,6.78927,0.82698,301.81,4500.0,402.5590515136719
245.691,0.122818,4.14684,5.73788,1.57122,19.8504,4500.0,40.469505310058594
1018.33,0.339494,4.20701,5.02118,1.25172,139.072,4500.0,186.8256072998047
1836.37,0.573715,7.27368,8.10689,0.940438,352.231,4500.0,451.2037048339844
2260.63,0.694908,9.57452,10.00584,0.780513,723.087,4500.0,620.8023071289062
2197.7,0.604545,4.50138,6.53494,0.872955,414.453,4500.0,490.8959655761719
3514.18,0.762318,4.72396,12.86191,0.70574,1496.12,4500.0,801.4696655273438
2542.53,0.587014,5.41886,6.8372,0.777416,702.618,4500.0,527.33251953125
526.908,0.258302,3.7634,4.06605,1.37813,34.6414,4500.0,150.00352478027344
375.893,0.265953,3.69301,5.21807,1.69291,17.2627,4500.0,124.10533142089844
1203.2,0.54582,14.37111,14.65004,1.01116,603.466,4500.0,368.6015625
2969.4,0.606352,5.61143,7.56948,0.769799,466.398,4500.0,558.7970581054688
766.097,0.322996,5.93716,6.32932,1.28796,113.092,4500.0,161.2649688720703
3690.35,0.720657,7.72617,10.59061,0.586173,2103.75,4500.0,857.5442504882812
1165.78,0.682175,10.73569,11.47713,1.29923,354.212,4500.0,395.1153259277344
1758.14,0.598118,19.25829,19.62001,0.656675,1152.29,4500.0,571.5280151367188
829.559,0.35909,4.69084,4.85178,1.25654,26.8459,4500.0,162.9652099609375
718.847,0.374257,10.24283,10.47951,1.3576,194.492,4500.0,187.19287109375
858.826,0.335349,4.36384,5.01068,1.31291,112.003,4500.0,175.82476806640625
1946.27,0.732058,18.49929,18.66854,0.700604,2309.95,4500.0,712.125244140625
1087.74,0.490567,8.67372,9.86794,1.32565,255.162,4500.0,250.83229064941406
2877.78,0.637742,5.43245,8.74074,0.825034,388.388,4500.0,572.1832885742188
650.11,0.2996,3.53808,5.09231,1.35906,20.8378,4500.0,154.0358123779297
2130.63,0.533574,4.79939,6.57831,0.941789,450.953,4500.0,380.05126953125
4660.15,0.824049,11.65474,13.14478,0.415931,2252.98,4500.0,1349.308837890625
5311.09,0.806115,8.2424,9.52204,0.46358,2318.79,4500.0,1200.06689453125
2826.32,0.649412,5.489,10.76163,0.765324,1068.68,4500.0,586.7880249023438
332.994,0.171721,5.13671,5.54294,1.55637,38.9578,4500.0,60.31790542602539
306.533,0.186929,3.42871,5.04059,1.38109,40.0741,4500.0,79.84907531738281
731.027,0.461154,3.9036,5.57266,1.82988,104.428,4500.0,160.8795623779297
1889.16,0.615853,20.11218,20.44943,0.633476,1236.52,4500.0,617.7670288085938
3623.97,0.77804,8.83555,14.95587,0.556293,2237.04,4500.0,984.3101806640625
1537.27,0.553578,6.29825,7.88438,1.27893,674.917,4500.0,296.1064147949219
2582.45,0.647139,8.71783,9.70127,0.684133,1093.57,4500.0,686.467529296875
354.146,0.194762,3.69957,4.64648,1.21623,46.891,4500.0,107.01781463623047
1014.56,0.317211,3.76525,5.12246,1.10107,88.2176,4500.0,207.22027587890625
2779.87,0.745323,10.34382,11.97001,0.684168,1253.74,4500.0,763.7498168945312
216.465,0.202822,3.41493,4.21511,1.3811,6.71877,4500.0,133.29696655273438
2066.84,0.583232,7.65496,7.86287,0.783547,238.353,4500.0,539.5374755859375
1082.9,0.531351,4.16071,7.6584,1.31323,313.066,4500.0,277.583740234375
3335.37,0.764716,8.01464,14.63739,0.604012,2150.74,4500.0,895.27685546875
1221.37,0.529055,9.14634,11.05848,1.01162,537.591,4500.0,360.3167724609375
601.156,0.331666,3.559,4.97762,1.21542,37.1549,4500.0,197.49581909179688
1650.67,0.531595,5.48414,8.04197,1.09049,758.304,4500.0,322.7092590332031
649.027,0.283153,4.58702,5.54204,1.63322,23.91,4500.0,130.14364624023438
1357.67,0.511716,4.47163,7.04949,1.37697,254.726,4500.0,232.4108428955078
682.755,0.343771,3.82707,5.02799,1.43984,52.6153,4500.0,168.08815002441406
953.112,0.418513,5.10066,5.86198,1.21865,121.045,4500.0,197.9331512451172
1149.57,0.402795,4.01338,5.75566,1.12454,154.655,4500.0,230.23812866210938
1922.88,0.647295,6.35354,10.30542,0.98968,1082.41,4500.0,449.2645568847656
2260.68,0.716785,8.04774,12.0228,0.978385,1455.7,4500.0,514.0465698242188
3314.81,0.778298,6.8275,16.17931,0.647005,4696.29,4500.0,878.3593139648438
3947.71,0.714924,6.36965,8.24529,0.622801,708.323,4500.0,804.8749389648438
2249.87,0.601123,4.60036,6.84498,0.948835,624.701,4500.0,450.9126281738281
450.907,0.221655,4.50557,4.68736,1.39622,18.7886,4500.0,93.1717529296875
963.433,0.393285,3.40989,5.39113,1.05792,45.8186,4500.0,227.73382568359375
3923.38,0.725255,6.33999,13.40011,0.639762,1630.35,4500.0,816.1057739257812
3177.38,0.834498,24.37253,25.24097,0.375162,3451.47,4500.0,1363.471435546875
2743.18,0.593585,3.812,5.57821,0.786129,286.642,4500.0,518.651123046875
1275.47,0.511865,7.3852,9.29032,1.14111,414.774,4500.0,305.9830017089844
935.385,0.418039,3.75735,4.5709,1.2571,73.8328,4500.0,224.79957580566406
3097.87,0.64891,6.42131,7.56125,0.692925,832.802,4500.0,671.2425537109375
3045.31,0.758815,6.74838,15.28553,0.669534,3990.36,4500.0,788.7996215820312
2934.81,0.706281,6.27542,8.28331,0.831397,670.793,4500.0,580.8099365234375
2586.32,0.611449,5.65476,7.80864,0.779923,582.261,4500.0,544.7244873046875
1142.82,0.43612,6.12201,6.79837,1.08392,141.059,4500.0,287.71240234375
3305.66,0.620852,5.67686,7.40978,0.739265,337.707,4500.0,610.8825073242188
1100.53,0.443549,4.4096,6.36627,1.34511,290.651,4500.0,240.04905700683594
1499.37,0.474145,4.34632,7.66559,1.01352,375.233,4500.0,325.0665283203125
6241.12,0.948536,21.47075,21.94138,0.151249,19133.5,4500.0,2881.78759765625
1344.0,0.529055,3.85337,6.27603,0.998565,201.7,4500.0,338.3325500488281
5036.09,0.849697,9.94955,14.93622,0.381092,2047.62,4500.0,1535.4979248046875
4514.5,0.876039,14.14873,20.77379,0.336287,10458.2,4500.0,1590.388916015625
977.329,0.491257,4.40863,6.32537,1.98266,308.68,4500.0,185.18568420410156
2039.22,0.55599,5.16131,5.57605,0.939329,342.008,4500.0,357.5534973144531
5391.01,0.847631,11.24398,16.7896,0.328481,4123.08,4500.0,1611.5166015625
5537.93,0.88137,13.01166,19.36234,0.275434,3870.86,4500.0,2068.9189453125
1938.31,0.66763,21.86014,22.18079,0.57039,1292.02,4500.0,696.1539306640625
2968.29,0.789882,8.85208,12.19559,0.677611,1646.4,4500.0,803.252685546875
1874.08,0.596034,7.62245,8.21509,0.818566,458.86,4500.0,499.60577392578125
2733.84,0.673617,5.78272,9.52664,0.76172,1115.24,4500.0,645.9608154296875
2313.39,0.617394,5.51537,7.30137,0.939193,137.969,4500.0,449.36077880859375
2730.61,0.655231,7.8533,8.39601,0.791276,392.231,4500.0,657.8470458984375
738.202,0.310148,5.17238,5.94628,1.34625,37.904,4500.0,155.45018005371094
1262.71,0.47549,4.98674,6.56896,1.00897,341.557,4500.0,281.53533935546875
221.851,0.16672,3.60272,4.36997,1.54673,15.4937,4500.0,75.39469146728516
505.709,0.277043,4.59211,4.73085,1.35571,44.7299,4500.0,138.63026428222656
3076.95,0.769543,6.88268,15.22682,0.685009,4020.25,4500.0,776.5465087890625
4254.05,0.854897,9.63223,13.5978,0.472417,4922.34,4500.0,1208.9847412109375
4478.17,0.773935,9.73791,12.18168,0.445544,3058.59,4500.0,1161.153564453125
4112.1,0.833006,10.05108,16.54109,0.453576,2768.19,4500.0,1266.7080078125
2699.43,0.725885,14.34452,17.44533,0.667688,2560.17,4500.0,726.7012939453125
1231.9,0.458828,4.66528,7.22078,1.02005,146.55,4500.0,299.5563659667969
1470.37,0.55732,8.91429,11.53447,1.13079,1129.73,4500.0,344.7283020019531
4476.05,0.799609,10.11361,13.89211,0.430416,1733.79,4500.0,1288.161376953125
250.227,0.184379,3.42044,3.82646,1.23879,1.76616,4500.0,121.40036010742188
3775.72,0.827729,9.10165,16.2674,0.554844,5452.64,4500.0,1069.7791748046875
5204.53,0.808142,10.65833,15.36959,0.388594,2241.39,4500.0,1415.810791015625
1215.65,0.425413,4.84864,7.06527,1.10484,274.171,4500.0,265.63690185546875
1745.1,0.630464,21.04467,21.35039,0.628125,1214.75,4500.0,606.3524780273438
1306.07,0.477549,3.92963,7.1286,1.10491,182.71,4500.0,318.4010925292969
731.172,0.369008,5.18935,6.70833,1.34719,238.202,5000.0,176.5039520263672
517.752,0.298623,3.6625,4.06681,1.46423,14.578,5000.0,148.40379333496094
279.559,0.171054,3.44292,4.65433,1.41079,9.89499,5000.0,105.56355285644531
1150.04,0.413377,8.71411,9.28808,1.02858,138.552,5000.0,277.538818359375
3718.89,0.786418,12.57395,15.59001,0.538275,3812.62,5000.0,1056.767333984375
710.721,0.319341,3.54793,5.89574,1.34286,75.0005,5000.0,142.8645782470703
1923.44,0.58603,5.40264,7.32565,0.994311,258.612,5000.0,417.45751953125
4672.62,0.818789,10.47578,14.5492,0.421448,3051.49,5000.0,1382.743896484375
1902.83,0.551202,4.75454,7.8725,0.941513,216.99,5000.0,432.63983154296875
1325.34,0.510493,3.56362,11.49673,1.10616,490.73,5000.0,320.1002502441406
2859.62,0.689018,7.18074,10.08037,0.725803,711.609,5000.0,676.7139282226562
1153.31,0.55097,16.46281,16.82435,0.98992,730.228,5000.0,373.12591552734375
2023.92,0.637301,9.1875,10.21483,0.798928,568.155,5000.0,596.7822875976562
324.008,0.207834,3.55725,3.90061,1.31947,2.53054,5000.0,113.7779769897461
3059.43,0.65981,6.72225,8.08784,0.690584,1012.39,5000.0,687.8966064453125
1547.17,0.561204,19.85248,20.00488,0.794872,1018.45,5000.0,527.4326782226562
4413.18,0.819598,9.85243,14.7477,0.430891,3847.38,5000.0,1331.6148681640625
384.863,0.296168,3.70463,4.48424,1.77239,14.1484,5000.0,117.48147583007812
5256.23,0.939204,20.84148,21.52472,0.185596,18394.7,5000.0,2869.001220703125
1976.56,0.599984,6.06291,7.94843,0.90963,712.937,5000.0,459.2897033691406
684.68,0.243147,4.40746,5.55174,1.25239,82.3578,5000.0,126.01070404052734
563.905,0.36566,3.54146,5.32543,1.60564,50.4811,5000.0,162.09999084472656
2828.36,0.853268,18.98412,20.67664,0.49838,5534.4,5000.0,1158.086669921875
897.636,0.440695,3.44357,6.12761,1.34631,65.1281,5000.0,268.9889221191406
1650.63,0.556745,5.76877,7.52287,0.98164,859.465,5000.0,375.39691162109375
234.604,0.211634,3.31619,4.91028,1.37037,8.86468,5000.0,95.65701293945312
558.885,0.293386,8.51354,9.20336,1.41766,134.652,5000.0,153.10060119628906
591.261,0.356917,3.41156,4.25807,1.32721,15.5419,5000.0,197.63442993164062
2093.68,0.709921,9.23196,10.66889,0.8378,531.689,5000.0,598.0740966796875
2403.67,0.726216,9.41241,9.57457,0.726119,429.88,5000.0,708.9523315429688
824.599,0.375788,8.34216,8.4461,1.22258,162.507,5000.0,216.15475463867188
3641.31,0.809642,8.10202,16.25654,0.580334,5175.9,5000.0,1009.7584228515625
4426.49,0.784199,9.72682,12.7021,0.500712,1513.52,5000.0,1108.35595703125
3051.69,0.615333,5.15308,6.26051,0.829027,367.019,5000.0,516.0836181640625
4950.57,0.865841,14.20373,17.02439,0.330315,6130.83,5000.0,1803.0579833984375
4067.12,0.789644,8.60059,10.69406,0.509529,2789.28,5000.0,1088.055419921875
3689.4,0.755012,6.96832,10.79788,0.644432,1548.35,5000.0,855.177001953125
219.282,0.129457,4.36113,4.57268,1.52264,13.3365,5000.0,54.23834228515625
3641.35,0.624689,5.62305,8.53875,0.653207,461.266,5000.0,652.8523559570312
200.426,0.0845065,4.07281,5.52767,1.28304,26.3554,5000.0,34.725669860839844
1054.13,0.415373,3.44611,5.00755,1.13105,51.4786,5000.0,265.01104736328125
1366.84,0.528891,6.9085,7.72596,1.03021,159.759,5000.0,376.2951354980469
3056.52,0.881128,30.77326,30.95304,0.329958,4803.06,5000.0,1732.111083984375
306.383,0.195831,4.30501,5.01885,1.73018,16.4907,5000.0,78.08567810058594
3486.54,0.814237,9.73442,13.33544,0.55776,1517.32,5000.0,1040.3780517578125
3961.06,0.745326,6.30925,12.16307,0.654136,1498.38,5000.0,862.9913330078125
1832.45,0.623527,4.83461,8.81757,1.09511,540.744,5000.0,426.65032958984375
190.097,0.152526,3.50355,4.29391,1.58073,13.0918,5000.0,73.34349060058594
4350.83,0.79391,7.82769,14.46558,0.487162,3024.11,5000.0,1160.5177001953125
1212.87,0.38175,3.90266,6.43917,0.961067,116.065,5000.0,254.29776000976562
2894.0,0.744785,13.06569,13.74839,0.553043,757.283,5000.0,971.5686645507812
1044.47,0.413069,5.14102,6.13678,1.16232,70.1231,5000.0,218.70082092285156
68.522,0.0927351,3.31062,3.65196,1.31837,1.17775,5000.0,42.767433166503906
1516.7,0.50911,4.2482,5.89966,1.09995,206.051,5000.0,306.8325500488281
2499.66,0.608451,5.37987,6.91472,0.782297,668.974,5000.0,535.849853515625
2098.42,0.527313,5.75037,6.76146,0.851698,317.425,5000.0,430.48016357421875
1333.5,0.546107,20.89205,21.02808,0.679686,1067.63,5000.0,524.688232421875
1589.56,0.508979,7.16467,7.83196,0.972846,225.018,5000.0,381.34625244140625
2807.49,0.781561,13.52157,14.17669,0.573917,797.667,5000.0,988.0869140625
644.151,0.471456,7.6312,9.29315,2.17443,549.804,5000.0,138.38182067871094
903.428,0.367909,5.89863,6.94287,1.46213,179.166,5000.0,193.02903747558594
1394.31,0.45806,5.9077,8.80371,0.960442,568.775,5000.0,319.59722900390625
4664.87,0.832784,14.1154,16.73265,0.399539,4691.65,5000.0,1495.36474609375
4708.84,0.800227,11.67651,13.47249,0.410436,2014.42,5000.0,1366.0186767578125
4990.14,0.82237,9.60056,12.42628,0.400331,1770.96,5000.0,1411.7821044921875
1393.4,0.535185,5.63804,6.46999,1.1426,74.1422,5000.0,322.50311279296875
2266.43,0.657866,5.64742,11.53447,0.893424,1109.15,5000.0,514.175048828125
660.172,0.314342,5.03188,6.12838,1.06388,74.5527,5000.0,181.57484436035156
328.078,0.17582,3.5155,4.79699,1.41075,27.6758,5000.0,89.51978302001953
4688.22,0.841228,12.99712,16.93268,0.341662,3091.55,5000.0,1686.1202392578125
2957.61,0.763081,7.20029,15.2358,0.70593,3943.18,5000.0,768.367431640625
856.803,0.34551,3.60645,4.29186,1.15356,86.1542,5000.0,248.09425354003906
642.742,0.305465,4.07072,7.45897,1.46736,146.864,5000.0,152.93075561523438
407.499,0.177117,4.3574,5.09729,1.38013,31.7995,5000.0,72.5417709350586
937.659,0.483548,3.41819,7.51088,1.3705,162.593,5000.0,238.65750122070312
818.72,0.385614,4.78991,5.54071,1.30739,90.422,5000.0,169.02178955078125
1520.17,0.565754,5.81268,10.11095,1.05186,1265.8,5000.0,388.7349853515625
605.951,0.460218,3.39184,4.66132,1.01232,19.3079,5000.0,317.4016418457031
2349.55,0.599287,5.50647,7.23016,0.879586,780.519,5000.0,447.29425048828125
4303.8,0.833723,10.14929,13.18032,0.449642,2481.32,5000.0,1355.683837890625
394.145,0.283483,3.64682,4.0302,1.35475,16.9945,5000.0,140.73487854003906
823.705,0.327819,5.83256,7.96297,1.44325,114.25,5000.0,157.16796875
1354.82,0.493816,5.78471,7.32224,1.08867,103.094,5000.0,315.04473876953125
2999.41,0.737608,6.44633,14.8363,0.666268,2586.33,5000.0,800.2084350585938
1189.29,0.475047,5.51095,6.80196,1.10257,15.4683,5000.0,273.0510559082031
1908.98,0.690704,20.22581,20.57871,0.632187,1323.55,5000.0,762.0638427734375
970.41,0.392968,3.85661,4.55686,1.17082,30.1633,5000.0,222.2342987060547
409.625,0.286468,4.89184,7.036,1.96918,109.725,5000.0,121.3709945678711
4069.46,0.732161,6.02552,7.92006,0.669737,865.229,5000.0,796.546875
226.661,0.147042,3.62089,4.27492,1.51345,6.20508,5000.0,80.8115234375
4818.35,0.836982,12.187,13.84359,0.36694,2774.13,5000.0,1618.777099609375
1878.94,0.658126,17.4355,17.7351,0.686941,837.631,5000.0,678.1753540039062
1837.82,0.659719,8.98174,9.53302,0.989374,363.357,5000.0,490.7855224609375
74.0758,0.164676,3.58227,3.87409,1.567,1.40423,5000.0,101.8757095336914
3692.94,0.810193,8.66473,16.23013,0.57004,5259.06,5000.0,1038.6707763671875
2588.39,0.62356,6.26097,7.63691,0.785669,318.91,5000.0,535.9181518554688
2235.26,0.547372,4.89304,6.29808,0.90496,306.448,5000.0,433.7701721191406
671.88,0.287224,3.87592,5.86065,1.34013,54.0978,5000.0,159.15139770507812
4225.61,0.790998,8.46758,14.46514,0.488147,3076.78,5000.0,1138.8148193359375
2653.13,0.609481,5.24807,7.35373,0.802787,298.606,5000.0,527.8616333007812
6094.68,0.891502,12.74906,24.79642,0.260743,10320.0,5000.0,2266.128173828125
301.441,0.203099,3.58711,4.29301,1.88972,7.06831,5000.0,77.60807800292969
208.531,0.161874,3.47143,4.33554,1.58235,16.5655,5000.0,92.05274963378906
2224.82,0.624844,6.81842,8.73508,0.885135,535.149,5000.0,538.5645141601562
3341.14,0.763286,8.35281,13.23447,0.602211,2391.27,5000.0,901.0471801757812
3304.87,0.701193,7.28588,8.65221,0.675989,1107.31,5000.0,741.4878540039062
3367.04,0.644499,4.91155,7.16058,0.704851,601.097,5000.0,668.7685546875
3904.1,0.794702,7.90672,16.54296,0.495461,2791.07,5000.0,1139.44677734375
872.271,0.35793,4.40233,5.49509,1.2055,72.285,5000.0,179.3826904296875
1449.11,0.559467,16.99738,17.36837,0.775764,742.968,5000.0,500.0985412597656
5957.97,0.905418,12.66637,17.46366,0.24095,5622.7,5000.0,2531.122314453125
3858.39,0.734323,9.24117,13.36762,0.55466,1978.23,5000.0,924.2564697265625
805.85,0.470191,3.48945,7.1831,1.53405,144.369,5000.0,203.4864044189453
2361.16,0.635034,8.06474,8.99711,0.902356,701.985,5000.0,548.7396850585938
2518.34,0.749143,12.31221,13.94357,0.721497,3275.68,5000.0,732.168212890625
4721.53,0.909395,15.95328,23.77777,0.278832,10839.0,5000.0,2074.52880859375
3999.69,0.794559,12.87672,14.23739,0.509871,1827.26,5000.0,1108.820068359375
1876.4,0.657487,5.99732,8.26616,0.959358,649.626,5000.0,484.76763916015625
1008.93,0.384888,8.20993,8.41793,1.24739,148.342,5000.0,262.8708190917969
3879.82,0.719225,5.92752,7.6197,0.658193,810.539,5000.0,818.049072265625
2966.6,0.688116,7.88839,8.45987,0.776409,712.514,5000.0,720.0745239257812
562.281,0.386434,4.21637,5.02332,1.45103,18.558,5000.0,153.4640350341797
700.883,0.286322,6.54468,7.02256,1.28781,125.224,5000.0,145.34837341308594
961.143,0.386534,3.44385,4.44397,1.19026,17.5447,5000.0,256.396484375
2773.63,0.721943,7.80637,8.33309,0.782064,365.934,5000.0,730.8995361328125
3136.94,0.629287,4.81421,7.15552,0.718399,587.405,5000.0,660.3010864257812
4544.0,0.822375,9.45183,13.39023,0.442615,1535.56,5000.0,1333.2349853515625
785.649,0.354591,3.47904,4.98018,1.20369,61.657,5000.0,214.8777618408203
1026.09,0.440621,5.49707,7.74172,1.29428,214.209,5000.0,245.18170166015625
2896.57,0.849192,27.80264,28.54564,0.373813,4342.2,5000.0,1466.201171875
3124.21,0.769317,8.04747,13.16885,0.692024,1828.76,5000.0,830.18359375
1605.6,0.581549,7.61226,8.86874,1.08146,193.899,5000.0,394.4848327636719
2160.04,0.547042,4.83236,7.21328,0.917143,217.88,5000.0,391.9507751464844
3806.42,0.806056,10.55218,14.76051,0.526934,2648.7,5000.0,1082.017333984375
2378.81,0.583847,7.49901,8.22785,0.802657,325.918,5000.0,516.3619384765625
3298.91,0.663802,8.99977,11.22584,0.641974,905.302,5000.0,694.8800048828125
728.022,0.366942,3.47586,5.29273,1.28029,24.8506,5000.0,199.6145477294922
801.649,0.421565,4.80447,6.69369,1.43016,132.276,5000.0,191.129150390625
484.051,0.191739,4.50842,6.32144,1.32062,59.4822,5000.0,105.3381118774414
3539.74,0.785626,10.2149,14.11089,0.595743,2098.25,5000.0,963.6019897460938
281.984,0.223607,4.0593,4.83659,2.06925,12.3589,5000.0,69.58944702148438
3636.64,0.790477,10.51131,10.95493,0.532876,1383.69,5000.0,1125.61572265625
718.856,0.404912,5.02618,5.80956,1.54221,65.2239,5000.0,179.5745849609375
3745.88,0.803089,8.04384,14.95161,0.589047,1948.32,5000.0,1006.9027709960938
2047.0,0.532252,4.78643,6.76793,0.844356,234.513,5000.0,443.69061279296875
1214.21,0.475957,5.56724,6.4213,1.18737,156.311,5000.0,283.78948974609375
2886.61,0.660983,5.98941,7.72884,0.798201,1095.49,5000.0,598.5872192382812
336.345,0.253547,3.78282,4.28118,1.52105,5.89556,5000.0,119.76124572753906
623.996,0.417064,3.33928,7.35311,1.5473,132.465,5000.0,188.7173614501953
4799.79,0.932277,18.96086,24.00417,0.223238,17237.2,5000.0,2359.2763671875
990.162,0.348465,4.9034,5.88243,1.15351,122.878,5000.0,192.04466247558594
5696.79,0.911796,14.19728,23.33902,0.237281,10542.8,5000.0,2500.61328125
523.565,0.231956,3.97581,4.78782,1.68883,35.1227,5000.0,94.56107330322266
215.191,0.170286,3.45969,4.24253,2.06132,7.86393,5000.0,60.10348129272461
2198.98,0.646928,9.52045,10.40131,0.784753,362.492,5000.0,574.2960205078125
341.286,0.18664,3.61426,4.1353,1.29315,3.20768,5000.0,104.5195083618164
2625.91,0.727386,9.7205,10.09276,0.688309,527.678,5000.0,799.992919921875
569.344,0.337623,3.61383,7.06814,1.4635,58.9356,5000.0,148.45706176757812
2702.07,0.685062,13.2384,13.56869,0.561554,895.1,5000.0,866.293701171875
534.792,0.225674,5.55363,7.06947,1.27767,96.2705,5000.0,103.56429290771484
3594.51,0.706729,6.78732,9.25813,0.663346,1036.68,5000.0,763.75830078125
2566.83,0.725038,9.79307,10.29368,0.703499,473.472,5000.0,788.78564453125
1728.94,0.680326,10.67369,10.97869,0.960456,457.039,5000.0,517.7164306640625
528.813,0.31332,5.0794,5.74173,1.53621,70.3304,5000.0,113.24198913574219
4162.83,0.810834,9.84533,15.19178,0.484402,2437.97,5000.0,1191.49755859375
2478.96,0.597828,5.48132,9.0027,0.809363,801.614,5000.0,529.8628540039062
2041.82,0.548743,5.00296,7.307,0.974412,400.42,5000.0,415.53521728515625
616.492,0.293432,6.86636,8.13238,1.58944,266.26,5000.0,117.34843444824219
1917.07,0.630454,7.87224,9.5745,0.971064,580.539,5000.0,476.4823303222656
2810.19,0.669153,6.09315,8.6173,0.786569,673.643,5000.0,603.6814575195312
2528.35,0.6695,5.66439,10.38415,0.828462,1126.78,5000.0,560.8555297851562
1808.33,0.601817,14.14401,14.4887,0.703873,674.153,5000.0,620.0639038085938
806.782,0.396035,4.11159,5.11388,1.27298,28.5701,5000.0,212.9911651611328
5367.19,0.83373,12.8274,16.25294,0.359024,2474.3,5000.0,1636.95068359375
1062.89,0.462052,4.06568,5.60671,1.17154,46.5399,5000.0,264.9376220703125
4914.73,0.86702,10.02967,17.0513,0.369289,4473.85,5000.0,1641.3468017578125
1440.9,0.55902,5.03399,5.88765,1.11764,83.8176,5000.0,377.84686279296875
608.159,0.261122,5.05303,5.53017,1.43739,33.6452,5000.0,118.17364501953125
4990.42,0.818167,11.93545,13.35974,0.447844,1401.7,5000.0,1271.0
3690.03,0.808583,8.7199,16.13348,0.571062,5171.91,5000.0,1044.5849609375
4526.11,0.803294,10.14962,14.14205,0.479951,2500.6,5000.0,1216.7401123046875
823.469,0.322397,3.8413,4.58788,1.12425,88.6989,5000.0,205.68612670898438
2530.98,0.696001,6.18068,11.59223,0.860577,1223.54,5000.0,586.1820678710938
624.674,0.480436,3.35936,7.58217,1.39633,118.24,5000.0,229.28753662109375
2358.51,0.534896,4.4991,6.78927,0.82698,301.81,5000.0,416.43194580078125
2260.63,0.694908,9.57452,10.00584,0.780513,723.087,5000.0,629.37353515625
926.587,0.362124,4.30975,5.11022,1.29304,82.3984,5000.0,175.6167449951172
1749.4,0.615174,11.74039,12.16511,0.864853,718.684,5000.0,517.696533203125
190.447,0.110028,3.51021,4.15034,1.46585,5.93323,5000.0,59.79545211791992
1670.49,0.489027,5.86779,6.68698,0.939722,119.005,5000.0,352.2607421875
594.145,0.333326,3.7853,4.87984,1.48782,57.5103,5000.0,156.70639038085938
1680.2,0.554826,4.56454,6.87928,1.09787,342.928,5000.0,349.84765625
4963.24,0.81602,10.19708,14.79509,0.412087,2268.91,5000.0,1418.553955078125
4543.31,0.849915,8.89724,16.39676,0.442165,3627.44,5000.0,1390.687255859375
1550.87,0.591511,4.60461,7.60824,1.15965,437.344,5000.0,364.4505310058594
1946.27,0.732058,18.49929,18.66854,0.700604,2309.95,5000.0,736.0111694335938
3172.07,0.686613,6.50052,8.52851,0.708744,1221.24,5000.0,705.3914184570312
4579.48,0.862896,9.51786,21.05198,0.438041,5611.94,5000.0,1445.032470703125
847.495,0.354169,3.97968,6.45658,1.04904,59.751,5000.0,197.08322143554688
1113.38,0.436191,5.44567,6.09891,1.20328,74.1063,5000.0,248.65426635742188
2142.61,0.650634,12.27469,12.88827,0.772807,1989.31,5000.0,584.619140625
3084.3,0.735711,6.58848,12.73856,0.711359,1553.4,5000.0,727.599853515625
882.744,0.443209,6.01514,7.17433,1.32712,82.2846,5000.0,211.49337768554688
1138.6,0.349536,7.557,7.76342,1.02035,98.6076,5000.0,225.3176727294922
3702.86,0.802051,7.83553,15.23681,0.578969,5108.54,5000.0,1017.4512329101562
1512.29,0.552227,5.27034,6.7804,1.09344,95.6542,5000.0,370.2648620605469
2144.57,0.59831,8.92295,9.29743,0.776477,303.991,5000.0,574.6260986328125
4168.12,0.797767,11.92604,14.67199,0.487667,6672.51,5000.0,1167.0682373046875
2343.55,0.607795,5.02811,6.40192,0.979489,786.755,5000.0,438.126953125
937.563,0.452924,4.42061,5.21445,1.1932,24.676,5000.0,221.58680725097656
1419.7,0.471495,5.31227,6.20939,1.10599,183.673,5000.0,294.8367919921875
1929.36,0.634257,9.76554,10.80083,0.870161,715.733,5000.0,543.6459350585938
3110.65,0.61279,6.75061,8.90117,0.674447,545.762,5000.0,629.0386962890625
973.144,0.438638,4.41304,4.7364,1.17759,37.7263,5000.0,235.29173278808594
1152.07,0.47773,5.17502,5.90682,1.14496,53.3036,5000.0,227.5543670654297
2618.67,0.629141,5.81023,7.87369,0.833239,326.878,5000.0,519.9911499023438
2040.04,0.632297,7.68785,8.18686,0.809755,274.623,5000.0,573.9664306640625
2170.87,0.50606,6.18349,9.74465,0.830011,704.169,5000.0,413.2154235839844
1957.86,0.622148,7.5613,8.6674,0.956411,392.389,5000.0,440.5500793457031
2559.68,0.59427,7.55991,8.8451,0.750621,433.981,5000.0,565.595458984375
5090.95,0.893449,13.29068,19.41722,0.294321,4936.45,5000.0,2024.5936279296875
3186.23,0.613159,4.70537,8.00633,0.759887,236.977,5000.0,572.4144897460938
1149.57,0.402795,4.01338,5.75566,1.12454,154.655,5000.0,231.35079956054688
4291.9,0.799176,9.28582,15.09278,0.483983,2588.24,5000.0,1168.7716064453125
4311.51,0.780011,7.43038,13.1663,0.522971,2803.18,5000.0,1072.7249755859375
1050.71,0.451179,3.59308,6.11165,1.29206,146.916,5000.0,219.10516357421875
2111.29,0.708673,4.62045,10.228,0.904863,779.207,5000.0,551.81982421875
4677.7,0.815127,10.56006,13.33996,0.419249,3589.05,5000.0,1351.131591796875
635.617,0.308234,4.74553,5.53588,1.49112,79.902,5000.0,108.50660705566406
1162.8,0.42745,3.8579,5.05346,1.02508,47.243,5000.0,224.033935546875
2856.37,0.768493,4.84199,10.81878,0.854613,1636.85,5000.0,667.487548828125
2340.21,0.718719,11.45823,12.19857,0.696163,556.464,5000.0,767.8153686523438
3287.81,0.695805,5.65337,14.02262,0.660839,1393.15,5000.0,716.0208740234375
493.517,0.238887,3.66766,4.80253,1.44522,20.1821,5000.0,102.49688720703125
5479.25,0.92169,15.27242,18.15816,0.23236,11616.5,5000.0,2494.592041015625
3935.68,0.814216,9.16474,14.53924,0.474959,3469.34,5000.0,1230.6434326171875
700.429,0.455779,3.77464,5.31297,1.86559,78.7391,5000.0,159.37149047851562
1154.39,0.451039,6.25301,7.44264,1.09134,111.581,5000.0,296.7438049316406
367.747,0.173529,4.11708,5.49712,1.47759,59.4708,5000.0,82.46434783935547
3819.48,0.803576,9.44249,12.87462,0.523877,1460.63,5000.0,1102.0938720703125
5476.48,0.840812,9.88138,13.74735,0.356242,3683.93,5000.0,1649.1419677734375
1904.74,0.601099,7.52383,7.95746,1.0209,418.649,5000.0,446.6383056640625
645.226,0.301905,4.0834,5.46212,1.33485,196.301,5000.0,130.9550018310547
3400.26,0.735657,8.07572,10.249,0.660393,810.52,5000.0,815.8837280273438
1053.27,0.422617,6.85333,7.1069,1.16596,73.4901,5000.0,250.4456024169922
609.512,0.290389,8.59802,9.22942,1.33118,110.328,5000.0,147.39625549316406
2173.78,0.686629,8.35581,8.83853,0.936138,708.322,5000.0,574.8428955078125
5014.54,0.85018,10.0493,13.67157,0.383701,2787.82,5000.0,1585.69677734375
2913.46,0.652867,6.26657,6.69496,0.813141,572.038,5000.0,594.4580078125
3839.94,0.730765,7.21932,9.38639,0.645269,761.261,5000.0,820.9126586914062
1997.72,0.575582,11.18946,11.72914,0.828591,1036.85,5000.0,468.1533203125
1243.35,0.430484,4.72354,6.99609,1.08071,281.661,5000.0,278.5736999511719
2460.18,0.597299,4.63015,6.88816,0.861106,357.314,5000.0,495.2408447265625
1767.86,0.631276,7.68907,7.89527,0.913948,201.765,5000.0,510.68804931640625
3869.13,0.819617,9.10285,16.15601,0.542615,5286.21,5000.0,1098.312255859375
2437.58,0.639339,4.474,8.91468,0.866253,574.217,5000.0,538.5620727539062
1486.12,0.696981,14.51438,14.78319,0.967724,16.7578,5000.0,509.781982421875
1008.31,0.484611,5.0405,6.724,1.20976,66.886,5000.0,302.8362731933594
3144.16,0.755629,9.95508,10.69417,0.675034,1808.2,5000.0,831.3362426757812
1013.88,0.418125,4.23981,6.97659,1.31846,293.878,5000.0,207.0140838623047
4593.17,0.795258,9.36669,13.00483,0.444466,1628.6,5000.0,1267.474853515625
2196.96,0.689683,12.97785,13.36565,0.699764,786.156,5000.0,722.1409912109375
1057.08,0.45246,4.25586,5.8535,1.17327,47.581,5000.0,268.94580078125
4899.41,0.853709,11.19822,14.70493,0.37943,2497.91,5000.0,1578.34423828125
555.611,0.294593,3.71317,4.52112,1.21708,11.442,5000.0,155.0941619873047
1634.99,0.52652,3.94028,4.94707,1.11037,65.1252,5000.0,324.8930969238281
2188.18,0.567419,4.66987,6.91203,0.957454,554.422,5000.0,412.9026794433594
3488.69,0.695469,6.4043,7.57276,0.684358,650.724,5000.0,737.29638671875
3206.24,0.70093,5.46381,9.11663,0.723302,980.943,5000.0,685.29345703125
4401.46,0.813575,10.14468,13.94695,0.424151,2265.1,5000.0,1366.7767333984375
2101.5,0.628915,4.63776,6.16462,0.899204,130.045,5000.0,433.8334045410156
4664.25,0.801874,11.01623,12.67575,0.42809,1844.68,5000.0,1313.923583984375
409.132,0.290495,3.38354,4.72437,1.25777,15.7619,5000.0,163.656494140625
