{
    "dataset": "CO2RRRC",
    "test_r2": -0.6066606011853186,
    "best_params": {
        "sym_range": 10,
        "steps": 50,
        "n_layers": 1,
        "lr": 0.5,
        "lamb_entropy": 0.1,
        "lamb_coefdiff": 0.01,
        "lamb_coef": 1.0,
        "lamb": 0.1,
        "k": 3,
        "grid": 10
    },
    "symbolic_formula": "0.314888066624492*exp(3.79999971389771*x_3) + 0.314888066624492*exp(2.79999971389771*x_5) + 0.314888066624492*exp(3.0*x_7) + 0.314881960699272*exp(0.59999942779541*x_8) + 0.302907049655914*tanh(0.663839519023895*x_1 - 0.827439785003662) + 0.157218456268311*tanh(0.670559525489807*x_4 - 0.825359761714935) + 0.359015077352524*tanh(0.647599518299103*x_6 - 0.830959737300873) + 0.556520340121976 + 27.5779892743008/(-0.222226140982394*x_2 - 1)**2"
}