{
    "dataset": "logarithm",
    "test_r2": -0.001005297068414901,
    "best_params": {
        "sym_range": 50,
        "steps": 20,
        "n_layers": 2,
        "lr": 0.01,
        "lamb_entropy": 0.001,
        "lamb_coef": 0.01,
        "lamb": 1.0,
        "k": 3,
        "grid": 3
    },
    "symbolic_formula": "0.540181964635849 + 0.165670394454581/(-0.30357813254156*sin(2.39759993553162*x_2 - 2.80343985557556) - tanh(10.0*x_1 - 0.59999942779541) - 0.266609844072492)**2 + 0.152642004492447/(-0.0426331752168946*sin(10.0000581741333*x_1 + 7.60005903244019) - 0.628911614914523*cos(1.27315652370453*x_2 + 8.54745388031006) - 1)**2 + 0.309276684250807/(-0.0413639012838809*sin(10.0*x_1 + 8.80000019073486) + 0.113783346078349*cos(8.75664043426514*x_2 - 0.18575981259346) - 1)**2 - 0.566435026615844/(-0.0742685960064587*sin(8.56579494476318*x_1 - 0.755118131637573) + 0.324760921522399*cos(1.82999444007874*x_2 + 8.39256286621094) + 1)**2 + 0.163606642673517/(-0.236552158072667*sin(2.52767992019653*x_1 + 6.63912010192871) - 0.0312643483060848*sin(8.06479930877686*x_2 + 8.77896022796631) - 1)**2"
}