{
    "dataset": "logarithm",
    "test_r2": 0.4756170820108059,
    "best_params": {
        "steps": 50,
        "n_layers": 1,
        "lr": 0.1,
        "lamb_entropy": 2.0,
        "lamb_coef": 0.1,
        "lamb": 0.01,
        "k": 3,
        "grid": 5
    },
    "symbolic_formula": "0.910729303956032 + 0.471284061670303/(-2.23486042022705*x_1 - 0.523232996463776) - 6.50150851597765e-5/(0.154713886785138 - x_2)**2"
}