{
    "dataset": "CO2HEx10",
    "test_r2": 0.9446645944473393,
    "best_params": {
        "sym_range": 50,
        "steps": 50,
        "n_layers": 1,
        "lr": 0.01,
        "lamb_entropy": 2.0,
        "lamb_coefdiff": 0.01,
        "lamb_coef": 0.1,
        "lamb": 0.01,
        "k": 3,
        "grid": 5
    },
    "symbolic_formula": "0.164538014360005*(0.180000019073486 - x_8)**4 + 0.0672106943966355*(0.880000019073486 - x_5)**4 + 0.0904686567082535*(1 - x_12)**4 + 0.000587338222441452*exp(10.0*x_10) + 0.0144048355073442*exp(3.36399984359741*x_13) + 0.0142906409838091*exp(9.51599979400635*x_16) + 0.00238177344552475*exp(10.0*x_2) + 0.0142906409838091*exp(9.51599979400635*x_9) + 0.79193776845932*tanh(0.990004062652588*x_4 - 0.399519801139832) + 0.300272741912636 - 4.78919810120715e-6/(5.57999992370605 - 6.19999980926514*x_11) - 2.56720264493773e-7/(0.900017458731635 - x_1)**2 - 6.61195398009246e-5/(0.80069917721768 - x_7)**2 - 4.16693216688328e-7/(0.268995155088393 - x_15)**2 + 2.7004298317479e-5/(0.163119703531265 - 0.812240183353424*x_6) - 1.39901756937917e-6/(0.100007527788952 - x_14)**2 + 1.15534409725107e-5/(0.100005620187714 - x_3)**2"
}