Feature,Mean_Abs_SHAP
Linear (x1),2.579477696064143
Angle (x0),0.6451482820568655
