Feature,Total_Effect (ST),First_Order (S1)
Linear (x1),0.9425092282713978,0.9425060877806554
Angle (x0),0.05729380715655713,0.05709026732821513
