Feature,Mean_Abs_SHAP
x1,0.5533430606364487
x0,0.29106690848539585
x4,0.1384835635865696
x3,0.04894857626713844
x2,0.044633019742020004
