{
    "dataset": "CO2RRRA",
    "test_r2": -42.1175576451114,
    "best_params": {
        "sym_range": 50,
        "steps": 20,
        "n_layers": 1,
        "lr": 0.01,
        "lamb_entropy": 0.1,
        "lamb_coefdiff": 0,
        "lamb_coef": 1.0,
        "lamb": 0.01,
        "k": 3,
        "grid": 5
    },
    "symbolic_formula": "0.00262986456198874*(-0.839828173904278*x_1 - 1)**2 + 9.21825360175768e-5*(-0.84780971126698*x_3 - 1)**2 - 6.21155886239049e-5*(-0.848495666845895*x_7 - 1)**2 - 0.00151069861544892*(-0.844578134413092*x_8 - 1)**2 + 7.33643275256272*exp(0.517439782619476*x_2) - 0.395051747560501*log(7.68406534194946*x_4 + 5.90585708618164) + 0.481892645359039*tanh(0.681261718273163*x_5 - 0.816782534122467) + 0.30660691857338*tanh(0.643720269203186*x_6 - 0.835021078586578) + 0.765046191285364"
}