{
    "dataset": "convex_seed_6",
    "test_r2": 0.9796221301685604,
    "best_params": {
        "steps": 50,
        "n_layers": 1,
        "lr": 0.5,
        "lamb_entropy": 2.0,
        "lamb_coef": 0.1,
        "lamb": 0.001,
        "k": 3,
        "grid": 3
    },
    "symbolic_formula": "0.0554395131766796*sin(2.43495798110962*x_2 + 1.95969927310944) - 2.87835335731506*cos(1.70823514461517*x_1 - 0.851966857910156) + 2.97950124740601"
}