Feature,Mean_Abs_SHAP
Exponent (x0),1.4897881267130575
Linear (x1),0.5058738846001196
