Feature,Mean_Abs_SHAP
Conditional (x0),0.5464342694083342
Linear (x1),0.4869637973344695
