Feature,Total_Effect (ST),First_Order (S1)
Conditional (x0),0.5555554333583094,0.555555483072491
Linear (x1),0.4444445403728371,0.4444422200219831
