{
    "dataset": "convex_seed_5",
    "test_r2": 0.9762331261984653,
    "best_params": {
        "steps": 50,
        "n_layers": 1,
        "lr": 0.5,
        "lamb_entropy": 2.0,
        "lamb_coef": 0.1,
        "lamb": 0.001,
        "k": 3,
        "grid": 3
    },
    "symbolic_formula": "-6.57390260696411*cos(1.15282964706421*x_1 - 0.576372504234314) + 6.54925405234098 + 0.20069314640251/(-0.58150591328208*x_2 - 1)**2"
}