Feature,Mean_Abs_SHAP
Square (x0),0.0624804209386244
Linear (x1),0.15948696079900818
