Feature,Total_Effect (ST),First_Order (S1)
Square (x0),0.4447552088276241,-0.0049943459381036025
Linear (x1),1.0144529480051685,0.5541845718088086
