Feature,Mean_Abs_SHAP
Multiplier (x1),0.163720237968099
Angle (x0),0.16138008782670402
