Feature,Total_Effect (ST),First_Order (S1)
Angle (x0),1.003323874624184,0.02384899328005004
Multiplier (x1),0.9984840890990259,-0.006593285516895334
