{
    "dataset": "CO2RRNPV",
    "test_r2": 0.9248079095294915,
    "best_params": {
        "sym_range": 10,
        "steps": 50,
        "n_layers": 1,
        "lr": 0.1,
        "lamb_entropy": 0.001,
        "lamb_coefdiff": 0.01,
        "lamb_coef": 0.01,
        "lamb": 0.01,
        "k": 3,
        "grid": 5
    },
    "symbolic_formula": "0.00632224855970094*(1 - 0.360005037378358*x_2)**4 + 0.000125384583952837*log(8.25799942016602*x_4 - 0.819759726524353) + 1.19849836826324*tanh(0.954160034656525*x_3 + 0.902879655361176) - 0.0324725694954395*tanh(1.79820024967194*x_7 - 0.859999775886536) - 0.0885301135317604 + 1.52666974067688/(-7.2152795791626*x_1 - 2.20639991760254) + 6.27771472955288e-7/(0.0919392361508213 - x_8)**2 - 2.7759331260313e-6/(0.0879999101161957 - x_5)**2 - 1.01268401571387e-7/(0.0875233967714582 - x_6)**2"
}