{
    "dataset": "convex_seed_0",
    "test_r2": 0.9795134532825417,
    "best_params": {
        "steps": 50,
        "n_layers": 1,
        "lr": 0.1,
        "lamb_entropy": 2.0,
        "lamb_coef": 0.1,
        "lamb": 0.01,
        "k": 3,
        "grid": 5
    },
    "symbolic_formula": "17.1048679351807*cos(0.682766973972321*x_1 - 3.48127365112305) + 19.2241468429565 - 1.9497379436512/(1 - 0.0338978002316888*x_2)**2"
}