{
    "dataset": "CO2HE",
    "test_r2": 0.6876988572490443,
    "best_params": {
        "sym_range": 10,
        "steps": 50,
        "n_layers": 1,
        "lr": 0.5,
        "lamb_entropy": 0.1,
        "lamb_coefdiff": 0.01,
        "lamb_coef": 1.0,
        "lamb": 0.1,
        "k": 3,
        "grid": 10
    },
    "symbolic_formula": "0.00416538995295923*(-0.999919986724853*x_13 - 1)**4 - 0.158962318853931*(-0.852041459793746*x_3 - 1)**2 + 0.375593948679834*(-0.843880068957927*x_4 - 1)**2 + 0.010147209290949*(-0.820523837046582*x_6 - 1)**2 + 0.0367720147227222*(-0.835280017155526*x_7 - 1)**2 - 0.19283783891736*exp(0.59999942779541*x_1) - 0.19283000275493*exp(4.19999980926514*x_10) - 0.192826140956158*exp(7.19999980926514*x_11) - 0.192269669688587*exp(0.591999888420105*x_12) - 0.19283000275493*exp(3.0*x_14) - 0.192756055438332*exp(0.59999942779541*x_15) - 0.19283000275493*exp(9.39999961853027*x_2) - 0.19283000275493*exp(2.79999971389771*x_5) - 0.192812648446528*exp(0.800000190734863*x_8) - 0.0959427694809782 - 1.40843407617988e-7/(0.0999999576628618 - x_9)**2 - 1.40843407617988e-7/(0.0999999576628618 - x_16)**2"
}