Feature,Mean_Abs_SHAP
x1,0.5608405193138121
x0,0.300218739814758
