Feature,Total_Effect (ST),First_Order (S1)
x1,0.7874899481698409,0.7876161495644384
x0,0.21196895512824757,0.21211135919066215
