{
    "dataset": "convex_seed_11",
    "test_r2": 0.9495681689165153,
    "best_params": {
        "steps": 50,
        "n_layers": 1,
        "lr": 0.5,
        "lamb_entropy": 2.0,
        "lamb_coef": 0.1,
        "lamb": 0.001,
        "k": 3,
        "grid": 3
    },
    "symbolic_formula": "3.42857461140591*(0.496716109634049 - x_1)**2 - 0.0699934959411621 - 0.271508425474167/(-1.61522364616394*x_2 - 0.873529195785522)"
}