{
    "dataset": "CO2RRMSP",
    "test_r2": 0.9151583113572322,
    "best_params": {
        "sym_range": 50,
        "steps": 20,
        "n_layers": 1,
        "lr": 0.5,
        "lamb_entropy": 0.1,
        "lamb_coefdiff": 0.01,
        "lamb_coef": 0.01,
        "lamb": 0.01,
        "k": 3,
        "grid": 10
    },
    "symbolic_formula": "-0.931158472881106*(1 - 0.0116046300059075*x_7)**4 + 3.88100488635246e-6*sin(5.34247970581055*x_2 - 2.56936001777649) + 3.96857249143068e-5*sin(4.95975971221924*x_4 - 5.5653600692749) - 1.74687193066347e-6*sin(5.30007982254028*x_6 + 3.86448001861572) - 0.366109102964401*tanh(1.32799971103668*x_3 + 0.200079813599586) + 1.20684040081687 - 1.62325501441956/(-8.07256031036377*x_1 - 2.35959982872009) + 3.54131313421011e-9/(0.907467020835333 - x_5)**2 - 1.12994526495052e-8/(0.0858988149948541 - x_8)**2"
}