{
    "dataset": "CO2RRMSP",
    "test_r2": -12.072489183070386,
    "best_params": {
        "sym_range": 10,
        "steps": 50,
        "n_layers": 1,
        "lr": 0.1,
        "lamb_entropy": 0.001,
        "lamb_coefdiff": 0.01,
        "lamb_coef": 0.01,
        "lamb": 0.01,
        "k": 3,
        "grid": 5
    },
    "symbolic_formula": "0.493776123660384*exp(0.225145488977432*x_7) + 0.0192135088145733*sin(3.90342545509338*x_4 - 4.45469999313354) - 0.45453867316246*tanh(1.30233287811279*x_3 + 0.180462718009949) - 0.157736973837018 + 0.254502053893262/(-x_1 - 0.606839293733578)**2 + 2.98280571756275e-5/(0.92755544819512 - x_2)**2 - 1.4603838373167e-6/(0.913771737184611 - x_6)**2 + 2.00866473055558e-7/(0.904836372390289 - x_5)**2 - 4.9966062014066e-8/(0.898727331063396 - x_8)**2"
}