{
    "dataset": "convex_seed_8",
    "test_r2": 0.9838130076318515,
    "best_params": {
        "steps": 50,
        "n_layers": 1,
        "lr": 0.5,
        "lamb_entropy": 2.0,
        "lamb_coef": 0.1,
        "lamb": 0.001,
        "k": 3,
        "grid": 3
    },
    "symbolic_formula": "4.10019183495251*(0.499073750523655 - x_1)**2 - 0.0019804984331131 + 0.198596826248462/(-0.885279590026355*x_2 - 1)**2"
}