{
    "dataset": "multiplication",
    "test_r2": 0.9660274556403492,
    "best_params": {
        "sym_range": 10,
        "steps": 20,
        "n_layers": 2,
        "lr": 0.1,
        "lamb_entropy": 0.001,
        "lamb_coef": 0,
        "lamb": 0.001,
        "k": 3,
        "grid": 5
    },
    "symbolic_formula": "-53.4451268341638*(-(0.500538909124284 - x_1)**2 - 0.0426361167831282*tanh(7.11360311508179*x_2 - 5.0158486366272) - 0.0699200823969965)**3 - 0.757128596305847*sin(-7.70391601055121*(0.500769602460599 - x_1)**2 + 0.239414396148906*sin(6.07877588272095*x_2 - 1.90141248703003) + 4.70321063408054) - 0.267565011978149"
}