{
    "dataset": "multiplication",
    "test_r2": -0.2940316471483482,
    "best_params": {
        "sym_range": 10,
        "steps": 20,
        "n_layers": 2,
        "lr": 0.01,
        "lamb_entropy": 0.01,
        "lamb_coef": 0.1,
        "lamb": 0.1,
        "k": 3,
        "grid": 5
    },
    "symbolic_formula": "0.494225707370788 + 0.0630932973231568/(0.0385518219403496*tanh(10.0*x_1 - 7.0) - 1 + 0.000133179551354832/(0.0900351491537119 - x_2)**2)**2 + 0.0633765800902781/(-0.0722997785797531*tanh(9.96599960327148*x_1 - 7.25999975204468) - 1 + 0.000152900298332334/(0.91049296250024 - x_2)**2)**2 + 0.133590490548994/(0.21112187604266*cos(10.0*x_1 - 8.19999980926514) - 1 + 8.664260289322e-5/(0.0836362897709317 - x_2)**2)**2 + 0.045150792844029/(-0.0846800633140091*sin(8.2839994430542*x_2 - 6.646240234375) + 1 + 0.000212709172686481/(0.090107166751361 - x_1)**2)**2 + 0.599482038771789/(-1 - 0.000215936247894964/(0.920467012098551 - x_1)**2 + 0.000345045390570861/(0.0870959871331103 - x_2)**2)**2"
}